{
    "ar": {
        "approved": 0, 
        "translated": 3841
    }, 
    "bg": {
        "approved": 121406, 
        "translated": 156828
    }, 
    "bn": {
        "approved": 29852, 
        "pending_since_timestamp": 1447933366.818818, 
        "translated": 63718
    }, 
    "cs": {
        "approved": 13626, 
        "pending_since_timestamp": 1447947520.881634, 
        "translated": 25448
    }, 
    "da": {
        "approved": 21666, 
        "translated": 65519
    }, 
    "de": {
        "approved": 104815, 
        "pending_since_timestamp": 1447954146.746921, 
        "translated": 105274
    }, 
    "el": {
        "approved": 0, 
        "pending_since_timestamp": 1447928957.448445, 
        "translated": 6764
    }, 
    "es": {
        "approved": 195625, 
        "pending_since_timestamp": 1447956355.842757, 
        "translated": 295177
    }, 
    "fa": {
        "approved": 0, 
        "translated": 224
    }, 
    "fa-af": {
        "approved": 0, 
        "pending_since_timestamp": 1447956355.842757, 
        "translated": 1
    }, 
    "fr": {
        "approved": 106174, 
        "pending_since_timestamp": 1447957339.927344, 
        "translated": 111324
    }, 
    "he": {
        "approved": 8608, 
        "translated": 9114
    }, 
    "hi": {
        "approved": 40887, 
        "pending_since_timestamp": 1447949524.563399, 
        "translated": 65517
    }, 
    "hy": {
        "approved": 0, 
        "translated": 117
    }, 
    "id": {
        "approved": 0, 
        "translated": 9199
    }, 
    "it": {
        "approved": 0, 
        "translated": 56044
    }, 
    "ja": {
        "approved": 19579, 
        "translated": 53293
    }, 
    "ko": {
        "approved": 78178, 
        "translated": 88578
    }, 
    "lol": {
        "approved": 705, 
        "translated": 5656
    }, 
    "mn": {
        "approved": 9910, 
        "pending_since_timestamp": 1447940349.803435, 
        "translated": 34087
    }, 
    "ms": {
        "approved": 0, 
        "translated": 795
    }, 
    "nb": {
        "approved": 87148, 
        "translated": 88997
    }, 
    "nl": {
        "approved": 43308, 
        "pending_since_timestamp": 1447941313.359113, 
        "translated": 58701
    }, 
    "pl": {
        "approved": 115048, 
        "pending_since_timestamp": 1447956355.842757, 
        "translated": 125156
    }, 
    "pt": {
        "approved": 152248, 
        "pending_since_timestamp": 1447956355.842757, 
        "translated": 292409
    }, 
    "pt-pt": {
        "approved": 13904, 
        "translated": 78741
    }, 
    "ru": {
        "approved": 1223, 
        "translated": 13675
    }, 
    "sr": {
        "approved": 35679, 
        "pending_since_timestamp": 1447948551.115419, 
        "translated": 291045
    }, 
    "sw": {
        "approved": 13121, 
        "translated": 30835
    }, 
    "te": {
        "approved": 0, 
        "translated": 101
    }, 
    "th": {
        "approved": 0, 
        "pending_since_timestamp": 1447948551.115419, 
        "translated": 127727
    }, 
    "tr": {
        "approved": 173235, 
        "pending_since_timestamp": 1447955167.060868, 
        "translated": 207743
    }, 
    "uk": {
        "approved": 0, 
        "translated": 1563
    }, 
    "ur": {
        "approved": 0, 
        "translated": 1556
    }, 
    "xh": {
        "approved": 0, 
        "translated": 1
    }, 
    "zh-hans": {
        "approved": 0, 
        "translated": 4249
    }, 
    "zu": {
        "approved": 0, 
        "translated": 29
    }
}