{
    "af": {
        "approved": 19, 
        "pending_since_timestamp": 1542057306.169735, 
        "translated": 1476
    }, 
    "am": {
        "approved": 0, 
        "translated": 0
    }, 
    "ar": {
        "approved": 94586, 
        "pending_since_timestamp": 1547661518.741331, 
        "translated": 213314
    }, 
    "az": {
        "approved": 35919, 
        "translated": 37634
    }, 
    "bg": {
        "approved": 335741, 
        "translated": 338953
    }, 
    "bn": {
        "approved": 147726, 
        "pending_since_timestamp": 1547661518.741331, 
        "translated": 162466
    }, 
    "ca": {
        "approved": 3, 
        "translated": 1922
    }, 
    "cs": {
        "approved": 133731, 
        "pending_since_timestamp": 1547567309.675193, 
        "translated": 152396
    }, 
    "da": {
        "approved": 175535, 
        "translated": 197188
    }, 
    "de": {
        "approved": 303006, 
        "translated": 537175
    }, 
    "el": {
        "approved": 78387, 
        "pending_since_timestamp": 1547446874.995052, 
        "translated": 94155
    }, 
    "es": {
        "approved": 431613, 
        "translated": 448023
    }, 
    "et": {
        "approved": 44980, 
        "translated": 46292
    }, 
    "fa": {
        "approved": 1, 
        "translated": 189
    }, 
    "fa-af": {
        "approved": 31, 
        "translated": 103
    }, 
    "fi": {
        "approved": 82287, 
        "translated": 84181
    }, 
    "fil": {
        "approved": 204, 
        "translated": 297
    }, 
    "fr": {
        "approved": 286004, 
        "pending_since_timestamp": 1547661518.741331, 
        "translated": 289402
    }, 
    "fv": {
        "approved": 85805, 
        "translated": 85806
    }, 
    "gu": {
        "approved": 99772, 
        "pending_since_timestamp": 1547661518.741331, 
        "translated": 143287
    }, 
    "he": {
        "approved": 8422, 
        "translated": 8425
    }, 
    "hi": {
        "approved": 167038, 
        "translated": 179406
    }, 
    "hr": {
        "approved": 10947, 
        "translated": 16579
    }, 
    "ht": {
        "approved": 1, 
        "translated": 5
    }, 
    "hu": {
        "approved": 94175, 
        "pending_since_timestamp": 1547661518.741331, 
        "translated": 113738
    }, 
    "hy": {
        "approved": 132485, 
        "pending_since_timestamp": 1547597100.34324, 
        "translated": 156568
    }, 
    "id": {
        "approved": 75645, 
        "pending_since_timestamp": 1547665568.393287, 
        "translated": 91089
    }, 
    "it": {
        "approved": 155418, 
        "translated": 173378
    }, 
    "ja": {
        "approved": 125654, 
        "pending_since_timestamp": 1547582625.929964, 
        "translated": 146410
    }, 
    "ka": {
        "approved": 280990, 
        "pending_since_timestamp": 1547661518.741331, 
        "translated": 284768
    }, 
    "ki": {
        "approved": 0, 
        "translated": 37
    }, 
    "kk": {
        "approved": 103, 
        "translated": 103
    }, 
    "km": {
        "approved": 0, 
        "translated": 52
    }, 
    "kn": {
        "approved": 34524, 
        "pending_since_timestamp": 1547661518.741331, 
        "translated": 40462
    }, 
    "ko": {
        "approved": 190781, 
        "translated": 216972
    }, 
    "ky": {
        "approved": 0, 
        "translated": 25
    }, 
    "lol": {
        "approved": 66861, 
        "translated": 82041
    }, 
    "lt": {
        "approved": 80823, 
        "translated": 82767
    }, 
    "lv": {
        "approved": 54621, 
        "translated": 55054
    }, 
    "mn": {
        "approved": 82566, 
        "translated": 110469
    }, 
    "mr": {
        "approved": 0, 
        "translated": 0
    }, 
    "ms": {
        "approved": 29, 
        "translated": 636
    }, 
    "my": {
        "approved": 1, 
        "translated": 122
    }, 
    "nb": {
        "approved": 133081, 
        "translated": 143143
    }, 
    "ne": {
        "approved": 0, 
        "translated": 1
    }, 
    "nl": {
        "approved": 131589, 
        "pending_since_timestamp": 1547661518.741331, 
        "translated": 150837
    }, 
    "nn": {
        "approved": 0, 
        "translated": 1626
    }, 
    "or": {
        "approved": 0, 
        "translated": 52
    }, 
    "pl": {
        "approved": 343720, 
        "pending_since_timestamp": 1547677338.532114, 
        "translated": 344039
    }, 
    "ps": {
        "approved": 582, 
        "pending_since_timestamp": 1547446874.995052, 
        "translated": 943
    }, 
    "pt": {
        "approved": 374485, 
        "translated": 416260
    }, 
    "pt-pt": {
        "approved": 153998, 
        "pending_since_timestamp": 1547547785.883101, 
        "translated": 182984
    }, 
    "ro": {
        "approved": 63682, 
        "translated": 67952
    }, 
    "ru": {
        "approved": 100552, 
        "translated": 122273
    }, 
    "rw": {
        "approved": 0, 
        "translated": 0
    }, 
    "si": {
        "approved": 0, 
        "translated": 196
    }, 
    "sk": {
        "approved": 0, 
        "translated": 2148
    }, 
    "sl": {
        "approved": 0, 
        "translated": 33
    }, 
    "sq": {
        "approved": 98727, 
        "translated": 102951
    }, 
    "sr": {
        "approved": 62752, 
        "translated": 81567
    }, 
    "sv": {
        "approved": 167327, 
        "translated": 541482
    }, 
    "sw": {
        "approved": 0, 
        "translated": 0
    }, 
    "ta": {
        "approved": 54776, 
        "pending_since_timestamp": 1547547785.883101, 
        "translated": 77820
    }, 
    "te": {
        "approved": 16, 
        "translated": 208
    }, 
    "th": {
        "approved": 299, 
        "pending_since_timestamp": 1547478255.572143, 
        "translated": 134507
    }, 
    "tr": {
        "approved": 309854, 
        "translated": 417948
    }, 
    "uk": {
        "approved": 70574, 
        "pending_since_timestamp": 1547575769.048394, 
        "translated": 91687
    }, 
    "ur": {
        "approved": 54603, 
        "translated": 57478
    }, 
    "uz": {
        "approved": 76754, 
        "pending_since_timestamp": 1547303562.320255, 
        "translated": 94742
    }, 
    "vi": {
        "approved": 2, 
        "translated": 1982
    }, 
    "xh": {
        "approved": 40, 
        "translated": 40
    }, 
    "zh-hans": {
        "approved": 186127, 
        "translated": 261409
    }, 
    "zh-hant": {
        "approved": 10004, 
        "translated": 74462
    }, 
    "zu": {
        "approved": 1, 
        "translated": 18
    }
}