{
    "ar": {
        "approved": 1047, 
        "pending_since_timestamp": 1478303492.125378, 
        "translated": 4723
    }, 
    "bg": {
        "approved": 216865, 
        "pending_since_timestamp": 1478303492.125378, 
        "translated": 236723
    }, 
    "bn": {
        "approved": 121196, 
        "pending_since_timestamp": 1478303492.125378, 
        "translated": 137507
    }, 
    "cs": {
        "approved": 13083, 
        "pending_since_timestamp": 1478303492.125378, 
        "translated": 30212
    }, 
    "da": {
        "approved": 79973, 
        "pending_since_timestamp": 1478303492.125378, 
        "translated": 87711
    }, 
    "de": {
        "approved": 188927, 
        "translated": 189235
    }, 
    "el": {
        "approved": 2074, 
        "pending_since_timestamp": 1478303492.125378, 
        "translated": 9987
    }, 
    "es": {
        "approved": 339022, 
        "pending_since_timestamp": 1478273016.107756, 
        "translated": 356466
    }, 
    "fa": {
        "approved": 2, 
        "translated": 106
    }, 
    "fa-af": {
        "approved": 0, 
        "translated": 72
    }, 
    "fr": {
        "approved": 199963, 
        "pending_since_timestamp": 1478280270.273256, 
        "translated": 210865
    }, 
    "he": {
        "approved": 9060, 
        "pending_since_timestamp": 1478303492.125378, 
        "translated": 9626
    }, 
    "hi": {
        "approved": 93494, 
        "pending_since_timestamp": 1478303492.125378, 
        "translated": 116389
    }, 
    "hy": {
        "approved": 27, 
        "translated": 3036
    }, 
    "id": {
        "approved": 1518, 
        "pending_since_timestamp": 1478303492.125378, 
        "translated": 7638
    }, 
    "it": {
        "approved": 46661, 
        "pending_since_timestamp": 1478303492.125378, 
        "translated": 114479
    }, 
    "ja": {
        "approved": 42680, 
        "pending_since_timestamp": 1478264765.768311, 
        "translated": 85491
    }, 
    "ka": {
        "approved": 185836, 
        "pending_since_timestamp": 1478303492.125378, 
        "translated": 190342
    }, 
    "ko": {
        "approved": 143415, 
        "pending_since_timestamp": 1478303492.125378, 
        "translated": 162596
    }, 
    "lol": {
        "approved": 596, 
        "translated": 8802
    }, 
    "mn": {
        "approved": 75114, 
        "pending_since_timestamp": 1478303492.125378, 
        "translated": 82691
    }, 
    "ms": {
        "approved": 357, 
        "pending_since_timestamp": 1478303492.125378, 
        "translated": 1018
    }, 
    "nb": {
        "approved": 98075, 
        "pending_since_timestamp": 1478303492.125378, 
        "translated": 101163
    }, 
    "nl": {
        "approved": 96923, 
        "pending_since_timestamp": 1478280270.273256, 
        "translated": 123152
    }, 
    "pl": {
        "approved": 238040, 
        "pending_since_timestamp": 1478273016.107756, 
        "translated": 238493
    }, 
    "pt": {
        "approved": 242449, 
        "pending_since_timestamp": 1478280270.273256, 
        "translated": 283682
    }, 
    "pt-pt": {
        "approved": 53559, 
        "pending_since_timestamp": 1478267246.217325, 
        "translated": 82740
    }, 
    "ru": {
        "approved": 3212, 
        "pending_since_timestamp": 1478303492.125378, 
        "translated": 20121
    }, 
    "sr": {
        "approved": 53347, 
        "pending_since_timestamp": 1478303492.125378, 
        "translated": 70737
    }, 
    "sw": {
        "approved": 12790, 
        "pending_since_timestamp": 1478303492.125378, 
        "translated": 33752
    }, 
    "te": {
        "approved": 17, 
        "translated": 217
    }, 
    "th": {
        "approved": 1189, 
        "pending_since_timestamp": 1478303492.125378, 
        "translated": 119597
    }, 
    "tr": {
        "approved": 246237, 
        "pending_since_timestamp": 1478274958.260118, 
        "translated": 325240
    }, 
    "uk": {
        "approved": 209, 
        "pending_since_timestamp": 1478250563.416401, 
        "translated": 2590
    }, 
    "ur": {
        "approved": 369, 
        "pending_since_timestamp": 1478303492.125378, 
        "translated": 1498
    }, 
    "xh": {
        "approved": 0, 
        "translated": 1
    }, 
    "zh-hans": {
        "approved": 594, 
        "pending_since_timestamp": 1478303492.125378, 
        "translated": 5515
    }, 
    "zu": {
        "approved": 1, 
        "translated": 22
    }
}