{
    "af": {
        "approved": 20, 
        "translated": 1569
    }, 
    "am": {
        "approved": 0, 
        "translated": 0
    }, 
    "ar": {
        "approved": 392, 
        "pending_since_timestamp": 1509004649.611462, 
        "translated": 9735
    }, 
    "az": {
        "approved": 36096, 
        "pending_since_timestamp": 1508510132.752849, 
        "translated": 37070
    }, 
    "bg": {
        "approved": 247993, 
        "pending_since_timestamp": 1508993550.649051, 
        "translated": 263083
    }, 
    "bn": {
        "approved": 146181, 
        "pending_since_timestamp": 1508991625.946438, 
        "translated": 153673
    }, 
    "ca": {
        "approved": 3, 
        "translated": 2175
    }, 
    "cs": {
        "approved": 43025, 
        "pending_since_timestamp": 1508955461.576662, 
        "translated": 71498
    }, 
    "da": {
        "approved": 76190, 
        "pending_since_timestamp": 1508955461.576662, 
        "translated": 98544
    }, 
    "de": {
        "approved": 233809, 
        "pending_since_timestamp": 1509023281.874546, 
        "translated": 234961
    }, 
    "el": {
        "approved": 3539, 
        "pending_since_timestamp": 1508955461.576662, 
        "translated": 21612
    }, 
    "es": {
        "approved": 368691, 
        "pending_since_timestamp": 1508955461.576662, 
        "translated": 389849
    }, 
    "et": {
        "approved": 45281, 
        "pending_since_timestamp": 1508989970.357992, 
        "translated": 46666
    }, 
    "fa": {
        "approved": 1, 
        "translated": 205
    }, 
    "fa-af": {
        "approved": 31, 
        "translated": 104
    }, 
    "fi": {
        "approved": 12421, 
        "translated": 13490
    }, 
    "fil": {
        "approved": 0, 
        "translated": 1
    }, 
    "fr": {
        "approved": 257756, 
        "pending_since_timestamp": 1509006312.887157, 
        "translated": 263269
    }, 
    "gu": {
        "approved": 33880, 
        "pending_since_timestamp": 1508955461.576662, 
        "translated": 36743
    }, 
    "he": {
        "approved": 6949, 
        "translated": 7528
    }, 
    "hi": {
        "approved": 97421, 
        "pending_since_timestamp": 1508955461.576662, 
        "translated": 113450
    }, 
    "hr": {
        "approved": 11082, 
        "translated": 16914
    }, 
    "ht": {
        "approved": 1, 
        "translated": 5
    }, 
    "hu": {
        "approved": 45958, 
        "pending_since_timestamp": 1508741406.174283, 
        "translated": 53086
    }, 
    "hy": {
        "approved": 74407, 
        "pending_since_timestamp": 1508955461.576662, 
        "translated": 86013
    }, 
    "id": {
        "approved": 6907, 
        "pending_since_timestamp": 1508955461.576662, 
        "translated": 17657
    }, 
    "it": {
        "approved": 127179, 
        "translated": 147051
    }, 
    "ja": {
        "approved": 108642, 
        "pending_since_timestamp": 1509023281.874546, 
        "translated": 127052
    }, 
    "ka": {
        "approved": 219971, 
        "pending_since_timestamp": 1508969524.679718, 
        "translated": 224412
    }, 
    "kn": {
        "approved": 0, 
        "translated": 161
    }, 
    "ko": {
        "approved": 173868, 
        "pending_since_timestamp": 1509023281.874546, 
        "translated": 183748
    }, 
    "ky": {
        "approved": 0, 
        "translated": 28
    }, 
    "lol": {
        "approved": 281, 
        "translated": 8433
    }, 
    "lt": {
        "approved": 0, 
        "translated": 1660
    }, 
    "lv": {
        "approved": 45367, 
        "pending_since_timestamp": 1508955461.576662, 
        "translated": 45391
    }, 
    "mn": {
        "approved": 86791, 
        "pending_since_timestamp": 1508955461.576662, 
        "translated": 114634
    }, 
    "mr": {
        "approved": 0, 
        "translated": 0
    }, 
    "ms": {
        "approved": 29, 
        "translated": 715
    }, 
    "my": {
        "approved": 0, 
        "pending_since_timestamp": 1508989970.357992, 
        "translated": 123
    }, 
    "nb": {
        "approved": 134038, 
        "pending_since_timestamp": 1508955461.576662, 
        "translated": 140047
    }, 
    "nl": {
        "approved": 111357, 
        "pending_since_timestamp": 1508955461.576662, 
        "translated": 132389
    }, 
    "nn": {
        "approved": 0, 
        "translated": 1692
    }, 
    "or": {
        "approved": 0, 
        "translated": 70
    }, 
    "pl": {
        "approved": 294190, 
        "pending_since_timestamp": 1508999028.079767, 
        "translated": 294396
    }, 
    "pt": {
        "approved": 314393, 
        "pending_since_timestamp": 1509008529.117619, 
        "translated": 362914
    }, 
    "pt-pt": {
        "approved": 108709, 
        "pending_since_timestamp": 1509006312.887157, 
        "translated": 134257
    }, 
    "ro": {
        "approved": 62614, 
        "pending_since_timestamp": 1508955461.576662, 
        "translated": 68329
    }, 
    "ru": {
        "approved": 1829, 
        "pending_since_timestamp": 1508955461.576662, 
        "translated": 21364
    }, 
    "rw": {
        "approved": 0, 
        "translated": 0
    }, 
    "si": {
        "approved": 0, 
        "translated": 229
    }, 
    "sk": {
        "approved": 0, 
        "translated": 2315
    }, 
    "sl": {
        "approved": 0, 
        "translated": 0
    }, 
    "sq": {
        "approved": 49918, 
        "pending_since_timestamp": 1508989970.357992, 
        "translated": 65349
    }, 
    "sr": {
        "approved": 54241, 
        "translated": 71038
    }, 
    "sv": {
        "approved": 49029, 
        "pending_since_timestamp": 1509023281.874546, 
        "translated": 111061
    }, 
    "sw": {
        "approved": 0, 
        "translated": 0
    }, 
    "ta": {
        "approved": 20681, 
        "pending_since_timestamp": 1508997250.058854, 
        "translated": 49537
    }, 
    "te": {
        "approved": 16, 
        "translated": 235
    }, 
    "th": {
        "approved": 303, 
        "translated": 131572
    }, 
    "tr": {
        "approved": 273677, 
        "pending_since_timestamp": 1508955461.576662, 
        "translated": 388947
    }, 
    "uk": {
        "approved": 98, 
        "translated": 2459
    }, 
    "ur": {
        "approved": 92, 
        "pending_since_timestamp": 1508955461.576662, 
        "translated": 2287
    }, 
    "uz": {
        "approved": 154, 
        "translated": 1493
    }, 
    "vi": {
        "approved": 2, 
        "translated": 1494
    }, 
    "xh": {
        "approved": 40, 
        "translated": 40
    }, 
    "zh-hans": {
        "approved": 37081, 
        "pending_since_timestamp": 1508991625.946438, 
        "translated": 93601
    }, 
    "zh-hant": {
        "approved": 7571, 
        "pending_since_timestamp": 1508955461.576662, 
        "translated": 66197
    }, 
    "zu": {
        "approved": 1, 
        "translated": 20
    }
}