{
    "ar": {
        "approved": 0, 
        "translated": 4664
    }, 
    "bg": {
        "approved": 206053, 
        "translated": 230198
    }, 
    "bn": {
        "approved": 107477, 
        "pending_since_timestamp": 1469595653.895357, 
        "translated": 130069
    }, 
    "cs": {
        "approved": 12231, 
        "translated": 30648
    }, 
    "da": {
        "approved": 76714, 
        "translated": 85522
    }, 
    "de": {
        "approved": 156839, 
        "pending_since_timestamp": 1469599081.085099, 
        "translated": 157313
    }, 
    "el": {
        "approved": 374, 
        "pending_since_timestamp": 1469579272.650318, 
        "translated": 7923
    }, 
    "es": {
        "approved": 295079, 
        "pending_since_timestamp": 1469595653.895357, 
        "translated": 396576
    }, 
    "fa": {
        "approved": 0, 
        "translated": 106
    }, 
    "fa-af": {
        "approved": 0, 
        "translated": 72
    }, 
    "fr": {
        "approved": 168212, 
        "translated": 175802
    }, 
    "he": {
        "approved": 8492, 
        "translated": 8731
    }, 
    "hi": {
        "approved": 68189, 
        "pending_since_timestamp": 1469600928.49412, 
        "translated": 111927
    }, 
    "hy": {
        "approved": 0, 
        "translated": 3018
    }, 
    "id": {
        "approved": 0, 
        "translated": 7630
    }, 
    "it": {
        "approved": 15345, 
        "translated": 108055
    }, 
    "ja": {
        "approved": 34322, 
        "translated": 81516
    }, 
    "ka": {
        "approved": 144706, 
        "translated": 146194
    }, 
    "ko": {
        "approved": 127094, 
        "pending_since_timestamp": 1469591027.532605, 
        "translated": 153036
    }, 
    "lol": {
        "approved": 603, 
        "translated": 8847
    }, 
    "mn": {
        "approved": 75561, 
        "translated": 83216
    }, 
    "ms": {
        "approved": 0, 
        "translated": 734
    }, 
    "nb": {
        "approved": 98530, 
        "translated": 101742
    }, 
    "nl": {
        "approved": 80587, 
        "translated": 118487
    }, 
    "pl": {
        "approved": 206450, 
        "pending_since_timestamp": 1469599081.085099, 
        "translated": 206777
    }, 
    "pt": {
        "approved": 206876, 
        "pending_since_timestamp": 1469597912.609503, 
        "translated": 384175
    }, 
    "pt-pt": {
        "approved": 32677, 
        "translated": 91577
    }, 
    "ru": {
        "approved": 1197, 
        "translated": 19699
    }, 
    "sr": {
        "approved": 45766, 
        "pending_since_timestamp": 1469595653.895357, 
        "translated": 381360
    }, 
    "sw": {
        "approved": 11695, 
        "pending_since_timestamp": 1469571497.726531, 
        "translated": 33705
    }, 
    "te": {
        "approved": 0, 
        "translated": 210
    }, 
    "th": {
        "approved": 0, 
        "pending_since_timestamp": 1469579272.650318, 
        "translated": 120445
    }, 
    "tr": {
        "approved": 212249, 
        "pending_since_timestamp": 1469595653.895357, 
        "translated": 289874
    }, 
    "uk": {
        "approved": 0, 
        "translated": 2540
    }, 
    "ur": {
        "approved": 0, 
        "pending_since_timestamp": 1469571497.726531, 
        "translated": 1633
    }, 
    "xh": {
        "approved": 0, 
        "translated": 1
    }, 
    "zh-hans": {
        "approved": 0, 
        "translated": 5206
    }, 
    "zu": {
        "approved": 0, 
        "translated": 22
    }
}