{
    "ar": {
        "approved": 0, 
        "translated": 4291
    }, 
    "bg": {
        "approved": 120155, 
        "pending_since_timestamp": 1450250819.564969, 
        "translated": 164494
    }, 
    "bn": {
        "approved": 39556, 
        "pending_since_timestamp": 1450250819.564969, 
        "translated": 73807
    }, 
    "cs": {
        "approved": 13516, 
        "translated": 30032
    }, 
    "da": {
        "approved": 40312, 
        "translated": 72948
    }, 
    "de": {
        "approved": 108669, 
        "pending_since_timestamp": 1450247271.796479, 
        "translated": 108976
    }, 
    "el": {
        "approved": 0, 
        "translated": 6850
    }, 
    "es": {
        "approved": 201026, 
        "translated": 303149
    }, 
    "fa": {
        "approved": 0, 
        "translated": 249
    }, 
    "fa-af": {
        "approved": 0, 
        "translated": 10
    }, 
    "fr": {
        "approved": 109035, 
        "pending_since_timestamp": 1450247271.796479, 
        "translated": 114948
    }, 
    "he": {
        "approved": 8582, 
        "translated": 9163
    }, 
    "hi": {
        "approved": 71879, 
        "pending_since_timestamp": 1450249062.462726, 
        "translated": 73132
    }, 
    "hy": {
        "approved": 0, 
        "translated": 132
    }, 
    "id": {
        "approved": 0, 
        "translated": 9169
    }, 
    "it": {
        "approved": 0, 
        "pending_since_timestamp": 1450247271.796479, 
        "translated": 57430
    }, 
    "ja": {
        "approved": 21739, 
        "pending_since_timestamp": 1450247271.796479, 
        "translated": 53924
    }, 
    "ko": {
        "approved": 77412, 
        "translated": 88215
    }, 
    "lol": {
        "approved": 704, 
        "translated": 5601
    }, 
    "mn": {
        "approved": 25856, 
        "pending_since_timestamp": 1450241414.211634, 
        "translated": 45425
    }, 
    "ms": {
        "approved": 0, 
        "translated": 804
    }, 
    "nb": {
        "approved": 88059, 
        "pending_since_timestamp": 1450249935.885047, 
        "translated": 88801
    }, 
    "nl": {
        "approved": 47122, 
        "pending_since_timestamp": 1450235830.428629, 
        "translated": 73239
    }, 
    "pl": {
        "approved": 119512, 
        "translated": 128390
    }, 
    "pt": {
        "approved": 160679, 
        "translated": 300325
    }, 
    "pt-pt": {
        "approved": 13966, 
        "translated": 79621
    }, 
    "ru": {
        "approved": 1228, 
        "translated": 14227
    }, 
    "sr": {
        "approved": 35962, 
        "pending_since_timestamp": 1450247271.796479, 
        "translated": 297828
    }, 
    "sw": {
        "approved": 13011, 
        "translated": 32726
    }, 
    "te": {
        "approved": 0, 
        "translated": 202
    }, 
    "th": {
        "approved": 0, 
        "translated": 130108
    }, 
    "tr": {
        "approved": 173742, 
        "pending_since_timestamp": 1450247271.796479, 
        "translated": 212816
    }, 
    "uk": {
        "approved": 0, 
        "translated": 1930
    }, 
    "ur": {
        "approved": 0, 
        "translated": 1624
    }, 
    "xh": {
        "approved": 0, 
        "translated": 1
    }, 
    "zh-hans": {
        "approved": 0, 
        "pending_since_timestamp": 1450237829.474543, 
        "translated": 4321
    }, 
    "zu": {
        "approved": 0, 
        "translated": 29
    }
}