{
    "ar": {
        "approved": 0, 
        "translated": 4407
    }, 
    "bg": {
        "approved": 111726, 
        "translated": 167338
    }, 
    "bn": {
        "approved": 47489, 
        "translated": 83917
    }, 
    "cs": {
        "approved": 12949, 
        "pending_since_timestamp": 1453251945.557335, 
        "translated": 29931
    }, 
    "da": {
        "approved": 38761, 
        "pending_since_timestamp": 1453251945.557335, 
        "translated": 68201
    }, 
    "de": {
        "approved": 113014, 
        "pending_since_timestamp": 1453248310.891986, 
        "translated": 116762
    }, 
    "el": {
        "approved": 0, 
        "pending_since_timestamp": 1453248310.891986, 
        "translated": 6862
    }, 
    "es": {
        "approved": 197612, 
        "pending_since_timestamp": 1453248310.891986, 
        "translated": 318071
    }, 
    "fa": {
        "approved": 0, 
        "translated": 249
    }, 
    "fa-af": {
        "approved": 0, 
        "translated": 74
    }, 
    "fr": {
        "approved": 107786, 
        "pending_since_timestamp": 1453248310.891986, 
        "translated": 115299
    }, 
    "he": {
        "approved": 8541, 
        "translated": 9344
    }, 
    "hi": {
        "approved": 64452, 
        "pending_since_timestamp": 1453251945.557335, 
        "translated": 72220
    }, 
    "hy": {
        "approved": 0, 
        "translated": 132
    }, 
    "id": {
        "approved": 0, 
        "pending_since_timestamp": 1453251945.557335, 
        "translated": 8733
    }, 
    "it": {
        "approved": 0, 
        "translated": 74362
    }, 
    "ja": {
        "approved": 23175, 
        "pending_since_timestamp": 1453248310.891986, 
        "translated": 53982
    }, 
    "ko": {
        "approved": 72606, 
        "pending_since_timestamp": 1453251945.557335, 
        "translated": 87032
    }, 
    "lol": {
        "approved": 616, 
        "translated": 8064
    }, 
    "mn": {
        "approved": 36073, 
        "translated": 53220
    }, 
    "ms": {
        "approved": 0, 
        "translated": 812
    }, 
    "nb": {
        "approved": 83794, 
        "translated": 84532
    }, 
    "nl": {
        "approved": 47456, 
        "translated": 78662
    }, 
    "pl": {
        "approved": 123104, 
        "translated": 130924
    }, 
    "pt": {
        "approved": 150901, 
        "pending_since_timestamp": 1453248310.891986, 
        "translated": 315253
    }, 
    "pt-pt": {
        "approved": 13616, 
        "pending_since_timestamp": 1453200580.060171, 
        "translated": 75639
    }, 
    "ru": {
        "approved": 1231, 
        "translated": 16548
    }, 
    "sr": {
        "approved": 34347, 
        "pending_since_timestamp": 1453248310.891986, 
        "translated": 314029
    }, 
    "sw": {
        "approved": 12324, 
        "pending_since_timestamp": 1453251945.557335, 
        "translated": 34073
    }, 
    "te": {
        "approved": 0, 
        "pending_since_timestamp": 1453248310.891986, 
        "translated": 226
    }, 
    "th": {
        "approved": 0, 
        "pending_since_timestamp": 1453251945.557335, 
        "translated": 125786
    }, 
    "tr": {
        "approved": 167966, 
        "pending_since_timestamp": 1453254881.001297, 
        "translated": 226362
    }, 
    "uk": {
        "approved": 0, 
        "translated": 2697
    }, 
    "ur": {
        "approved": 0, 
        "translated": 1621
    }, 
    "xh": {
        "approved": 0, 
        "translated": 1
    }, 
    "zh-hans": {
        "approved": 0, 
        "translated": 4278
    }, 
    "zu": {
        "approved": 0, 
        "translated": 29
    }
}