{
    "ar": {
        "approved": 381, 
        "translated": 4330
    }, 
    "bg": {
        "approved": 196415, 
        "translated": 228069
    }, 
    "bn": {
        "approved": 133343, 
        "translated": 143961
    }, 
    "cs": {
        "approved": 11819, 
        "translated": 29246
    }, 
    "da": {
        "approved": 72898, 
        "pending_since_timestamp": 1492589897.294263, 
        "translated": 84990
    }, 
    "de": {
        "approved": 212425, 
        "pending_since_timestamp": 1492586623.259789, 
        "translated": 213033
    }, 
    "el": {
        "approved": 1561, 
        "translated": 17348
    }, 
    "es": {
        "approved": 343807, 
        "translated": 359790
    }, 
    "fa": {
        "approved": 1, 
        "translated": 99
    }, 
    "fa-af": {
        "approved": 31, 
        "translated": 104
    }, 
    "fr": {
        "approved": 230687, 
        "pending_since_timestamp": 1492589897.294263, 
        "translated": 239324
    }, 
    "he": {
        "approved": 6339, 
        "pending_since_timestamp": 1492583588.611358, 
        "translated": 7274
    }, 
    "hi": {
        "approved": 99511, 
        "translated": 115125
    }, 
    "hy": {
        "approved": 7403, 
        "translated": 12284
    }, 
    "id": {
        "approved": 531, 
        "translated": 6475
    }, 
    "it": {
        "approved": 91171, 
        "translated": 121113
    }, 
    "ja": {
        "approved": 99822, 
        "translated": 119686
    }, 
    "ka": {
        "approved": 192692, 
        "pending_since_timestamp": 1492585023.274513, 
        "translated": 202091
    }, 
    "ko": {
        "approved": 152061, 
        "pending_since_timestamp": 1492591257.869738, 
        "translated": 167540
    }, 
    "lol": {
        "approved": 385, 
        "translated": 8627
    }, 
    "mn": {
        "approved": 81434, 
        "translated": 101291
    }, 
    "ms": {
        "approved": 29, 
        "translated": 640
    }, 
    "nb": {
        "approved": 93634, 
        "translated": 98658
    }, 
    "nl": {
        "approved": 105108, 
        "translated": 128094
    }, 
    "pl": {
        "approved": 265760, 
        "pending_since_timestamp": 1492589897.294263, 
        "translated": 265915
    }, 
    "pt": {
        "approved": 272339, 
        "translated": 309573
    }, 
    "pt-pt": {
        "approved": 81484, 
        "pending_since_timestamp": 1492593072.173373, 
        "translated": 113342
    }, 
    "ru": {
        "approved": 1537, 
        "translated": 18480
    }, 
    "sr": {
        "approved": 50582, 
        "translated": 68307
    }, 
    "sw": {
        "approved": 36050, 
        "pending_since_timestamp": 1492580823.904515, 
        "translated": 54914
    }, 
    "te": {
        "approved": 15, 
        "translated": 205
    }, 
    "th": {
        "approved": 301, 
        "translated": 121423
    }, 
    "tr": {
        "approved": 266990, 
        "translated": 360532
    }, 
    "uk": {
        "approved": 98, 
        "translated": 2533
    }, 
    "ur": {
        "approved": 92, 
        "translated": 1159
    }, 
    "xh": {
        "approved": 40, 
        "translated": 40
    }, 
    "zh-hans": {
        "approved": 1231, 
        "pending_since_timestamp": 1492583588.611358, 
        "translated": 13710
    }, 
    "zu": {
        "approved": 1, 
        "translated": 20
    }
}