{
    "ar": {
        "approved": 0, 
        "translated": 4622
    }, 
    "bg": {
        "approved": 168694, 
        "translated": 189466
    }, 
    "bn": {
        "approved": 72534, 
        "pending_since_timestamp": 1461370396.398236, 
        "translated": 120581
    }, 
    "cs": {
        "approved": 12551, 
        "translated": 29943
    }, 
    "da": {
        "approved": 40125, 
        "translated": 87889
    }, 
    "de": {
        "approved": 149161, 
        "pending_since_timestamp": 1461356238.077438, 
        "translated": 149642
    }, 
    "el": {
        "approved": 257, 
        "translated": 7557
    }, 
    "es": {
        "approved": 253622, 
        "pending_since_timestamp": 1461364327.389843, 
        "translated": 369459
    }, 
    "fa": {
        "approved": 0, 
        "translated": 211
    }, 
    "fa-af": {
        "approved": 0, 
        "translated": 72
    }, 
    "fr": {
        "approved": 150097, 
        "translated": 158306
    }, 
    "he": {
        "approved": 9223, 
        "translated": 9236
    }, 
    "hi": {
        "approved": 68757, 
        "translated": 87109
    }, 
    "hy": {
        "approved": 0, 
        "translated": 2829
    }, 
    "id": {
        "approved": 0, 
        "translated": 8122
    }, 
    "it": {
        "approved": 0, 
        "pending_since_timestamp": 1461329591.026903, 
        "translated": 93645
    }, 
    "ja": {
        "approved": 27517, 
        "translated": 57851
    }, 
    "ka": {
        "approved": 118804, 
        "pending_since_timestamp": 1461350321.652498, 
        "translated": 119185
    }, 
    "ko": {
        "approved": 108834, 
        "pending_since_timestamp": 1461370396.398236, 
        "translated": 138899
    }, 
    "lol": {
        "approved": 587, 
        "translated": 7578
    }, 
    "mn": {
        "approved": 74733, 
        "translated": 82700
    }, 
    "ms": {
        "approved": 0, 
        "translated": 750
    }, 
    "nb": {
        "approved": 87986, 
        "pending_since_timestamp": 1461370396.398236, 
        "translated": 88846
    }, 
    "nl": {
        "approved": 55412, 
        "pending_since_timestamp": 1461370396.398236, 
        "translated": 104367
    }, 
    "pl": {
        "approved": 191659, 
        "pending_since_timestamp": 1461361639.106121, 
        "translated": 191662
    }, 
    "pt": {
        "approved": 185876, 
        "pending_since_timestamp": 1461371822.891083, 
        "translated": 366615
    }, 
    "pt-pt": {
        "approved": 17631, 
        "pending_since_timestamp": 1461371822.891083, 
        "translated": 116912
    }, 
    "ru": {
        "approved": 1175, 
        "pending_since_timestamp": 1461370396.398236, 
        "translated": 20757
    }, 
    "sr": {
        "approved": 46871, 
        "pending_since_timestamp": 1461370396.398236, 
        "translated": 365420
    }, 
    "sw": {
        "approved": 12006, 
        "pending_since_timestamp": 1461370396.398236, 
        "translated": 35107
    }, 
    "te": {
        "approved": 0, 
        "translated": 215
    }, 
    "th": {
        "approved": 0, 
        "translated": 126658
    }, 
    "tr": {
        "approved": 168374, 
        "translated": 274655
    }, 
    "uk": {
        "approved": 0, 
        "translated": 2579
    }, 
    "ur": {
        "approved": 0, 
        "translated": 1536
    }, 
    "xh": {
        "approved": 0, 
        "translated": 1
    }, 
    "zh-hans": {
        "approved": 0, 
        "translated": 4084
    }, 
    "zu": {
        "approved": 0, 
        "translated": 23
    }
}