{
    "ar": {
        "approved": 0, 
        "pending_since_timestamp": 1470457929.247327, 
        "translated": 4453
    }, 
    "bg": {
        "approved": 197249, 
        "pending_since_timestamp": 1470468513.010473, 
        "translated": 222751
    }, 
    "bn": {
        "approved": 109987, 
        "translated": 130466
    }, 
    "cs": {
        "approved": 12229, 
        "translated": 30496
    }, 
    "da": {
        "approved": 75567, 
        "translated": 84015
    }, 
    "de": {
        "approved": 161081, 
        "pending_since_timestamp": 1470505839.484978, 
        "translated": 162265
    }, 
    "el": {
        "approved": 371, 
        "pending_since_timestamp": 1470457929.247327, 
        "translated": 7730
    }, 
    "es": {
        "approved": 290216, 
        "pending_since_timestamp": 1470486912.688679, 
        "translated": 390957
    }, 
    "fa": {
        "approved": 0, 
        "translated": 104
    }, 
    "fa-af": {
        "approved": 0, 
        "translated": 72
    }, 
    "fr": {
        "approved": 167426, 
        "pending_since_timestamp": 1470499180.912579, 
        "translated": 174160
    }, 
    "he": {
        "approved": 8430, 
        "translated": 8668
    }, 
    "hi": {
        "approved": 91728, 
        "translated": 112019
    }, 
    "hy": {
        "approved": 0, 
        "translated": 3015
    }, 
    "id": {
        "approved": 0, 
        "pending_since_timestamp": 1470457929.247327, 
        "translated": 7206
    }, 
    "it": {
        "approved": 15476, 
        "pending_since_timestamp": 1470457929.247327, 
        "translated": 107804
    }, 
    "ja": {
        "approved": 34162, 
        "pending_since_timestamp": 1470457929.247327, 
        "translated": 80727
    }, 
    "ka": {
        "approved": 146884, 
        "pending_since_timestamp": 1470476068.306794, 
        "translated": 148363
    }, 
    "ko": {
        "approved": 126263, 
        "translated": 151437
    }, 
    "lol": {
        "approved": 599, 
        "translated": 8825
    }, 
    "mn": {
        "approved": 75404, 
        "translated": 83021
    }, 
    "ms": {
        "approved": 0, 
        "translated": 728
    }, 
    "nb": {
        "approved": 98138, 
        "translated": 101303
    }, 
    "nl": {
        "approved": 80332, 
        "translated": 117714
    }, 
    "pl": {
        "approved": 204671, 
        "translated": 204934
    }, 
    "pt": {
        "approved": 204973, 
        "pending_since_timestamp": 1470496235.975352, 
        "translated": 386953
    }, 
    "pt-pt": {
        "approved": 36453, 
        "pending_since_timestamp": 1470457929.247327, 
        "translated": 71591
    }, 
    "ru": {
        "approved": 1191, 
        "pending_since_timestamp": 1470457929.247327, 
        "translated": 19510
    }, 
    "sr": {
        "approved": 48658, 
        "pending_since_timestamp": 1470499180.912579, 
        "translated": 385475
    }, 
    "sw": {
        "approved": 11695, 
        "pending_since_timestamp": 1470457929.247327, 
        "translated": 33400
    }, 
    "te": {
        "approved": 0, 
        "translated": 212
    }, 
    "th": {
        "approved": 0, 
        "pending_since_timestamp": 1470457929.247327, 
        "translated": 119848
    }, 
    "tr": {
        "approved": 206238, 
        "pending_since_timestamp": 1470486912.688679, 
        "translated": 290583
    }, 
    "uk": {
        "approved": 0, 
        "translated": 2524
    }, 
    "ur": {
        "approved": 0, 
        "pending_since_timestamp": 1470457929.247327, 
        "translated": 1422
    }, 
    "xh": {
        "approved": 0, 
        "translated": 1
    }, 
    "zh-hans": {
        "approved": 0, 
        "translated": 5138
    }, 
    "zu": {
        "approved": 0, 
        "translated": 22
    }
}