{
    "ar": {
        "approved": 0, 
        "pending_since_timestamp": 1453408124.318381, 
        "translated": 4407
    }, 
    "bg": {
        "approved": 111727, 
        "pending_since_timestamp": 1453403154.982545, 
        "translated": 167833
    }, 
    "bn": {
        "approved": 49283, 
        "pending_since_timestamp": 1453382341.72337, 
        "translated": 86408
    }, 
    "cs": {
        "approved": 12949, 
        "pending_since_timestamp": 1453408124.318381, 
        "translated": 30099
    }, 
    "da": {
        "approved": 38766, 
        "pending_since_timestamp": 1453408124.318381, 
        "translated": 68207
    }, 
    "de": {
        "approved": 117522, 
        "translated": 117670
    }, 
    "el": {
        "approved": 0, 
        "pending_since_timestamp": 1453408124.318381, 
        "translated": 6883
    }, 
    "es": {
        "approved": 197614, 
        "translated": 318684
    }, 
    "fa": {
        "approved": 0, 
        "pending_since_timestamp": 1453408124.318381, 
        "translated": 249
    }, 
    "fa-af": {
        "approved": 0, 
        "translated": 74
    }, 
    "fr": {
        "approved": 109855, 
        "pending_since_timestamp": 1453408124.318381, 
        "translated": 116870
    }, 
    "he": {
        "approved": 8541, 
        "pending_since_timestamp": 1453408124.318381, 
        "translated": 9344
    }, 
    "hi": {
        "approved": 64456, 
        "pending_since_timestamp": 1453405991.22113, 
        "translated": 72259
    }, 
    "hy": {
        "approved": 0, 
        "pending_since_timestamp": 1453408124.318381, 
        "translated": 132
    }, 
    "id": {
        "approved": 0, 
        "pending_since_timestamp": 1453408124.318381, 
        "translated": 8734
    }, 
    "it": {
        "approved": 0, 
        "pending_since_timestamp": 1453408124.318381, 
        "translated": 74604
    }, 
    "ja": {
        "approved": 23182, 
        "pending_since_timestamp": 1453394956.596856, 
        "translated": 54104
    }, 
    "ko": {
        "approved": 72606, 
        "pending_since_timestamp": 1453408124.318381, 
        "translated": 89376
    }, 
    "lol": {
        "approved": 616, 
        "translated": 8064
    }, 
    "mn": {
        "approved": 36074, 
        "pending_since_timestamp": 1453408124.318381, 
        "translated": 54581
    }, 
    "ms": {
        "approved": 0, 
        "pending_since_timestamp": 1453408124.318381, 
        "translated": 812
    }, 
    "nb": {
        "approved": 84372, 
        "pending_since_timestamp": 1453408124.318381, 
        "translated": 85117
    }, 
    "nl": {
        "approved": 47459, 
        "pending_since_timestamp": 1453381396.403762, 
        "translated": 78748
    }, 
    "pl": {
        "approved": 123319, 
        "pending_since_timestamp": 1453398244.684356, 
        "translated": 131737
    }, 
    "pt": {
        "approved": 150896, 
        "pending_since_timestamp": 1453408124.318381, 
        "translated": 315766
    }, 
    "pt-pt": {
        "approved": 13696, 
        "pending_since_timestamp": 1453408124.318381, 
        "translated": 76249
    }, 
    "ru": {
        "approved": 1233, 
        "translated": 16890
    }, 
    "sr": {
        "approved": 34647, 
        "pending_since_timestamp": 1453398244.684356, 
        "translated": 314556
    }, 
    "sw": {
        "approved": 12324, 
        "pending_since_timestamp": 1453398244.684356, 
        "translated": 34124
    }, 
    "te": {
        "approved": 0, 
        "pending_since_timestamp": 1453408124.318381, 
        "translated": 234
    }, 
    "th": {
        "approved": 0, 
        "pending_since_timestamp": 1453408124.318381, 
        "translated": 125794
    }, 
    "tr": {
        "approved": 168211, 
        "pending_since_timestamp": 1453408124.318381, 
        "translated": 226799
    }, 
    "uk": {
        "approved": 0, 
        "pending_since_timestamp": 1453408124.318381, 
        "translated": 2697
    }, 
    "ur": {
        "approved": 0, 
        "pending_since_timestamp": 1453408124.318381, 
        "translated": 1621
    }, 
    "xh": {
        "approved": 0, 
        "translated": 1
    }, 
    "zh-hans": {
        "approved": 0, 
        "pending_since_timestamp": 1453408124.318381, 
        "translated": 4278
    }, 
    "zu": {
        "approved": 0, 
        "pending_since_timestamp": 1453408124.318381, 
        "translated": 29
    }
}