{
    "af": {
        "approved": 19, 
        "translated": 1467
    }, 
    "am": {
        "approved": 0, 
        "translated": 0
    }, 
    "ar": {
        "approved": 104115, 
        "pending_since_timestamp": 1552362109.141135, 
        "translated": 213585
    }, 
    "az": {
        "approved": 35846, 
        "pending_since_timestamp": 1552615403.638244, 
        "translated": 37558
    }, 
    "bg": {
        "approved": 337868, 
        "translated": 340151
    }, 
    "bn": {
        "approved": 148512, 
        "translated": 165167
    }, 
    "ca": {
        "approved": 3, 
        "translated": 1882
    }, 
    "cs": {
        "approved": 138654, 
        "pending_since_timestamp": 1552515247.066383, 
        "translated": 154531
    }, 
    "da": {
        "approved": 175229, 
        "pending_since_timestamp": 1552759156.604976, 
        "translated": 198582
    }, 
    "de": {
        "approved": 305616, 
        "pending_since_timestamp": 1552759156.604976, 
        "translated": 538286
    }, 
    "el": {
        "approved": 79219, 
        "pending_since_timestamp": 1552244058.309779, 
        "translated": 94907
    }, 
    "es": {
        "approved": 431255, 
        "translated": 447651
    }, 
    "et": {
        "approved": 44899, 
        "translated": 46207
    }, 
    "fa": {
        "approved": 1, 
        "translated": 189
    }, 
    "fa-af": {
        "approved": 31, 
        "translated": 103
    }, 
    "fi": {
        "approved": 82165, 
        "translated": 84057
    }, 
    "fil": {
        "approved": 202, 
        "translated": 295
    }, 
    "fr": {
        "approved": 287281, 
        "translated": 290741
    }, 
    "fv": {
        "approved": 85684, 
        "translated": 85691
    }, 
    "gu": {
        "approved": 106555, 
        "pending_since_timestamp": 1552701991.269673, 
        "translated": 149818
    }, 
    "he": {
        "approved": 8305, 
        "translated": 8308
    }, 
    "hi": {
        "approved": 166753, 
        "translated": 179119
    }, 
    "hr": {
        "approved": 10873, 
        "translated": 16472
    }, 
    "ht": {
        "approved": 1, 
        "translated": 5
    }, 
    "hu": {
        "approved": 97286, 
        "pending_since_timestamp": 1552663512.726131, 
        "translated": 116474
    }, 
    "hy": {
        "approved": 162875, 
        "pending_since_timestamp": 1552721885.759809, 
        "translated": 179641
    }, 
    "id": {
        "approved": 88274, 
        "translated": 92150
    }, 
    "it": {
        "approved": 155107, 
        "pending_since_timestamp": 1552759156.604976, 
        "translated": 175038
    }, 
    "ja": {
        "approved": 125891, 
        "pending_since_timestamp": 1552663512.726131, 
        "translated": 147200
    }, 
    "ka": {
        "approved": 284320, 
        "translated": 286688
    }, 
    "ki": {
        "approved": 0, 
        "translated": 37
    }, 
    "kk": {
        "approved": 103, 
        "translated": 103
    }, 
    "km": {
        "approved": 1, 
        "pending_since_timestamp": 1552322050.396754, 
        "translated": 1809
    }, 
    "kn": {
        "approved": 36478, 
        "translated": 41546
    }, 
    "ko": {
        "approved": 194958, 
        "pending_since_timestamp": 1552701991.269673, 
        "translated": 222111
    }, 
    "ky": {
        "approved": 497, 
        "translated": 1313
    }, 
    "lol": {
        "approved": 66840, 
        "translated": 82019
    }, 
    "lt": {
        "approved": 80830, 
        "translated": 82786
    }, 
    "lv": {
        "approved": 54513, 
        "translated": 54946
    }, 
    "mn": {
        "approved": 82459, 
        "translated": 110341
    }, 
    "mr": {
        "approved": 0, 
        "translated": 0
    }, 
    "ms": {
        "approved": 29, 
        "translated": 606
    }, 
    "my": {
        "approved": 79333, 
        "pending_since_timestamp": 1552095324.595217, 
        "translated": 79461
    }, 
    "nb": {
        "approved": 135509, 
        "translated": 143297
    }, 
    "ne": {
        "approved": 0, 
        "translated": 1
    }, 
    "nl": {
        "approved": 136205, 
        "pending_since_timestamp": 1552771514.750338, 
        "translated": 157836
    }, 
    "nn": {
        "approved": 0, 
        "translated": 1626
    }, 
    "or": {
        "approved": 0, 
        "translated": 52
    }, 
    "pl": {
        "approved": 347817, 
        "pending_since_timestamp": 1552759156.604976, 
        "translated": 348164
    }, 
    "ps": {
        "approved": 579, 
        "pending_since_timestamp": 1552715532.797698, 
        "translated": 971
    }, 
    "pt": {
        "approved": 379553, 
        "translated": 422885
    }, 
    "pt-pt": {
        "approved": 161907, 
        "translated": 190688
    }, 
    "ro": {
        "approved": 63489, 
        "pending_since_timestamp": 1552615403.638244, 
        "translated": 67759
    }, 
    "ru": {
        "approved": 104183, 
        "pending_since_timestamp": 1552725285.007447, 
        "translated": 123016
    }, 
    "rw": {
        "approved": 0, 
        "translated": 0
    }, 
    "si": {
        "approved": 0, 
        "translated": 192
    }, 
    "sk": {
        "approved": 0, 
        "translated": 2125
    }, 
    "sl": {
        "approved": 0, 
        "translated": 33
    }, 
    "sq": {
        "approved": 98629, 
        "translated": 102888
    }, 
    "sr": {
        "approved": 62590, 
        "translated": 81468
    }, 
    "sv": {
        "approved": 175108, 
        "pending_since_timestamp": 1552759156.604976, 
        "translated": 544283
    }, 
    "sw": {
        "approved": 0, 
        "translated": 0
    }, 
    "ta": {
        "approved": 62654, 
        "pending_since_timestamp": 1552629331.252264, 
        "translated": 81190
    }, 
    "te": {
        "approved": 16, 
        "translated": 216
    }, 
    "th": {
        "approved": 299, 
        "pending_since_timestamp": 1552615403.638244, 
        "translated": 134291
    }, 
    "tr": {
        "approved": 309421, 
        "translated": 418108
    }, 
    "uk": {
        "approved": 70887, 
        "pending_since_timestamp": 1552515247.066383, 
        "translated": 92151
    }, 
    "ur": {
        "approved": 54495, 
        "pending_since_timestamp": 1552615403.638244, 
        "translated": 57338
    }, 
    "uz": {
        "approved": 76904, 
        "pending_since_timestamp": 1552322050.396754, 
        "translated": 127413
    }, 
    "vi": {
        "approved": 2, 
        "pending_since_timestamp": 1552615403.638244, 
        "translated": 1969
    }, 
    "xh": {
        "approved": 40, 
        "translated": 40
    }, 
    "zh-hans": {
        "approved": 210965, 
        "pending_since_timestamp": 1552705334.592075, 
        "translated": 285983
    }, 
    "zh-hant": {
        "approved": 9913, 
        "pending_since_timestamp": 1552615403.638244, 
        "translated": 74175
    }, 
    "zu": {
        "approved": 1, 
        "translated": 18
    }
}