{
    "ar": {
        "approved": 0, 
        "pending_since_timestamp": 1454287067.226225, 
        "translated": 4447
    }, 
    "bg": {
        "approved": 167986, 
        "pending_since_timestamp": 1454287067.226225, 
        "translated": 171001
    }, 
    "bn": {
        "approved": 52460, 
        "pending_since_timestamp": 1454287067.226225, 
        "translated": 92429
    }, 
    "cs": {
        "approved": 12915, 
        "translated": 30562
    }, 
    "da": {
        "approved": 39154, 
        "translated": 68654
    }, 
    "de": {
        "approved": 118874, 
        "translated": 119058
    }, 
    "el": {
        "approved": 3, 
        "pending_since_timestamp": 1454287067.226225, 
        "translated": 6963
    }, 
    "es": {
        "approved": 198716, 
        "pending_since_timestamp": 1454298713.709755, 
        "translated": 322430
    }, 
    "fa": {
        "approved": 0, 
        "translated": 235
    }, 
    "fa-af": {
        "approved": 0, 
        "translated": 74
    }, 
    "fr": {
        "approved": 113865, 
        "translated": 120817
    }, 
    "he": {
        "approved": 8513, 
        "translated": 9436
    }, 
    "hi": {
        "approved": 64348, 
        "pending_since_timestamp": 1454301707.620919, 
        "translated": 75553
    }, 
    "hy": {
        "approved": 0, 
        "translated": 141
    }, 
    "id": {
        "approved": 0, 
        "translated": 8669
    }, 
    "it": {
        "approved": 0, 
        "pending_since_timestamp": 1454287067.226225, 
        "translated": 74792
    }, 
    "ja": {
        "approved": 23627, 
        "translated": 55384
    }, 
    "ko": {
        "approved": 72545, 
        "pending_since_timestamp": 1454287067.226225, 
        "translated": 91756
    }, 
    "lol": {
        "approved": 615, 
        "translated": 8059
    }, 
    "mn": {
        "approved": 36094, 
        "pending_since_timestamp": 1454287067.226225, 
        "translated": 56463
    }, 
    "ms": {
        "approved": 0, 
        "translated": 826
    }, 
    "nb": {
        "approved": 84352, 
        "translated": 85467
    }, 
    "nl": {
        "approved": 47953, 
        "pending_since_timestamp": 1454287067.226225, 
        "translated": 81104
    }, 
    "pl": {
        "approved": 130896, 
        "translated": 134557
    }, 
    "pt": {
        "approved": 150488, 
        "translated": 319148
    }, 
    "pt-pt": {
        "approved": 13954, 
        "translated": 78885
    }, 
    "ru": {
        "approved": 1231, 
        "pending_since_timestamp": 1454287067.226225, 
        "translated": 18825
    }, 
    "sr": {
        "approved": 35200, 
        "translated": 317944
    }, 
    "sw": {
        "approved": 12308, 
        "pending_since_timestamp": 1454287067.226225, 
        "translated": 34568
    }, 
    "te": {
        "approved": 0, 
        "translated": 238
    }, 
    "th": {
        "approved": 0, 
        "pending_since_timestamp": 1454287067.226225, 
        "translated": 125668
    }, 
    "tr": {
        "approved": 168918, 
        "translated": 228970
    }, 
    "uk": {
        "approved": 0, 
        "translated": 2711
    }, 
    "ur": {
        "approved": 0, 
        "pending_since_timestamp": 1454287067.226225, 
        "translated": 1637
    }, 
    "xh": {
        "approved": 0, 
        "translated": 1
    }, 
    "zh-hans": {
        "approved": 0, 
        "pending_since_timestamp": 1454287067.226225, 
        "translated": 4364
    }, 
    "zu": {
        "approved": 0, 
        "translated": 32
    }
}