{
    "ar": {
        "approved": 0, 
        "translated": 4460
    }, 
    "bg": {
        "approved": 196157, 
        "pending_since_timestamp": 1471645921.829626, 
        "translated": 223533
    }, 
    "bn": {
        "approved": 112926, 
        "pending_since_timestamp": 1471617615.842231, 
        "translated": 130797
    }, 
    "cs": {
        "approved": 12088, 
        "translated": 30200
    }, 
    "da": {
        "approved": 75427, 
        "translated": 83971
    }, 
    "de": {
        "approved": 169835, 
        "translated": 170076
    }, 
    "el": {
        "approved": 371, 
        "pending_since_timestamp": 1471569987.066264, 
        "translated": 7617
    }, 
    "es": {
        "approved": 292191, 
        "pending_since_timestamp": 1471616007.391721, 
        "translated": 405441
    }, 
    "fa": {
        "approved": 0, 
        "translated": 104
    }, 
    "fa-af": {
        "approved": 0, 
        "translated": 72
    }, 
    "fr": {
        "approved": 168153, 
        "translated": 174988
    }, 
    "he": {
        "approved": 8394, 
        "translated": 8710
    }, 
    "hi": {
        "approved": 91427, 
        "translated": 112065
    }, 
    "hy": {
        "approved": 0, 
        "pending_since_timestamp": 1471569987.066264, 
        "translated": 3012
    }, 
    "id": {
        "approved": 0, 
        "translated": 7128
    }, 
    "it": {
        "approved": 15494, 
        "pending_since_timestamp": 1471569987.066264, 
        "translated": 108011
    }, 
    "ja": {
        "approved": 34188, 
        "translated": 81206
    }, 
    "ka": {
        "approved": 148214, 
        "pending_since_timestamp": 1471597467.110958, 
        "translated": 150639
    }, 
    "ko": {
        "approved": 129571, 
        "pending_since_timestamp": 1471597467.110958, 
        "translated": 151373
    }, 
    "lol": {
        "approved": 599, 
        "translated": 8814
    }, 
    "mn": {
        "approved": 74878, 
        "translated": 82492
    }, 
    "ms": {
        "approved": 0, 
        "translated": 725
    }, 
    "nb": {
        "approved": 97734, 
        "translated": 100894
    }, 
    "nl": {
        "approved": 81865, 
        "pending_since_timestamp": 1471621458.336062, 
        "translated": 117602
    }, 
    "pl": {
        "approved": 209174, 
        "pending_since_timestamp": 1471640934.673059, 
        "translated": 209551
    }, 
    "pt": {
        "approved": 204345, 
        "pending_since_timestamp": 1471625209.027729, 
        "translated": 402703
    }, 
    "pt-pt": {
        "approved": 37834, 
        "pending_since_timestamp": 1471617615.842231, 
        "translated": 72877
    }, 
    "ru": {
        "approved": 1190, 
        "translated": 19403
    }, 
    "sr": {
        "approved": 50976, 
        "translated": 401099
    }, 
    "sw": {
        "approved": 11553, 
        "translated": 33166
    }, 
    "te": {
        "approved": 0, 
        "translated": 212
    }, 
    "th": {
        "approved": 0, 
        "translated": 119491
    }, 
    "tr": {
        "approved": 204113, 
        "pending_since_timestamp": 1471629074.83832, 
        "translated": 298935
    }, 
    "uk": {
        "approved": 0, 
        "pending_since_timestamp": 1471569987.066264, 
        "translated": 2512
    }, 
    "ur": {
        "approved": 0, 
        "pending_since_timestamp": 1471569987.066264, 
        "translated": 1418
    }, 
    "xh": {
        "approved": 0, 
        "translated": 1
    }, 
    "zh-hans": {
        "approved": 0, 
        "translated": 5125
    }, 
    "zu": {
        "approved": 0, 
        "pending_since_timestamp": 1470762331.56727, 
        "translated": 22
    }
}