{
    "ar": {
        "approved": 255, 
        "translated": 4051
    }, 
    "bg": {
        "approved": 198064, 
        "pending_since_timestamp": 1488210337.17083, 
        "translated": 214530
    }, 
    "bn": {
        "approved": 127390, 
        "translated": 140677
    }, 
    "cs": {
        "approved": 12206, 
        "translated": 28903
    }, 
    "da": {
        "approved": 74385, 
        "translated": 81600
    }, 
    "de": {
        "approved": 203593, 
        "translated": 203770
    }, 
    "el": {
        "approved": 1214, 
        "pending_since_timestamp": 1488203004.723801, 
        "translated": 16231
    }, 
    "es": {
        "approved": 334820, 
        "pending_since_timestamp": 1488213068.561762, 
        "translated": 351467
    }, 
    "fa": {
        "approved": 1, 
        "translated": 103
    }, 
    "fa-af": {
        "approved": 31, 
        "translated": 104
    }, 
    "fr": {
        "approved": 221384, 
        "pending_since_timestamp": 1488208914.529708, 
        "translated": 229081
    }, 
    "he": {
        "approved": 6492, 
        "translated": 7038
    }, 
    "hi": {
        "approved": 100298, 
        "translated": 115654
    }, 
    "hy": {
        "approved": 7405, 
        "translated": 12321
    }, 
    "id": {
        "approved": 532, 
        "translated": 6441
    }, 
    "it": {
        "approved": 66981, 
        "pending_since_timestamp": 1488192787.098395, 
        "translated": 114963
    }, 
    "ja": {
        "approved": 99939, 
        "translated": 117044
    }, 
    "ka": {
        "approved": 192074, 
        "pending_since_timestamp": 1488201040.818526, 
        "translated": 197173
    }, 
    "ko": {
        "approved": 153471, 
        "translated": 162944
    }, 
    "lol": {
        "approved": 397, 
        "translated": 8647
    }, 
    "mn": {
        "approved": 79859, 
        "translated": 89902
    }, 
    "ms": {
        "approved": 29, 
        "translated": 682
    }, 
    "nb": {
        "approved": 95984, 
        "translated": 99184
    }, 
    "nl": {
        "approved": 103427, 
        "pending_since_timestamp": 1488207159.84862, 
        "translated": 127090
    }, 
    "pl": {
        "approved": 254350, 
        "pending_since_timestamp": 1488214271.616144, 
        "translated": 254589
    }, 
    "pt": {
        "approved": 258164, 
        "translated": 295174
    }, 
    "pt-pt": {
        "approved": 71675, 
        "pending_since_timestamp": 1488207159.84862, 
        "translated": 103978
    }, 
    "ru": {
        "approved": 1634, 
        "translated": 18386
    }, 
    "sr": {
        "approved": 50791, 
        "translated": 68715
    }, 
    "sw": {
        "approved": 11627, 
        "pending_since_timestamp": 1488184391.114283, 
        "translated": 31882
    }, 
    "te": {
        "approved": 16, 
        "translated": 214
    }, 
    "th": {
        "approved": 316, 
        "translated": 122097
    }, 
    "tr": {
        "approved": 249901, 
        "translated": 331373
    }, 
    "uk": {
        "approved": 98, 
        "translated": 2516
    }, 
    "ur": {
        "approved": 92, 
        "translated": 1200
    }, 
    "xh": {
        "approved": 40, 
        "translated": 40
    }, 
    "zh-hans": {
        "approved": 142, 
        "translated": 5473
    }, 
    "zu": {
        "approved": 1, 
        "translated": 22
    }
}