{
    "ar": {
        "approved": 0, 
        "translated": 4315
    }, 
    "bg": {
        "approved": 180680, 
        "pending_since_timestamp": 1463495270.407746, 
        "translated": 190959
    }, 
    "bn": {
        "approved": 80838, 
        "pending_since_timestamp": 1463478042.785498, 
        "translated": 121047
    }, 
    "cs": {
        "approved": 12326, 
        "translated": 30865
    }, 
    "da": {
        "approved": 73650, 
        "translated": 84401
    }, 
    "de": {
        "approved": 148513, 
        "pending_since_timestamp": 1463497802.383421, 
        "translated": 148649
    }, 
    "el": {
        "approved": 281, 
        "translated": 7284
    }, 
    "es": {
        "approved": 262485, 
        "pending_since_timestamp": 1463497802.383421, 
        "translated": 371943
    }, 
    "fa": {
        "approved": 0, 
        "translated": 107
    }, 
    "fa-af": {
        "approved": 0, 
        "translated": 72
    }, 
    "fr": {
        "approved": 156687, 
        "pending_since_timestamp": 1463493874.953982, 
        "translated": 162991
    }, 
    "he": {
        "approved": 8643, 
        "translated": 8656
    }, 
    "hi": {
        "approved": 66454, 
        "pending_since_timestamp": 1463497802.383421, 
        "translated": 91604
    }, 
    "hy": {
        "approved": 0, 
        "translated": 3044
    }, 
    "id": {
        "approved": 0, 
        "translated": 7325
    }, 
    "it": {
        "approved": 0, 
        "pending_since_timestamp": 1463473087.16936, 
        "translated": 93796
    }, 
    "ja": {
        "approved": 28228, 
        "translated": 58401
    }, 
    "ka": {
        "approved": 121756, 
        "pending_since_timestamp": 1463496450.316631, 
        "translated": 124211
    }, 
    "ko": {
        "approved": 119523, 
        "translated": 140138
    }, 
    "lol": {
        "approved": 585, 
        "translated": 7531
    }, 
    "mn": {
        "approved": 74079, 
        "pending_since_timestamp": 1463471831.699146, 
        "translated": 82007
    }, 
    "ms": {
        "approved": 0, 
        "translated": 734
    }, 
    "nb": {
        "approved": 97348, 
        "translated": 101213
    }, 
    "nl": {
        "approved": 74237, 
        "pending_since_timestamp": 1463470677.86575, 
        "translated": 108673
    }, 
    "pl": {
        "approved": 191893, 
        "pending_since_timestamp": 1463488574.664747, 
        "translated": 192677
    }, 
    "pt": {
        "approved": 192414, 
        "pending_since_timestamp": 1463488574.664747, 
        "translated": 368992
    }, 
    "pt-pt": {
        "approved": 18706, 
        "pending_since_timestamp": 1463488574.664747, 
        "translated": 114775
    }, 
    "ru": {
        "approved": 1171, 
        "translated": 19910
    }, 
    "sr": {
        "approved": 44946, 
        "pending_since_timestamp": 1463493874.953982, 
        "translated": 367848
    }, 
    "sw": {
        "approved": 11789, 
        "translated": 33789
    }, 
    "te": {
        "approved": 0, 
        "translated": 215
    }, 
    "th": {
        "approved": 0, 
        "translated": 121759
    }, 
    "tr": {
        "approved": 183991, 
        "pending_since_timestamp": 1463489847.857231, 
        "translated": 275361
    }, 
    "uk": {
        "approved": 0, 
        "translated": 2525
    }, 
    "ur": {
        "approved": 0, 
        "translated": 1468
    }, 
    "xh": {
        "approved": 0, 
        "translated": 1
    }, 
    "zh-hans": {
        "approved": 0, 
        "translated": 5200
    }, 
    "zu": {
        "approved": 0, 
        "translated": 23
    }
}