{
    "ar": {
        "approved": 0, 
        "translated": 4515
    }, 
    "bg": {
        "approved": 197569, 
        "translated": 214588
    }, 
    "bn": {
        "approved": 100245, 
        "pending_since_timestamp": 1468310383.192335, 
        "translated": 127935
    }, 
    "cs": {
        "approved": 12229, 
        "translated": 30501
    }, 
    "da": {
        "approved": 75783, 
        "translated": 84527
    }, 
    "de": {
        "approved": 152756, 
        "pending_since_timestamp": 1468327766.31408, 
        "translated": 153171
    }, 
    "el": {
        "approved": 324, 
        "translated": 7476
    }, 
    "es": {
        "approved": 283737, 
        "pending_since_timestamp": 1468301984.156125, 
        "translated": 379238
    }, 
    "fa": {
        "approved": 0, 
        "translated": 106
    }, 
    "fa-af": {
        "approved": 0, 
        "translated": 72
    }, 
    "fr": {
        "approved": 166346, 
        "pending_since_timestamp": 1468326286.246772, 
        "translated": 173549
    }, 
    "he": {
        "approved": 8468, 
        "translated": 8706
    }, 
    "hi": {
        "approved": 68644, 
        "pending_since_timestamp": 1468319142.116934, 
        "translated": 111317
    }, 
    "hy": {
        "approved": 0, 
        "translated": 3014
    }, 
    "id": {
        "approved": 0, 
        "translated": 7274
    }, 
    "it": {
        "approved": 7723, 
        "pending_since_timestamp": 1468306707.133139, 
        "translated": 104694
    }, 
    "ja": {
        "approved": 34071, 
        "translated": 80467
    }, 
    "ka": {
        "approved": 138896, 
        "pending_since_timestamp": 1468313159.783183, 
        "translated": 141110
    }, 
    "ko": {
        "approved": 125691, 
        "translated": 151432
    }, 
    "lol": {
        "approved": 603, 
        "translated": 8847
    }, 
    "mn": {
        "approved": 75502, 
        "translated": 83186
    }, 
    "ms": {
        "approved": 0, 
        "translated": 742
    }, 
    "nb": {
        "approved": 98366, 
        "pending_since_timestamp": 1468319142.116934, 
        "translated": 101604
    }, 
    "nl": {
        "approved": 80602, 
        "translated": 117395
    }, 
    "pl": {
        "approved": 202642, 
        "pending_since_timestamp": 1468327766.31408, 
        "translated": 202941
    }, 
    "pt": {
        "approved": 203299, 
        "pending_since_timestamp": 1468314511.684958, 
        "translated": 376130
    }, 
    "pt-pt": {
        "approved": 24338, 
        "pending_since_timestamp": 1468314511.684958, 
        "translated": 87596
    }, 
    "ru": {
        "approved": 1191, 
        "translated": 19609
    }, 
    "sr": {
        "approved": 45783, 
        "pending_since_timestamp": 1468314511.684958, 
        "translated": 374526
    }, 
    "sw": {
        "approved": 11695, 
        "translated": 33494
    }, 
    "te": {
        "approved": 0, 
        "translated": 204
    }, 
    "th": {
        "approved": 0, 
        "translated": 120300
    }, 
    "tr": {
        "approved": 210335, 
        "translated": 282881
    }, 
    "uk": {
        "approved": 0, 
        "translated": 2550
    }, 
    "ur": {
        "approved": 0, 
        "translated": 1466
    }, 
    "xh": {
        "approved": 0, 
        "translated": 1
    }, 
    "zh-hans": {
        "approved": 0, 
        "translated": 5148
    }, 
    "zu": {
        "approved": 0, 
        "translated": 22
    }
}