{
    "ar": {
        "approved": 381, 
        "translated": 4319
    }, 
    "bg": {
        "approved": 196478, 
        "pending_since_timestamp": 1491753805.659533, 
        "translated": 227851
    }, 
    "bn": {
        "approved": 129152, 
        "translated": 141304
    }, 
    "cs": {
        "approved": 11834, 
        "translated": 29294
    }, 
    "da": {
        "approved": 72905, 
        "translated": 83296
    }, 
    "de": {
        "approved": 203946, 
        "pending_since_timestamp": 1491761049.123187, 
        "translated": 208982
    }, 
    "el": {
        "approved": 1458, 
        "pending_since_timestamp": 1491756986.057167, 
        "translated": 17118
    }, 
    "es": {
        "approved": 341557, 
        "translated": 357489
    }, 
    "fa": {
        "approved": 1, 
        "translated": 99
    }, 
    "fa-af": {
        "approved": 31, 
        "translated": 104
    }, 
    "fr": {
        "approved": 227689, 
        "pending_since_timestamp": 1491758449.73978, 
        "translated": 236373
    }, 
    "he": {
        "approved": 6340, 
        "translated": 6985
    }, 
    "hi": {
        "approved": 99727, 
        "translated": 115249
    }, 
    "hy": {
        "approved": 7403, 
        "translated": 12287
    }, 
    "id": {
        "approved": 531, 
        "translated": 6415
    }, 
    "it": {
        "approved": 89041, 
        "translated": 118263
    }, 
    "ja": {
        "approved": 100036, 
        "translated": 117567
    }, 
    "ka": {
        "approved": 192973, 
        "translated": 200349
    }, 
    "ko": {
        "approved": 152019, 
        "translated": 162741
    }, 
    "lol": {
        "approved": 391, 
        "translated": 8629
    }, 
    "mn": {
        "approved": 79777, 
        "translated": 99957
    }, 
    "ms": {
        "approved": 29, 
        "translated": 640
    }, 
    "nb": {
        "approved": 93652, 
        "translated": 98676
    }, 
    "nl": {
        "approved": 104637, 
        "translated": 127932
    }, 
    "pl": {
        "approved": 262807, 
        "pending_since_timestamp": 1491762496.297713, 
        "translated": 263021
    }, 
    "pt": {
        "approved": 269461, 
        "pending_since_timestamp": 1491761049.123187, 
        "translated": 306771
    }, 
    "pt-pt": {
        "approved": 80196, 
        "translated": 112325
    }, 
    "ru": {
        "approved": 1537, 
        "translated": 18487
    }, 
    "sr": {
        "approved": 50777, 
        "translated": 68543
    }, 
    "sw": {
        "approved": 33069, 
        "translated": 51076
    }, 
    "te": {
        "approved": 15, 
        "translated": 205
    }, 
    "th": {
        "approved": 301, 
        "translated": 121500
    }, 
    "tr": {
        "approved": 253600, 
        "pending_since_timestamp": 1491762496.297713, 
        "translated": 356692
    }, 
    "uk": {
        "approved": 98, 
        "translated": 2514
    }, 
    "ur": {
        "approved": 92, 
        "translated": 1160
    }, 
    "xh": {
        "approved": 40, 
        "translated": 40
    }, 
    "zh-hans": {
        "approved": 925, 
        "translated": 9925
    }, 
    "zu": {
        "approved": 1, 
        "translated": 20
    }
}