{
    "af": {
        "approved": 19, 
        "pending_since_timestamp": 1506990259.087778, 
        "translated": 1564
    }, 
    "am": {
        "approved": 0, 
        "translated": 0
    }, 
    "ar": {
        "approved": 391, 
        "pending_since_timestamp": 1507079875.524885, 
        "translated": 7047
    }, 
    "az": {
        "approved": 36093, 
        "pending_since_timestamp": 1506962859.975938, 
        "translated": 36687
    }, 
    "bg": {
        "approved": 244979, 
        "pending_since_timestamp": 1507050467.673511, 
        "translated": 259603
    }, 
    "bn": {
        "approved": 143918, 
        "pending_since_timestamp": 1507095292.612966, 
        "translated": 152366
    }, 
    "ca": {
        "approved": 3, 
        "pending_since_timestamp": 1506990259.087778, 
        "translated": 2169
    }, 
    "cs": {
        "approved": 42818, 
        "translated": 68610
    }, 
    "da": {
        "approved": 76095, 
        "pending_since_timestamp": 1507067713.941973, 
        "translated": 98075
    }, 
    "de": {
        "approved": 226821, 
        "pending_since_timestamp": 1507104704.044898, 
        "translated": 230223
    }, 
    "el": {
        "approved": 3441, 
        "pending_since_timestamp": 1507079875.524885, 
        "translated": 21594
    }, 
    "es": {
        "approved": 365111, 
        "translated": 386164
    }, 
    "et": {
        "approved": 45281, 
        "pending_since_timestamp": 1506990259.087778, 
        "translated": 46657
    }, 
    "fa": {
        "approved": 1, 
        "translated": 205
    }, 
    "fa-af": {
        "approved": 31, 
        "translated": 104
    }, 
    "fi": {
        "approved": 12421, 
        "pending_since_timestamp": 1506990259.087778, 
        "translated": 13487
    }, 
    "fil": {
        "approved": 0, 
        "translated": 1
    }, 
    "fr": {
        "approved": 253572, 
        "pending_since_timestamp": 1507079875.524885, 
        "translated": 259612
    }, 
    "gu": {
        "approved": 9324, 
        "pending_since_timestamp": 1506962859.975938, 
        "translated": 10563
    }, 
    "he": {
        "approved": 6949, 
        "translated": 7529
    }, 
    "hi": {
        "approved": 97430, 
        "pending_since_timestamp": 1507079875.524885, 
        "translated": 113454
    }, 
    "hr": {
        "approved": 11082, 
        "pending_since_timestamp": 1506990259.087778, 
        "translated": 16906
    }, 
    "ht": {
        "approved": 1, 
        "translated": 5
    }, 
    "hu": {
        "approved": 45961, 
        "pending_since_timestamp": 1506962859.975938, 
        "translated": 52970
    }, 
    "hy": {
        "approved": 65710, 
        "pending_since_timestamp": 1507062479.582506, 
        "translated": 82829
    }, 
    "id": {
        "approved": 1231, 
        "pending_since_timestamp": 1507089603.254186, 
        "translated": 8890
    }, 
    "it": {
        "approved": 110676, 
        "pending_since_timestamp": 1507064221.923048, 
        "translated": 145313
    }, 
    "ja": {
        "approved": 103441, 
        "pending_since_timestamp": 1507079875.524885, 
        "translated": 125070
    }, 
    "ka": {
        "approved": 209147, 
        "translated": 216221
    }, 
    "kn": {
        "approved": 0, 
        "translated": 161
    }, 
    "ko": {
        "approved": 172625, 
        "pending_since_timestamp": 1507079875.524885, 
        "translated": 182131
    }, 
    "ky": {
        "approved": 0, 
        "pending_since_timestamp": 1506990259.087778, 
        "translated": 27
    }, 
    "lol": {
        "approved": 281, 
        "translated": 8433
    }, 
    "lt": {
        "approved": 0, 
        "pending_since_timestamp": 1506990259.087778, 
        "translated": 1657
    }, 
    "lv": {
        "approved": 45368, 
        "pending_since_timestamp": 1506990259.087778, 
        "translated": 45391
    }, 
    "mn": {
        "approved": 85682, 
        "pending_since_timestamp": 1507050467.673511, 
        "translated": 112821
    }, 
    "mr": {
        "approved": 0, 
        "translated": 0
    }, 
    "ms": {
        "approved": 29, 
        "translated": 714
    }, 
    "my": {
        "approved": 0, 
        "pending_since_timestamp": 1506990259.087778, 
        "translated": 122
    }, 
    "nb": {
        "approved": 133986, 
        "pending_since_timestamp": 1507079875.524885, 
        "translated": 139356
    }, 
    "nl": {
        "approved": 110745, 
        "pending_since_timestamp": 1507060391.917109, 
        "translated": 131745
    }, 
    "nn": {
        "approved": 0, 
        "pending_since_timestamp": 1506990259.087778, 
        "translated": 1690
    }, 
    "or": {
        "approved": 0, 
        "pending_since_timestamp": 1506990259.087778, 
        "translated": 65
    }, 
    "pl": {
        "approved": 291289, 
        "pending_since_timestamp": 1507096969.237146, 
        "translated": 291581
    }, 
    "pt": {
        "approved": 308966, 
        "pending_since_timestamp": 1507085590.84572, 
        "translated": 355300
    }, 
    "pt-pt": {
        "approved": 104123, 
        "pending_since_timestamp": 1507103253.602586, 
        "translated": 131036
    }, 
    "ro": {
        "approved": 62618, 
        "pending_since_timestamp": 1506990259.087778, 
        "translated": 68177
    }, 
    "ru": {
        "approved": 1831, 
        "translated": 20892
    }, 
    "rw": {
        "approved": 0, 
        "translated": 0
    }, 
    "si": {
        "approved": 0, 
        "pending_since_timestamp": 1506990259.087778, 
        "translated": 217
    }, 
    "sk": {
        "approved": 0, 
        "pending_since_timestamp": 1506990259.087778, 
        "translated": 2278
    }, 
    "sl": {
        "approved": 0, 
        "translated": 0
    }, 
    "sq": {
        "approved": 49917, 
        "pending_since_timestamp": 1506962859.975938, 
        "translated": 62835
    }, 
    "sr": {
        "approved": 52455, 
        "pending_since_timestamp": 1507050467.673511, 
        "translated": 69212
    }, 
    "sv": {
        "approved": 38504, 
        "pending_since_timestamp": 1506990259.087778, 
        "translated": 103061
    }, 
    "sw": {
        "approved": 0, 
        "translated": 0
    }, 
    "ta": {
        "approved": 12293, 
        "pending_since_timestamp": 1506990259.087778, 
        "translated": 48256
    }, 
    "te": {
        "approved": 16, 
        "translated": 237
    }, 
    "th": {
        "approved": 303, 
        "translated": 131582
    }, 
    "tr": {
        "approved": 270150, 
        "pending_since_timestamp": 1507079875.524885, 
        "translated": 384764
    }, 
    "uk": {
        "approved": 98, 
        "translated": 2460
    }, 
    "ur": {
        "approved": 92, 
        "translated": 1263
    }, 
    "uz": {
        "approved": 153, 
        "pending_since_timestamp": 1506990259.087778, 
        "translated": 1489
    }, 
    "vi": {
        "approved": 2, 
        "pending_since_timestamp": 1506962859.975938, 
        "translated": 1352
    }, 
    "xh": {
        "approved": 40, 
        "translated": 40
    }, 
    "zh-hans": {
        "approved": 22766, 
        "translated": 87017
    }, 
    "zh-hant": {
        "approved": 7493, 
        "pending_since_timestamp": 1506990259.087778, 
        "translated": 65958
    }, 
    "zu": {
        "approved": 1, 
        "translated": 20
    }
}