{
    "ar": {
        "approved": 0, 
        "translated": 4317
    }, 
    "bg": {
        "approved": 197476, 
        "pending_since_timestamp": 1467313443.63662, 
        "translated": 202705
    }, 
    "bn": {
        "approved": 98747, 
        "pending_since_timestamp": 1467307293.185812, 
        "translated": 127198
    }, 
    "cs": {
        "approved": 12229, 
        "translated": 30440
    }, 
    "da": {
        "approved": 75721, 
        "translated": 84331
    }, 
    "de": {
        "approved": 151927, 
        "pending_since_timestamp": 1467317914.062666, 
        "translated": 152204
    }, 
    "el": {
        "approved": 322, 
        "pending_since_timestamp": 1467298267.068469, 
        "translated": 7336
    }, 
    "es": {
        "approved": 282008, 
        "pending_since_timestamp": 1467307293.185812, 
        "translated": 377404
    }, 
    "fa": {
        "approved": 0, 
        "translated": 106
    }, 
    "fa-af": {
        "approved": 0, 
        "translated": 72
    }, 
    "fr": {
        "approved": 163450, 
        "translated": 170656
    }, 
    "he": {
        "approved": 8479, 
        "translated": 8489
    }, 
    "hi": {
        "approved": 68976, 
        "pending_since_timestamp": 1467323156.528213, 
        "translated": 109495
    }, 
    "hy": {
        "approved": 0, 
        "translated": 3012
    }, 
    "id": {
        "approved": 0, 
        "translated": 7239
    }, 
    "it": {
        "approved": 222, 
        "pending_since_timestamp": 1467292424.754039, 
        "translated": 98982
    }, 
    "ja": {
        "approved": 34022, 
        "translated": 80001
    }, 
    "ka": {
        "approved": 135456, 
        "pending_since_timestamp": 1467310183.133698, 
        "translated": 139427
    }, 
    "ko": {
        "approved": 125180, 
        "translated": 145130
    }, 
    "lol": {
        "approved": 603, 
        "translated": 8847
    }, 
    "mn": {
        "approved": 75309, 
        "translated": 83049
    }, 
    "ms": {
        "approved": 0, 
        "translated": 730
    }, 
    "nb": {
        "approved": 98205, 
        "translated": 101284
    }, 
    "nl": {
        "approved": 80316, 
        "pending_since_timestamp": 1467318822.270783, 
        "translated": 116392
    }, 
    "pl": {
        "approved": 199512, 
        "pending_since_timestamp": 1467320641.164072, 
        "translated": 200277
    }, 
    "pt": {
        "approved": 200576, 
        "pending_since_timestamp": 1467317914.062666, 
        "translated": 374817
    }, 
    "pt-pt": {
        "approved": 21491, 
        "pending_since_timestamp": 1467285122.179877, 
        "translated": 114179
    }, 
    "ru": {
        "approved": 1163, 
        "translated": 19517
    }, 
    "sr": {
        "approved": 45180, 
        "translated": 373430
    }, 
    "sw": {
        "approved": 11695, 
        "translated": 33429
    }, 
    "te": {
        "approved": 0, 
        "translated": 204
    }, 
    "th": {
        "approved": 0, 
        "translated": 120247
    }, 
    "tr": {
        "approved": 209246, 
        "translated": 280711
    }, 
    "uk": {
        "approved": 0, 
        "translated": 2531
    }, 
    "ur": {
        "approved": 0, 
        "translated": 1448
    }, 
    "xh": {
        "approved": 0, 
        "translated": 1
    }, 
    "zh-hans": {
        "approved": 0, 
        "translated": 5113
    }, 
    "zu": {
        "approved": 0, 
        "translated": 22
    }
}