{
    "ar": {
        "approved": 0, 
        "translated": 4475
    }, 
    "bg": {
        "approved": 202934, 
        "pending_since_timestamp": 1472622258.425624, 
        "translated": 229475
    }, 
    "bn": {
        "approved": 115005, 
        "pending_since_timestamp": 1472622258.425624, 
        "translated": 132510
    }, 
    "cs": {
        "approved": 12088, 
        "translated": 30202
    }, 
    "da": {
        "approved": 75412, 
        "translated": 84276
    }, 
    "de": {
        "approved": 172371, 
        "pending_since_timestamp": 1472627448.479437, 
        "translated": 172510
    }, 
    "el": {
        "approved": 373, 
        "translated": 7717
    }, 
    "es": {
        "approved": 303605, 
        "pending_since_timestamp": 1472597931.949383, 
        "translated": 412128
    }, 
    "fa": {
        "approved": 0, 
        "translated": 104
    }, 
    "fa-af": {
        "approved": 0, 
        "translated": 72
    }, 
    "fr": {
        "approved": 170260, 
        "pending_since_timestamp": 1472629465.816697, 
        "translated": 177552
    }, 
    "he": {
        "approved": 8379, 
        "translated": 8694
    }, 
    "hi": {
        "approved": 91400, 
        "translated": 112840
    }, 
    "hy": {
        "approved": 0, 
        "translated": 3013
    }, 
    "id": {
        "approved": 0, 
        "translated": 7152
    }, 
    "it": {
        "approved": 39977, 
        "translated": 108078
    }, 
    "ja": {
        "approved": 36497, 
        "pending_since_timestamp": 1472603839.06984, 
        "translated": 81568
    }, 
    "ka": {
        "approved": 155811, 
        "pending_since_timestamp": 1472622258.425624, 
        "translated": 158567
    }, 
    "ko": {
        "approved": 131746, 
        "pending_since_timestamp": 1472631557.126768, 
        "translated": 152697
    }, 
    "lol": {
        "approved": 599, 
        "translated": 8810
    }, 
    "mn": {
        "approved": 74925, 
        "pending_since_timestamp": 1472516375.490134, 
        "translated": 82538
    }, 
    "ms": {
        "approved": 0, 
        "translated": 726
    }, 
    "nb": {
        "approved": 97711, 
        "translated": 100914
    }, 
    "nl": {
        "approved": 83412, 
        "translated": 117998
    }, 
    "pl": {
        "approved": 214930, 
        "pending_since_timestamp": 1472629465.816697, 
        "translated": 215228
    }, 
    "pt": {
        "approved": 206960, 
        "translated": 407400
    }, 
    "pt-pt": {
        "approved": 38512, 
        "translated": 73705
    }, 
    "ru": {
        "approved": 1191, 
        "translated": 19394
    }, 
    "sr": {
        "approved": 51987, 
        "pending_since_timestamp": 1472622258.425624, 
        "translated": 405851
    }, 
    "sw": {
        "approved": 11553, 
        "pending_since_timestamp": 1472516375.490134, 
        "translated": 33240
    }, 
    "te": {
        "approved": 0, 
        "translated": 212
    }, 
    "th": {
        "approved": 0, 
        "pending_since_timestamp": 1472516375.490134, 
        "translated": 119480
    }, 
    "tr": {
        "approved": 205054, 
        "translated": 305597
    }, 
    "uk": {
        "approved": 0, 
        "translated": 2521
    }, 
    "ur": {
        "approved": 0, 
        "translated": 1421
    }, 
    "xh": {
        "approved": 0, 
        "translated": 1
    }, 
    "zh-hans": {
        "approved": 0, 
        "translated": 5123
    }, 
    "zu": {
        "approved": 0, 
        "pending_since_timestamp": 1470762331.56727, 
        "translated": 22
    }
}