{
    "af": {
        "approved": 19, 
        "pending_since_timestamp": 1542057306.169735, 
        "translated": 1479
    }, 
    "am": {
        "approved": 0, 
        "translated": 0
    }, 
    "ar": {
        "approved": 52291, 
        "pending_since_timestamp": 1543513479.929922, 
        "translated": 151021
    }, 
    "az": {
        "approved": 35927, 
        "translated": 37644
    }, 
    "bg": {
        "approved": 322435, 
        "translated": 333659
    }, 
    "bn": {
        "approved": 147645, 
        "translated": 161097
    }, 
    "ca": {
        "approved": 3, 
        "translated": 1950
    }, 
    "cs": {
        "approved": 127752, 
        "pending_since_timestamp": 1543486475.949138, 
        "translated": 145933
    }, 
    "da": {
        "approved": 173446, 
        "translated": 191299
    }, 
    "de": {
        "approved": 300841, 
        "pending_since_timestamp": 1543502085.608625, 
        "translated": 536811
    }, 
    "el": {
        "approved": 77636, 
        "pending_since_timestamp": 1543460034.912988, 
        "translated": 93252
    }, 
    "es": {
        "approved": 426798, 
        "pending_since_timestamp": 1543517854.82583, 
        "translated": 447480
    }, 
    "et": {
        "approved": 44985, 
        "translated": 46299
    }, 
    "fa": {
        "approved": 1, 
        "translated": 190
    }, 
    "fa-af": {
        "approved": 31, 
        "translated": 103
    }, 
    "fi": {
        "approved": 82291, 
        "translated": 84148
    }, 
    "fil": {
        "approved": 204, 
        "translated": 297
    }, 
    "fr": {
        "approved": 284503, 
        "translated": 287977
    }, 
    "fv": {
        "approved": 564, 
        "translated": 5533
    }, 
    "gu": {
        "approved": 96226, 
        "pending_since_timestamp": 1543471153.377547, 
        "translated": 139814
    }, 
    "he": {
        "approved": 8468, 
        "translated": 8471
    }, 
    "hi": {
        "approved": 167131, 
        "translated": 179502
    }, 
    "hr": {
        "approved": 10947, 
        "translated": 16552
    }, 
    "ht": {
        "approved": 1, 
        "translated": 5
    }, 
    "hu": {
        "approved": 92538, 
        "pending_since_timestamp": 1543436696.106534, 
        "translated": 112209
    }, 
    "hy": {
        "approved": 119626, 
        "pending_since_timestamp": 1543471153.377547, 
        "translated": 141439
    }, 
    "id": {
        "approved": 72731, 
        "translated": 91260
    }, 
    "it": {
        "approved": 155490, 
        "translated": 172704
    }, 
    "ja": {
        "approved": 125289, 
        "pending_since_timestamp": 1543502085.608625, 
        "translated": 145396
    }, 
    "ka": {
        "approved": 277356, 
        "pending_since_timestamp": 1543502085.608625, 
        "translated": 282013
    }, 
    "ki": {
        "approved": 0, 
        "translated": 37
    }, 
    "kk": {
        "approved": 103, 
        "translated": 103
    }, 
    "km": {
        "approved": 0, 
        "translated": 52
    }, 
    "kn": {
        "approved": 33248, 
        "translated": 39670
    }, 
    "ko": {
        "approved": 186389, 
        "translated": 215981
    }, 
    "ky": {
        "approved": 0, 
        "translated": 25
    }, 
    "lol": {
        "approved": 66869, 
        "translated": 82051
    }, 
    "lt": {
        "approved": 73954, 
        "translated": 75743
    }, 
    "lv": {
        "approved": 54626, 
        "translated": 55059
    }, 
    "mn": {
        "approved": 82592, 
        "translated": 110499
    }, 
    "mr": {
        "approved": 0, 
        "translated": 0
    }, 
    "ms": {
        "approved": 29, 
        "translated": 639
    }, 
    "my": {
        "approved": 1, 
        "translated": 112
    }, 
    "nb": {
        "approved": 133178, 
        "translated": 143214
    }, 
    "ne": {
        "approved": 0, 
        "translated": 1
    }, 
    "nl": {
        "approved": 128696, 
        "pending_since_timestamp": 1543504692.873067, 
        "translated": 143342
    }, 
    "nn": {
        "approved": 0, 
        "translated": 1629
    }, 
    "or": {
        "approved": 0, 
        "translated": 52
    }, 
    "pl": {
        "approved": 340335, 
        "pending_since_timestamp": 1543517854.82583, 
        "translated": 340719
    }, 
    "ps": {
        "approved": 19, 
        "pending_since_timestamp": 1543328923.956073, 
        "translated": 216
    }, 
    "pt": {
        "approved": 369635, 
        "pending_since_timestamp": 1543502085.608625, 
        "translated": 410371
    }, 
    "pt-pt": {
        "approved": 148544, 
        "pending_since_timestamp": 1543502085.608625, 
        "translated": 178803
    }, 
    "ro": {
        "approved": 63729, 
        "translated": 68003
    }, 
    "ru": {
        "approved": 100646, 
        "translated": 121988
    }, 
    "rw": {
        "approved": 0, 
        "translated": 0
    }, 
    "si": {
        "approved": 0, 
        "translated": 196
    }, 
    "sk": {
        "approved": 0, 
        "translated": 2155
    }, 
    "sl": {
        "approved": 0, 
        "translated": 0
    }, 
    "sq": {
        "approved": 98739, 
        "translated": 102964
    }, 
    "sr": {
        "approved": 62844, 
        "translated": 81531
    }, 
    "sv": {
        "approved": 165743, 
        "translated": 540335
    }, 
    "sw": {
        "approved": 0, 
        "translated": 0
    }, 
    "ta": {
        "approved": 49213, 
        "pending_since_timestamp": 1543465524.171807, 
        "translated": 69819
    }, 
    "te": {
        "approved": 16, 
        "translated": 208
    }, 
    "th": {
        "approved": 299, 
        "translated": 133130
    }, 
    "tr": {
        "approved": 309929, 
        "pending_since_timestamp": 1543513479.929922, 
        "translated": 417678
    }, 
    "uk": {
        "approved": 70582, 
        "pending_since_timestamp": 1543415315.53149, 
        "translated": 90330
    }, 
    "ur": {
        "approved": 54614, 
        "translated": 57504
    }, 
    "uz": {
        "approved": 76758, 
        "pending_since_timestamp": 1543513479.929922, 
        "translated": 83761
    }, 
    "vi": {
        "approved": 2, 
        "translated": 1982
    }, 
    "xh": {
        "approved": 40, 
        "translated": 40
    }, 
    "zh-hans": {
        "approved": 174351, 
        "pending_since_timestamp": 1543513479.929922, 
        "translated": 242442
    }, 
    "zh-hant": {
        "approved": 10017, 
        "pending_since_timestamp": 1543401161.426881, 
        "translated": 74476
    }, 
    "zu": {
        "approved": 1, 
        "translated": 18
    }
}