{
    "ar": {
        "approved": 160, 
        "translated": 3666
    }, 
    "bg": {
        "approved": 197862, 
        "pending_since_timestamp": 1485267350.535626, 
        "translated": 203517
    }, 
    "bn": {
        "approved": 125189, 
        "translated": 138517
    }, 
    "cs": {
        "approved": 12210, 
        "translated": 28912
    }, 
    "da": {
        "approved": 73793, 
        "translated": 81500
    }, 
    "de": {
        "approved": 201401, 
        "translated": 201701
    }, 
    "el": {
        "approved": 1028, 
        "translated": 15375
    }, 
    "es": {
        "approved": 317034, 
        "translated": 339356
    }, 
    "fa": {
        "approved": 1, 
        "translated": 103
    }, 
    "fa-af": {
        "approved": 31, 
        "translated": 104
    }, 
    "fr": {
        "approved": 213432, 
        "pending_since_timestamp": 1485270454.407961, 
        "translated": 222573
    }, 
    "he": {
        "approved": 6472, 
        "translated": 7016
    }, 
    "hi": {
        "approved": 96833, 
        "translated": 115493
    }, 
    "hy": {
        "approved": 7284, 
        "translated": 12272
    }, 
    "id": {
        "approved": 532, 
        "pending_since_timestamp": 1485267350.535626, 
        "translated": 6295
    }, 
    "it": {
        "approved": 61478, 
        "pending_since_timestamp": 1485250260.583564, 
        "translated": 112322
    }, 
    "ja": {
        "approved": 99568, 
        "pending_since_timestamp": 1485252525.12056, 
        "translated": 115921
    }, 
    "ka": {
        "approved": 188465, 
        "pending_since_timestamp": 1485267350.535626, 
        "translated": 193700
    }, 
    "ko": {
        "approved": 151099, 
        "translated": 160581
    }, 
    "lol": {
        "approved": 397, 
        "translated": 8653
    }, 
    "mn": {
        "approved": 73291, 
        "translated": 80800
    }, 
    "ms": {
        "approved": 29, 
        "translated": 685
    }, 
    "nb": {
        "approved": 96029, 
        "translated": 99213
    }, 
    "nl": {
        "approved": 99468, 
        "pending_since_timestamp": 1485267350.535626, 
        "translated": 124562
    }, 
    "pl": {
        "approved": 244723, 
        "pending_since_timestamp": 1485273578.259392, 
        "translated": 244928
    }, 
    "pt": {
        "approved": 249286, 
        "pending_since_timestamp": 1485272254.541396, 
        "translated": 286044
    }, 
    "pt-pt": {
        "approved": 65411, 
        "pending_since_timestamp": 1485267350.535626, 
        "translated": 91404
    }, 
    "ru": {
        "approved": 1635, 
        "translated": 18067
    }, 
    "sr": {
        "approved": 50824, 
        "translated": 68764
    }, 
    "sw": {
        "approved": 11632, 
        "translated": 31888
    }, 
    "te": {
        "approved": 16, 
        "translated": 214
    }, 
    "th": {
        "approved": 316, 
        "translated": 120249
    }, 
    "tr": {
        "approved": 242334, 
        "translated": 325317
    }, 
    "uk": {
        "approved": 98, 
        "translated": 2480
    }, 
    "ur": {
        "approved": 92, 
        "translated": 1202
    }, 
    "xh": {
        "approved": 40, 
        "translated": 40
    }, 
    "zh-hans": {
        "approved": 128, 
        "translated": 5021
    }, 
    "zu": {
        "approved": 1, 
        "translated": 22
    }
}