{
    "ar": {
        "approved": 0, 
        "translated": 4342
    }, 
    "bg": {
        "approved": 197906, 
        "pending_since_timestamp": 1466177509.829004, 
        "translated": 199274
    }, 
    "bn": {
        "approved": 94107, 
        "pending_since_timestamp": 1466189751.836855, 
        "translated": 123737
    }, 
    "cs": {
        "approved": 12268, 
        "translated": 30627
    }, 
    "da": {
        "approved": 76044, 
        "pending_since_timestamp": 1466168207.85874, 
        "translated": 84235
    }, 
    "de": {
        "approved": 152338, 
        "pending_since_timestamp": 1466168207.85874, 
        "translated": 152610
    }, 
    "el": {
        "approved": 323, 
        "pending_since_timestamp": 1466155100.199946, 
        "translated": 7385
    }, 
    "es": {
        "approved": 277690, 
        "pending_since_timestamp": 1466168207.85874, 
        "translated": 376265
    }, 
    "fa": {
        "approved": 0, 
        "translated": 107
    }, 
    "fa-af": {
        "approved": 0, 
        "translated": 72
    }, 
    "fr": {
        "approved": 162179, 
        "pending_since_timestamp": 1466185301.129062, 
        "translated": 169692
    }, 
    "he": {
        "approved": 8579, 
        "translated": 8589
    }, 
    "hi": {
        "approved": 69779, 
        "pending_since_timestamp": 1466182269.022426, 
        "translated": 105492
    }, 
    "hy": {
        "approved": 0, 
        "translated": 3014
    }, 
    "id": {
        "approved": 0, 
        "translated": 7308
    }, 
    "it": {
        "approved": 0, 
        "pending_since_timestamp": 1466183865.928305, 
        "translated": 97863
    }, 
    "ja": {
        "approved": 32389, 
        "pending_since_timestamp": 1466168207.85874, 
        "translated": 79581
    }, 
    "ka": {
        "approved": 132954, 
        "translated": 135871
    }, 
    "ko": {
        "approved": 125723, 
        "translated": 145223
    }, 
    "lol": {
        "approved": 603, 
        "translated": 8849
    }, 
    "mn": {
        "approved": 75335, 
        "pending_since_timestamp": 1466168207.85874, 
        "translated": 83148
    }, 
    "ms": {
        "approved": 0, 
        "pending_since_timestamp": 1465568490.645855, 
        "translated": 734
    }, 
    "nb": {
        "approved": 98567, 
        "translated": 101647
    }, 
    "nl": {
        "approved": 80641, 
        "pending_since_timestamp": 1466168207.85874, 
        "translated": 116549
    }, 
    "pl": {
        "approved": 198802, 
        "pending_since_timestamp": 1466189751.836855, 
        "translated": 199385
    }, 
    "pt": {
        "approved": 200366, 
        "translated": 373543
    }, 
    "pt-pt": {
        "approved": 18880, 
        "pending_since_timestamp": 1466168207.85874, 
        "translated": 114380
    }, 
    "ru": {
        "approved": 1163, 
        "pending_since_timestamp": 1466168207.85874, 
        "translated": 19667
    }, 
    "sr": {
        "approved": 45331, 
        "pending_since_timestamp": 1466187371.678161, 
        "translated": 372268
    }, 
    "sw": {
        "approved": 11734, 
        "pending_since_timestamp": 1466153750.68344, 
        "translated": 33595
    }, 
    "te": {
        "approved": 0, 
        "translated": 215
    }, 
    "th": {
        "approved": 0, 
        "pending_since_timestamp": 1466168207.85874, 
        "translated": 120790
    }, 
    "tr": {
        "approved": 210097, 
        "translated": 279038
    }, 
    "uk": {
        "approved": 0, 
        "translated": 2562
    }, 
    "ur": {
        "approved": 0, 
        "translated": 1465
    }, 
    "xh": {
        "approved": 0, 
        "translated": 1
    }, 
    "zh-hans": {
        "approved": 0, 
        "translated": 5153
    }, 
    "zu": {
        "approved": 0, 
        "translated": 23
    }
}