{
    "af": {
        "approved": 19, 
        "translated": 1524
    }, 
    "am": {
        "approved": 0, 
        "translated": 0
    }, 
    "ar": {
        "approved": 588, 
        "pending_since_timestamp": 1517306173.816653, 
        "translated": 16528
    }, 
    "az": {
        "approved": 36018, 
        "pending_since_timestamp": 1516982558.203655, 
        "translated": 37452
    }, 
    "bg": {
        "approved": 273471, 
        "pending_since_timestamp": 1517498512.088624, 
        "translated": 274697
    }, 
    "bn": {
        "approved": 149383, 
        "pending_since_timestamp": 1517508347.261964, 
        "translated": 156035
    }, 
    "ca": {
        "approved": 3, 
        "translated": 2105
    }, 
    "cs": {
        "approved": 59665, 
        "pending_since_timestamp": 1517319671.980858, 
        "translated": 90603
    }, 
    "da": {
        "approved": 77589, 
        "translated": 107940
    }, 
    "de": {
        "approved": 264685, 
        "translated": 513834
    }, 
    "el": {
        "approved": 4277, 
        "pending_since_timestamp": 1517389960.254926, 
        "translated": 22458
    }, 
    "es": {
        "approved": 382166, 
        "pending_since_timestamp": 1517539372.848803, 
        "translated": 400988
    }, 
    "et": {
        "approved": 45135, 
        "translated": 46476
    }, 
    "fa": {
        "approved": 1, 
        "translated": 195
    }, 
    "fa-af": {
        "approved": 31, 
        "translated": 104
    }, 
    "fi": {
        "approved": 12361, 
        "translated": 13399
    }, 
    "fil": {
        "approved": 0, 
        "translated": 1
    }, 
    "fr": {
        "approved": 270617, 
        "translated": 273944
    }, 
    "gu": {
        "approved": 33650, 
        "translated": 36406
    }, 
    "he": {
        "approved": 7346, 
        "translated": 7348
    }, 
    "hi": {
        "approved": 157528, 
        "pending_since_timestamp": 1517495420.37546, 
        "translated": 173565
    }, 
    "hr": {
        "approved": 11032, 
        "pending_since_timestamp": 1516982558.203655, 
        "translated": 16789
    }, 
    "ht": {
        "approved": 1, 
        "translated": 5
    }, 
    "hu": {
        "approved": 88164, 
        "pending_since_timestamp": 1517403489.939495, 
        "translated": 95186
    }, 
    "hy": {
        "approved": 81967, 
        "pending_since_timestamp": 1517403489.939495, 
        "translated": 90193
    }, 
    "id": {
        "approved": 20019, 
        "pending_since_timestamp": 1517335721.423517, 
        "translated": 29995
    }, 
    "it": {
        "approved": 136001, 
        "translated": 152236
    }, 
    "ja": {
        "approved": 119543, 
        "pending_since_timestamp": 1517436905.271995, 
        "translated": 138891
    }, 
    "ka": {
        "approved": 242525, 
        "translated": 248819
    }, 
    "ki": {
        "approved": 0, 
        "translated": 37
    }, 
    "kn": {
        "approved": 0, 
        "translated": 153
    }, 
    "ko": {
        "approved": 178990, 
        "pending_since_timestamp": 1517495420.37546, 
        "translated": 190100
    }, 
    "ky": {
        "approved": 0, 
        "translated": 26
    }, 
    "lol": {
        "approved": -63, 
        "translated": 8036
    }, 
    "lt": {
        "approved": 0, 
        "translated": 1601
    }, 
    "lv": {
        "approved": 54783, 
        "translated": 54811
    }, 
    "mn": {
        "approved": 86250, 
        "translated": 115573
    }, 
    "mr": {
        "approved": 0, 
        "translated": 0
    }, 
    "ms": {
        "approved": 29, 
        "translated": 681
    }, 
    "my": {
        "approved": 0, 
        "translated": 117
    }, 
    "nb": {
        "approved": 133864, 
        "translated": 140421
    }, 
    "nl": {
        "approved": 116515, 
        "translated": 134950
    }, 
    "nn": {
        "approved": 0, 
        "pending_since_timestamp": 1516982558.203655, 
        "translated": 1660
    }, 
    "or": {
        "approved": 0, 
        "translated": 58
    }, 
    "pl": {
        "approved": 307924, 
        "pending_since_timestamp": 1517495420.37546, 
        "translated": 308419
    }, 
    "pt": {
        "approved": 326143, 
        "pending_since_timestamp": 1517504718.390444, 
        "translated": 377273
    }, 
    "pt-pt": {
        "approved": 140284, 
        "translated": 167213
    }, 
    "ro": {
        "approved": 62242, 
        "translated": 68039
    }, 
    "ru": {
        "approved": 1767, 
        "pending_since_timestamp": 1517522180.335777, 
        "translated": 21699
    }, 
    "rw": {
        "approved": 0, 
        "translated": 0
    }, 
    "si": {
        "approved": 0, 
        "translated": 204
    }, 
    "sk": {
        "approved": 0, 
        "translated": 2249
    }, 
    "sl": {
        "approved": 0, 
        "translated": 0
    }, 
    "sq": {
        "approved": 49798, 
        "pending_since_timestamp": 1517495420.37546, 
        "translated": 65643
    }, 
    "sr": {
        "approved": 60653, 
        "pending_since_timestamp": 1517514718.103145, 
        "translated": 76678
    }, 
    "sv": {
        "approved": 120729, 
        "translated": 543678
    }, 
    "sw": {
        "approved": 0, 
        "translated": 0
    }, 
    "ta": {
        "approved": 38879, 
        "pending_since_timestamp": 1517495420.37546, 
        "translated": 53223
    }, 
    "te": {
        "approved": 16, 
        "translated": 230
    }, 
    "th": {
        "approved": 303, 
        "translated": 130577
    }, 
    "tr": {
        "approved": 294598, 
        "pending_since_timestamp": 1517522180.335777, 
        "translated": 400149
    }, 
    "uk": {
        "approved": 98, 
        "translated": 2390
    }, 
    "ur": {
        "approved": 54718, 
        "translated": 57646
    }, 
    "uz": {
        "approved": 149, 
        "translated": 1443
    }, 
    "vi": {
        "approved": 2, 
        "translated": 1480
    }, 
    "xh": {
        "approved": 40, 
        "translated": 40
    }, 
    "zh-hans": {
        "approved": 64953, 
        "translated": 98488
    }, 
    "zh-hant": {
        "approved": 8011, 
        "translated": 66536
    }, 
    "zu": {
        "approved": 1, 
        "translated": 18
    }
}