{
    "af": {
        "approved": 20, 
        "translated": 1568
    }, 
    "am": {
        "approved": 0, 
        "translated": 0
    }, 
    "ar": {
        "approved": 389, 
        "pending_since_timestamp": 1511947657.225422, 
        "translated": 11179
    }, 
    "az": {
        "approved": 36096, 
        "translated": 37544
    }, 
    "bg": {
        "approved": 269681, 
        "translated": 270015
    }, 
    "bn": {
        "approved": 148544, 
        "translated": 155607
    }, 
    "ca": {
        "approved": 3, 
        "pending_since_timestamp": 1511280992.649479, 
        "translated": 2178
    }, 
    "cs": {
        "approved": 48905, 
        "pending_since_timestamp": 1511947657.225422, 
        "translated": 78198
    }, 
    "da": {
        "approved": 77026, 
        "pending_since_timestamp": 1511947657.225422, 
        "translated": 99500
    }, 
    "de": {
        "approved": 261503, 
        "pending_since_timestamp": 1511941824.511748, 
        "translated": 516693
    }, 
    "el": {
        "approved": 3502, 
        "pending_since_timestamp": 1511947657.225422, 
        "translated": 22024
    }, 
    "es": {
        "approved": 379154, 
        "pending_since_timestamp": 1511940436.137343, 
        "translated": 396287
    }, 
    "et": {
        "approved": 45280, 
        "translated": 46666
    }, 
    "fa": {
        "approved": 1, 
        "translated": 205
    }, 
    "fa-af": {
        "approved": 31, 
        "translated": 104
    }, 
    "fi": {
        "approved": 12421, 
        "translated": 13491
    }, 
    "fil": {
        "approved": 0, 
        "translated": 1
    }, 
    "fr": {
        "approved": 263388, 
        "pending_since_timestamp": 1511940436.137343, 
        "translated": 267001
    }, 
    "gu": {
        "approved": 33827, 
        "translated": 36672
    }, 
    "he": {
        "approved": 6928, 
        "pending_since_timestamp": 1511947657.225422, 
        "translated": 7507
    }, 
    "hi": {
        "approved": 149241, 
        "translated": 166166
    }, 
    "hr": {
        "approved": 11082, 
        "translated": 16911
    }, 
    "ht": {
        "approved": 1, 
        "translated": 5
    }, 
    "hu": {
        "approved": 46729, 
        "pending_since_timestamp": 1511906391.13718, 
        "translated": 53898
    }, 
    "hy": {
        "approved": 76432, 
        "pending_since_timestamp": 1511941824.511748, 
        "translated": 86246
    }, 
    "id": {
        "approved": 15739, 
        "pending_since_timestamp": 1511936720.897057, 
        "translated": 24302
    }, 
    "it": {
        "approved": 129912, 
        "pending_since_timestamp": 1511947657.225422, 
        "translated": 152112
    }, 
    "ja": {
        "approved": 116468, 
        "translated": 133463
    }, 
    "ka": {
        "approved": 228124, 
        "pending_since_timestamp": 1511974090.885053, 
        "translated": 232353
    }, 
    "kn": {
        "approved": 0, 
        "translated": 161
    }, 
    "ko": {
        "approved": 176734, 
        "translated": 188926
    }, 
    "ky": {
        "approved": 0, 
        "pending_since_timestamp": 1509126093.85747, 
        "translated": 28
    }, 
    "lol": {
        "approved": 278, 
        "translated": 8429
    }, 
    "lt": {
        "approved": 0, 
        "translated": 1662
    }, 
    "lv": {
        "approved": 54947, 
        "translated": 54976
    }, 
    "mn": {
        "approved": 86986, 
        "translated": 116318
    }, 
    "mr": {
        "approved": 0, 
        "translated": 0
    }, 
    "ms": {
        "approved": 29, 
        "translated": 710
    }, 
    "my": {
        "approved": 0, 
        "pending_since_timestamp": 1508989970.357992, 
        "translated": 123
    }, 
    "nb": {
        "approved": 133982, 
        "pending_since_timestamp": 1511947657.225422, 
        "translated": 140023
    }, 
    "nl": {
        "approved": 111467, 
        "pending_since_timestamp": 1511947657.225422, 
        "translated": 132620
    }, 
    "nn": {
        "approved": 0, 
        "translated": 1693
    }, 
    "or": {
        "approved": 0, 
        "translated": 70
    }, 
    "pl": {
        "approved": 299666, 
        "pending_since_timestamp": 1511963095.192464, 
        "translated": 300068
    }, 
    "pt": {
        "approved": 321980, 
        "pending_since_timestamp": 1511983113.598743, 
        "translated": 372298
    }, 
    "pt-pt": {
        "approved": 118528, 
        "pending_since_timestamp": 1511947657.225422, 
        "translated": 138290
    }, 
    "ro": {
        "approved": 62558, 
        "translated": 68347
    }, 
    "ru": {
        "approved": 1814, 
        "pending_since_timestamp": 1511947657.225422, 
        "translated": 21621
    }, 
    "rw": {
        "approved": 0, 
        "translated": 0
    }, 
    "si": {
        "approved": 0, 
        "translated": 229
    }, 
    "sk": {
        "approved": 0, 
        "translated": 2317
    }, 
    "sl": {
        "approved": 0, 
        "translated": 0
    }, 
    "sq": {
        "approved": 49903, 
        "translated": 65432
    }, 
    "sr": {
        "approved": 54452, 
        "pending_since_timestamp": 1511947657.225422, 
        "translated": 71065
    }, 
    "sv": {
        "approved": 85435, 
        "pending_since_timestamp": 1511947657.225422, 
        "translated": 546109
    }, 
    "sw": {
        "approved": 0, 
        "translated": 0
    }, 
    "ta": {
        "approved": 36001, 
        "translated": 51203
    }, 
    "te": {
        "approved": 16, 
        "translated": 235
    }, 
    "th": {
        "approved": 303, 
        "pending_since_timestamp": 1511947657.225422, 
        "translated": 130942
    }, 
    "tr": {
        "approved": 280414, 
        "translated": 396114
    }, 
    "uk": {
        "approved": 98, 
        "translated": 2458
    }, 
    "ur": {
        "approved": 54897, 
        "pending_since_timestamp": 1511921883.251484, 
        "translated": 57634
    }, 
    "uz": {
        "approved": 154, 
        "translated": 1491
    }, 
    "vi": {
        "approved": 2, 
        "translated": 1494
    }, 
    "xh": {
        "approved": 40, 
        "translated": 40
    }, 
    "zh-hans": {
        "approved": 53618, 
        "pending_since_timestamp": 1511963095.192464, 
        "translated": 97159
    }, 
    "zh-hant": {
        "approved": 8057, 
        "pending_since_timestamp": 1511947657.225422, 
        "translated": 66682
    }, 
    "zu": {
        "approved": 1, 
        "translated": 20
    }
}