{
    "ar": {
        "approved": 260, 
        "translated": 4092
    }, 
    "bg": {
        "approved": 198084, 
        "pending_since_timestamp": 1488805479.720234, 
        "translated": 217922
    }, 
    "bn": {
        "approved": 128150, 
        "translated": 140932
    }, 
    "cs": {
        "approved": 12206, 
        "translated": 28919
    }, 
    "da": {
        "approved": 74402, 
        "translated": 81614
    }, 
    "de": {
        "approved": 203584, 
        "translated": 204059
    }, 
    "el": {
        "approved": 1284, 
        "translated": 16413
    }, 
    "es": {
        "approved": 335819, 
        "translated": 352104
    }, 
    "fa": {
        "approved": 1, 
        "translated": 103
    }, 
    "fa-af": {
        "approved": 31, 
        "translated": 104
    }, 
    "fr": {
        "approved": 222996, 
        "pending_since_timestamp": 1488806877.646887, 
        "translated": 230887
    }, 
    "he": {
        "approved": 6499, 
        "translated": 7045
    }, 
    "hi": {
        "approved": 100324, 
        "translated": 115666
    }, 
    "hy": {
        "approved": 7405, 
        "translated": 12321
    }, 
    "id": {
        "approved": 532, 
        "translated": 6443
    }, 
    "it": {
        "approved": 68583, 
        "pending_since_timestamp": 1488795512.50975, 
        "translated": 115643
    }, 
    "ja": {
        "approved": 100090, 
        "translated": 117168
    }, 
    "ka": {
        "approved": 192386, 
        "translated": 197749
    }, 
    "ko": {
        "approved": 154032, 
        "pending_since_timestamp": 1488530204.487214, 
        "translated": 162996
    }, 
    "lol": {
        "approved": 397, 
        "translated": 8647
    }, 
    "mn": {
        "approved": 79850, 
        "translated": 91677
    }, 
    "ms": {
        "approved": 29, 
        "translated": 684
    }, 
    "nb": {
        "approved": 96038, 
        "translated": 99246
    }, 
    "nl": {
        "approved": 104394, 
        "translated": 127142
    }, 
    "pl": {
        "approved": 255211, 
        "pending_since_timestamp": 1488808266.645178, 
        "translated": 255498
    }, 
    "pt": {
        "approved": 259366, 
        "translated": 297367
    }, 
    "pt-pt": {
        "approved": 72700, 
        "pending_since_timestamp": 1488806877.646887, 
        "translated": 107410
    }, 
    "ru": {
        "approved": 1634, 
        "translated": 18388
    }, 
    "sr": {
        "approved": 50793, 
        "translated": 68720
    }, 
    "sw": {
        "approved": 11628, 
        "pending_since_timestamp": 1488791586.822857, 
        "translated": 33591
    }, 
    "te": {
        "approved": 16, 
        "translated": 214
    }, 
    "th": {
        "approved": 316, 
        "translated": 122123
    }, 
    "tr": {
        "approved": 249978, 
        "translated": 335549
    }, 
    "uk": {
        "approved": 98, 
        "translated": 2516
    }, 
    "ur": {
        "approved": 92, 
        "translated": 1200
    }, 
    "xh": {
        "approved": 40, 
        "translated": 40
    }, 
    "zh-hans": {
        "approved": 143, 
        "translated": 5515
    }, 
    "zu": {
        "approved": 1, 
        "translated": 22
    }
}