{
    "af": {
        "approved": 19, 
        "pending_since_timestamp": 1542057306.169735, 
        "translated": 1476
    }, 
    "am": {
        "approved": 0, 
        "translated": 0
    }, 
    "ar": {
        "approved": 95482, 
        "pending_since_timestamp": 1547970475.560604, 
        "translated": 213315
    }, 
    "az": {
        "approved": 35919, 
        "translated": 37634
    }, 
    "bg": {
        "approved": 335794, 
        "pending_since_timestamp": 1547994176.003911, 
        "translated": 338959
    }, 
    "bn": {
        "approved": 147734, 
        "translated": 162722
    }, 
    "ca": {
        "approved": 3, 
        "translated": 1922
    }, 
    "cs": {
        "approved": 133728, 
        "pending_since_timestamp": 1548013453.336854, 
        "translated": 152635
    }, 
    "da": {
        "approved": 175534, 
        "pending_since_timestamp": 1548021232.343792, 
        "translated": 197365
    }, 
    "de": {
        "approved": 303011, 
        "translated": 537173
    }, 
    "el": {
        "approved": 78418, 
        "pending_since_timestamp": 1548021232.343792, 
        "translated": 94223
    }, 
    "es": {
        "approved": 431612, 
        "pending_since_timestamp": 1548021232.343792, 
        "translated": 448019
    }, 
    "et": {
        "approved": 44980, 
        "translated": 46292
    }, 
    "fa": {
        "approved": 1, 
        "translated": 189
    }, 
    "fa-af": {
        "approved": 31, 
        "translated": 103
    }, 
    "fi": {
        "approved": 82287, 
        "translated": 84181
    }, 
    "fil": {
        "approved": 204, 
        "translated": 297
    }, 
    "fr": {
        "approved": 286240, 
        "translated": 289658
    }, 
    "fv": {
        "approved": 85804, 
        "translated": 85805
    }, 
    "gu": {
        "approved": 100141, 
        "pending_since_timestamp": 1547994176.003911, 
        "translated": 143790
    }, 
    "he": {
        "approved": 8421, 
        "translated": 8424
    }, 
    "hi": {
        "approved": 167038, 
        "translated": 179406
    }, 
    "hr": {
        "approved": 10947, 
        "translated": 16579
    }, 
    "ht": {
        "approved": 1, 
        "translated": 5
    }, 
    "hu": {
        "approved": 94458, 
        "pending_since_timestamp": 1548015961.968881, 
        "translated": 113814
    }, 
    "hy": {
        "approved": 136289, 
        "pending_since_timestamp": 1548008118.939682, 
        "translated": 158631
    }, 
    "id": {
        "approved": 77511, 
        "translated": 91192
    }, 
    "it": {
        "approved": 155418, 
        "translated": 173632
    }, 
    "ja": {
        "approved": 125702, 
        "pending_since_timestamp": 1547994176.003911, 
        "translated": 146571
    }, 
    "ka": {
        "approved": 281132, 
        "translated": 285110
    }, 
    "ki": {
        "approved": 0, 
        "translated": 37
    }, 
    "kk": {
        "approved": 103, 
        "translated": 103
    }, 
    "km": {
        "approved": 0, 
        "translated": 52
    }, 
    "kn": {
        "approved": 34536, 
        "translated": 40462
    }, 
    "ko": {
        "approved": 190778, 
        "translated": 217544
    }, 
    "ky": {
        "approved": 0, 
        "translated": 25
    }, 
    "lol": {
        "approved": 66861, 
        "translated": 82041
    }, 
    "lt": {
        "approved": 80823, 
        "translated": 82767
    }, 
    "lv": {
        "approved": 54621, 
        "translated": 55054
    }, 
    "mn": {
        "approved": 82662, 
        "translated": 110564
    }, 
    "mr": {
        "approved": 0, 
        "translated": 0
    }, 
    "ms": {
        "approved": 29, 
        "translated": 636
    }, 
    "my": {
        "approved": 1, 
        "translated": 122
    }, 
    "nb": {
        "approved": 133081, 
        "translated": 143139
    }, 
    "ne": {
        "approved": 0, 
        "translated": 1
    }, 
    "nl": {
        "approved": 131654, 
        "pending_since_timestamp": 1547994176.003911, 
        "translated": 151344
    }, 
    "nn": {
        "approved": 0, 
        "translated": 1626
    }, 
    "or": {
        "approved": 0, 
        "translated": 52
    }, 
    "pl": {
        "approved": 344099, 
        "pending_since_timestamp": 1548024409.130077, 
        "translated": 344408
    }, 
    "ps": {
        "approved": 582, 
        "translated": 951
    }, 
    "pt": {
        "approved": 374522, 
        "pending_since_timestamp": 1548015961.968881, 
        "translated": 416353
    }, 
    "pt-pt": {
        "approved": 154434, 
        "translated": 183590
    }, 
    "ro": {
        "approved": 63682, 
        "translated": 67952
    }, 
    "ru": {
        "approved": 100552, 
        "translated": 122272
    }, 
    "rw": {
        "approved": 0, 
        "translated": 0
    }, 
    "si": {
        "approved": 0, 
        "translated": 196
    }, 
    "sk": {
        "approved": 0, 
        "translated": 2148
    }, 
    "sl": {
        "approved": 0, 
        "translated": 33
    }, 
    "sq": {
        "approved": 98727, 
        "translated": 102951
    }, 
    "sr": {
        "approved": 62752, 
        "translated": 81566
    }, 
    "sv": {
        "approved": 167327, 
        "translated": 541478
    }, 
    "sw": {
        "approved": 0, 
        "translated": 0
    }, 
    "ta": {
        "approved": 55706, 
        "translated": 77860
    }, 
    "te": {
        "approved": 16, 
        "translated": 208
    }, 
    "th": {
        "approved": 299, 
        "pending_since_timestamp": 1547955117.809563, 
        "translated": 134518
    }, 
    "tr": {
        "approved": 309850, 
        "translated": 417948
    }, 
    "uk": {
        "approved": 70822, 
        "translated": 91814
    }, 
    "ur": {
        "approved": 54603, 
        "translated": 57478
    }, 
    "uz": {
        "approved": 76754, 
        "pending_since_timestamp": 1547879085.820268, 
        "translated": 96045
    }, 
    "vi": {
        "approved": 2, 
        "translated": 1982
    }, 
    "xh": {
        "approved": 40, 
        "translated": 40
    }, 
    "zh-hans": {
        "approved": 187544, 
        "pending_since_timestamp": 1547997121.743673, 
        "translated": 264275
    }, 
    "zh-hant": {
        "approved": 10004, 
        "pending_since_timestamp": 1547963640.259851, 
        "translated": 74462
    }, 
    "zu": {
        "approved": 1, 
        "translated": 18
    }
}