{
    "af": {
        "approved": 19, 
        "translated": 1513
    }, 
    "am": {
        "approved": 0, 
        "translated": 0
    }, 
    "ar": {
        "approved": 5072, 
        "pending_since_timestamp": 1538601797.862886, 
        "translated": 43930
    }, 
    "az": {
        "approved": 35928, 
        "translated": 37664
    }, 
    "bg": {
        "approved": 317579, 
        "pending_since_timestamp": 1538641611.949242, 
        "translated": 326579
    }, 
    "bn": {
        "approved": 147454, 
        "pending_since_timestamp": 1538624920.06205, 
        "translated": 160146
    }, 
    "ca": {
        "approved": 3, 
        "translated": 2019
    }, 
    "cs": {
        "approved": 123972, 
        "pending_since_timestamp": 1538651679.844099, 
        "translated": 139847
    }, 
    "da": {
        "approved": 168232, 
        "pending_since_timestamp": 1538651679.844099, 
        "translated": 186678
    }, 
    "de": {
        "approved": 298519, 
        "pending_since_timestamp": 1538641611.949242, 
        "translated": 537158
    }, 
    "el": {
        "approved": 77189, 
        "translated": 92675
    }, 
    "es": {
        "approved": 418629, 
        "pending_since_timestamp": 1538630476.49516, 
        "translated": 444124
    }, 
    "et": {
        "approved": 44999, 
        "translated": 46317
    }, 
    "fa": {
        "approved": 1, 
        "translated": 191
    }, 
    "fa-af": {
        "approved": 31, 
        "translated": 103
    }, 
    "fi": {
        "approved": 82579, 
        "translated": 84298
    }, 
    "fil": {
        "approved": 205, 
        "translated": 298
    }, 
    "fr": {
        "approved": 281174, 
        "pending_since_timestamp": 1538635904.792948, 
        "translated": 284675
    }, 
    "gu": {
        "approved": 89755, 
        "pending_since_timestamp": 1538638718.314608, 
        "translated": 134415
    }, 
    "he": {
        "approved": 8638, 
        "translated": 8671
    }, 
    "hi": {
        "approved": 167655, 
        "pending_since_timestamp": 1538641611.949242, 
        "translated": 180023
    }, 
    "hr": {
        "approved": 10947, 
        "translated": 16616
    }, 
    "ht": {
        "approved": 1, 
        "translated": 5
    }, 
    "hu": {
        "approved": 91413, 
        "pending_since_timestamp": 1538548912.407509, 
        "translated": 110054
    }, 
    "hy": {
        "approved": 99041, 
        "pending_since_timestamp": 1538630476.49516, 
        "translated": 117474
    }, 
    "id": {
        "approved": 73015, 
        "translated": 84070
    }, 
    "it": {
        "approved": 155774, 
        "translated": 171166
    }, 
    "ja": {
        "approved": 124697, 
        "translated": 144119
    }, 
    "ka": {
        "approved": 273141, 
        "pending_since_timestamp": 1538651679.844099, 
        "translated": 276107
    }, 
    "ki": {
        "approved": 0, 
        "translated": 37
    }, 
    "kk": {
        "approved": 0, 
        "translated": 4
    }, 
    "km": {
        "approved": 0, 
        "translated": 52
    }, 
    "kn": {
        "approved": 13868, 
        "pending_since_timestamp": 1538419557.517474, 
        "translated": 21206
    }, 
    "ko": {
        "approved": 180773, 
        "translated": 212089
    }, 
    "ky": {
        "approved": 0, 
        "translated": 25
    }, 
    "lol": {
        "approved": 67033, 
        "translated": 82232
    }, 
    "lt": {
        "approved": 73981, 
        "translated": 75865
    }, 
    "lv": {
        "approved": 54640, 
        "translated": 55075
    }, 
    "mn": {
        "approved": 82588, 
        "translated": 110505
    }, 
    "mr": {
        "approved": 0, 
        "translated": 0
    }, 
    "ms": {
        "approved": 29, 
        "translated": 669
    }, 
    "my": {
        "approved": 1, 
        "translated": 112
    }, 
    "nb": {
        "approved": 132130, 
        "translated": 139868
    }, 
    "ne": {
        "approved": 0, 
        "translated": 1
    }, 
    "nl": {
        "approved": 125260, 
        "translated": 141029
    }, 
    "nn": {
        "approved": 0, 
        "translated": 1636
    }, 
    "or": {
        "approved": 0, 
        "translated": 52
    }, 
    "pl": {
        "approved": 336099, 
        "pending_since_timestamp": 1538630476.49516, 
        "translated": 336523
    }, 
    "ps": {
        "approved": 0, 
        "translated": 23
    }, 
    "pt": {
        "approved": 366167, 
        "translated": 406154
    }, 
    "pt-pt": {
        "approved": 146540, 
        "translated": 176698
    }, 
    "ro": {
        "approved": 63930, 
        "translated": 68213
    }, 
    "ru": {
        "approved": 100835, 
        "translated": 122418
    }, 
    "rw": {
        "approved": 0, 
        "translated": 0
    }, 
    "si": {
        "approved": 0, 
        "translated": 198
    }, 
    "sk": {
        "approved": 0, 
        "translated": 2176
    }, 
    "sl": {
        "approved": 0, 
        "translated": 0
    }, 
    "sq": {
        "approved": 98774, 
        "translated": 103000
    }, 
    "sr": {
        "approved": 63108, 
        "translated": 81581
    }, 
    "sv": {
        "approved": 161664, 
        "translated": 546835
    }, 
    "sw": {
        "approved": 0, 
        "translated": 0
    }, 
    "ta": {
        "approved": 44496, 
        "pending_since_timestamp": 1538630476.49516, 
        "translated": 65071
    }, 
    "te": {
        "approved": 16, 
        "translated": 227
    }, 
    "th": {
        "approved": 303, 
        "pending_since_timestamp": 1538554705.8005, 
        "translated": 133398
    }, 
    "tr": {
        "approved": 310416, 
        "pending_since_timestamp": 1538654425.053367, 
        "translated": 417674
    }, 
    "uk": {
        "approved": 70763, 
        "pending_since_timestamp": 1538651679.844099, 
        "translated": 89960
    }, 
    "ur": {
        "approved": 54615, 
        "translated": 57545
    }, 
    "uz": {
        "approved": 77031, 
        "pending_since_timestamp": 1538601797.862886, 
        "translated": 79848
    }, 
    "vi": {
        "approved": 2, 
        "translated": 2011
    }, 
    "xh": {
        "approved": 40, 
        "translated": 40
    }, 
    "zh-hans": {
        "approved": 156331, 
        "pending_since_timestamp": 1538633226.232123, 
        "translated": 220674
    }, 
    "zh-hant": {
        "approved": 9877, 
        "pending_since_timestamp": 1538575991.648271, 
        "translated": 69974
    }, 
    "zu": {
        "approved": 1, 
        "translated": 18
    }
}