{
    "ar": {
        "approved": 160, 
        "translated": 3658
    }, 
    "bg": {
        "approved": 198048, 
        "translated": 203430
    }, 
    "bn": {
        "approved": 124031, 
        "translated": 138185
    }, 
    "cs": {
        "approved": 12226, 
        "translated": 29001
    }, 
    "da": {
        "approved": 73830, 
        "translated": 81585
    }, 
    "de": {
        "approved": 201784, 
        "pending_since_timestamp": 1484680468.724437, 
        "translated": 202012
    }, 
    "el": {
        "approved": 1000, 
        "translated": 14806
    }, 
    "es": {
        "approved": 314737, 
        "pending_since_timestamp": 1484664942.863762, 
        "translated": 336444
    }, 
    "fa": {
        "approved": 1, 
        "translated": 103
    }, 
    "fa-af": {
        "approved": 31, 
        "translated": 104
    }, 
    "fr": {
        "approved": 210794, 
        "pending_since_timestamp": 1484676887.541212, 
        "translated": 221506
    }, 
    "he": {
        "approved": 6472, 
        "translated": 7016
    }, 
    "hi": {
        "approved": 97146, 
        "translated": 115813
    }, 
    "hy": {
        "approved": 6885, 
        "translated": 12223
    }, 
    "id": {
        "approved": 532, 
        "translated": 6306
    }, 
    "it": {
        "approved": 61289, 
        "pending_since_timestamp": 1484656148.81355, 
        "translated": 111732
    }, 
    "ja": {
        "approved": 99385, 
        "translated": 115889
    }, 
    "ka": {
        "approved": 188855, 
        "translated": 193972
    }, 
    "ko": {
        "approved": 151193, 
        "pending_since_timestamp": 1484631257.072441, 
        "translated": 160900
    }, 
    "lol": {
        "approved": 397, 
        "translated": 8669
    }, 
    "mn": {
        "approved": 73574, 
        "translated": 81098
    }, 
    "ms": {
        "approved": 29, 
        "translated": 685
    }, 
    "nb": {
        "approved": 96130, 
        "translated": 99314
    }, 
    "nl": {
        "approved": 98183, 
        "pending_since_timestamp": 1484676887.541212, 
        "translated": 123527
    }, 
    "pl": {
        "approved": 242862, 
        "pending_since_timestamp": 1484675308.956094, 
        "translated": 243168
    }, 
    "pt": {
        "approved": 248503, 
        "pending_since_timestamp": 1484678283.651417, 
        "translated": 285333
    }, 
    "pt-pt": {
        "approved": 65272, 
        "pending_since_timestamp": 1484672224.138759, 
        "translated": 91095
    }, 
    "ru": {
        "approved": 1635, 
        "translated": 18111
    }, 
    "sr": {
        "approved": 50931, 
        "translated": 68887
    }, 
    "sw": {
        "approved": 11648, 
        "translated": 31758
    }, 
    "te": {
        "approved": 16, 
        "translated": 214
    }, 
    "th": {
        "approved": 316, 
        "translated": 117668
    }, 
    "tr": {
        "approved": 242631, 
        "translated": 324583
    }, 
    "uk": {
        "approved": 98, 
        "translated": 2480
    }, 
    "ur": {
        "approved": 92, 
        "translated": 1202
    }, 
    "xh": {
        "approved": 40, 
        "translated": 40
    }, 
    "zh-hans": {
        "approved": 128, 
        "translated": 5023
    }, 
    "zu": {
        "approved": 1, 
        "translated": 22
    }
}