{
    "af": {
        "approved": 19, 
        "translated": 1516
    }, 
    "am": {
        "approved": 0, 
        "translated": 0
    }, 
    "ar": {
        "approved": 579, 
        "pending_since_timestamp": 1529992817.989056, 
        "translated": 27779
    }, 
    "az": {
        "approved": 35988, 
        "translated": 37763
    }, 
    "bg": {
        "approved": 300608, 
        "pending_since_timestamp": 1530004457.701297, 
        "translated": 301083
    }, 
    "bn": {
        "approved": 150670, 
        "pending_since_timestamp": 1530031583.643746, 
        "translated": 161275
    }, 
    "ca": {
        "approved": 3, 
        "translated": 2076
    }, 
    "cs": {
        "approved": 88314, 
        "pending_since_timestamp": 1530031583.643746, 
        "translated": 116932
    }, 
    "da": {
        "approved": 146920, 
        "translated": 170116
    }, 
    "de": {
        "approved": 289318, 
        "translated": 533597
    }, 
    "el": {
        "approved": 5589, 
        "translated": 24449
    }, 
    "es": {
        "approved": 403317, 
        "pending_since_timestamp": 1530031583.643746, 
        "translated": 424010
    }, 
    "et": {
        "approved": 45080, 
        "translated": 46407
    }, 
    "fa": {
        "approved": 1, 
        "translated": 192
    }, 
    "fa-af": {
        "approved": 31, 
        "translated": 103
    }, 
    "fi": {
        "approved": 82981, 
        "translated": 84679
    }, 
    "fil": {
        "approved": 210, 
        "translated": 303
    }, 
    "fr": {
        "approved": 279685, 
        "translated": 283223
    }, 
    "gu": {
        "approved": 34185, 
        "pending_since_timestamp": 1529988510.027405, 
        "translated": 69498
    }, 
    "he": {
        "approved": 7268, 
        "translated": 8871
    }, 
    "hi": {
        "approved": 169206, 
        "translated": 182090
    }, 
    "hr": {
        "approved": 10999, 
        "translated": 16741
    }, 
    "ht": {
        "approved": 1, 
        "translated": 5
    }, 
    "hu": {
        "approved": 89032, 
        "pending_since_timestamp": 1529918673.999438, 
        "translated": 107066
    }, 
    "hy": {
        "approved": 92303, 
        "pending_since_timestamp": 1529991333.327026, 
        "translated": 99867
    }, 
    "id": {
        "approved": 43944, 
        "pending_since_timestamp": 1529999224.194532, 
        "translated": 64609
    }, 
    "it": {
        "approved": 135522, 
        "translated": 155989
    }, 
    "ja": {
        "approved": 128123, 
        "pending_since_timestamp": 1530004457.701297, 
        "translated": 145176
    }, 
    "ka": {
        "approved": 263307, 
        "pending_since_timestamp": 1530031583.643746, 
        "translated": 265497
    }, 
    "ki": {
        "approved": 0, 
        "translated": 37
    }, 
    "km": {
        "approved": 0, 
        "translated": 52
    }, 
    "kn": {
        "approved": 1141, 
        "pending_since_timestamp": 1529906066.245109, 
        "translated": 16541
    }, 
    "ko": {
        "approved": 180498, 
        "pending_since_timestamp": 1530002852.326252, 
        "translated": 199947
    }, 
    "ky": {
        "approved": 0, 
        "translated": 25
    }, 
    "lol": {
        "approved": 67364, 
        "translated": 82570
    }, 
    "lt": {
        "approved": 74325, 
        "translated": 76216
    }, 
    "lv": {
        "approved": 54728, 
        "translated": 55137
    }, 
    "mn": {
        "approved": 87370, 
        "translated": 115286
    }, 
    "mr": {
        "approved": 0, 
        "translated": 0
    }, 
    "ms": {
        "approved": 29, 
        "translated": 679
    }, 
    "my": {
        "approved": 1, 
        "translated": 116
    }, 
    "nb": {
        "approved": 135131, 
        "translated": 142624
    }, 
    "ne": {
        "approved": 0, 
        "translated": 1
    }, 
    "nl": {
        "approved": 118599, 
        "translated": 138040
    }, 
    "nn": {
        "approved": 0, 
        "translated": 1652
    }, 
    "or": {
        "approved": 0, 
        "translated": 54
    }, 
    "pl": {
        "approved": 321425, 
        "translated": 322173
    }, 
    "ps": {
        "approved": 0, 
        "translated": 23
    }, 
    "pt": {
        "approved": 357206, 
        "translated": 397581
    }, 
    "pt-pt": {
        "approved": 143197, 
        "pending_since_timestamp": 1530031583.643746, 
        "translated": 175656
    }, 
    "ro": {
        "approved": 64183, 
        "pending_since_timestamp": 1529918673.999438, 
        "translated": 68268
    }, 
    "ru": {
        "approved": 98415, 
        "pending_since_timestamp": 1530002852.326252, 
        "translated": 122621
    }, 
    "rw": {
        "approved": 0, 
        "translated": 0
    }, 
    "si": {
        "approved": 0, 
        "translated": 199
    }, 
    "sk": {
        "approved": 0, 
        "translated": 2227
    }, 
    "sl": {
        "approved": 0, 
        "translated": 0
    }, 
    "sq": {
        "approved": 49798, 
        "pending_since_timestamp": 1530000905.554919, 
        "translated": 66733
    }, 
    "sr": {
        "approved": 65565, 
        "translated": 83408
    }, 
    "sv": {
        "approved": 155048, 
        "pending_since_timestamp": 1530031583.643746, 
        "translated": 548087
    }, 
    "sw": {
        "approved": 0, 
        "translated": 0
    }, 
    "ta": {
        "approved": 46223, 
        "pending_since_timestamp": 1530031583.643746, 
        "translated": 63136
    }, 
    "te": {
        "approved": 16, 
        "translated": 227
    }, 
    "th": {
        "approved": 303, 
        "pending_since_timestamp": 1529994227.017555, 
        "translated": 135951
    }, 
    "tr": {
        "approved": 305500, 
        "pending_since_timestamp": 1530031583.643746, 
        "translated": 408503
    }, 
    "uk": {
        "approved": 98, 
        "translated": 2524
    }, 
    "ur": {
        "approved": 54685, 
        "pending_since_timestamp": 1529984090.757496, 
        "translated": 57586
    }, 
    "uz": {
        "approved": 142, 
        "translated": 1797
    }, 
    "vi": {
        "approved": 2, 
        "pending_since_timestamp": 1529899160.240977, 
        "translated": 1920
    }, 
    "xh": {
        "approved": 40, 
        "translated": 40
    }, 
    "zh-hans": {
        "approved": 81274, 
        "pending_since_timestamp": 1529999224.194532, 
        "translated": 130715
    }, 
    "zh-hant": {
        "approved": 9595, 
        "translated": 68818
    }, 
    "zu": {
        "approved": 1, 
        "translated": 18
    }
}