{
    "ar": {
        "approved": 380, 
        "translated": 4400
    }, 
    "bg": {
        "approved": 235231, 
        "translated": 238247
    }, 
    "bn": {
        "approved": 139774, 
        "pending_since_timestamp": 1496865462.778989, 
        "translated": 148923
    }, 
    "cs": {
        "approved": 43165, 
        "pending_since_timestamp": 1496847167.655555, 
        "translated": 61316
    }, 
    "da": {
        "approved": 71736, 
        "translated": 93308
    }, 
    "de": {
        "approved": 214731, 
        "pending_since_timestamp": 1496865462.778989, 
        "translated": 215314
    }, 
    "el": {
        "approved": 2138, 
        "pending_since_timestamp": 1496824398.577411, 
        "translated": 21610
    }, 
    "es": {
        "approved": 350385, 
        "pending_since_timestamp": 1496870613.935726, 
        "translated": 365910
    }, 
    "fa": {
        "approved": 1, 
        "translated": 100
    }, 
    "fa-af": {
        "approved": 31, 
        "translated": 104
    }, 
    "fr": {
        "approved": 237602, 
        "translated": 245535
    }, 
    "he": {
        "approved": 7249, 
        "translated": 7480
    }, 
    "hi": {
        "approved": 98314, 
        "translated": 114311
    }, 
    "hy": {
        "approved": 7403, 
        "translated": 12239
    }, 
    "id": {
        "approved": 531, 
        "translated": 6433
    }, 
    "it": {
        "approved": 93359, 
        "translated": 126025
    }, 
    "ja": {
        "approved": 101219, 
        "pending_since_timestamp": 1496850894.170767, 
        "translated": 121263
    }, 
    "ka": {
        "approved": 200953, 
        "translated": 207601
    }, 
    "ko": {
        "approved": 159825, 
        "translated": 174543
    }, 
    "lol": {
        "approved": 382, 
        "translated": 8548
    }, 
    "mn": {
        "approved": 81259, 
        "translated": 107962
    }, 
    "ms": {
        "approved": 29, 
        "translated": 629
    }, 
    "nb": {
        "approved": 92926, 
        "translated": 110970
    }, 
    "nl": {
        "approved": 107436, 
        "translated": 129245
    }, 
    "pl": {
        "approved": 271696, 
        "pending_since_timestamp": 1496872171.108328, 
        "translated": 271979
    }, 
    "pt": {
        "approved": 288431, 
        "pending_since_timestamp": 1496865462.778989, 
        "translated": 325450
    }, 
    "pt-pt": {
        "approved": 89122, 
        "pending_since_timestamp": 1496856745.279062, 
        "translated": 119656
    }, 
    "ru": {
        "approved": 1533, 
        "translated": 18425
    }, 
    "sr": {
        "approved": 50412, 
        "translated": 68065
    }, 
    "sw": {
        "approved": 49062, 
        "pending_since_timestamp": 1496832218.906191, 
        "translated": 62637
    }, 
    "te": {
        "approved": 16, 
        "translated": 241
    }, 
    "th": {
        "approved": 303, 
        "translated": 132860
    }, 
    "tr": {
        "approved": 268699, 
        "translated": 367306
    }, 
    "uk": {
        "approved": 98, 
        "translated": 2516
    }, 
    "ur": {
        "approved": 92, 
        "translated": 1161
    }, 
    "xh": {
        "approved": 40, 
        "translated": 40
    }, 
    "zh-hans": {
        "approved": 5817, 
        "pending_since_timestamp": 1496824398.577411, 
        "translated": 36990
    }, 
    "zu": {
        "approved": 1, 
        "translated": 20
    }
}