{
    "ar": {
        "approved": 0, 
        "translated": 4342
    }, 
    "bg": {
        "approved": 179172, 
        "pending_since_timestamp": 1465689071.320533, 
        "translated": 197963
    }, 
    "bn": {
        "approved": 92234, 
        "pending_since_timestamp": 1465689071.320533, 
        "translated": 123048
    }, 
    "cs": {
        "approved": 12268, 
        "pending_since_timestamp": 1465689071.320533, 
        "translated": 30677
    }, 
    "da": {
        "approved": 75581, 
        "pending_since_timestamp": 1465689071.320533, 
        "translated": 84250
    }, 
    "de": {
        "approved": 151816, 
        "pending_since_timestamp": 1465689071.320533, 
        "translated": 151846
    }, 
    "el": {
        "approved": 323, 
        "translated": 7393
    }, 
    "es": {
        "approved": 275902, 
        "translated": 375693
    }, 
    "fa": {
        "approved": 0, 
        "translated": 107
    }, 
    "fa-af": {
        "approved": 0, 
        "translated": 72
    }, 
    "fr": {
        "approved": 161722, 
        "translated": 169156
    }, 
    "he": {
        "approved": 8590, 
        "translated": 8600
    }, 
    "hi": {
        "approved": 69888, 
        "translated": 104785
    }, 
    "hy": {
        "approved": 0, 
        "translated": 3014
    }, 
    "id": {
        "approved": 0, 
        "translated": 7311
    }, 
    "it": {
        "approved": 0, 
        "translated": 94872
    }, 
    "ja": {
        "approved": 29202, 
        "translated": 76656
    }, 
    "ka": {
        "approved": 132546, 
        "translated": 134988
    }, 
    "ko": {
        "approved": 124880, 
        "translated": 141768
    }, 
    "lol": {
        "approved": 603, 
        "translated": 8850
    }, 
    "mn": {
        "approved": 74536, 
        "pending_since_timestamp": 1465689071.320533, 
        "translated": 82708
    }, 
    "ms": {
        "approved": 0, 
        "pending_since_timestamp": 1465568490.645855, 
        "translated": 734
    }, 
    "nb": {
        "approved": 98577, 
        "translated": 101561
    }, 
    "nl": {
        "approved": 80628, 
        "pending_since_timestamp": 1465689071.320533, 
        "translated": 115887
    }, 
    "pl": {
        "approved": 198114, 
        "translated": 198851
    }, 
    "pt": {
        "approved": 198536, 
        "translated": 372895
    }, 
    "pt-pt": {
        "approved": 18871, 
        "pending_since_timestamp": 1465689071.320533, 
        "translated": 114419
    }, 
    "ru": {
        "approved": 1163, 
        "pending_since_timestamp": 1465689071.320533, 
        "translated": 19738
    }, 
    "sr": {
        "approved": 44767, 
        "translated": 371642
    }, 
    "sw": {
        "approved": 11734, 
        "pending_since_timestamp": 1465689071.320533, 
        "translated": 33591
    }, 
    "te": {
        "approved": 0, 
        "translated": 215
    }, 
    "th": {
        "approved": 0, 
        "pending_since_timestamp": 1465689071.320533, 
        "translated": 120826
    }, 
    "tr": {
        "approved": 182956, 
        "translated": 276888
    }, 
    "uk": {
        "approved": 0, 
        "translated": 2562
    }, 
    "ur": {
        "approved": 0, 
        "translated": 1465
    }, 
    "xh": {
        "approved": 0, 
        "translated": 1
    }, 
    "zh-hans": {
        "approved": 0, 
        "translated": 5156
    }, 
    "zu": {
        "approved": 0, 
        "translated": 23
    }
}