{
    "ar": {
        "approved": 1049, 
        "translated": 4586
    }, 
    "bg": {
        "approved": 216902, 
        "pending_since_timestamp": 1479057883.138842, 
        "translated": 236910
    }, 
    "bn": {
        "approved": 122522, 
        "translated": 138464
    }, 
    "cs": {
        "approved": 13074, 
        "translated": 30246
    }, 
    "da": {
        "approved": 79790, 
        "translated": 87464
    }, 
    "de": {
        "approved": 189062, 
        "translated": 190344
    }, 
    "el": {
        "approved": 2115, 
        "translated": 9969
    }, 
    "es": {
        "approved": 340512, 
        "pending_since_timestamp": 1479067434.111699, 
        "translated": 357152
    }, 
    "fa": {
        "approved": 2, 
        "translated": 105
    }, 
    "fa-af": {
        "approved": 0, 
        "translated": 72
    }, 
    "fr": {
        "approved": 202544, 
        "pending_since_timestamp": 1479074299.565158, 
        "translated": 214103
    }, 
    "he": {
        "approved": 8992, 
        "translated": 9555
    }, 
    "hi": {
        "approved": 95477, 
        "translated": 116368
    }, 
    "hy": {
        "approved": 27, 
        "translated": 3320
    }, 
    "id": {
        "approved": 1537, 
        "translated": 7622
    }, 
    "it": {
        "approved": 64757, 
        "translated": 116340
    }, 
    "ja": {
        "approved": 43480, 
        "pending_since_timestamp": 1479045803.867538, 
        "translated": 86169
    }, 
    "ka": {
        "approved": 185729, 
        "pending_since_timestamp": 1479061688.385656, 
        "translated": 191432
    }, 
    "ko": {
        "approved": 144784, 
        "translated": 162546
    }, 
    "lol": {
        "approved": 595, 
        "translated": 8801
    }, 
    "mn": {
        "approved": 75043, 
        "translated": 82619
    }, 
    "ms": {
        "approved": 358, 
        "translated": 1019
    }, 
    "nb": {
        "approved": 97976, 
        "translated": 101062
    }, 
    "nl": {
        "approved": 96861, 
        "pending_since_timestamp": 1479063653.061419, 
        "translated": 123112
    }, 
    "pl": {
        "approved": 241769, 
        "pending_since_timestamp": 1479070808.677484, 
        "translated": 242354
    }, 
    "pt": {
        "approved": 244165, 
        "pending_since_timestamp": 1479076155.221611, 
        "translated": 286276
    }, 
    "pt-pt": {
        "approved": 54878, 
        "translated": 83158
    }, 
    "ru": {
        "approved": 3234, 
        "translated": 20347
    }, 
    "sr": {
        "approved": 53303, 
        "translated": 70686
    }, 
    "sw": {
        "approved": 12783, 
        "translated": 33696
    }, 
    "te": {
        "approved": 17, 
        "pending_since_timestamp": 1478608196.385763, 
        "translated": 217
    }, 
    "th": {
        "approved": 1208, 
        "translated": 119518
    }, 
    "tr": {
        "approved": 249321, 
        "translated": 327517
    }, 
    "uk": {
        "approved": 225, 
        "translated": 2607
    }, 
    "ur": {
        "approved": 371, 
        "translated": 1499
    }, 
    "xh": {
        "approved": 0, 
        "translated": 1
    }, 
    "zh-hans": {
        "approved": 603, 
        "translated": 5544
    }, 
    "zu": {
        "approved": 1, 
        "translated": 22
    }
}