{
    "af": {
        "approved": 19, 
        "pending_since_timestamp": 1540836795.006963, 
        "translated": 1504
    }, 
    "am": {
        "approved": 0, 
        "translated": 0
    }, 
    "ar": {
        "approved": 24123, 
        "pending_since_timestamp": 1541137827.350346, 
        "translated": 77370
    }, 
    "az": {
        "approved": 35927, 
        "pending_since_timestamp": 1540836795.006963, 
        "translated": 37656
    }, 
    "bg": {
        "approved": 318902, 
        "translated": 331024
    }, 
    "bn": {
        "approved": 147797, 
        "translated": 161029
    }, 
    "ca": {
        "approved": 3, 
        "translated": 1996
    }, 
    "cs": {
        "approved": 125048, 
        "pending_since_timestamp": 1541160313.092287, 
        "translated": 143955
    }, 
    "da": {
        "approved": 171234, 
        "pending_since_timestamp": 1541160313.092287, 
        "translated": 189113
    }, 
    "de": {
        "approved": 299938, 
        "pending_since_timestamp": 1541110231.13827, 
        "translated": 535582
    }, 
    "el": {
        "approved": 77043, 
        "pending_since_timestamp": 1541091484.463776, 
        "translated": 92679
    }, 
    "es": {
        "approved": 422950, 
        "translated": 445802
    }, 
    "et": {
        "approved": 44986, 
        "translated": 46300
    }, 
    "fa": {
        "approved": 1, 
        "translated": 190
    }, 
    "fa-af": {
        "approved": 31, 
        "translated": 103
    }, 
    "fi": {
        "approved": 82304, 
        "translated": 84022
    }, 
    "fil": {
        "approved": 204, 
        "translated": 297
    }, 
    "fr": {
        "approved": 283880, 
        "translated": 287386
    }, 
    "fv": {
        "approved": 400, 
        "pending_since_timestamp": 1541091484.463776, 
        "translated": 3281
    }, 
    "gu": {
        "approved": 95698, 
        "translated": 138765
    }, 
    "he": {
        "approved": 8605, 
        "translated": 8638
    }, 
    "hi": {
        "approved": 167326, 
        "pending_since_timestamp": 1540832973.50854, 
        "translated": 179695
    }, 
    "hr": {
        "approved": 10947, 
        "translated": 16593
    }, 
    "ht": {
        "approved": 1, 
        "translated": 5
    }, 
    "hu": {
        "approved": 91850, 
        "pending_since_timestamp": 1541091484.463776, 
        "translated": 110557
    }, 
    "hy": {
        "approved": 103640, 
        "pending_since_timestamp": 1541091484.463776, 
        "translated": 126157
    }, 
    "id": {
        "approved": 72897, 
        "pending_since_timestamp": 1541132535.202826, 
        "translated": 90797
    }, 
    "it": {
        "approved": 155673, 
        "translated": 171586
    }, 
    "ja": {
        "approved": 125004, 
        "translated": 144746
    }, 
    "ka": {
        "approved": 274257, 
        "translated": 279527
    }, 
    "ki": {
        "approved": 0, 
        "translated": 37
    }, 
    "kk": {
        "approved": 103, 
        "translated": 103
    }, 
    "km": {
        "approved": 0, 
        "translated": 52
    }, 
    "kn": {
        "approved": 14534, 
        "pending_since_timestamp": 1540832973.50854, 
        "translated": 21167
    }, 
    "ko": {
        "approved": 181878, 
        "translated": 214171
    }, 
    "ky": {
        "approved": 0, 
        "translated": 25
    }, 
    "lol": {
        "approved": 66883, 
        "translated": 82082
    }, 
    "lt": {
        "approved": 73739, 
        "pending_since_timestamp": 1540836795.006963, 
        "translated": 75586
    }, 
    "lv": {
        "approved": 54627, 
        "translated": 55062
    }, 
    "mn": {
        "approved": 82753, 
        "translated": 110664
    }, 
    "mr": {
        "approved": 0, 
        "translated": 0
    }, 
    "ms": {
        "approved": 29, 
        "translated": 662
    }, 
    "my": {
        "approved": 1, 
        "translated": 112
    }, 
    "nb": {
        "approved": 132139, 
        "translated": 142179
    }, 
    "ne": {
        "approved": 0, 
        "translated": 1
    }, 
    "nl": {
        "approved": 125182, 
        "pending_since_timestamp": 1541160313.092287, 
        "translated": 141357
    }, 
    "nn": {
        "approved": 0, 
        "pending_since_timestamp": 1540836795.006963, 
        "translated": 1633
    }, 
    "or": {
        "approved": 0, 
        "translated": 52
    }, 
    "pl": {
        "approved": 338070, 
        "pending_since_timestamp": 1541144456.832655, 
        "translated": 338568
    }, 
    "ps": {
        "approved": 0, 
        "translated": 24
    }, 
    "pt": {
        "approved": 367393, 
        "translated": 407844
    }, 
    "pt-pt": {
        "approved": 147539, 
        "translated": 177241
    }, 
    "ro": {
        "approved": 63856, 
        "translated": 68137
    }, 
    "ru": {
        "approved": 100733, 
        "translated": 121976
    }, 
    "rw": {
        "approved": 0, 
        "translated": 0
    }, 
    "si": {
        "approved": 0, 
        "translated": 196
    }, 
    "sk": {
        "approved": 0, 
        "translated": 2172
    }, 
    "sl": {
        "approved": 0, 
        "translated": 0
    }, 
    "sq": {
        "approved": 98742, 
        "pending_since_timestamp": 1540832973.50854, 
        "translated": 102966
    }, 
    "sr": {
        "approved": 63021, 
        "translated": 81557
    }, 
    "sv": {
        "approved": 161431, 
        "translated": 543704
    }, 
    "sw": {
        "approved": 0, 
        "translated": 0
    }, 
    "ta": {
        "approved": 47519, 
        "translated": 66998
    }, 
    "te": {
        "approved": 16, 
        "translated": 210
    }, 
    "th": {
        "approved": 299, 
        "pending_since_timestamp": 1540832973.50854, 
        "translated": 133316
    }, 
    "tr": {
        "approved": 310163, 
        "pending_since_timestamp": 1541160313.092287, 
        "translated": 417496
    }, 
    "uk": {
        "approved": 70606, 
        "translated": 90272
    }, 
    "ur": {
        "approved": 54614, 
        "translated": 57523
    }, 
    "uz": {
        "approved": 76774, 
        "pending_since_timestamp": 1540832973.50854, 
        "translated": 80156
    }, 
    "vi": {
        "approved": 2, 
        "translated": 1986
    }, 
    "xh": {
        "approved": 40, 
        "translated": 40
    }, 
    "zh-hans": {
        "approved": 166761, 
        "pending_since_timestamp": 1541160313.092287, 
        "translated": 232897
    }, 
    "zh-hant": {
        "approved": 10020, 
        "pending_since_timestamp": 1540832973.50854, 
        "translated": 73655
    }, 
    "zu": {
        "approved": 1, 
        "translated": 18
    }
}