{
    "ar": {
        "approved": 0, 
        "pending_since_timestamp": 1468368348.821476, 
        "translated": 4515
    }, 
    "bg": {
        "approved": 197601, 
        "translated": 215603
    }, 
    "bn": {
        "approved": 100745, 
        "translated": 128395
    }, 
    "cs": {
        "approved": 12229, 
        "pending_since_timestamp": 1468368348.821476, 
        "translated": 30501
    }, 
    "da": {
        "approved": 75846, 
        "translated": 84597
    }, 
    "de": {
        "approved": 152856, 
        "translated": 153280
    }, 
    "el": {
        "approved": 324, 
        "pending_since_timestamp": 1468368348.821476, 
        "translated": 7476
    }, 
    "es": {
        "approved": 284695, 
        "pending_since_timestamp": 1468414529.468669, 
        "translated": 379777
    }, 
    "fa": {
        "approved": 0, 
        "translated": 106
    }, 
    "fa-af": {
        "approved": 0, 
        "translated": 72
    }, 
    "fr": {
        "approved": 166811, 
        "translated": 174049
    }, 
    "he": {
        "approved": 8479, 
        "translated": 8717
    }, 
    "hi": {
        "approved": 68514, 
        "pending_since_timestamp": 1468412789.787368, 
        "translated": 111536
    }, 
    "hy": {
        "approved": 0, 
        "translated": 3014
    }, 
    "id": {
        "approved": 0, 
        "pending_since_timestamp": 1468368348.821476, 
        "translated": 7274
    }, 
    "it": {
        "approved": 7723, 
        "pending_since_timestamp": 1468398663.095967, 
        "translated": 104877
    }, 
    "ja": {
        "approved": 34064, 
        "pending_since_timestamp": 1468368348.821476, 
        "translated": 80460
    }, 
    "ka": {
        "approved": 139508, 
        "pending_since_timestamp": 1468412789.787368, 
        "translated": 141197
    }, 
    "ko": {
        "approved": 126082, 
        "translated": 151994
    }, 
    "lol": {
        "approved": 603, 
        "translated": 8847
    }, 
    "mn": {
        "approved": 75526, 
        "translated": 83209
    }, 
    "ms": {
        "approved": 0, 
        "pending_since_timestamp": 1468368348.821476, 
        "translated": 742
    }, 
    "nb": {
        "approved": 98516, 
        "translated": 101680
    }, 
    "nl": {
        "approved": 80594, 
        "translated": 117509
    }, 
    "pl": {
        "approved": 203208, 
        "pending_since_timestamp": 1468417300.02524, 
        "translated": 203503
    }, 
    "pt": {
        "approved": 204031, 
        "pending_since_timestamp": 1468421488.775501, 
        "translated": 376685
    }, 
    "pt-pt": {
        "approved": 25381, 
        "pending_since_timestamp": 1468406018.523107, 
        "translated": 88107
    }, 
    "ru": {
        "approved": 1191, 
        "pending_since_timestamp": 1468368348.821476, 
        "translated": 19609
    }, 
    "sr": {
        "approved": 45797, 
        "pending_since_timestamp": 1468406018.523107, 
        "translated": 374619
    }, 
    "sw": {
        "approved": 11695, 
        "pending_since_timestamp": 1468368348.821476, 
        "translated": 33494
    }, 
    "te": {
        "approved": 0, 
        "translated": 204
    }, 
    "th": {
        "approved": 0, 
        "translated": 120384
    }, 
    "tr": {
        "approved": 210775, 
        "translated": 283449
    }, 
    "uk": {
        "approved": 0, 
        "pending_since_timestamp": 1468368348.821476, 
        "translated": 2550
    }, 
    "ur": {
        "approved": 0, 
        "pending_since_timestamp": 1468368348.821476, 
        "translated": 1466
    }, 
    "xh": {
        "approved": 0, 
        "translated": 1
    }, 
    "zh-hans": {
        "approved": 0, 
        "pending_since_timestamp": 1468368348.821476, 
        "translated": 5148
    }, 
    "zu": {
        "approved": 0, 
        "translated": 22
    }
}