{
    "ar": {
        "approved": 0, 
        "pending_since_timestamp": 1467818036.984657, 
        "translated": 4317
    }, 
    "bg": {
        "approved": 196798, 
        "pending_since_timestamp": 1467818036.984657, 
        "translated": 206825
    }, 
    "bn": {
        "approved": 99265, 
        "pending_since_timestamp": 1467818036.984657, 
        "translated": 127487
    }, 
    "cs": {
        "approved": 12229, 
        "pending_since_timestamp": 1467818036.984657, 
        "translated": 30438
    }, 
    "da": {
        "approved": 75718, 
        "pending_since_timestamp": 1467818036.984657, 
        "translated": 84365
    }, 
    "de": {
        "approved": 151912, 
        "pending_since_timestamp": 1467818036.984657, 
        "translated": 152491
    }, 
    "el": {
        "approved": 322, 
        "pending_since_timestamp": 1467818036.984657, 
        "translated": 7366
    }, 
    "es": {
        "approved": 283535, 
        "pending_since_timestamp": 1467732942.1621, 
        "translated": 377692
    }, 
    "fa": {
        "approved": 0, 
        "translated": 106
    }, 
    "fa-af": {
        "approved": 0, 
        "translated": 72
    }, 
    "fr": {
        "approved": 165609, 
        "pending_since_timestamp": 1467818036.984657, 
        "translated": 172611
    }, 
    "he": {
        "approved": 8469, 
        "pending_since_timestamp": 1467818036.984657, 
        "translated": 8697
    }, 
    "hi": {
        "approved": 68676, 
        "pending_since_timestamp": 1467818036.984657, 
        "translated": 110081
    }, 
    "hy": {
        "approved": 0, 
        "pending_since_timestamp": 1467818036.984657, 
        "translated": 3012
    }, 
    "id": {
        "approved": 0, 
        "pending_since_timestamp": 1467818036.984657, 
        "translated": 7239
    }, 
    "it": {
        "approved": 544, 
        "pending_since_timestamp": 1467723915.413354, 
        "translated": 101029
    }, 
    "ja": {
        "approved": 34029, 
        "pending_since_timestamp": 1467818036.984657, 
        "translated": 80043
    }, 
    "ka": {
        "approved": 137451, 
        "pending_since_timestamp": 1467751078.741412, 
        "translated": 140035
    }, 
    "ko": {
        "approved": 125200, 
        "pending_since_timestamp": 1467773346.458785, 
        "translated": 146869
    }, 
    "lol": {
        "approved": 603, 
        "translated": 8847
    }, 
    "mn": {
        "approved": 75307, 
        "pending_since_timestamp": 1467818036.984657, 
        "translated": 83047
    }, 
    "ms": {
        "approved": 0, 
        "pending_since_timestamp": 1467818036.984657, 
        "translated": 730
    }, 
    "nb": {
        "approved": 98203, 
        "pending_since_timestamp": 1467818036.984657, 
        "translated": 101282
    }, 
    "nl": {
        "approved": 80312, 
        "pending_since_timestamp": 1467818036.984657, 
        "translated": 116515
    }, 
    "pl": {
        "approved": 215894, 
        "translated": 216783
    }, 
    "pt": {
        "approved": 201418, 
        "pending_since_timestamp": 1467818036.984657, 
        "translated": 375175
    }, 
    "pt-pt": {
        "approved": 22020, 
        "pending_since_timestamp": 1467750173.624746, 
        "translated": 114241
    }, 
    "ru": {
        "approved": 1163, 
        "pending_since_timestamp": 1467818036.984657, 
        "translated": 19518
    }, 
    "sr": {
        "approved": 45472, 
        "pending_since_timestamp": 1467775427.132397, 
        "translated": 373879
    }, 
    "sw": {
        "approved": 11695, 
        "pending_since_timestamp": 1467818036.984657, 
        "translated": 33432
    }, 
    "te": {
        "approved": 0, 
        "pending_since_timestamp": 1467818036.984657, 
        "translated": 204
    }, 
    "th": {
        "approved": 0, 
        "pending_since_timestamp": 1467818036.984657, 
        "translated": 120249
    }, 
    "tr": {
        "approved": 209000, 
        "pending_since_timestamp": 1467818036.984657, 
        "translated": 280914
    }, 
    "uk": {
        "approved": 0, 
        "pending_since_timestamp": 1467818036.984657, 
        "translated": 2531
    }, 
    "ur": {
        "approved": 0, 
        "pending_since_timestamp": 1467818036.984657, 
        "translated": 1448
    }, 
    "xh": {
        "approved": 0, 
        "translated": 1
    }, 
    "zh-hans": {
        "approved": 0, 
        "pending_since_timestamp": 1467765074.599097, 
        "translated": 5113
    }, 
    "zu": {
        "approved": 0, 
        "pending_since_timestamp": 1467818036.984657, 
        "translated": 22
    }
}