{
    "af": {
        "approved": 19, 
        "pending_since_timestamp": 1542057306.169735, 
        "translated": 1474
    }, 
    "am": {
        "approved": 0, 
        "translated": 0
    }, 
    "ar": {
        "approved": 103453, 
        "pending_since_timestamp": 1548791623.289747, 
        "translated": 213581
    }, 
    "az": {
        "approved": 35919, 
        "pending_since_timestamp": 1548791623.289747, 
        "translated": 37634
    }, 
    "bg": {
        "approved": 336351, 
        "pending_since_timestamp": 1549049029.355465, 
        "translated": 339385
    }, 
    "bn": {
        "approved": 148186, 
        "translated": 162952
    }, 
    "ca": {
        "approved": 3, 
        "pending_since_timestamp": 1548791623.289747, 
        "translated": 1918
    }, 
    "cs": {
        "approved": 134431, 
        "translated": 153363
    }, 
    "da": {
        "approved": 175392, 
        "pending_since_timestamp": 1549049029.355465, 
        "translated": 197595
    }, 
    "de": {
        "approved": 303176, 
        "translated": 537119
    }, 
    "el": {
        "approved": 78383, 
        "pending_since_timestamp": 1549049029.355465, 
        "translated": 94201
    }, 
    "es": {
        "approved": 431455, 
        "translated": 447861
    }, 
    "et": {
        "approved": 44972, 
        "pending_since_timestamp": 1548791623.289747, 
        "translated": 46284
    }, 
    "fa": {
        "approved": 1, 
        "translated": 189
    }, 
    "fa-af": {
        "approved": 31, 
        "translated": 103
    }, 
    "fi": {
        "approved": 82265, 
        "pending_since_timestamp": 1548791623.289747, 
        "translated": 84159
    }, 
    "fil": {
        "approved": 204, 
        "translated": 297
    }, 
    "fr": {
        "approved": 286798, 
        "translated": 290292
    }, 
    "fv": {
        "approved": 85684, 
        "translated": 85685
    }, 
    "gu": {
        "approved": 101587, 
        "pending_since_timestamp": 1548995393.150615, 
        "translated": 145333
    }, 
    "he": {
        "approved": 8392, 
        "translated": 8395
    }, 
    "hi": {
        "approved": 166880, 
        "translated": 179246
    }, 
    "hr": {
        "approved": 10946, 
        "pending_since_timestamp": 1548791623.289747, 
        "translated": 16576
    }, 
    "ht": {
        "approved": 1, 
        "translated": 5
    }, 
    "hu": {
        "approved": 94788, 
        "pending_since_timestamp": 1549049029.355465, 
        "translated": 114005
    }, 
    "hy": {
        "approved": 140712, 
        "pending_since_timestamp": 1548954918.508008, 
        "translated": 162318
    }, 
    "id": {
        "approved": 84997, 
        "translated": 91632
    }, 
    "it": {
        "approved": 155264, 
        "pending_since_timestamp": 1549049029.355465, 
        "translated": 173680
    }, 
    "ja": {
        "approved": 125622, 
        "pending_since_timestamp": 1548976820.678203, 
        "translated": 146619
    }, 
    "ka": {
        "approved": 282671, 
        "pending_since_timestamp": 1549049029.355465, 
        "translated": 285028
    }, 
    "ki": {
        "approved": 0, 
        "translated": 37
    }, 
    "kk": {
        "approved": 103, 
        "translated": 103
    }, 
    "km": {
        "approved": 0, 
        "translated": 52
    }, 
    "kn": {
        "approved": 34491, 
        "translated": 40346
    }, 
    "ko": {
        "approved": 194350, 
        "translated": 218779
    }, 
    "ky": {
        "approved": 0, 
        "translated": 29
    }, 
    "lol": {
        "approved": 66840, 
        "translated": 82019
    }, 
    "lt": {
        "approved": 80896, 
        "pending_since_timestamp": 1548791623.289747, 
        "translated": 82863
    }, 
    "lv": {
        "approved": 54613, 
        "pending_since_timestamp": 1548791623.289747, 
        "translated": 55046
    }, 
    "mn": {
        "approved": 82544, 
        "translated": 110429
    }, 
    "mr": {
        "approved": 0, 
        "translated": 0
    }, 
    "ms": {
        "approved": 29, 
        "pending_since_timestamp": 1548791623.289747, 
        "translated": 634
    }, 
    "my": {
        "approved": 1, 
        "translated": 125
    }, 
    "nb": {
        "approved": 132945, 
        "translated": 142999
    }, 
    "ne": {
        "approved": 0, 
        "translated": 1
    }, 
    "nl": {
        "approved": 131871, 
        "translated": 151573
    }, 
    "nn": {
        "approved": 0, 
        "translated": 1626
    }, 
    "or": {
        "approved": 0, 
        "translated": 52
    }, 
    "pl": {
        "approved": 345264, 
        "pending_since_timestamp": 1549049029.355465, 
        "translated": 345579
    }, 
    "ps": {
        "approved": 582, 
        "pending_since_timestamp": 1548561265.329479, 
        "translated": 951
    }, 
    "pt": {
        "approved": 375787, 
        "pending_since_timestamp": 1549059476.74062, 
        "translated": 417899
    }, 
    "pt-pt": {
        "approved": 157521, 
        "pending_since_timestamp": 1548965263.802196, 
        "translated": 186087
    }, 
    "ro": {
        "approved": 63673, 
        "pending_since_timestamp": 1548791623.289747, 
        "translated": 67943
    }, 
    "ru": {
        "approved": 101507, 
        "translated": 122229
    }, 
    "rw": {
        "approved": 0, 
        "translated": 0
    }, 
    "si": {
        "approved": 0, 
        "pending_since_timestamp": 1548791623.289747, 
        "translated": 196
    }, 
    "sk": {
        "approved": 0, 
        "translated": 2146
    }, 
    "sl": {
        "approved": 0, 
        "translated": 33
    }, 
    "sq": {
        "approved": 98718, 
        "pending_since_timestamp": 1548791623.289747, 
        "translated": 102928
    }, 
    "sr": {
        "approved": 62719, 
        "translated": 81521
    }, 
    "sv": {
        "approved": 169238, 
        "translated": 541601
    }, 
    "sw": {
        "approved": 0, 
        "translated": 0
    }, 
    "ta": {
        "approved": 56386, 
        "pending_since_timestamp": 1548995393.150615, 
        "translated": 78147
    }, 
    "te": {
        "approved": 16, 
        "translated": 208
    }, 
    "th": {
        "approved": 299, 
        "translated": 134434
    }, 
    "tr": {
        "approved": 309682, 
        "pending_since_timestamp": 1549049029.355465, 
        "translated": 417892
    }, 
    "uk": {
        "approved": 70756, 
        "translated": 91972
    }, 
    "ur": {
        "approved": 54502, 
        "translated": 57357
    }, 
    "uz": {
        "approved": 76732, 
        "pending_since_timestamp": 1548642945.343534, 
        "translated": 100215
    }, 
    "vi": {
        "approved": 2, 
        "pending_since_timestamp": 1548791623.289747, 
        "translated": 1982
    }, 
    "xh": {
        "approved": 40, 
        "translated": 40
    }, 
    "zh-hans": {
        "approved": 190721, 
        "pending_since_timestamp": 1549062565.514448, 
        "translated": 269319
    }, 
    "zh-hant": {
        "approved": 10001, 
        "pending_since_timestamp": 1548791623.289747, 
        "translated": 74450
    }, 
    "zu": {
        "approved": 1, 
        "translated": 18
    }
}