{
    "ar": {
        "approved": 1047, 
        "translated": 4723
    }, 
    "bg": {
        "approved": 216865, 
        "pending_since_timestamp": 1477407197.258408, 
        "translated": 236508
    }, 
    "bn": {
        "approved": 119614, 
        "pending_since_timestamp": 1477418098.570842, 
        "translated": 136580
    }, 
    "cs": {
        "approved": 13083, 
        "translated": 30212
    }, 
    "da": {
        "approved": 79973, 
        "translated": 87590
    }, 
    "de": {
        "approved": 188348, 
        "translated": 188360
    }, 
    "el": {
        "approved": 2074, 
        "translated": 9863
    }, 
    "es": {
        "approved": 331942, 
        "pending_since_timestamp": 1477365360.406514, 
        "translated": 432556
    }, 
    "fa": {
        "approved": 2, 
        "translated": 106
    }, 
    "fa-af": {
        "approved": 0, 
        "translated": 72
    }, 
    "fr": {
        "approved": 191056, 
        "pending_since_timestamp": 1477407197.258408, 
        "translated": 201929
    }, 
    "he": {
        "approved": 9060, 
        "translated": 9594
    }, 
    "hi": {
        "approved": 93494, 
        "translated": 116389
    }, 
    "hy": {
        "approved": 27, 
        "translated": 3017
    }, 
    "id": {
        "approved": 1518, 
        "translated": 7638
    }, 
    "it": {
        "approved": 46661, 
        "translated": 113151
    }, 
    "ja": {
        "approved": 42061, 
        "translated": 85355
    }, 
    "ka": {
        "approved": 183777, 
        "pending_since_timestamp": 1477416029.549245, 
        "translated": 187161
    }, 
    "ko": {
        "approved": 141887, 
        "translated": 159971
    }, 
    "lol": {
        "approved": 596, 
        "translated": 8802
    }, 
    "mn": {
        "approved": 75104, 
        "translated": 82683
    }, 
    "ms": {
        "approved": 357, 
        "translated": 1018
    }, 
    "nb": {
        "approved": 98075, 
        "translated": 101163
    }, 
    "nl": {
        "approved": 96923, 
        "pending_since_timestamp": 1477407197.258408, 
        "translated": 122954
    }, 
    "pl": {
        "approved": 235117, 
        "pending_since_timestamp": 1477410996.787349, 
        "translated": 235643
    }, 
    "pt": {
        "approved": 236488, 
        "pending_since_timestamp": 1477408165.99124, 
        "translated": 428212
    }, 
    "pt-pt": {
        "approved": 51646, 
        "pending_since_timestamp": 1477398534.572123, 
        "translated": 82390
    }, 
    "ru": {
        "approved": 3212, 
        "translated": 20008
    }, 
    "sr": {
        "approved": 53347, 
        "translated": 425484
    }, 
    "sw": {
        "approved": 12790, 
        "translated": 33752
    }, 
    "te": {
        "approved": 17, 
        "translated": 217
    }, 
    "th": {
        "approved": 1189, 
        "translated": 119597
    }, 
    "tr": {
        "approved": 221751, 
        "pending_since_timestamp": 1477400904.607932, 
        "translated": 324696
    }, 
    "uk": {
        "approved": 209, 
        "translated": 2590
    }, 
    "ur": {
        "approved": 369, 
        "translated": 1498
    }, 
    "xh": {
        "approved": 0, 
        "translated": 1
    }, 
    "zh-hans": {
        "approved": 594, 
        "translated": 5466
    }, 
    "zu": {
        "approved": 1, 
        "translated": 22
    }
}