{
    "af": {
        "approved": 19, 
        "translated": 1516
    }, 
    "am": {
        "approved": 0, 
        "translated": 0
    }, 
    "ar": {
        "approved": 577, 
        "pending_since_timestamp": 1532003078.468256, 
        "translated": 29994
    }, 
    "az": {
        "approved": 35976, 
        "translated": 37745
    }, 
    "bg": {
        "approved": 299175, 
        "translated": 300075
    }, 
    "bn": {
        "approved": 146661, 
        "translated": 157223
    }, 
    "ca": {
        "approved": 3, 
        "translated": 2062
    }, 
    "cs": {
        "approved": 94578, 
        "pending_since_timestamp": 1532063592.427475, 
        "translated": 118098
    }, 
    "da": {
        "approved": 145776, 
        "translated": 169506
    }, 
    "de": {
        "approved": 287673, 
        "pending_since_timestamp": 1532068360.818752, 
        "translated": 529725
    }, 
    "el": {
        "approved": 77111, 
        "pending_since_timestamp": 1531990561.879144, 
        "translated": 92443
    }, 
    "es": {
        "approved": 403725, 
        "pending_since_timestamp": 1532053354.764465, 
        "translated": 425169
    }, 
    "et": {
        "approved": 45049, 
        "translated": 46373
    }, 
    "fa": {
        "approved": 1, 
        "translated": 192
    }, 
    "fa-af": {
        "approved": 31, 
        "translated": 103
    }, 
    "fi": {
        "approved": 82888, 
        "translated": 84582
    }, 
    "fil": {
        "approved": 210, 
        "translated": 303
    }, 
    "fr": {
        "approved": 276318, 
        "pending_since_timestamp": 1532070624.695143, 
        "translated": 279993
    }, 
    "gu": {
        "approved": 34217, 
        "pending_since_timestamp": 1532065931.998941, 
        "translated": 112446
    }, 
    "he": {
        "approved": 8736, 
        "translated": 8739
    }, 
    "hi": {
        "approved": 168295, 
        "translated": 180667
    }, 
    "hr": {
        "approved": 10994, 
        "translated": 16683
    }, 
    "ht": {
        "approved": 1, 
        "translated": 5
    }, 
    "hu": {
        "approved": 89718, 
        "translated": 108222
    }, 
    "hy": {
        "approved": 95114, 
        "pending_since_timestamp": 1532068360.818752, 
        "translated": 103575
    }, 
    "id": {
        "approved": 51139, 
        "pending_since_timestamp": 1532053354.764465, 
        "translated": 73210
    }, 
    "it": {
        "approved": 135557, 
        "translated": 155063
    }, 
    "ja": {
        "approved": 123751, 
        "translated": 141359
    }, 
    "ka": {
        "approved": 261931, 
        "translated": 263193
    }, 
    "ki": {
        "approved": 0, 
        "translated": 37
    }, 
    "km": {
        "approved": 0, 
        "translated": 52
    }, 
    "kn": {
        "approved": 1661, 
        "pending_since_timestamp": 1531841097.608178, 
        "translated": 17956
    }, 
    "ko": {
        "approved": 176955, 
        "translated": 198436
    }, 
    "ky": {
        "approved": 0, 
        "translated": 25
    }, 
    "lol": {
        "approved": 67332, 
        "translated": 82537
    }, 
    "lt": {
        "approved": 74288, 
        "translated": 76171
    }, 
    "lv": {
        "approved": 54697, 
        "translated": 55106
    }, 
    "mn": {
        "approved": 82805, 
        "translated": 110721
    }, 
    "mr": {
        "approved": 0, 
        "translated": 0
    }, 
    "ms": {
        "approved": 29, 
        "translated": 678
    }, 
    "my": {
        "approved": 1, 
        "translated": 116
    }, 
    "nb": {
        "approved": 130539, 
        "translated": 138086
    }, 
    "ne": {
        "approved": 0, 
        "translated": 1
    }, 
    "nl": {
        "approved": 116783, 
        "translated": 136484
    }, 
    "nn": {
        "approved": 0, 
        "translated": 1651
    }, 
    "or": {
        "approved": 0, 
        "translated": 54
    }, 
    "pl": {
        "approved": 322339, 
        "pending_since_timestamp": 1532068360.818752, 
        "translated": 323261
    }, 
    "ps": {
        "approved": 0, 
        "translated": 23
    }, 
    "pt": {
        "approved": 356032, 
        "translated": 395601
    }, 
    "pt-pt": {
        "approved": 143120, 
        "translated": 172535
    }, 
    "ro": {
        "approved": 64070, 
        "pending_since_timestamp": 1531828201.643365, 
        "translated": 68195
    }, 
    "ru": {
        "approved": 100677, 
        "translated": 121437
    }, 
    "rw": {
        "approved": 0, 
        "translated": 0
    }, 
    "si": {
        "approved": 0, 
        "translated": 199
    }, 
    "sk": {
        "approved": 0, 
        "translated": 2185
    }, 
    "sl": {
        "approved": 0, 
        "translated": 0
    }, 
    "sq": {
        "approved": 64242, 
        "translated": 69347
    }, 
    "sr": {
        "approved": 63497, 
        "translated": 81396
    }, 
    "sv": {
        "approved": 155027, 
        "translated": 543478
    }, 
    "sw": {
        "approved": 0, 
        "translated": 0
    }, 
    "ta": {
        "approved": 41647, 
        "translated": 58568
    }, 
    "te": {
        "approved": 16, 
        "translated": 227
    }, 
    "th": {
        "approved": 303, 
        "pending_since_timestamp": 1532057342.213647, 
        "translated": 132917
    }, 
    "tr": {
        "approved": 304787, 
        "pending_since_timestamp": 1532070624.695143, 
        "translated": 407622
    }, 
    "uk": {
        "approved": 98, 
        "pending_since_timestamp": 1532036518.98674, 
        "translated": 4042
    }, 
    "ur": {
        "approved": 54674, 
        "translated": 57578
    }, 
    "uz": {
        "approved": 141, 
        "translated": 1844
    }, 
    "vi": {
        "approved": 2, 
        "translated": 1974
    }, 
    "xh": {
        "approved": 40, 
        "translated": 40
    }, 
    "zh-hans": {
        "approved": 122380, 
        "pending_since_timestamp": 1532059454.506292, 
        "translated": 181514
    }, 
    "zh-hant": {
        "approved": 9588, 
        "pending_since_timestamp": 1531828201.643365, 
        "translated": 65821
    }, 
    "zu": {
        "approved": 1, 
        "translated": 18
    }
}