{
    "ar": {
        "approved": 0, 
        "pending_since_timestamp": 1450259620.01205, 
        "translated": 4291
    }, 
    "bg": {
        "approved": 120154, 
        "pending_since_timestamp": 1450266824.654671, 
        "translated": 164647
    }, 
    "bn": {
        "approved": 39600, 
        "translated": 73947
    }, 
    "cs": {
        "approved": 13516, 
        "translated": 30032
    }, 
    "da": {
        "approved": 40311, 
        "pending_since_timestamp": 1450275389.450938, 
        "translated": 73010
    }, 
    "de": {
        "approved": 108844, 
        "pending_since_timestamp": 1450271396.743945, 
        "translated": 108975
    }, 
    "el": {
        "approved": 0, 
        "translated": 6850
    }, 
    "es": {
        "approved": 201043, 
        "pending_since_timestamp": 1450279963.26461, 
        "translated": 303130
    }, 
    "fa": {
        "approved": 0, 
        "translated": 249
    }, 
    "fa-af": {
        "approved": 0, 
        "translated": 10
    }, 
    "fr": {
        "approved": 109583, 
        "translated": 114977
    }, 
    "he": {
        "approved": 8582, 
        "translated": 9163
    }, 
    "hi": {
        "approved": 71757, 
        "pending_since_timestamp": 1450279963.26461, 
        "translated": 73195
    }, 
    "hy": {
        "approved": 0, 
        "translated": 132
    }, 
    "id": {
        "approved": 0, 
        "translated": 9169
    }, 
    "it": {
        "approved": 0, 
        "pending_since_timestamp": 1450276301.043509, 
        "translated": 58087
    }, 
    "ja": {
        "approved": 21739, 
        "translated": 53925
    }, 
    "ko": {
        "approved": 77412, 
        "pending_since_timestamp": 1450268669.02664, 
        "translated": 88215
    }, 
    "lol": {
        "approved": 704, 
        "translated": 5601
    }, 
    "mn": {
        "approved": 26016, 
        "pending_since_timestamp": 1450280846.912142, 
        "translated": 45667
    }, 
    "ms": {
        "approved": 0, 
        "translated": 804
    }, 
    "nb": {
        "approved": 88321, 
        "translated": 88867
    }, 
    "nl": {
        "approved": 48071, 
        "pending_since_timestamp": 1450257779.055735, 
        "translated": 73282
    }, 
    "pl": {
        "approved": 119511, 
        "pending_since_timestamp": 1450272446.270102, 
        "translated": 128489
    }, 
    "pt": {
        "approved": 160726, 
        "pending_since_timestamp": 1450274468.335708, 
        "translated": 300343
    }, 
    "pt-pt": {
        "approved": 13966, 
        "pending_since_timestamp": 1450279093.028544, 
        "translated": 79621
    }, 
    "ru": {
        "approved": 1228, 
        "pending_since_timestamp": 1450280846.912142, 
        "translated": 14227
    }, 
    "sr": {
        "approved": 35962, 
        "translated": 299105
    }, 
    "sw": {
        "approved": 13011, 
        "translated": 32726
    }, 
    "te": {
        "approved": 0, 
        "translated": 202
    }, 
    "th": {
        "approved": 0, 
        "translated": 130106
    }, 
    "tr": {
        "approved": 173863, 
        "pending_since_timestamp": 1450279093.028544, 
        "translated": 214116
    }, 
    "uk": {
        "approved": 0, 
        "translated": 1930
    }, 
    "ur": {
        "approved": 0, 
        "translated": 1624
    }, 
    "xh": {
        "approved": 0, 
        "translated": 1
    }, 
    "zh-hans": {
        "approved": 0, 
        "translated": 4444
    }, 
    "zu": {
        "approved": 0, 
        "translated": 29
    }
}