{
    "af": {
        "approved": 19, 
        "pending_since_timestamp": 1506990259.087778, 
        "translated": 1564
    }, 
    "am": {
        "approved": 0, 
        "translated": 0
    }, 
    "ar": {
        "approved": 389, 
        "pending_since_timestamp": 1506962859.975938, 
        "translated": 6973
    }, 
    "az": {
        "approved": 36093, 
        "pending_since_timestamp": 1506962859.975938, 
        "translated": 36687
    }, 
    "bg": {
        "approved": 244768, 
        "pending_since_timestamp": 1506962859.975938, 
        "translated": 259396
    }, 
    "bn": {
        "approved": 143686, 
        "translated": 152284
    }, 
    "ca": {
        "approved": 3, 
        "pending_since_timestamp": 1506990259.087778, 
        "translated": 2169
    }, 
    "cs": {
        "approved": 42818, 
        "pending_since_timestamp": 1506990259.087778, 
        "translated": 68544
    }, 
    "da": {
        "approved": 75984, 
        "pending_since_timestamp": 1506962859.975938, 
        "translated": 98064
    }, 
    "de": {
        "approved": 225714, 
        "translated": 229917
    }, 
    "el": {
        "approved": 3438, 
        "pending_since_timestamp": 1506962859.975938, 
        "translated": 21548
    }, 
    "es": {
        "approved": 365098, 
        "pending_since_timestamp": 1506998032.158535, 
        "translated": 386192
    }, 
    "et": {
        "approved": 45281, 
        "pending_since_timestamp": 1506990259.087778, 
        "translated": 46657
    }, 
    "fa": {
        "approved": 1, 
        "pending_since_timestamp": 1506990259.087778, 
        "translated": 203
    }, 
    "fa-af": {
        "approved": 31, 
        "translated": 104
    }, 
    "fi": {
        "approved": 12421, 
        "pending_since_timestamp": 1506990259.087778, 
        "translated": 13487
    }, 
    "fil": {
        "approved": 0, 
        "translated": 1
    }, 
    "fr": {
        "approved": 253527, 
        "translated": 259490
    }, 
    "gu": {
        "approved": 9324, 
        "pending_since_timestamp": 1506962859.975938, 
        "translated": 10563
    }, 
    "he": {
        "approved": 6941, 
        "pending_since_timestamp": 1506990259.087778, 
        "translated": 7521
    }, 
    "hi": {
        "approved": 97425, 
        "pending_since_timestamp": 1506990259.087778, 
        "translated": 113449
    }, 
    "hr": {
        "approved": 11082, 
        "pending_since_timestamp": 1506990259.087778, 
        "translated": 16908
    }, 
    "ht": {
        "approved": 1, 
        "translated": 5
    }, 
    "hu": {
        "approved": 45961, 
        "pending_since_timestamp": 1506962859.975938, 
        "translated": 52970
    }, 
    "hy": {
        "approved": 63548, 
        "pending_since_timestamp": 1506962859.975938, 
        "translated": 82156
    }, 
    "id": {
        "approved": 531, 
        "pending_since_timestamp": 1506962859.975938, 
        "translated": 7107
    }, 
    "it": {
        "approved": 110673, 
        "pending_since_timestamp": 1506990259.087778, 
        "translated": 145310
    }, 
    "ja": {
        "approved": 103373, 
        "pending_since_timestamp": 1506962859.975938, 
        "translated": 125064
    }, 
    "ka": {
        "approved": 209140, 
        "pending_since_timestamp": 1506990259.087778, 
        "translated": 216216
    }, 
    "kn": {
        "approved": 0, 
        "translated": 161
    }, 
    "ko": {
        "approved": 172620, 
        "pending_since_timestamp": 1506990259.087778, 
        "translated": 182126
    }, 
    "ky": {
        "approved": 0, 
        "pending_since_timestamp": 1506990259.087778, 
        "translated": 27
    }, 
    "lol": {
        "approved": 281, 
        "translated": 8433
    }, 
    "lt": {
        "approved": 0, 
        "pending_since_timestamp": 1506990259.087778, 
        "translated": 1658
    }, 
    "lv": {
        "approved": 45368, 
        "pending_since_timestamp": 1506990259.087778, 
        "translated": 45391
    }, 
    "mn": {
        "approved": 85679, 
        "pending_since_timestamp": 1506990259.087778, 
        "translated": 112818
    }, 
    "mr": {
        "approved": 0, 
        "translated": 0
    }, 
    "ms": {
        "approved": 29, 
        "pending_since_timestamp": 1506990259.087778, 
        "translated": 709
    }, 
    "my": {
        "approved": 0, 
        "pending_since_timestamp": 1506990259.087778, 
        "translated": 122
    }, 
    "nb": {
        "approved": 133979, 
        "pending_since_timestamp": 1506990259.087778, 
        "translated": 139349
    }, 
    "nl": {
        "approved": 110437, 
        "pending_since_timestamp": 1506969189.849873, 
        "translated": 131572
    }, 
    "nn": {
        "approved": 0, 
        "pending_since_timestamp": 1506990259.087778, 
        "translated": 1690
    }, 
    "or": {
        "approved": 0, 
        "pending_since_timestamp": 1506990259.087778, 
        "translated": 65
    }, 
    "pl": {
        "approved": 291297, 
        "translated": 291519
    }, 
    "pt": {
        "approved": 308571, 
        "pending_since_timestamp": 1506990259.087778, 
        "translated": 354838
    }, 
    "pt-pt": {
        "approved": 103800, 
        "pending_since_timestamp": 1506962859.975938, 
        "translated": 130659
    }, 
    "ro": {
        "approved": 62620, 
        "pending_since_timestamp": 1506990259.087778, 
        "translated": 68180
    }, 
    "ru": {
        "approved": 1826, 
        "pending_since_timestamp": 1506990259.087778, 
        "translated": 20890
    }, 
    "rw": {
        "approved": 0, 
        "translated": 0
    }, 
    "si": {
        "approved": 0, 
        "pending_since_timestamp": 1506990259.087778, 
        "translated": 223
    }, 
    "sk": {
        "approved": 0, 
        "pending_since_timestamp": 1506990259.087778, 
        "translated": 2278
    }, 
    "sl": {
        "approved": 0, 
        "translated": 0
    }, 
    "sq": {
        "approved": 49917, 
        "pending_since_timestamp": 1506962859.975938, 
        "translated": 62835
    }, 
    "sr": {
        "approved": 52459, 
        "translated": 69212
    }, 
    "sv": {
        "approved": 38506, 
        "pending_since_timestamp": 1506990259.087778, 
        "translated": 103066
    }, 
    "sw": {
        "approved": 0, 
        "translated": 0
    }, 
    "ta": {
        "approved": 12293, 
        "pending_since_timestamp": 1506990259.087778, 
        "translated": 48256
    }, 
    "te": {
        "approved": 16, 
        "translated": 237
    }, 
    "th": {
        "approved": 303, 
        "pending_since_timestamp": 1506990259.087778, 
        "translated": 131576
    }, 
    "tr": {
        "approved": 269947, 
        "pending_since_timestamp": 1506990259.087778, 
        "translated": 384820
    }, 
    "uk": {
        "approved": 98, 
        "pending_since_timestamp": 1506990259.087778, 
        "translated": 2453
    }, 
    "ur": {
        "approved": 92, 
        "pending_since_timestamp": 1506990259.087778, 
        "translated": 1251
    }, 
    "uz": {
        "approved": 153, 
        "pending_since_timestamp": 1506990259.087778, 
        "translated": 1489
    }, 
    "vi": {
        "approved": 2, 
        "pending_since_timestamp": 1506962859.975938, 
        "translated": 1352
    }, 
    "xh": {
        "approved": 40, 
        "translated": 40
    }, 
    "zh-hans": {
        "approved": 22734, 
        "pending_since_timestamp": 1506967087.942041, 
        "translated": 86808
    }, 
    "zh-hant": {
        "approved": 7493, 
        "pending_since_timestamp": 1506990259.087778, 
        "translated": 65962
    }, 
    "zu": {
        "approved": 1, 
        "translated": 20
    }
}