{
    "ar": {
        "approved": 0, 
        "translated": 4756
    }, 
    "bg": {
        "approved": 173089, 
        "pending_since_timestamp": 1457471786.289084, 
        "translated": 185506
    }, 
    "bn": {
        "approved": 59602, 
        "translated": 102519
    }, 
    "cs": {
        "approved": 12904, 
        "translated": 30256
    }, 
    "da": {
        "approved": 38743, 
        "pending_since_timestamp": 1457471786.289084, 
        "translated": 72560
    }, 
    "de": {
        "approved": 119598, 
        "pending_since_timestamp": 1457471786.289084, 
        "translated": 120695
    }, 
    "el": {
        "approved": 3, 
        "translated": 7264
    }, 
    "es": {
        "approved": 213194, 
        "pending_since_timestamp": 1457480130.020216, 
        "translated": 328231
    }, 
    "fa": {
        "approved": 0, 
        "translated": 241
    }, 
    "fa-af": {
        "approved": 0, 
        "translated": 72
    }, 
    "fr": {
        "approved": 121338, 
        "translated": 130188
    }, 
    "he": {
        "approved": 8391, 
        "translated": 9470
    }, 
    "hi": {
        "approved": 65076, 
        "translated": 79368
    }, 
    "hy": {
        "approved": 0, 
        "translated": 138
    }, 
    "id": {
        "approved": 0, 
        "translated": 8406
    }, 
    "it": {
        "approved": 0, 
        "pending_since_timestamp": 1457476415.906351, 
        "translated": 77824
    }, 
    "ja": {
        "approved": 23691, 
        "pending_since_timestamp": 1457471786.289084, 
        "translated": 55955
    }, 
    "ko": {
        "approved": 79302, 
        "pending_since_timestamp": 1457479007.733719, 
        "translated": 110328
    }, 
    "lol": {
        "approved": 596, 
        "translated": 7838
    }, 
    "mn": {
        "approved": 48968, 
        "pending_since_timestamp": 1457471786.289084, 
        "translated": 65146
    }, 
    "ms": {
        "approved": 0, 
        "translated": 784
    }, 
    "nb": {
        "approved": 86244, 
        "translated": 87182
    }, 
    "nl": {
        "approved": 49526, 
        "pending_since_timestamp": 1457471786.289084, 
        "translated": 85243
    }, 
    "pl": {
        "approved": 144922, 
        "pending_since_timestamp": 1457481198.349444, 
        "translated": 147778
    }, 
    "pt": {
        "approved": 158477, 
        "pending_since_timestamp": 1457479007.733719, 
        "translated": 325060
    }, 
    "pt-pt": {
        "approved": 14325, 
        "translated": 85274
    }, 
    "ru": {
        "approved": 1228, 
        "translated": 20570
    }, 
    "sr": {
        "approved": 35974, 
        "pending_since_timestamp": 1457471786.289084, 
        "translated": 324171
    }, 
    "sw": {
        "approved": 12266, 
        "pending_since_timestamp": 1457471786.289084, 
        "translated": 35903
    }, 
    "te": {
        "approved": 0, 
        "translated": 230
    }, 
    "th": {
        "approved": 0, 
        "translated": 126775
    }, 
    "tr": {
        "approved": 168591, 
        "translated": 238364
    }, 
    "uk": {
        "approved": 0, 
        "translated": 2523
    }, 
    "ur": {
        "approved": 0, 
        "translated": 1608
    }, 
    "xh": {
        "approved": 0, 
        "translated": 1
    }, 
    "zh-hans": {
        "approved": 0, 
        "translated": 4321
    }, 
    "zu": {
        "approved": 0, 
        "translated": 30
    }
}