{
    "ar": {
        "approved": 0, 
        "translated": 4343
    }, 
    "bg": {
        "approved": 197916, 
        "pending_since_timestamp": 1466494910.717966, 
        "translated": 200327
    }, 
    "bn": {
        "approved": 94217, 
        "pending_since_timestamp": 1466510293.480452, 
        "translated": 124556
    }, 
    "cs": {
        "approved": 12269, 
        "translated": 30632
    }, 
    "da": {
        "approved": 76037, 
        "translated": 84229
    }, 
    "de": {
        "approved": 152620, 
        "translated": 152791
    }, 
    "el": {
        "approved": 323, 
        "translated": 7392
    }, 
    "es": {
        "approved": 279719, 
        "pending_since_timestamp": 1466490249.303185, 
        "translated": 376549
    }, 
    "fa": {
        "approved": 0, 
        "translated": 107
    }, 
    "fa-af": {
        "approved": 0, 
        "translated": 72
    }, 
    "fr": {
        "approved": 162434, 
        "translated": 170020
    }, 
    "he": {
        "approved": 8580, 
        "translated": 8590
    }, 
    "hi": {
        "approved": 69755, 
        "translated": 106022
    }, 
    "hy": {
        "approved": 0, 
        "translated": 3014
    }, 
    "id": {
        "approved": 0, 
        "translated": 7309
    }, 
    "it": {
        "approved": 0, 
        "pending_since_timestamp": 1466494910.717966, 
        "translated": 98247
    }, 
    "ja": {
        "approved": 32375, 
        "pending_since_timestamp": 1466501580.583016, 
        "translated": 80177
    }, 
    "ka": {
        "approved": 133168, 
        "pending_since_timestamp": 1466493723.007764, 
        "translated": 136399
    }, 
    "ko": {
        "approved": 125717, 
        "pending_since_timestamp": 1466502838.544354, 
        "translated": 145757
    }, 
    "lol": {
        "approved": 603, 
        "translated": 8849
    }, 
    "mn": {
        "approved": 75380, 
        "pending_since_timestamp": 1466501580.583016, 
        "translated": 83209
    }, 
    "ms": {
        "approved": 0, 
        "pending_since_timestamp": 1465568490.645855, 
        "translated": 734
    }, 
    "nb": {
        "approved": 98555, 
        "translated": 101635
    }, 
    "nl": {
        "approved": 80650, 
        "translated": 116541
    }, 
    "pl": {
        "approved": 199621, 
        "pending_since_timestamp": 1466510293.480452, 
        "translated": 200232
    }, 
    "pt": {
        "approved": 200583, 
        "pending_since_timestamp": 1466510293.480452, 
        "translated": 373767
    }, 
    "pt-pt": {
        "approved": 18892, 
        "pending_since_timestamp": 1466500341.88778, 
        "translated": 114572
    }, 
    "ru": {
        "approved": 1163, 
        "translated": 19674
    }, 
    "sr": {
        "approved": 45317, 
        "translated": 372377
    }, 
    "sw": {
        "approved": 11735, 
        "translated": 33643
    }, 
    "te": {
        "approved": 0, 
        "translated": 216
    }, 
    "th": {
        "approved": 0, 
        "translated": 120798
    }, 
    "tr": {
        "approved": 210099, 
        "translated": 279231
    }, 
    "uk": {
        "approved": 0, 
        "translated": 2563
    }, 
    "ur": {
        "approved": 0, 
        "translated": 1465
    }, 
    "xh": {
        "approved": 0, 
        "translated": 1
    }, 
    "zh-hans": {
        "approved": 0, 
        "translated": 5153
    }, 
    "zu": {
        "approved": 0, 
        "translated": 23
    }
}