{
    "ar": {
        "approved": 0, 
        "translated": 4620
    }, 
    "bg": {
        "approved": 169595, 
        "pending_since_timestamp": 1461057703.710313, 
        "translated": 189988
    }, 
    "bn": {
        "approved": 72568, 
        "translated": 121151
    }, 
    "cs": {
        "approved": 12730, 
        "translated": 29983
    }, 
    "da": {
        "approved": 39317, 
        "translated": 88141
    }, 
    "de": {
        "approved": 149379, 
        "pending_since_timestamp": 1461049904.654564, 
        "translated": 149732
    }, 
    "el": {
        "approved": 257, 
        "translated": 7483
    }, 
    "es": {
        "approved": 251719, 
        "pending_since_timestamp": 1461059063.686267, 
        "translated": 369121
    }, 
    "fa": {
        "approved": 0, 
        "translated": 211
    }, 
    "fa-af": {
        "approved": 0, 
        "translated": 72
    }, 
    "fr": {
        "approved": 148781, 
        "translated": 157179
    }, 
    "he": {
        "approved": 9242, 
        "translated": 9257
    }, 
    "hi": {
        "approved": 69702, 
        "pending_since_timestamp": 1461061077.289056, 
        "translated": 87806
    }, 
    "hy": {
        "approved": 0, 
        "translated": 2829
    }, 
    "id": {
        "approved": 0, 
        "translated": 8146
    }, 
    "it": {
        "approved": 0, 
        "translated": 93812
    }, 
    "ja": {
        "approved": 27000, 
        "translated": 58232
    }, 
    "ka": {
        "approved": 117599, 
        "pending_since_timestamp": 1461061077.289056, 
        "translated": 118755
    }, 
    "ko": {
        "approved": 109410, 
        "pending_since_timestamp": 1461057703.710313, 
        "translated": 135518
    }, 
    "lol": {
        "approved": 587, 
        "translated": 7585
    }, 
    "mn": {
        "approved": 74938, 
        "pending_since_timestamp": 1461036552.340965, 
        "translated": 82383
    }, 
    "ms": {
        "approved": 0, 
        "translated": 750
    }, 
    "nb": {
        "approved": 87884, 
        "translated": 88910
    }, 
    "nl": {
        "approved": 55670, 
        "pending_since_timestamp": 1461049904.654564, 
        "translated": 103982
    }, 
    "pl": {
        "approved": 188405, 
        "pending_since_timestamp": 1461059063.686267, 
        "translated": 190636
    }, 
    "pt": {
        "approved": 184806, 
        "pending_since_timestamp": 1461059063.686267, 
        "translated": 365956
    }, 
    "pt-pt": {
        "approved": 17671, 
        "translated": 117595
    }, 
    "ru": {
        "approved": 1176, 
        "translated": 20799
    }, 
    "sr": {
        "approved": 46913, 
        "pending_since_timestamp": 1461061077.289056, 
        "translated": 364715
    }, 
    "sw": {
        "approved": 12143, 
        "translated": 35354
    }, 
    "te": {
        "approved": 0, 
        "translated": 216
    }, 
    "th": {
        "approved": 0, 
        "translated": 127835
    }, 
    "tr": {
        "approved": 169300, 
        "translated": 274819
    }, 
    "uk": {
        "approved": 0, 
        "translated": 2580
    }, 
    "ur": {
        "approved": 0, 
        "translated": 1551
    }, 
    "xh": {
        "approved": 0, 
        "translated": 1
    }, 
    "zh-hans": {
        "approved": 0, 
        "translated": 4101
    }, 
    "zu": {
        "approved": 0, 
        "translated": 23
    }
}