{
    "ar": {
        "approved": 380, 
        "translated": 4319
    }, 
    "bg": {
        "approved": 196459, 
        "translated": 227712
    }, 
    "bn": {
        "approved": 130385, 
        "translated": 141191
    }, 
    "cs": {
        "approved": 11819, 
        "pending_since_timestamp": 1491909978.402754, 
        "translated": 29213
    }, 
    "da": {
        "approved": 72901, 
        "pending_since_timestamp": 1491930419.060253, 
        "translated": 83375
    }, 
    "de": {
        "approved": 205854, 
        "pending_since_timestamp": 1491937139.930473, 
        "translated": 211296
    }, 
    "el": {
        "approved": 1458, 
        "pending_since_timestamp": 1491909978.402754, 
        "translated": 17158
    }, 
    "es": {
        "approved": 341565, 
        "pending_since_timestamp": 1491926813.2323, 
        "translated": 357435
    }, 
    "fa": {
        "approved": 1, 
        "translated": 99
    }, 
    "fa-af": {
        "approved": 31, 
        "translated": 104
    }, 
    "fr": {
        "approved": 227952, 
        "pending_since_timestamp": 1491931848.095973, 
        "translated": 236800
    }, 
    "he": {
        "approved": 6340, 
        "pending_since_timestamp": 1491913395.36067, 
        "translated": 6986
    }, 
    "hi": {
        "approved": 99517, 
        "translated": 115039
    }, 
    "hy": {
        "approved": 7403, 
        "translated": 12285
    }, 
    "id": {
        "approved": 531, 
        "translated": 6415
    }, 
    "it": {
        "approved": 88835, 
        "pending_since_timestamp": 1491930419.060253, 
        "translated": 118097
    }, 
    "ja": {
        "approved": 99822, 
        "pending_since_timestamp": 1491909978.402754, 
        "translated": 117353
    }, 
    "ka": {
        "approved": 192754, 
        "pending_since_timestamp": 1491930419.060253, 
        "translated": 200451
    }, 
    "ko": {
        "approved": 151814, 
        "translated": 163223
    }, 
    "lol": {
        "approved": 391, 
        "translated": 8629
    }, 
    "mn": {
        "approved": 81421, 
        "translated": 100132
    }, 
    "ms": {
        "approved": 29, 
        "translated": 640
    }, 
    "nb": {
        "approved": 93636, 
        "translated": 98660
    }, 
    "nl": {
        "approved": 104546, 
        "translated": 127797
    }, 
    "pl": {
        "approved": 263253, 
        "translated": 263635
    }, 
    "pt": {
        "approved": 269440, 
        "pending_since_timestamp": 1491933792.808013, 
        "translated": 307069
    }, 
    "pt-pt": {
        "approved": 79989, 
        "translated": 112406
    }, 
    "ru": {
        "approved": 1537, 
        "translated": 18481
    }, 
    "sr": {
        "approved": 50582, 
        "translated": 68362
    }, 
    "sw": {
        "approved": 33477, 
        "pending_since_timestamp": 1491892303.576673, 
        "translated": 51480
    }, 
    "te": {
        "approved": 15, 
        "translated": 205
    }, 
    "th": {
        "approved": 301, 
        "translated": 121480
    }, 
    "tr": {
        "approved": 267002, 
        "pending_since_timestamp": 1491928471.218708, 
        "translated": 359239
    }, 
    "uk": {
        "approved": 98, 
        "translated": 2513
    }, 
    "ur": {
        "approved": 92, 
        "translated": 1160
    }, 
    "xh": {
        "approved": 40, 
        "translated": 40
    }, 
    "zh-hans": {
        "approved": 925, 
        "pending_since_timestamp": 1491895277.857785, 
        "translated": 10765
    }, 
    "zu": {
        "approved": 1, 
        "translated": 20
    }
}