{
    "ar": {
        "approved": 0, 
        "translated": 4622
    }, 
    "bg": {
        "approved": 168693, 
        "pending_since_timestamp": 1461432179.723252, 
        "translated": 189473
    }, 
    "bn": {
        "approved": 72601, 
        "translated": 120679
    }, 
    "cs": {
        "approved": 12551, 
        "translated": 29943
    }, 
    "da": {
        "approved": 40124, 
        "pending_since_timestamp": 1461434470.942814, 
        "translated": 88058
    }, 
    "de": {
        "approved": 149160, 
        "pending_since_timestamp": 1461422936.140328, 
        "translated": 149895
    }, 
    "el": {
        "approved": 257, 
        "translated": 7557
    }, 
    "es": {
        "approved": 253773, 
        "pending_since_timestamp": 1461433351.516361, 
        "translated": 369753
    }, 
    "fa": {
        "approved": 0, 
        "translated": 211
    }, 
    "fa-af": {
        "approved": 0, 
        "translated": 72
    }, 
    "fr": {
        "approved": 151289, 
        "translated": 159312
    }, 
    "he": {
        "approved": 9223, 
        "translated": 9236
    }, 
    "hi": {
        "approved": 68762, 
        "pending_since_timestamp": 1461430995.368052, 
        "translated": 87206
    }, 
    "hy": {
        "approved": 0, 
        "translated": 2829
    }, 
    "id": {
        "approved": 0, 
        "translated": 8122
    }, 
    "it": {
        "approved": 0, 
        "pending_since_timestamp": 1461416622.469205, 
        "translated": 93817
    }, 
    "ja": {
        "approved": 27515, 
        "translated": 57849
    }, 
    "ka": {
        "approved": 119083, 
        "pending_since_timestamp": 1461424161.15971, 
        "translated": 119384
    }, 
    "ko": {
        "approved": 108691, 
        "pending_since_timestamp": 1461432179.723252, 
        "translated": 138828
    }, 
    "lol": {
        "approved": 587, 
        "translated": 7578
    }, 
    "mn": {
        "approved": 74731, 
        "translated": 82698
    }, 
    "ms": {
        "approved": 0, 
        "translated": 750
    }, 
    "nb": {
        "approved": 87852, 
        "translated": 88712
    }, 
    "nl": {
        "approved": 55457, 
        "translated": 104904
    }, 
    "pl": {
        "approved": 191740, 
        "pending_since_timestamp": 1461432179.723252, 
        "translated": 192034
    }, 
    "pt": {
        "approved": 186034, 
        "translated": 366864
    }, 
    "pt-pt": {
        "approved": 17629, 
        "pending_since_timestamp": 1461404514.403463, 
        "translated": 116928
    }, 
    "ru": {
        "approved": 1175, 
        "translated": 20697
    }, 
    "sr": {
        "approved": 46862, 
        "pending_since_timestamp": 1461430995.368052, 
        "translated": 365434
    }, 
    "sw": {
        "approved": 11997, 
        "translated": 34976
    }, 
    "te": {
        "approved": 0, 
        "translated": 215
    }, 
    "th": {
        "approved": 0, 
        "translated": 126658
    }, 
    "tr": {
        "approved": 168371, 
        "pending_since_timestamp": 1461426737.15436, 
        "translated": 274943
    }, 
    "uk": {
        "approved": 0, 
        "translated": 2579
    }, 
    "ur": {
        "approved": 0, 
        "translated": 1536
    }, 
    "xh": {
        "approved": 0, 
        "translated": 1
    }, 
    "zh-hans": {
        "approved": 0, 
        "translated": 4084
    }, 
    "zu": {
        "approved": 0, 
        "translated": 23
    }
}