{
    "ar": {
        "approved": 160, 
        "translated": 3665
    }, 
    "bg": {
        "approved": 197861, 
        "translated": 203421
    }, 
    "bn": {
        "approved": 124336, 
        "translated": 138328
    }, 
    "cs": {
        "approved": 12210, 
        "translated": 28912
    }, 
    "da": {
        "approved": 73793, 
        "translated": 81500
    }, 
    "de": {
        "approved": 201401, 
        "translated": 201681
    }, 
    "el": {
        "approved": 999, 
        "pending_since_timestamp": 1485028427.586981, 
        "translated": 15280
    }, 
    "es": {
        "approved": 315792, 
        "translated": 337805
    }, 
    "fa": {
        "approved": 1, 
        "translated": 103
    }, 
    "fa-af": {
        "approved": 31, 
        "translated": 104
    }, 
    "fr": {
        "approved": 212208, 
        "translated": 222039
    }, 
    "he": {
        "approved": 6472, 
        "translated": 7016
    }, 
    "hi": {
        "approved": 96833, 
        "translated": 115493
    }, 
    "hy": {
        "approved": 7182, 
        "pending_since_timestamp": 1485014120.87268, 
        "translated": 12243
    }, 
    "id": {
        "approved": 532, 
        "translated": 6295
    }, 
    "it": {
        "approved": 61000, 
        "pending_since_timestamp": 1485014120.87268, 
        "translated": 111950
    }, 
    "ja": {
        "approved": 99545, 
        "translated": 115906
    }, 
    "ka": {
        "approved": 188465, 
        "translated": 193632
    }, 
    "ko": {
        "approved": 151093, 
        "pending_since_timestamp": 1484876640.194853, 
        "translated": 160577
    }, 
    "lol": {
        "approved": 397, 
        "translated": 8653
    }, 
    "mn": {
        "approved": 73291, 
        "translated": 80800
    }, 
    "ms": {
        "approved": 29, 
        "translated": 685
    }, 
    "nb": {
        "approved": 96029, 
        "translated": 99213
    }, 
    "nl": {
        "approved": 98637, 
        "pending_since_timestamp": 1485021528.210641, 
        "translated": 123995
    }, 
    "pl": {
        "approved": 243901, 
        "pending_since_timestamp": 1485027138.246493, 
        "translated": 244225
    }, 
    "pt": {
        "approved": 248999, 
        "pending_since_timestamp": 1485025790.631606, 
        "translated": 285678
    }, 
    "pt-pt": {
        "approved": 65186, 
        "translated": 91068
    }, 
    "ru": {
        "approved": 1635, 
        "translated": 18061
    }, 
    "sr": {
        "approved": 50824, 
        "translated": 68764
    }, 
    "sw": {
        "approved": 11632, 
        "translated": 31888
    }, 
    "te": {
        "approved": 16, 
        "translated": 214
    }, 
    "th": {
        "approved": 316, 
        "pending_since_timestamp": 1485016809.621331, 
        "translated": 120242
    }, 
    "tr": {
        "approved": 242335, 
        "translated": 324813
    }, 
    "uk": {
        "approved": 98, 
        "translated": 2480
    }, 
    "ur": {
        "approved": 92, 
        "translated": 1202
    }, 
    "xh": {
        "approved": 40, 
        "translated": 40
    }, 
    "zh-hans": {
        "approved": 128, 
        "translated": 5020
    }, 
    "zu": {
        "approved": 1, 
        "translated": 22
    }
}