{
    "ar": {
        "approved": 0, 
        "translated": 4342
    }, 
    "bg": {
        "approved": 197921, 
        "pending_since_timestamp": 1465806115.109791, 
        "translated": 197987
    }, 
    "bn": {
        "approved": 93638, 
        "pending_since_timestamp": 1465792850.977516, 
        "translated": 123170
    }, 
    "cs": {
        "approved": 12268, 
        "translated": 30679
    }, 
    "da": {
        "approved": 75583, 
        "translated": 84252
    }, 
    "de": {
        "approved": 152115, 
        "pending_since_timestamp": 1465792850.977516, 
        "translated": 152130
    }, 
    "el": {
        "approved": 323, 
        "translated": 7393
    }, 
    "es": {
        "approved": 276020, 
        "translated": 375708
    }, 
    "fa": {
        "approved": 0, 
        "translated": 107
    }, 
    "fa-af": {
        "approved": 0, 
        "translated": 72
    }, 
    "fr": {
        "approved": 161720, 
        "translated": 169178
    }, 
    "he": {
        "approved": 8590, 
        "translated": 8600
    }, 
    "hi": {
        "approved": 69857, 
        "pending_since_timestamp": 1465801582.938995, 
        "translated": 105141
    }, 
    "hy": {
        "approved": 0, 
        "translated": 3014
    }, 
    "id": {
        "approved": 0, 
        "translated": 7311
    }, 
    "it": {
        "approved": 0, 
        "pending_since_timestamp": 1465803511.491852, 
        "translated": 95023
    }, 
    "ja": {
        "approved": 30533, 
        "pending_since_timestamp": 1465799817.751139, 
        "translated": 78274
    }, 
    "ka": {
        "approved": 132651, 
        "pending_since_timestamp": 1465803511.491852, 
        "translated": 135194
    }, 
    "ko": {
        "approved": 124895, 
        "pending_since_timestamp": 1465798983.286609, 
        "translated": 142128
    }, 
    "lol": {
        "approved": 603, 
        "translated": 8850
    }, 
    "mn": {
        "approved": 74614, 
        "pending_since_timestamp": 1465794289.018978, 
        "translated": 82788
    }, 
    "ms": {
        "approved": 0, 
        "pending_since_timestamp": 1465568490.645855, 
        "translated": 734
    }, 
    "nb": {
        "approved": 98578, 
        "translated": 101571
    }, 
    "nl": {
        "approved": 80630, 
        "translated": 115984
    }, 
    "pl": {
        "approved": 198446, 
        "translated": 199005
    }, 
    "pt": {
        "approved": 198965, 
        "translated": 372929
    }, 
    "pt-pt": {
        "approved": 18871, 
        "pending_since_timestamp": 1465774845.883436, 
        "translated": 114413
    }, 
    "ru": {
        "approved": 1163, 
        "translated": 19740
    }, 
    "sr": {
        "approved": 44902, 
        "pending_since_timestamp": 1465792850.977516, 
        "translated": 371648
    }, 
    "sw": {
        "approved": 11734, 
        "translated": 33593
    }, 
    "te": {
        "approved": 0, 
        "translated": 215
    }, 
    "th": {
        "approved": 0, 
        "translated": 120821
    }, 
    "tr": {
        "approved": 182954, 
        "pending_since_timestamp": 1465802632.089763, 
        "translated": 277721
    }, 
    "uk": {
        "approved": 0, 
        "translated": 2562
    }, 
    "ur": {
        "approved": 0, 
        "translated": 1465
    }, 
    "xh": {
        "approved": 0, 
        "translated": 1
    }, 
    "zh-hans": {
        "approved": 0, 
        "translated": 5156
    }, 
    "zu": {
        "approved": 0, 
        "translated": 23
    }
}