{
    "ar": {
        "approved": 0, 
        "translated": 4634
    }, 
    "bg": {
        "approved": 170353, 
        "pending_since_timestamp": 1460882212.146522, 
        "translated": 187423
    }, 
    "bn": {
        "approved": 73378, 
        "pending_since_timestamp": 1460882212.146522, 
        "translated": 121977
    }, 
    "cs": {
        "approved": 12764, 
        "pending_since_timestamp": 1460882212.146522, 
        "translated": 30140
    }, 
    "da": {
        "approved": 40055, 
        "pending_since_timestamp": 1460882212.146522, 
        "translated": 88764
    }, 
    "de": {
        "approved": 150073, 
        "pending_since_timestamp": 1460886331.96228, 
        "translated": 150330
    }, 
    "el": {
        "approved": 257, 
        "pending_since_timestamp": 1460868314.140442, 
        "translated": 7378
    }, 
    "es": {
        "approved": 251510, 
        "translated": 368267
    }, 
    "fa": {
        "approved": 0, 
        "translated": 211
    }, 
    "fa-af": {
        "approved": 0, 
        "translated": 72
    }, 
    "fr": {
        "approved": 149357, 
        "translated": 157598
    }, 
    "he": {
        "approved": 9242, 
        "translated": 9257
    }, 
    "hi": {
        "approved": 70116, 
        "translated": 88588
    }, 
    "hy": {
        "approved": 0, 
        "pending_since_timestamp": 1460887712.684009, 
        "translated": 1609
    }, 
    "id": {
        "approved": 0, 
        "translated": 8153
    }, 
    "it": {
        "approved": 0, 
        "translated": 94183
    }, 
    "ja": {
        "approved": 26998, 
        "translated": 58968
    }, 
    "ka": {
        "approved": 116370, 
        "pending_since_timestamp": 1460880827.711823, 
        "translated": 118588
    }, 
    "ko": {
        "approved": 110215, 
        "pending_since_timestamp": 1460879586.603501, 
        "translated": 134373
    }, 
    "lol": {
        "approved": 587, 
        "translated": 7585
    }, 
    "mn": {
        "approved": 75560, 
        "pending_since_timestamp": 1460887712.684009, 
        "translated": 82686
    }, 
    "ms": {
        "approved": 0, 
        "translated": 750
    }, 
    "nb": {
        "approved": 88695, 
        "pending_since_timestamp": 1460882212.146522, 
        "translated": 89736
    }, 
    "nl": {
        "approved": 55527, 
        "pending_since_timestamp": 1460875892.541001, 
        "translated": 104377
    }, 
    "pl": {
        "approved": 187328, 
        "pending_since_timestamp": 1460892941.345871, 
        "translated": 189486
    }, 
    "pt": {
        "approved": 184738, 
        "translated": 365417
    }, 
    "pt-pt": {
        "approved": 17619, 
        "translated": 117913
    }, 
    "ru": {
        "approved": 1176, 
        "pending_since_timestamp": 1460874757.562689, 
        "translated": 20876
    }, 
    "sr": {
        "approved": 47736, 
        "translated": 364241
    }, 
    "sw": {
        "approved": 12156, 
        "translated": 35898
    }, 
    "te": {
        "approved": 0, 
        "translated": 216
    }, 
    "th": {
        "approved": 0, 
        "translated": 128659
    }, 
    "tr": {
        "approved": 170061, 
        "pending_since_timestamp": 1460892941.345871, 
        "translated": 274482
    }, 
    "uk": {
        "approved": 0, 
        "translated": 2580
    }, 
    "ur": {
        "approved": 0, 
        "translated": 1552
    }, 
    "xh": {
        "approved": 0, 
        "translated": 1
    }, 
    "zh-hans": {
        "approved": 0, 
        "translated": 4105
    }, 
    "zu": {
        "approved": 0, 
        "translated": 23
    }
}