{
    "ar": {
        "approved": 0, 
        "translated": 4472
    }, 
    "bg": {
        "approved": 196421, 
        "pending_since_timestamp": 1469984806.868297, 
        "translated": 221382
    }, 
    "bn": {
        "approved": 108154, 
        "pending_since_timestamp": 1469984806.868297, 
        "translated": 129507
    }, 
    "cs": {
        "approved": 12229, 
        "pending_since_timestamp": 1469984806.868297, 
        "translated": 30504
    }, 
    "da": {
        "approved": 75644, 
        "pending_since_timestamp": 1469984806.868297, 
        "translated": 84079
    }, 
    "de": {
        "approved": 158744, 
        "pending_since_timestamp": 1469990924.836363, 
        "translated": 159788
    }, 
    "el": {
        "approved": 372, 
        "translated": 7714
    }, 
    "es": {
        "approved": 288155, 
        "pending_since_timestamp": 1469977974.453344, 
        "translated": 383247
    }, 
    "fa": {
        "approved": 0, 
        "translated": 106
    }, 
    "fa-af": {
        "approved": 0, 
        "translated": 72
    }, 
    "fr": {
        "approved": 166945, 
        "translated": 174198
    }, 
    "he": {
        "approved": 8448, 
        "translated": 8685
    }, 
    "hi": {
        "approved": 68631, 
        "pending_since_timestamp": 1469994097.326151, 
        "translated": 111667
    }, 
    "hy": {
        "approved": 0, 
        "translated": 3014
    }, 
    "id": {
        "approved": 0, 
        "translated": 7218
    }, 
    "it": {
        "approved": 15476, 
        "pending_since_timestamp": 1469984806.868297, 
        "translated": 107701
    }, 
    "ja": {
        "approved": 34237, 
        "pending_since_timestamp": 1469984806.868297, 
        "translated": 80766
    }, 
    "ka": {
        "approved": 145811, 
        "pending_since_timestamp": 1469984806.868297, 
        "translated": 147257
    }, 
    "ko": {
        "approved": 125475, 
        "pending_since_timestamp": 1469984806.868297, 
        "translated": 151051
    }, 
    "lol": {
        "approved": 599, 
        "translated": 8825
    }, 
    "mn": {
        "approved": 75230, 
        "pending_since_timestamp": 1469984806.868297, 
        "translated": 82852
    }, 
    "ms": {
        "approved": 0, 
        "translated": 727
    }, 
    "nb": {
        "approved": 98234, 
        "translated": 101396
    }, 
    "nl": {
        "approved": 80387, 
        "pending_since_timestamp": 1469984806.868297, 
        "translated": 117532
    }, 
    "pl": {
        "approved": 204006, 
        "translated": 204192
    }, 
    "pt": {
        "approved": 204793, 
        "pending_since_timestamp": 1469990924.836363, 
        "translated": 380741
    }, 
    "pt-pt": {
        "approved": 34526, 
        "pending_since_timestamp": 1469970534.046806, 
        "translated": 91139
    }, 
    "ru": {
        "approved": 1191, 
        "pending_since_timestamp": 1469984806.868297, 
        "translated": 19532
    }, 
    "sr": {
        "approved": 45698, 
        "pending_since_timestamp": 1469980938.787445, 
        "translated": 379275
    }, 
    "sw": {
        "approved": 11695, 
        "pending_since_timestamp": 1469984806.868297, 
        "translated": 33447
    }, 
    "te": {
        "approved": 0, 
        "translated": 206
    }, 
    "th": {
        "approved": 0, 
        "pending_since_timestamp": 1469984806.868297, 
        "translated": 119943
    }, 
    "tr": {
        "approved": 206050, 
        "translated": 284408
    }, 
    "uk": {
        "approved": 0, 
        "translated": 2527
    }, 
    "ur": {
        "approved": 0, 
        "translated": 1433
    }, 
    "xh": {
        "approved": 0, 
        "translated": 1
    }, 
    "zh-hans": {
        "approved": 0, 
        "translated": 5140
    }, 
    "zu": {
        "approved": 0, 
        "translated": 22
    }
}