{
    "ar": {
        "approved": 385, 
        "translated": 4403
    }, 
    "bg": {
        "approved": 197228, 
        "translated": 231865
    }, 
    "bn": {
        "approved": 137331, 
        "pending_since_timestamp": 1494784694.371954, 
        "translated": 147703
    }, 
    "cs": {
        "approved": 11703, 
        "translated": 29334
    }, 
    "da": {
        "approved": 71810, 
        "pending_since_timestamp": 1494778584.737811, 
        "translated": 87894
    }, 
    "de": {
        "approved": 213338, 
        "pending_since_timestamp": 1494786264.516623, 
        "translated": 214270
    }, 
    "el": {
        "approved": 1875, 
        "pending_since_timestamp": 1494764448.569926, 
        "translated": 19847
    }, 
    "es": {
        "approved": 346577, 
        "pending_since_timestamp": 1494789015.047405, 
        "translated": 363508
    }, 
    "fa": {
        "approved": 1, 
        "translated": 100
    }, 
    "fa-af": {
        "approved": 31, 
        "translated": 104
    }, 
    "fr": {
        "approved": 232923, 
        "translated": 241162
    }, 
    "he": {
        "approved": 7274, 
        "pending_since_timestamp": 1494777178.878323, 
        "translated": 7405
    }, 
    "hi": {
        "approved": 98409, 
        "translated": 114385
    }, 
    "hy": {
        "approved": 7403, 
        "translated": 12274
    }, 
    "id": {
        "approved": 531, 
        "translated": 6458
    }, 
    "it": {
        "approved": 93066, 
        "translated": 124144
    }, 
    "ja": {
        "approved": 100783, 
        "translated": 119574
    }, 
    "ka": {
        "approved": 194410, 
        "translated": 203375
    }, 
    "ko": {
        "approved": 154697, 
        "translated": 170940
    }, 
    "lol": {
        "approved": 382, 
        "translated": 8598
    }, 
    "mn": {
        "approved": 81312, 
        "translated": 104781
    }, 
    "ms": {
        "approved": 29, 
        "translated": 650
    }, 
    "nb": {
        "approved": 93028, 
        "translated": 98441
    }, 
    "nl": {
        "approved": 106640, 
        "pending_since_timestamp": 1494772704.197853, 
        "translated": 128489
    }, 
    "pl": {
        "approved": 267344, 
        "pending_since_timestamp": 1494786264.516623, 
        "translated": 267486
    }, 
    "pt": {
        "approved": 281749, 
        "pending_since_timestamp": 1494786264.516623, 
        "translated": 317236
    }, 
    "pt-pt": {
        "approved": 86153, 
        "translated": 116524
    }, 
    "ru": {
        "approved": 1535, 
        "translated": 18462
    }, 
    "sr": {
        "approved": 50484, 
        "translated": 68190
    }, 
    "sw": {
        "approved": 42891, 
        "translated": 59370
    }, 
    "te": {
        "approved": 16, 
        "translated": 241
    }, 
    "th": {
        "approved": 301, 
        "pending_since_timestamp": 1494775787.243246, 
        "translated": 118858
    }, 
    "tr": {
        "approved": 263812, 
        "translated": 364434
    }, 
    "uk": {
        "approved": 98, 
        "translated": 2532
    }, 
    "ur": {
        "approved": 92, 
        "translated": 1157
    }, 
    "xh": {
        "approved": 40, 
        "translated": 40
    }, 
    "zh-hans": {
        "approved": 5062, 
        "pending_since_timestamp": 1494763010.410639, 
        "translated": 27372
    }, 
    "zu": {
        "approved": 1, 
        "translated": 20
    }
}