{
    "ar": {
        "approved": 1049, 
        "translated": 4586
    }, 
    "bg": {
        "approved": 216899, 
        "pending_since_timestamp": 1479135199.819678, 
        "translated": 236268
    }, 
    "bn": {
        "approved": 122751, 
        "translated": 138922
    }, 
    "cs": {
        "approved": 13071, 
        "translated": 30242
    }, 
    "da": {
        "approved": 79791, 
        "translated": 87467
    }, 
    "de": {
        "approved": 190340, 
        "translated": 190390
    }, 
    "el": {
        "approved": 2115, 
        "translated": 9969
    }, 
    "es": {
        "approved": 339941, 
        "pending_since_timestamp": 1479113394.13751, 
        "translated": 357183
    }, 
    "fa": {
        "approved": 2, 
        "translated": 105
    }, 
    "fa-af": {
        "approved": 0, 
        "translated": 72
    }, 
    "fr": {
        "approved": 203338, 
        "pending_since_timestamp": 1479152093.143341, 
        "translated": 214540
    }, 
    "he": {
        "approved": 8992, 
        "translated": 9555
    }, 
    "hi": {
        "approved": 95474, 
        "translated": 116365
    }, 
    "hy": {
        "approved": 68, 
        "translated": 3495
    }, 
    "id": {
        "approved": 1537, 
        "translated": 7622
    }, 
    "it": {
        "approved": 64757, 
        "pending_since_timestamp": 1479106389.964951, 
        "translated": 116340
    }, 
    "ja": {
        "approved": 43477, 
        "pending_since_timestamp": 1479119817.132218, 
        "translated": 86175
    }, 
    "ka": {
        "approved": 186589, 
        "translated": 191757
    }, 
    "ko": {
        "approved": 144802, 
        "translated": 162545
    }, 
    "lol": {
        "approved": 595, 
        "translated": 8801
    }, 
    "mn": {
        "approved": 75040, 
        "translated": 82616
    }, 
    "ms": {
        "approved": 358, 
        "translated": 1019
    }, 
    "nb": {
        "approved": 97974, 
        "translated": 101060
    }, 
    "nl": {
        "approved": 96858, 
        "pending_since_timestamp": 1479156498.597159, 
        "translated": 123127
    }, 
    "pl": {
        "approved": 242302, 
        "pending_since_timestamp": 1479160659.891335, 
        "translated": 242944
    }, 
    "pt": {
        "approved": 244671, 
        "pending_since_timestamp": 1479154475.401744, 
        "translated": 286450
    }, 
    "pt-pt": {
        "approved": 54878, 
        "pending_since_timestamp": 1479127288.428745, 
        "translated": 83158
    }, 
    "ru": {
        "approved": 3234, 
        "translated": 20347
    }, 
    "sr": {
        "approved": 53303, 
        "translated": 70686
    }, 
    "sw": {
        "approved": 12783, 
        "pending_since_timestamp": 1479127288.428745, 
        "translated": 33696
    }, 
    "te": {
        "approved": 17, 
        "pending_since_timestamp": 1478608196.385763, 
        "translated": 217
    }, 
    "th": {
        "approved": 1208, 
        "translated": 119515
    }, 
    "tr": {
        "approved": 249319, 
        "translated": 327961
    }, 
    "uk": {
        "approved": 225, 
        "translated": 2607
    }, 
    "ur": {
        "approved": 371, 
        "translated": 1499
    }, 
    "xh": {
        "approved": 0, 
        "translated": 1
    }, 
    "zh-hans": {
        "approved": 603, 
        "translated": 5544
    }, 
    "zu": {
        "approved": 1, 
        "translated": 22
    }
}