{
    "ar": {
        "approved": 1277, 
        "translated": 4795
    }, 
    "bg": {
        "approved": 227251, 
        "translated": 248312
    }, 
    "bn": {
        "approved": 127502, 
        "pending_since_timestamp": 1480084181.248083, 
        "translated": 141445
    }, 
    "cs": {
        "approved": 13290, 
        "pending_since_timestamp": 1480084181.248083, 
        "translated": 30010
    }, 
    "da": {
        "approved": 81448, 
        "pending_since_timestamp": 1480084181.248083, 
        "translated": 89089
    }, 
    "de": {
        "approved": 195939, 
        "pending_since_timestamp": 1480084181.248083, 
        "translated": 207288
    }, 
    "el": {
        "approved": 2576, 
        "translated": 10022
    }, 
    "es": {
        "approved": 367712, 
        "translated": 384999
    }, 
    "fa": {
        "approved": 3, 
        "translated": 106
    }, 
    "fa-af": {
        "approved": 31, 
        "translated": 104
    }, 
    "fr": {
        "approved": 208976, 
        "translated": 221288
    }, 
    "he": {
        "approved": 9995, 
        "translated": 10549
    }, 
    "hi": {
        "approved": 96681, 
        "pending_since_timestamp": 1480084181.248083, 
        "translated": 116019
    }, 
    "hy": {
        "approved": 705, 
        "pending_since_timestamp": 1480070085.719452, 
        "translated": 6896
    }, 
    "id": {
        "approved": 2112, 
        "translated": 7925
    }, 
    "it": {
        "approved": 66661, 
        "pending_since_timestamp": 1480084181.248083, 
        "translated": 118139
    }, 
    "ja": {
        "approved": 82973, 
        "translated": 118144
    }, 
    "ka": {
        "approved": 187201, 
        "pending_since_timestamp": 1480084181.248083, 
        "translated": 192655
    }, 
    "ko": {
        "approved": 148896, 
        "pending_since_timestamp": 1480070085.719452, 
        "translated": 167543
    }, 
    "lol": {
        "approved": 595, 
        "translated": 8801
    }, 
    "mn": {
        "approved": 74430, 
        "pending_since_timestamp": 1480084181.248083, 
        "translated": 82009
    }, 
    "ms": {
        "approved": 392, 
        "translated": 1056
    }, 
    "nb": {
        "approved": 97413, 
        "pending_since_timestamp": 1480084181.248083, 
        "translated": 100481
    }, 
    "nl": {
        "approved": 98613, 
        "pending_since_timestamp": 1480072257.348621, 
        "translated": 125353
    }, 
    "pl": {
        "approved": 253971, 
        "pending_since_timestamp": 1480084181.248083, 
        "translated": 254600
    }, 
    "pt": {
        "approved": 250326, 
        "pending_since_timestamp": 1480089646.793278, 
        "translated": 291953
    }, 
    "pt-pt": {
        "approved": 62619, 
        "pending_since_timestamp": 1480084181.248083, 
        "translated": 90385
    }, 
    "ru": {
        "approved": 3668, 
        "pending_since_timestamp": 1480084181.248083, 
        "translated": 20254
    }, 
    "sr": {
        "approved": 53289, 
        "pending_since_timestamp": 1480084181.248083, 
        "translated": 71098
    }, 
    "sw": {
        "approved": 12941, 
        "pending_since_timestamp": 1480084181.248083, 
        "translated": 33145
    }, 
    "te": {
        "approved": 34, 
        "translated": 234
    }, 
    "th": {
        "approved": 1546, 
        "pending_since_timestamp": 1480084181.248083, 
        "translated": 119066
    }, 
    "tr": {
        "approved": 262931, 
        "pending_since_timestamp": 1480084181.248083, 
        "translated": 345008
    }, 
    "uk": {
        "approved": 337, 
        "translated": 2721
    }, 
    "ur": {
        "approved": 480, 
        "translated": 1600
    }, 
    "xh": {
        "approved": 40, 
        "translated": 41
    }, 
    "zh-hans": {
        "approved": 744, 
        "translated": 5688
    }, 
    "zu": {
        "approved": 2, 
        "translated": 23
    }
}