{
    "ar": {
        "approved": 1049, 
        "translated": 4586
    }, 
    "bg": {
        "approved": 216901, 
        "pending_since_timestamp": 1478882677.802149, 
        "translated": 236900
    }, 
    "bn": {
        "approved": 121838, 
        "translated": 137950
    }, 
    "cs": {
        "approved": 13074, 
        "translated": 30246
    }, 
    "da": {
        "approved": 79791, 
        "pending_since_timestamp": 1478872969.506938, 
        "translated": 87456
    }, 
    "de": {
        "approved": 189061, 
        "pending_since_timestamp": 1478872969.506938, 
        "translated": 189783
    }, 
    "el": {
        "approved": 2115, 
        "translated": 9969
    }, 
    "es": {
        "approved": 340177, 
        "pending_since_timestamp": 1478851479.510908, 
        "translated": 356724
    }, 
    "fa": {
        "approved": 2, 
        "translated": 105
    }, 
    "fa-af": {
        "approved": 0, 
        "translated": 72
    }, 
    "fr": {
        "approved": 202273, 
        "translated": 213463
    }, 
    "he": {
        "approved": 8992, 
        "translated": 9555
    }, 
    "hi": {
        "approved": 95477, 
        "translated": 116368
    }, 
    "hy": {
        "approved": 27, 
        "translated": 3109
    }, 
    "id": {
        "approved": 1537, 
        "translated": 7622
    }, 
    "it": {
        "approved": 64751, 
        "translated": 115973
    }, 
    "ja": {
        "approved": 43481, 
        "pending_since_timestamp": 1478872969.506938, 
        "translated": 86064
    }, 
    "ka": {
        "approved": 185729, 
        "translated": 190396
    }, 
    "ko": {
        "approved": 144785, 
        "pending_since_timestamp": 1478872969.506938, 
        "translated": 162546
    }, 
    "lol": {
        "approved": 595, 
        "translated": 8801
    }, 
    "mn": {
        "approved": 75044, 
        "pending_since_timestamp": 1478872969.506938, 
        "translated": 82619
    }, 
    "ms": {
        "approved": 358, 
        "translated": 1019
    }, 
    "nb": {
        "approved": 97976, 
        "translated": 101062
    }, 
    "nl": {
        "approved": 96861, 
        "translated": 123112
    }, 
    "pl": {
        "approved": 239681, 
        "pending_since_timestamp": 1478876194.152948, 
        "translated": 240238
    }, 
    "pt": {
        "approved": 243684, 
        "pending_since_timestamp": 1478878579.609376, 
        "translated": 285963
    }, 
    "pt-pt": {
        "approved": 54815, 
        "pending_since_timestamp": 1478872969.506938, 
        "translated": 83102
    }, 
    "ru": {
        "approved": 3234, 
        "translated": 20298
    }, 
    "sr": {
        "approved": 53304, 
        "pending_since_timestamp": 1478872969.506938, 
        "translated": 70686
    }, 
    "sw": {
        "approved": 12783, 
        "translated": 33694
    }, 
    "te": {
        "approved": 17, 
        "pending_since_timestamp": 1478608196.385763, 
        "translated": 217
    }, 
    "th": {
        "approved": 1208, 
        "translated": 119518
    }, 
    "tr": {
        "approved": 249320, 
        "translated": 327123
    }, 
    "uk": {
        "approved": 225, 
        "translated": 2607
    }, 
    "ur": {
        "approved": 371, 
        "translated": 1499
    }, 
    "xh": {
        "approved": 0, 
        "translated": 1
    }, 
    "zh-hans": {
        "approved": 603, 
        "translated": 5544
    }, 
    "zu": {
        "approved": 1, 
        "translated": 22
    }
}