{
    "ar": {
        "approved": 385, 
        "translated": 4411
    }, 
    "bg": {
        "approved": 232152, 
        "pending_since_timestamp": 1494952097.62521, 
        "translated": 232271
    }, 
    "bn": {
        "approved": 137605, 
        "pending_since_timestamp": 1494953925.46957, 
        "translated": 147937
    }, 
    "cs": {
        "approved": 11703, 
        "translated": 29334
    }, 
    "da": {
        "approved": 71810, 
        "pending_since_timestamp": 1494936043.93331, 
        "translated": 89161
    }, 
    "de": {
        "approved": 213780, 
        "pending_since_timestamp": 1494962273.214136, 
        "translated": 214577
    }, 
    "el": {
        "approved": 1886, 
        "pending_since_timestamp": 1494932170.890244, 
        "translated": 19932
    }, 
    "es": {
        "approved": 346773, 
        "pending_since_timestamp": 1494958585.385193, 
        "translated": 363694
    }, 
    "fa": {
        "approved": 1, 
        "translated": 100
    }, 
    "fa-af": {
        "approved": 31, 
        "translated": 104
    }, 
    "fr": {
        "approved": 233566, 
        "translated": 241599
    }, 
    "he": {
        "approved": 7274, 
        "pending_since_timestamp": 1494960603.369701, 
        "translated": 7434
    }, 
    "hi": {
        "approved": 98409, 
        "translated": 114385
    }, 
    "hy": {
        "approved": 7403, 
        "translated": 12274
    }, 
    "id": {
        "approved": 531, 
        "translated": 6458
    }, 
    "it": {
        "approved": 93065, 
        "translated": 124142
    }, 
    "ja": {
        "approved": 100835, 
        "pending_since_timestamp": 1494943152.512356, 
        "translated": 119782
    }, 
    "ka": {
        "approved": 194749, 
        "translated": 203692
    }, 
    "ko": {
        "approved": 156267, 
        "translated": 171433
    }, 
    "lol": {
        "approved": 382, 
        "translated": 8598
    }, 
    "mn": {
        "approved": 81312, 
        "translated": 104781
    }, 
    "ms": {
        "approved": 29, 
        "translated": 650
    }, 
    "nb": {
        "approved": 93028, 
        "translated": 100254
    }, 
    "nl": {
        "approved": 107000, 
        "translated": 128572
    }, 
    "pl": {
        "approved": 267606, 
        "pending_since_timestamp": 1494956324.227504, 
        "translated": 267802
    }, 
    "pt": {
        "approved": 281821, 
        "pending_since_timestamp": 1494948075.296332, 
        "translated": 317466
    }, 
    "pt-pt": {
        "approved": 86780, 
        "translated": 116820
    }, 
    "ru": {
        "approved": 1535, 
        "translated": 18461
    }, 
    "sr": {
        "approved": 50484, 
        "translated": 68190
    }, 
    "sw": {
        "approved": 43503, 
        "pending_since_timestamp": 1494913463.432967, 
        "translated": 59564
    }, 
    "te": {
        "approved": 16, 
        "translated": 241
    }, 
    "th": {
        "approved": 301, 
        "pending_since_timestamp": 1494910621.276801, 
        "translated": 119889
    }, 
    "tr": {
        "approved": 263809, 
        "translated": 364460
    }, 
    "uk": {
        "approved": 98, 
        "translated": 2532
    }, 
    "ur": {
        "approved": 92, 
        "translated": 1162
    }, 
    "xh": {
        "approved": 40, 
        "translated": 40
    }, 
    "zh-hans": {
        "approved": 5280, 
        "pending_since_timestamp": 1494913463.432967, 
        "translated": 27475
    }, 
    "zu": {
        "approved": 1, 
        "translated": 20
    }
}