{
    "ar": {
        "approved": 0, 
        "pending_since_timestamp": 1450356641.854669, 
        "translated": 4315
    }, 
    "bg": {
        "approved": 119819, 
        "pending_since_timestamp": 1450362324.532486, 
        "translated": 164459
    }, 
    "bn": {
        "approved": 39657, 
        "pending_since_timestamp": 1450369976.895664, 
        "translated": 74258
    }, 
    "cs": {
        "approved": 13493, 
        "translated": 30006
    }, 
    "da": {
        "approved": 40265, 
        "translated": 72839
    }, 
    "de": {
        "approved": 108759, 
        "translated": 108910
    }, 
    "el": {
        "approved": 0, 
        "pending_since_timestamp": 1450352048.480223, 
        "translated": 6845
    }, 
    "es": {
        "approved": 201281, 
        "pending_since_timestamp": 1450366167.655183, 
        "translated": 304179
    }, 
    "fa": {
        "approved": 0, 
        "translated": 249
    }, 
    "fa-af": {
        "approved": 0, 
        "translated": 10
    }, 
    "fr": {
        "approved": 109299, 
        "translated": 114748
    }, 
    "he": {
        "approved": 8577, 
        "translated": 9157
    }, 
    "hi": {
        "approved": 71405, 
        "pending_since_timestamp": 1450370873.975482, 
        "translated": 73379
    }, 
    "hy": {
        "approved": 0, 
        "translated": 132
    }, 
    "id": {
        "approved": 0, 
        "pending_since_timestamp": 1450362324.532486, 
        "translated": 9160
    }, 
    "it": {
        "approved": 0, 
        "pending_since_timestamp": 1450366167.655183, 
        "translated": 58033
    }, 
    "ja": {
        "approved": 22088, 
        "translated": 53854
    }, 
    "ko": {
        "approved": 77410, 
        "translated": 88270
    }, 
    "lol": {
        "approved": 704, 
        "translated": 5601
    }, 
    "mn": {
        "approved": 26085, 
        "pending_since_timestamp": 1450366167.655183, 
        "translated": 45995
    }, 
    "ms": {
        "approved": 0, 
        "translated": 804
    }, 
    "nb": {
        "approved": 88269, 
        "translated": 88815
    }, 
    "nl": {
        "approved": 50246, 
        "translated": 73297
    }, 
    "pl": {
        "approved": 119793, 
        "pending_since_timestamp": 1450363199.439337, 
        "translated": 128782
    }, 
    "pt": {
        "approved": 160990, 
        "pending_since_timestamp": 1450369976.895664, 
        "translated": 301391
    }, 
    "pt-pt": {
        "approved": 13962, 
        "translated": 79569
    }, 
    "ru": {
        "approved": 1228, 
        "translated": 14236
    }, 
    "sr": {
        "approved": 35964, 
        "translated": 300142
    }, 
    "sw": {
        "approved": 12988, 
        "translated": 32700
    }, 
    "te": {
        "approved": 0, 
        "translated": 202
    }, 
    "th": {
        "approved": 0, 
        "translated": 129809
    }, 
    "tr": {
        "approved": 173578, 
        "pending_since_timestamp": 1450370873.975482, 
        "translated": 215118
    }, 
    "uk": {
        "approved": 0, 
        "translated": 1930
    }, 
    "ur": {
        "approved": 0, 
        "translated": 1624
    }, 
    "xh": {
        "approved": 0, 
        "translated": 1
    }, 
    "zh-hans": {
        "approved": 0, 
        "translated": 4554
    }, 
    "zu": {
        "approved": 0, 
        "translated": 29
    }
}