{
    "ar": {
        "approved": 255, 
        "translated": 4051
    }, 
    "bg": {
        "approved": 198064, 
        "pending_since_timestamp": 1488230057.914053, 
        "translated": 214625
    }, 
    "bn": {
        "approved": 127390, 
        "translated": 140677
    }, 
    "cs": {
        "approved": 12206, 
        "translated": 28903
    }, 
    "da": {
        "approved": 74385, 
        "translated": 81600
    }, 
    "de": {
        "approved": 203593, 
        "pending_since_timestamp": 1488230057.914053, 
        "translated": 203770
    }, 
    "el": {
        "approved": 1214, 
        "translated": 16255
    }, 
    "es": {
        "approved": 334820, 
        "pending_since_timestamp": 1488213068.561762, 
        "translated": 351467
    }, 
    "fa": {
        "approved": 1, 
        "translated": 103
    }, 
    "fa-af": {
        "approved": 31, 
        "translated": 104
    }, 
    "fr": {
        "approved": 221425, 
        "pending_since_timestamp": 1488227556.790976, 
        "translated": 229304
    }, 
    "he": {
        "approved": 6492, 
        "translated": 7038
    }, 
    "hi": {
        "approved": 100298, 
        "translated": 115654
    }, 
    "hy": {
        "approved": 7405, 
        "translated": 12321
    }, 
    "id": {
        "approved": 532, 
        "translated": 6441
    }, 
    "it": {
        "approved": 66981, 
        "translated": 115120
    }, 
    "ja": {
        "approved": 99939, 
        "translated": 117044
    }, 
    "ka": {
        "approved": 192373, 
        "translated": 197274
    }, 
    "ko": {
        "approved": 153471, 
        "translated": 162944
    }, 
    "lol": {
        "approved": 397, 
        "translated": 8647
    }, 
    "mn": {
        "approved": 79859, 
        "translated": 89902
    }, 
    "ms": {
        "approved": 29, 
        "translated": 682
    }, 
    "nb": {
        "approved": 95984, 
        "translated": 99184
    }, 
    "nl": {
        "approved": 103427, 
        "translated": 127127
    }, 
    "pl": {
        "approved": 254353, 
        "pending_since_timestamp": 1488228841.312488, 
        "translated": 254598
    }, 
    "pt": {
        "approved": 258184, 
        "pending_since_timestamp": 1488226290.803818, 
        "translated": 295182
    }, 
    "pt-pt": {
        "approved": 71678, 
        "pending_since_timestamp": 1488223808.172885, 
        "translated": 104828
    }, 
    "ru": {
        "approved": 1634, 
        "translated": 18386
    }, 
    "sr": {
        "approved": 50791, 
        "translated": 68715
    }, 
    "sw": {
        "approved": 11627, 
        "translated": 31945
    }, 
    "te": {
        "approved": 16, 
        "translated": 214
    }, 
    "th": {
        "approved": 316, 
        "translated": 122097
    }, 
    "tr": {
        "approved": 249901, 
        "translated": 331373
    }, 
    "uk": {
        "approved": 98, 
        "translated": 2516
    }, 
    "ur": {
        "approved": 92, 
        "translated": 1200
    }, 
    "xh": {
        "approved": 40, 
        "translated": 40
    }, 
    "zh-hans": {
        "approved": 142, 
        "pending_since_timestamp": 1488219987.796073, 
        "translated": 5473
    }, 
    "zu": {
        "approved": 1, 
        "translated": 22
    }
}