{
    "ar": {
        "approved": 259, 
        "translated": 4072
    }, 
    "bg": {
        "approved": 198064, 
        "pending_since_timestamp": 1488299033.365277, 
        "translated": 215039
    }, 
    "bn": {
        "approved": 127423, 
        "pending_since_timestamp": 1488295965.617869, 
        "translated": 140708
    }, 
    "cs": {
        "approved": 12206, 
        "translated": 28903
    }, 
    "da": {
        "approved": 74385, 
        "pending_since_timestamp": 1488292402.014329, 
        "translated": 81600
    }, 
    "de": {
        "approved": 203595, 
        "translated": 203808
    }, 
    "el": {
        "approved": 1214, 
        "translated": 16255
    }, 
    "es": {
        "approved": 335453, 
        "pending_since_timestamp": 1488269845.525686, 
        "translated": 351507
    }, 
    "fa": {
        "approved": 1, 
        "translated": 103
    }, 
    "fa-af": {
        "approved": 31, 
        "translated": 104
    }, 
    "fr": {
        "approved": 222130, 
        "pending_since_timestamp": 1488297553.179938, 
        "translated": 229770
    }, 
    "he": {
        "approved": 6492, 
        "translated": 7038
    }, 
    "hi": {
        "approved": 100323, 
        "translated": 115665
    }, 
    "hy": {
        "approved": 7405, 
        "translated": 12321
    }, 
    "id": {
        "approved": 532, 
        "translated": 6441
    }, 
    "it": {
        "approved": 66981, 
        "translated": 115176
    }, 
    "ja": {
        "approved": 99939, 
        "translated": 117044
    }, 
    "ka": {
        "approved": 192373, 
        "translated": 197457
    }, 
    "ko": {
        "approved": 153733, 
        "pending_since_timestamp": 1488293838.029325, 
        "translated": 162958
    }, 
    "lol": {
        "approved": 397, 
        "translated": 8647
    }, 
    "mn": {
        "approved": 79859, 
        "translated": 89902
    }, 
    "ms": {
        "approved": 29, 
        "translated": 682
    }, 
    "nb": {
        "approved": 95984, 
        "translated": 99184
    }, 
    "nl": {
        "approved": 103427, 
        "pending_since_timestamp": 1488288930.022584, 
        "translated": 127127
    }, 
    "pl": {
        "approved": 254406, 
        "translated": 254702
    }, 
    "pt": {
        "approved": 258222, 
        "pending_since_timestamp": 1488302049.860353, 
        "translated": 295471
    }, 
    "pt-pt": {
        "approved": 71871, 
        "pending_since_timestamp": 1488300391.026846, 
        "translated": 104983
    }, 
    "ru": {
        "approved": 1634, 
        "translated": 18386
    }, 
    "sr": {
        "approved": 50791, 
        "translated": 68715
    }, 
    "sw": {
        "approved": 11627, 
        "pending_since_timestamp": 1488264506.406812, 
        "translated": 31945
    }, 
    "te": {
        "approved": 16, 
        "translated": 214
    }, 
    "th": {
        "approved": 316, 
        "translated": 122097
    }, 
    "tr": {
        "approved": 249901, 
        "pending_since_timestamp": 1488302049.860353, 
        "translated": 331401
    }, 
    "uk": {
        "approved": 98, 
        "translated": 2516
    }, 
    "ur": {
        "approved": 92, 
        "translated": 1200
    }, 
    "xh": {
        "approved": 40, 
        "translated": 40
    }, 
    "zh-hans": {
        "approved": 142, 
        "pending_since_timestamp": 1488272522.838329, 
        "translated": 5506
    }, 
    "zu": {
        "approved": 1, 
        "translated": 22
    }
}