{
    "ar": {
        "approved": 0, 
        "pending_since_timestamp": 1474469257.984705, 
        "translated": 4274
    }, 
    "bg": {
        "approved": 176325, 
        "translated": 198133
    }, 
    "bn": {
        "approved": 110864, 
        "translated": 128053
    }, 
    "cs": {
        "approved": 12085, 
        "pending_since_timestamp": 1474469257.984705, 
        "translated": 29846
    }, 
    "da": {
        "approved": 74749, 
        "pending_since_timestamp": 1474469257.984705, 
        "translated": 82747
    }, 
    "de": {
        "approved": 170031, 
        "pending_since_timestamp": 1474493556.682582, 
        "translated": 170156
    }, 
    "el": {
        "approved": 351, 
        "translated": 8220
    }, 
    "es": {
        "approved": 267084, 
        "pending_since_timestamp": 1474500474.765943, 
        "translated": 363126
    }, 
    "fa": {
        "approved": 0, 
        "translated": 104
    }, 
    "fa-af": {
        "approved": 0, 
        "translated": 72
    }, 
    "fr": {
        "approved": 169147, 
        "translated": 178162
    }, 
    "he": {
        "approved": 7856, 
        "pending_since_timestamp": 1474469257.984705, 
        "translated": 8207
    }, 
    "hi": {
        "approved": 91724, 
        "translated": 113296
    }, 
    "hy": {
        "approved": 0, 
        "pending_since_timestamp": 1474469257.984705, 
        "translated": 2998
    }, 
    "id": {
        "approved": 0, 
        "pending_since_timestamp": 1474469257.984705, 
        "translated": 6978
    }, 
    "it": {
        "approved": 39943, 
        "pending_since_timestamp": 1474469257.984705, 
        "translated": 107297
    }, 
    "ja": {
        "approved": 36964, 
        "pending_since_timestamp": 1474469257.984705, 
        "translated": 81548
    }, 
    "ka": {
        "approved": 166749, 
        "pending_since_timestamp": 1474486145.634557, 
        "translated": 167932
    }, 
    "ko": {
        "approved": 124554, 
        "translated": 146659
    }, 
    "lol": {
        "approved": 599, 
        "translated": 8810
    }, 
    "mn": {
        "approved": 74863, 
        "pending_since_timestamp": 1474469257.984705, 
        "translated": 82452
    }, 
    "ms": {
        "approved": 0, 
        "pending_since_timestamp": 1474469257.984705, 
        "translated": 694
    }, 
    "nb": {
        "approved": 97218, 
        "translated": 100319
    }, 
    "nl": {
        "approved": 85218, 
        "pending_since_timestamp": 1474469257.984705, 
        "translated": 118094
    }, 
    "pl": {
        "approved": 204873, 
        "pending_since_timestamp": 1474500474.765943, 
        "translated": 205114
    }, 
    "pt": {
        "approved": 206379, 
        "translated": 362306
    }, 
    "pt-pt": {
        "approved": 43969, 
        "pending_since_timestamp": 1474469257.984705, 
        "translated": 78320
    }, 
    "ru": {
        "approved": 1170, 
        "pending_since_timestamp": 1474469257.984705, 
        "translated": 18900
    }, 
    "sr": {
        "approved": 51541, 
        "translated": 362018
    }, 
    "sw": {
        "approved": 11551, 
        "pending_since_timestamp": 1474469257.984705, 
        "translated": 32964
    }, 
    "te": {
        "approved": 0, 
        "pending_since_timestamp": 1474469257.984705, 
        "translated": 209
    }, 
    "th": {
        "approved": 0, 
        "pending_since_timestamp": 1474469257.984705, 
        "translated": 119095
    }, 
    "tr": {
        "approved": 204786, 
        "translated": 290044
    }, 
    "uk": {
        "approved": 0, 
        "pending_since_timestamp": 1474469257.984705, 
        "translated": 2486
    }, 
    "ur": {
        "approved": 0, 
        "pending_since_timestamp": 1474469257.984705, 
        "translated": 1374
    }, 
    "xh": {
        "approved": 0, 
        "translated": 1
    }, 
    "zh-hans": {
        "approved": 0, 
        "pending_since_timestamp": 1474469257.984705, 
        "translated": 5014
    }, 
    "zu": {
        "approved": 0, 
        "translated": 21
    }
}