{
    "ar": {
        "approved": 380, 
        "translated": 4394
    }, 
    "bg": {
        "approved": 234089, 
        "pending_since_timestamp": 1497867747.363447, 
        "translated": 240168
    }, 
    "bn": {
        "approved": 140935, 
        "translated": 149722
    }, 
    "cs": {
        "approved": 43143, 
        "translated": 66597
    }, 
    "da": {
        "approved": 71688, 
        "translated": 93406
    }, 
    "de": {
        "approved": 213755, 
        "translated": 215864
    }, 
    "el": {
        "approved": 2192, 
        "pending_since_timestamp": 1497875191.015841, 
        "translated": 22195
    }, 
    "es": {
        "approved": 351425, 
        "translated": 368054
    }, 
    "fa": {
        "approved": 1, 
        "translated": 148
    }, 
    "fa-af": {
        "approved": 31, 
        "translated": 104
    }, 
    "fr": {
        "approved": 238867, 
        "pending_since_timestamp": 1497871458.683565, 
        "translated": 246693
    }, 
    "he": {
        "approved": 7142, 
        "translated": 7472
    }, 
    "hi": {
        "approved": 98264, 
        "translated": 114261
    }, 
    "hy": {
        "approved": 7403, 
        "translated": 12230
    }, 
    "id": {
        "approved": 531, 
        "translated": 6430
    }, 
    "it": {
        "approved": 93273, 
        "pending_since_timestamp": 1497861206.182884, 
        "translated": 126843
    }, 
    "ja": {
        "approved": 101160, 
        "translated": 121405
    }, 
    "ka": {
        "approved": 202818, 
        "translated": 208836
    }, 
    "ko": {
        "approved": 162930, 
        "translated": 174932
    }, 
    "lol": {
        "approved": 382, 
        "translated": 8546
    }, 
    "mn": {
        "approved": 81142, 
        "translated": 107989
    }, 
    "ms": {
        "approved": 29, 
        "translated": 757
    }, 
    "nb": {
        "approved": 130078, 
        "pending_since_timestamp": 1497867747.363447, 
        "translated": 135070
    }, 
    "nl": {
        "approved": 107610, 
        "translated": 129450
    }, 
    "pl": {
        "approved": 272378, 
        "pending_since_timestamp": 1497867747.363447, 
        "translated": 273116
    }, 
    "pt": {
        "approved": 289368, 
        "pending_since_timestamp": 1497875191.015841, 
        "translated": 327480
    }, 
    "pt-pt": {
        "approved": 90582, 
        "pending_since_timestamp": 1497862748.104456, 
        "translated": 121067
    }, 
    "ru": {
        "approved": 1531, 
        "translated": 18387
    }, 
    "sr": {
        "approved": 50359, 
        "translated": 68011
    }, 
    "sw": {
        "approved": 49140, 
        "translated": 62629
    }, 
    "te": {
        "approved": 16, 
        "translated": 243
    }, 
    "th": {
        "approved": 303, 
        "translated": 132718
    }, 
    "tr": {
        "approved": 268306, 
        "translated": 369453
    }, 
    "uk": {
        "approved": 98, 
        "translated": 2513
    }, 
    "ur": {
        "approved": 92, 
        "translated": 1253
    }, 
    "xh": {
        "approved": 40, 
        "translated": 40
    }, 
    "zh-hans": {
        "approved": 6424, 
        "pending_since_timestamp": 1497856255.047556, 
        "translated": 38754
    }, 
    "zu": {
        "approved": 1, 
        "translated": 20
    }
}