{
    "af": {
        "approved": 20, 
        "translated": 1568
    }, 
    "am": {
        "approved": 0, 
        "translated": 0
    }, 
    "ar": {
        "approved": 389, 
        "pending_since_timestamp": 1512372839.804031, 
        "translated": 11653
    }, 
    "az": {
        "approved": 36096, 
        "translated": 37544
    }, 
    "bg": {
        "approved": 269804, 
        "pending_since_timestamp": 1512418121.081566, 
        "translated": 270159
    }, 
    "bn": {
        "approved": 148790, 
        "translated": 155678
    }, 
    "ca": {
        "approved": 3, 
        "translated": 2179
    }, 
    "cs": {
        "approved": 49640, 
        "pending_since_timestamp": 1512379629.91037, 
        "translated": 80550
    }, 
    "da": {
        "approved": 77172, 
        "pending_since_timestamp": 1512329096.406479, 
        "translated": 100215
    }, 
    "de": {
        "approved": 262022, 
        "pending_since_timestamp": 1512393078.418608, 
        "translated": 514379
    }, 
    "el": {
        "approved": 3561, 
        "translated": 22067
    }, 
    "es": {
        "approved": 379379, 
        "pending_since_timestamp": 1512407226.476274, 
        "translated": 396437
    }, 
    "et": {
        "approved": 45280, 
        "translated": 46666
    }, 
    "fa": {
        "approved": 1, 
        "translated": 205
    }, 
    "fa-af": {
        "approved": 31, 
        "translated": 104
    }, 
    "fi": {
        "approved": 12421, 
        "translated": 13491
    }, 
    "fil": {
        "approved": 0, 
        "translated": 1
    }, 
    "fr": {
        "approved": 263783, 
        "pending_since_timestamp": 1512376213.615109, 
        "translated": 267356
    }, 
    "gu": {
        "approved": 33827, 
        "translated": 36673
    }, 
    "he": {
        "approved": 6928, 
        "translated": 7506
    }, 
    "hi": {
        "approved": 149099, 
        "translated": 166226
    }, 
    "hr": {
        "approved": 11082, 
        "translated": 16911
    }, 
    "ht": {
        "approved": 1, 
        "translated": 5
    }, 
    "hu": {
        "approved": 87464, 
        "pending_since_timestamp": 1512161798.849684, 
        "translated": 94625
    }, 
    "hy": {
        "approved": 76987, 
        "pending_since_timestamp": 1512362558.644361, 
        "translated": 86674
    }, 
    "id": {
        "approved": 16913, 
        "pending_since_timestamp": 1512362558.644361, 
        "translated": 25074
    }, 
    "it": {
        "approved": 136565, 
        "translated": 152637
    }, 
    "ja": {
        "approved": 118394, 
        "pending_since_timestamp": 1512393078.418608, 
        "translated": 136369
    }, 
    "ka": {
        "approved": 230275, 
        "pending_since_timestamp": 1512418121.081566, 
        "translated": 234015
    }, 
    "kn": {
        "approved": 0, 
        "translated": 161
    }, 
    "ko": {
        "approved": 177086, 
        "translated": 188973
    }, 
    "ky": {
        "approved": 0, 
        "pending_since_timestamp": 1509126093.85747, 
        "translated": 28
    }, 
    "lol": {
        "approved": 131, 
        "translated": 8282
    }, 
    "lt": {
        "approved": 0, 
        "translated": 1662
    }, 
    "lv": {
        "approved": 54947, 
        "translated": 54976
    }, 
    "mn": {
        "approved": 86989, 
        "translated": 116322
    }, 
    "mr": {
        "approved": 0, 
        "translated": 0
    }, 
    "ms": {
        "approved": 29, 
        "translated": 710
    }, 
    "my": {
        "approved": 0, 
        "translated": 123
    }, 
    "nb": {
        "approved": 134609, 
        "translated": 140025
    }, 
    "nl": {
        "approved": 111470, 
        "pending_since_timestamp": 1512383030.834945, 
        "translated": 132626
    }, 
    "nn": {
        "approved": 0, 
        "translated": 1693
    }, 
    "or": {
        "approved": 0, 
        "translated": 70
    }, 
    "pl": {
        "approved": 300453, 
        "pending_since_timestamp": 1512414385.516956, 
        "translated": 300758
    }, 
    "pt": {
        "approved": 322347, 
        "pending_since_timestamp": 1512396504.327897, 
        "translated": 373598
    }, 
    "pt-pt": {
        "approved": 119010, 
        "translated": 138675
    }, 
    "ro": {
        "approved": 62558, 
        "translated": 68347
    }, 
    "ru": {
        "approved": 1814, 
        "pending_since_timestamp": 1512312746.243355, 
        "translated": 21622
    }, 
    "rw": {
        "approved": 0, 
        "translated": 0
    }, 
    "si": {
        "approved": 0, 
        "translated": 229
    }, 
    "sk": {
        "approved": 0, 
        "translated": 2317
    }, 
    "sl": {
        "approved": 0, 
        "translated": 0
    }, 
    "sq": {
        "approved": 49903, 
        "translated": 65432
    }, 
    "sr": {
        "approved": 54520, 
        "translated": 71130
    }, 
    "sv": {
        "approved": 85274, 
        "translated": 543764
    }, 
    "sw": {
        "approved": 0, 
        "translated": 0
    }, 
    "ta": {
        "approved": 36003, 
        "translated": 51557
    }, 
    "te": {
        "approved": 16, 
        "translated": 235
    }, 
    "th": {
        "approved": 303, 
        "translated": 131500
    }, 
    "tr": {
        "approved": 282073, 
        "pending_since_timestamp": 1512407226.476274, 
        "translated": 396602
    }, 
    "uk": {
        "approved": 98, 
        "translated": 2458
    }, 
    "ur": {
        "approved": 54898, 
        "translated": 57681
    }, 
    "uz": {
        "approved": 154, 
        "translated": 1493
    }, 
    "vi": {
        "approved": 2, 
        "translated": 1494
    }, 
    "xh": {
        "approved": 40, 
        "translated": 40
    }, 
    "zh-hans": {
        "approved": 54445, 
        "translated": 97774
    }, 
    "zh-hant": {
        "approved": 8058, 
        "pending_since_timestamp": 1512244801.555648, 
        "translated": 66811
    }, 
    "zu": {
        "approved": 1, 
        "translated": 20
    }
}