{
    "ar": {
        "approved": 1047, 
        "translated": 4723
    }, 
    "bg": {
        "approved": 215184, 
        "pending_since_timestamp": 1477223855.9537, 
        "translated": 236286
    }, 
    "bn": {
        "approved": 119020, 
        "pending_since_timestamp": 1477223855.9537, 
        "translated": 136540
    }, 
    "cs": {
        "approved": 13083, 
        "translated": 30212
    }, 
    "da": {
        "approved": 79973, 
        "translated": 87555
    }, 
    "de": {
        "approved": 187384, 
        "pending_since_timestamp": 1477223855.9537, 
        "translated": 187774
    }, 
    "el": {
        "approved": 2074, 
        "pending_since_timestamp": 1477215037.826382, 
        "translated": 9778
    }, 
    "es": {
        "approved": 331092, 
        "pending_since_timestamp": 1477211053.889314, 
        "translated": 433100
    }, 
    "fa": {
        "approved": 2, 
        "translated": 106
    }, 
    "fa-af": {
        "approved": 0, 
        "translated": 72
    }, 
    "fr": {
        "approved": 190042, 
        "pending_since_timestamp": 1477211053.889314, 
        "translated": 200942
    }, 
    "he": {
        "approved": 9060, 
        "translated": 9594
    }, 
    "hi": {
        "approved": 93494, 
        "translated": 116389
    }, 
    "hy": {
        "approved": 27, 
        "pending_since_timestamp": 1477223855.9537, 
        "translated": 3016
    }, 
    "id": {
        "approved": 1518, 
        "translated": 7638
    }, 
    "it": {
        "approved": 46661, 
        "pending_since_timestamp": 1477213286.998695, 
        "translated": 112751
    }, 
    "ja": {
        "approved": 42061, 
        "translated": 85136
    }, 
    "ka": {
        "approved": 183258, 
        "pending_since_timestamp": 1477216948.008673, 
        "translated": 185525
    }, 
    "ko": {
        "approved": 141693, 
        "translated": 159211
    }, 
    "lol": {
        "approved": 596, 
        "translated": 8802
    }, 
    "mn": {
        "approved": 75104, 
        "translated": 82683
    }, 
    "ms": {
        "approved": 357, 
        "translated": 1018
    }, 
    "nb": {
        "approved": 98075, 
        "translated": 101163
    }, 
    "nl": {
        "approved": 96923, 
        "translated": 122894
    }, 
    "pl": {
        "approved": 234736, 
        "pending_since_timestamp": 1477223855.9537, 
        "translated": 235205
    }, 
    "pt": {
        "approved": 233263, 
        "translated": 428128
    }, 
    "pt-pt": {
        "approved": 51643, 
        "translated": 82362
    }, 
    "ru": {
        "approved": 3212, 
        "translated": 20008
    }, 
    "sr": {
        "approved": 53347, 
        "pending_since_timestamp": 1477211053.889314, 
        "translated": 425477
    }, 
    "sw": {
        "approved": 12790, 
        "translated": 33752
    }, 
    "te": {
        "approved": 17, 
        "translated": 217
    }, 
    "th": {
        "approved": 1189, 
        "translated": 119597
    }, 
    "tr": {
        "approved": 221604, 
        "pending_since_timestamp": 1477223855.9537, 
        "translated": 324537
    }, 
    "uk": {
        "approved": 209, 
        "translated": 2590
    }, 
    "ur": {
        "approved": 369, 
        "translated": 1498
    }, 
    "xh": {
        "approved": 0, 
        "translated": 1
    }, 
    "zh-hans": {
        "approved": 594, 
        "translated": 5466
    }, 
    "zu": {
        "approved": 1, 
        "translated": 22
    }
}