{
    "ar": {
        "approved": 0, 
        "pending_since_timestamp": 1467150397.141978, 
        "translated": 4343
    }, 
    "bg": {
        "approved": 198208, 
        "pending_since_timestamp": 1467203447.010522, 
        "translated": 201714
    }, 
    "bn": {
        "approved": 97943, 
        "pending_since_timestamp": 1467197196.551756, 
        "translated": 126559
    }, 
    "cs": {
        "approved": 12269, 
        "pending_since_timestamp": 1467150397.141978, 
        "translated": 30636
    }, 
    "da": {
        "approved": 75811, 
        "pending_since_timestamp": 1467219994.709416, 
        "translated": 84455
    }, 
    "de": {
        "approved": 152048, 
        "translated": 152325
    }, 
    "el": {
        "approved": 323, 
        "pending_since_timestamp": 1467150397.141978, 
        "translated": 7422
    }, 
    "es": {
        "approved": 281909, 
        "pending_since_timestamp": 1467230433.027124, 
        "translated": 377454
    }, 
    "fa": {
        "approved": 0, 
        "pending_since_timestamp": 1467150397.141978, 
        "translated": 107
    }, 
    "fa-af": {
        "approved": 0, 
        "translated": 72
    }, 
    "fr": {
        "approved": 162774, 
        "translated": 170232
    }, 
    "he": {
        "approved": 8533, 
        "translated": 8543
    }, 
    "hi": {
        "approved": 69140, 
        "pending_since_timestamp": 1467219994.709416, 
        "translated": 108499
    }, 
    "hy": {
        "approved": 0, 
        "pending_since_timestamp": 1467150397.141978, 
        "translated": 3015
    }, 
    "id": {
        "approved": 0, 
        "pending_since_timestamp": 1467150397.141978, 
        "translated": 7314
    }, 
    "it": {
        "approved": 222, 
        "translated": 99063
    }, 
    "ja": {
        "approved": 34048, 
        "translated": 80056
    }, 
    "ka": {
        "approved": 134795, 
        "pending_since_timestamp": 1467213169.031265, 
        "translated": 138706
    }, 
    "ko": {
        "approved": 125427, 
        "pending_since_timestamp": 1467219994.709416, 
        "translated": 145376
    }, 
    "lol": {
        "approved": 603, 
        "translated": 8849
    }, 
    "mn": {
        "approved": 75325, 
        "pending_since_timestamp": 1467219994.709416, 
        "translated": 83089
    }, 
    "ms": {
        "approved": 0, 
        "pending_since_timestamp": 1467150397.141978, 
        "translated": 735
    }, 
    "nb": {
        "approved": 98294, 
        "pending_since_timestamp": 1467219994.709416, 
        "translated": 101373
    }, 
    "nl": {
        "approved": 80401, 
        "pending_since_timestamp": 1467219994.709416, 
        "translated": 116415
    }, 
    "pl": {
        "approved": 199707, 
        "pending_since_timestamp": 1467223015.299243, 
        "translated": 200394
    }, 
    "pt": {
        "approved": 200773, 
        "pending_since_timestamp": 1467228827.253015, 
        "translated": 374736
    }, 
    "pt-pt": {
        "approved": 21567, 
        "translated": 114263
    }, 
    "ru": {
        "approved": 1163, 
        "pending_since_timestamp": 1467150397.141978, 
        "translated": 19677
    }, 
    "sr": {
        "approved": 45264, 
        "pending_since_timestamp": 1467214721.0382, 
        "translated": 373356
    }, 
    "sw": {
        "approved": 11695, 
        "translated": 33506
    }, 
    "te": {
        "approved": 0, 
        "pending_since_timestamp": 1467150397.141978, 
        "translated": 218
    }, 
    "th": {
        "approved": 0, 
        "translated": 120336
    }, 
    "tr": {
        "approved": 209372, 
        "translated": 280590
    }, 
    "uk": {
        "approved": 0, 
        "pending_since_timestamp": 1467150397.141978, 
        "translated": 2564
    }, 
    "ur": {
        "approved": 0, 
        "pending_since_timestamp": 1467150397.141978, 
        "translated": 1465
    }, 
    "xh": {
        "approved": 0, 
        "translated": 1
    }, 
    "zh-hans": {
        "approved": 0, 
        "pending_since_timestamp": 1467150397.141978, 
        "translated": 5159
    }, 
    "zu": {
        "approved": 0, 
        "pending_since_timestamp": 1467150397.141978, 
        "translated": 23
    }
}