{
    "af": {
        "approved": 19, 
        "translated": 1467
    }, 
    "am": {
        "approved": 0, 
        "translated": 0
    }, 
    "ar": {
        "approved": 103962, 
        "pending_since_timestamp": 1550611931.156282, 
        "translated": 213443
    }, 
    "az": {
        "approved": 35846, 
        "translated": 37560
    }, 
    "bg": {
        "approved": 337697, 
        "pending_since_timestamp": 1550741204.121207, 
        "translated": 339516
    }, 
    "bn": {
        "approved": 148398, 
        "translated": 164224
    }, 
    "ca": {
        "approved": 3, 
        "translated": 1882
    }, 
    "cs": {
        "approved": 136397, 
        "translated": 153838
    }, 
    "da": {
        "approved": 175207, 
        "pending_since_timestamp": 1550741204.121207, 
        "translated": 197694
    }, 
    "de": {
        "approved": 303906, 
        "translated": 537598
    }, 
    "el": {
        "approved": 78843, 
        "pending_since_timestamp": 1550611931.156282, 
        "translated": 94585
    }, 
    "es": {
        "approved": 431163, 
        "pending_since_timestamp": 1550713416.480094, 
        "translated": 447590
    }, 
    "et": {
        "approved": 44899, 
        "translated": 46207
    }, 
    "fa": {
        "approved": 1, 
        "translated": 189
    }, 
    "fa-af": {
        "approved": 31, 
        "translated": 103
    }, 
    "fi": {
        "approved": 82165, 
        "translated": 84057
    }, 
    "fil": {
        "approved": 202, 
        "translated": 295
    }, 
    "fr": {
        "approved": 287072, 
        "translated": 290557
    }, 
    "fv": {
        "approved": 85684, 
        "translated": 85691
    }, 
    "gu": {
        "approved": 104397, 
        "translated": 147744
    }, 
    "he": {
        "approved": 8305, 
        "translated": 8308
    }, 
    "hi": {
        "approved": 166754, 
        "pending_since_timestamp": 1550765383.767516, 
        "translated": 179120
    }, 
    "hr": {
        "approved": 10873, 
        "translated": 16472
    }, 
    "ht": {
        "approved": 1, 
        "translated": 5
    }, 
    "hu": {
        "approved": 95556, 
        "pending_since_timestamp": 1550741204.121207, 
        "translated": 115273
    }, 
    "hy": {
        "approved": 151193, 
        "pending_since_timestamp": 1550731723.551038, 
        "translated": 173182
    }, 
    "id": {
        "approved": 88039, 
        "translated": 91920
    }, 
    "it": {
        "approved": 155110, 
        "pending_since_timestamp": 1550783139.308535, 
        "translated": 174057
    }, 
    "ja": {
        "approved": 125466, 
        "pending_since_timestamp": 1550611931.156282, 
        "translated": 146812
    }, 
    "ka": {
        "approved": 283537, 
        "translated": 286316
    }, 
    "ki": {
        "approved": 0, 
        "translated": 37
    }, 
    "kk": {
        "approved": 103, 
        "translated": 103
    }, 
    "km": {
        "approved": 0, 
        "pending_since_timestamp": 1550611931.156282, 
        "translated": 52
    }, 
    "kn": {
        "approved": 36356, 
        "pending_since_timestamp": 1550737392.686204, 
        "translated": 41174
    }, 
    "ko": {
        "approved": 194285, 
        "pending_since_timestamp": 1550725704.972174, 
        "translated": 220255
    }, 
    "ky": {
        "approved": 67, 
        "pending_since_timestamp": 1550611931.156282, 
        "translated": 328
    }, 
    "lol": {
        "approved": 66840, 
        "translated": 82019
    }, 
    "lt": {
        "approved": 80813, 
        "translated": 82766
    }, 
    "lv": {
        "approved": 54513, 
        "translated": 54946
    }, 
    "mn": {
        "approved": 82415, 
        "pending_since_timestamp": 1550611931.156282, 
        "translated": 110300
    }, 
    "mr": {
        "approved": 0, 
        "translated": 0
    }, 
    "ms": {
        "approved": 29, 
        "translated": 606
    }, 
    "my": {
        "approved": 1, 
        "pending_since_timestamp": 1550783139.308535, 
        "translated": 125
    }, 
    "nb": {
        "approved": 135408, 
        "translated": 143285
    }, 
    "ne": {
        "approved": 0, 
        "translated": 1
    }, 
    "nl": {
        "approved": 132037, 
        "translated": 154177
    }, 
    "nn": {
        "approved": 0, 
        "translated": 1626
    }, 
    "or": {
        "approved": 0, 
        "translated": 52
    }, 
    "pl": {
        "approved": 346388, 
        "pending_since_timestamp": 1550783139.308535, 
        "translated": 346784
    }, 
    "ps": {
        "approved": 579, 
        "translated": 970
    }, 
    "pt": {
        "approved": 377266, 
        "pending_since_timestamp": 1550783139.308535, 
        "translated": 420688
    }, 
    "pt-pt": {
        "approved": 158765, 
        "translated": 188360
    }, 
    "ro": {
        "approved": 63491, 
        "translated": 67761
    }, 
    "ru": {
        "approved": 102721, 
        "translated": 122191
    }, 
    "rw": {
        "approved": 0, 
        "translated": 0
    }, 
    "si": {
        "approved": 0, 
        "translated": 192
    }, 
    "sk": {
        "approved": 0, 
        "translated": 2126
    }, 
    "sl": {
        "approved": 0, 
        "translated": 33
    }, 
    "sq": {
        "approved": 98629, 
        "translated": 102888
    }, 
    "sr": {
        "approved": 62594, 
        "translated": 81447
    }, 
    "sv": {
        "approved": 172280, 
        "pending_since_timestamp": 1550783139.308535, 
        "translated": 542097
    }, 
    "sw": {
        "approved": 0, 
        "translated": 0
    }, 
    "ta": {
        "approved": 59445, 
        "pending_since_timestamp": 1550728721.685594, 
        "translated": 79460
    }, 
    "te": {
        "approved": 16, 
        "translated": 208
    }, 
    "th": {
        "approved": 299, 
        "translated": 134314
    }, 
    "tr": {
        "approved": 309370, 
        "translated": 417996
    }, 
    "uk": {
        "approved": 70868, 
        "pending_since_timestamp": 1550783139.308535, 
        "translated": 92120
    }, 
    "ur": {
        "approved": 54495, 
        "translated": 57340
    }, 
    "uz": {
        "approved": 76635, 
        "translated": 117649
    }, 
    "vi": {
        "approved": 2, 
        "translated": 1969
    }, 
    "xh": {
        "approved": 40, 
        "translated": 40
    }, 
    "zh-hans": {
        "approved": 198368, 
        "pending_since_timestamp": 1550765383.767516, 
        "translated": 276679
    }, 
    "zh-hant": {
        "approved": 9913, 
        "translated": 74150
    }, 
    "zu": {
        "approved": 1, 
        "translated": 18
    }
}