{
    "af": {
        "approved": 19, 
        "translated": 1467
    }, 
    "am": {
        "approved": 0, 
        "translated": 0
    }, 
    "ar": {
        "approved": 105541, 
        "translated": 214331
    }, 
    "az": {
        "approved": 35846, 
        "translated": 37557
    }, 
    "bg": {
        "approved": 340134, 
        "pending_since_timestamp": 1556926068.711404, 
        "translated": 343947
    }, 
    "bn": {
        "approved": 148782, 
        "pending_since_timestamp": 1556985420.091889, 
        "translated": 167079
    }, 
    "ca": {
        "approved": 3, 
        "translated": 1881
    }, 
    "cs": {
        "approved": 139365, 
        "pending_since_timestamp": 1556985420.091889, 
        "translated": 155151
    }, 
    "da": {
        "approved": 178552, 
        "pending_since_timestamp": 1556926068.711404, 
        "translated": 201115
    }, 
    "de": {
        "approved": 309256, 
        "translated": 538839
    }, 
    "el": {
        "approved": 79726, 
        "pending_since_timestamp": 1556828604.649986, 
        "translated": 95691
    }, 
    "es": {
        "approved": 431114, 
        "translated": 447469
    }, 
    "et": {
        "approved": 44899, 
        "translated": 46206
    }, 
    "fa": {
        "approved": 1, 
        "translated": 192
    }, 
    "fa-af": {
        "approved": 31, 
        "translated": 103
    }, 
    "fi": {
        "approved": 82163, 
        "translated": 84055
    }, 
    "fil": {
        "approved": 202, 
        "translated": 295
    }, 
    "fr": {
        "approved": 287517, 
        "translated": 291149
    }, 
    "fv": {
        "approved": 85678, 
        "translated": 85685
    }, 
    "gu": {
        "approved": 117135, 
        "pending_since_timestamp": 1556926068.711404, 
        "translated": 155926
    }, 
    "he": {
        "approved": 8585, 
        "translated": 8611
    }, 
    "hi": {
        "approved": 166731, 
        "translated": 179099
    }, 
    "hr": {
        "approved": 10873, 
        "translated": 16469
    }, 
    "ht": {
        "approved": 1, 
        "translated": 5
    }, 
    "hu": {
        "approved": 100235, 
        "pending_since_timestamp": 1556926068.711404, 
        "translated": 118822
    }, 
    "hy": {
        "approved": 172871, 
        "pending_since_timestamp": 1556823425.996345, 
        "translated": 185227
    }, 
    "id": {
        "approved": 88188, 
        "translated": 92060
    }, 
    "it": {
        "approved": 155070, 
        "pending_since_timestamp": 1556993002.932242, 
        "translated": 183389
    }, 
    "ja": {
        "approved": 126595, 
        "pending_since_timestamp": 1556926068.711404, 
        "translated": 148995
    }, 
    "ka": {
        "approved": 286489, 
        "translated": 288166
    }, 
    "ki": {
        "approved": 0, 
        "translated": 37
    }, 
    "kk": {
        "approved": 103, 
        "translated": 103
    }, 
    "km": {
        "approved": 1, 
        "pending_since_timestamp": 1556604634.516719, 
        "translated": 3460
    }, 
    "kn": {
        "approved": 37139, 
        "pending_since_timestamp": 1556926068.711404, 
        "translated": 42468
    }, 
    "ko": {
        "approved": 197213, 
        "pending_since_timestamp": 1556926068.711404, 
        "translated": 225735
    }, 
    "ky": {
        "approved": 802, 
        "pending_since_timestamp": 1556926068.711404, 
        "translated": 4878
    }, 
    "lol": {
        "approved": 66837, 
        "translated": 82016
    }, 
    "lt": {
        "approved": 80828, 
        "translated": 82781
    }, 
    "lv": {
        "approved": 54513, 
        "translated": 54946
    }, 
    "mn": {
        "approved": 82443, 
        "translated": 110325
    }, 
    "mr": {
        "approved": 0, 
        "translated": 0
    }, 
    "ms": {
        "approved": 29, 
        "translated": 606
    }, 
    "my": {
        "approved": 79558, 
        "translated": 79691
    }, 
    "nb": {
        "approved": 135566, 
        "translated": 143418
    }, 
    "ne": {
        "approved": 0, 
        "translated": 1
    }, 
    "nl": {
        "approved": 139292, 
        "pending_since_timestamp": 1556985420.091889, 
        "translated": 160940
    }, 
    "nn": {
        "approved": 0, 
        "pending_since_timestamp": 1556575172.937374, 
        "translated": 1610
    }, 
    "or": {
        "approved": 0, 
        "translated": 52
    }, 
    "pl": {
        "approved": 350581, 
        "pending_since_timestamp": 1556987925.93395, 
        "translated": 350982
    }, 
    "ps": {
        "approved": 579, 
        "translated": 1234
    }, 
    "pt": {
        "approved": 382607, 
        "translated": 426445
    }, 
    "pt-pt": {
        "approved": 164190, 
        "pending_since_timestamp": 1556786517.762487, 
        "translated": 193013
    }, 
    "ro": {
        "approved": 63478, 
        "translated": 67746
    }, 
    "ru": {
        "approved": 105899, 
        "pending_since_timestamp": 1556985420.091889, 
        "translated": 127351
    }, 
    "rw": {
        "approved": 0, 
        "translated": 0
    }, 
    "si": {
        "approved": 0, 
        "translated": 192
    }, 
    "sk": {
        "approved": 0, 
        "translated": 2125
    }, 
    "sl": {
        "approved": 0, 
        "translated": 33
    }, 
    "sq": {
        "approved": 98631, 
        "pending_since_timestamp": 1556650572.530053, 
        "translated": 102900
    }, 
    "sr": {
        "approved": 62525, 
        "translated": 81402
    }, 
    "sv": {
        "approved": 178928, 
        "translated": 545350
    }, 
    "sw": {
        "approved": 0, 
        "translated": 0
    }, 
    "ta": {
        "approved": 65854, 
        "translated": 87800
    }, 
    "te": {
        "approved": 16, 
        "translated": 216
    }, 
    "th": {
        "approved": 299, 
        "translated": 134217
    }, 
    "tr": {
        "approved": 309553, 
        "pending_since_timestamp": 1557005342.987462, 
        "translated": 419173
    }, 
    "uk": {
        "approved": 70915, 
        "translated": 92215
    }, 
    "ur": {
        "approved": 54495, 
        "translated": 57339
    }, 
    "uz": {
        "approved": 80542, 
        "pending_since_timestamp": 1556606952.565503, 
        "translated": 136583
    }, 
    "vi": {
        "approved": 2, 
        "translated": 1968
    }, 
    "xh": {
        "approved": 40, 
        "translated": 40
    }, 
    "zh-hans": {
        "approved": 236551, 
        "pending_since_timestamp": 1557002837.504611, 
        "translated": 310365
    }, 
    "zh-hant": {
        "approved": 9909, 
        "translated": 74448
    }, 
    "zu": {
        "approved": 1, 
        "translated": 18
    }
}