{
    "ar": {
        "approved": 0, 
        "translated": 4805
    }, 
    "bg": {
        "approved": 173407, 
        "pending_since_timestamp": 1457368188.907258, 
        "translated": 185754
    }, 
    "bn": {
        "approved": 59758, 
        "pending_since_timestamp": 1457373629.707752, 
        "translated": 102620
    }, 
    "cs": {
        "approved": 12910, 
        "pending_since_timestamp": 1457373629.707752, 
        "translated": 30535
    }, 
    "da": {
        "approved": 39028, 
        "pending_since_timestamp": 1457361367.77925, 
        "translated": 72848
    }, 
    "de": {
        "approved": 119894, 
        "pending_since_timestamp": 1457378170.374388, 
        "translated": 120941
    }, 
    "el": {
        "approved": 3, 
        "translated": 7308
    }, 
    "es": {
        "approved": 212572, 
        "pending_since_timestamp": 1457381579.701955, 
        "translated": 328833
    }, 
    "fa": {
        "approved": 0, 
        "translated": 247
    }, 
    "fa-af": {
        "approved": 0, 
        "translated": 72
    }, 
    "fr": {
        "approved": 121149, 
        "pending_since_timestamp": 1457374777.32126, 
        "translated": 129911
    }, 
    "he": {
        "approved": 8441, 
        "translated": 9553
    }, 
    "hi": {
        "approved": 65005, 
        "translated": 79412
    }, 
    "hy": {
        "approved": 0, 
        "translated": 140
    }, 
    "id": {
        "approved": 0, 
        "translated": 8454
    }, 
    "it": {
        "approved": 0, 
        "pending_since_timestamp": 1457364568.735538, 
        "translated": 77573
    }, 
    "ja": {
        "approved": 23911, 
        "pending_since_timestamp": 1457343932.884669, 
        "translated": 56236
    }, 
    "ko": {
        "approved": 76485, 
        "pending_since_timestamp": 1457350996.196065, 
        "translated": 110205
    }, 
    "lol": {
        "approved": 596, 
        "translated": 7838
    }, 
    "mn": {
        "approved": 48550, 
        "pending_since_timestamp": 1457350996.196065, 
        "translated": 65056
    }, 
    "ms": {
        "approved": 0, 
        "translated": 798
    }, 
    "nb": {
        "approved": 86248, 
        "pending_since_timestamp": 1457375803.119013, 
        "translated": 87186
    }, 
    "nl": {
        "approved": 49588, 
        "pending_since_timestamp": 1457373629.707752, 
        "translated": 85531
    }, 
    "pl": {
        "approved": 144735, 
        "pending_since_timestamp": 1457378170.374388, 
        "translated": 147510
    }, 
    "pt": {
        "approved": 158073, 
        "pending_since_timestamp": 1457378170.374388, 
        "translated": 326050
    }, 
    "pt-pt": {
        "approved": 14587, 
        "pending_since_timestamp": 1457350996.196065, 
        "translated": 85562
    }, 
    "ru": {
        "approved": 1242, 
        "pending_since_timestamp": 1457373629.707752, 
        "translated": 20818
    }, 
    "sr": {
        "approved": 36270, 
        "translated": 324801
    }, 
    "sw": {
        "approved": 12267, 
        "pending_since_timestamp": 1457373629.707752, 
        "translated": 36145
    }, 
    "te": {
        "approved": 0, 
        "translated": 232
    }, 
    "th": {
        "approved": 0, 
        "pending_since_timestamp": 1457367072.876124, 
        "translated": 127055
    }, 
    "tr": {
        "approved": 168892, 
        "translated": 238592
    }, 
    "uk": {
        "approved": 0, 
        "translated": 2561
    }, 
    "ur": {
        "approved": 0, 
        "translated": 1632
    }, 
    "xh": {
        "approved": 0, 
        "translated": 1
    }, 
    "zh-hans": {
        "approved": 0, 
        "translated": 4358
    }, 
    "zu": {
        "approved": 0, 
        "translated": 31
    }
}