{
    "af": {
        "approved": 19, 
        "translated": 1513
    }, 
    "am": {
        "approved": 0, 
        "translated": 0
    }, 
    "ar": {
        "approved": 2575, 
        "pending_since_timestamp": 1537829110.446719, 
        "translated": 36868
    }, 
    "az": {
        "approved": 35928, 
        "translated": 37664
    }, 
    "bg": {
        "approved": 316501, 
        "pending_since_timestamp": 1537855653.950095, 
        "translated": 325876
    }, 
    "bn": {
        "approved": 146768, 
        "pending_since_timestamp": 1537858269.921196, 
        "translated": 159411
    }, 
    "ca": {
        "approved": 3, 
        "translated": 2019
    }, 
    "cs": {
        "approved": 118793, 
        "pending_since_timestamp": 1537829110.446719, 
        "translated": 135552
    }, 
    "da": {
        "approved": 166089, 
        "pending_since_timestamp": 1537829110.446719, 
        "translated": 185001
    }, 
    "de": {
        "approved": 297980, 
        "pending_since_timestamp": 1537829110.446719, 
        "translated": 536819
    }, 
    "el": {
        "approved": 76973, 
        "pending_since_timestamp": 1537829110.446719, 
        "translated": 92423
    }, 
    "es": {
        "approved": 417293, 
        "pending_since_timestamp": 1537841666.335254, 
        "translated": 442294
    }, 
    "et": {
        "approved": 44999, 
        "translated": 46317
    }, 
    "fa": {
        "approved": 1, 
        "translated": 191
    }, 
    "fa-af": {
        "approved": 31, 
        "translated": 103
    }, 
    "fi": {
        "approved": 82579, 
        "translated": 84298
    }, 
    "fil": {
        "approved": 205, 
        "translated": 298
    }, 
    "fr": {
        "approved": 280297, 
        "pending_since_timestamp": 1537858269.921196, 
        "translated": 283875
    }, 
    "gu": {
        "approved": 76271, 
        "pending_since_timestamp": 1537581298.561168, 
        "translated": 124109
    }, 
    "he": {
        "approved": 8638, 
        "translated": 8671
    }, 
    "hi": {
        "approved": 167657, 
        "translated": 180025
    }, 
    "hr": {
        "approved": 10947, 
        "translated": 16616
    }, 
    "ht": {
        "approved": 1, 
        "translated": 5
    }, 
    "hu": {
        "approved": 90271, 
        "pending_since_timestamp": 1536916734.826039, 
        "translated": 109402
    }, 
    "hy": {
        "approved": 97789, 
        "pending_since_timestamp": 1537829110.446719, 
        "translated": 114298
    }, 
    "id": {
        "approved": 67794, 
        "pending_since_timestamp": 1537858269.921196, 
        "translated": 81026
    }, 
    "it": {
        "approved": 155774, 
        "translated": 171098
    }, 
    "ja": {
        "approved": 124686, 
        "pending_since_timestamp": 1537829110.446719, 
        "translated": 143950
    }, 
    "ka": {
        "approved": 272441, 
        "pending_since_timestamp": 1537829110.446719, 
        "translated": 275163
    }, 
    "ki": {
        "approved": 0, 
        "translated": 37
    }, 
    "kk": {
        "approved": 0, 
        "translated": 4
    }, 
    "km": {
        "approved": 0, 
        "translated": 52
    }, 
    "kn": {
        "approved": 13800, 
        "pending_since_timestamp": 1537032990.084687, 
        "translated": 21154
    }, 
    "ko": {
        "approved": 180719, 
        "pending_since_timestamp": 1537829110.446719, 
        "translated": 210088
    }, 
    "ky": {
        "approved": 0, 
        "translated": 25
    }, 
    "lol": {
        "approved": 67033, 
        "translated": 82232
    }, 
    "lt": {
        "approved": 73978, 
        "pending_since_timestamp": 1537485786.09197, 
        "translated": 75816
    }, 
    "lv": {
        "approved": 54640, 
        "translated": 55075
    }, 
    "mn": {
        "approved": 82588, 
        "translated": 110505
    }, 
    "mr": {
        "approved": 0, 
        "translated": 0
    }, 
    "ms": {
        "approved": 29, 
        "translated": 669
    }, 
    "my": {
        "approved": 1, 
        "translated": 112
    }, 
    "nb": {
        "approved": 131782, 
        "pending_since_timestamp": 1537829110.446719, 
        "translated": 139538
    }, 
    "ne": {
        "approved": 0, 
        "translated": 1
    }, 
    "nl": {
        "approved": 122922, 
        "pending_since_timestamp": 1537829110.446719, 
        "translated": 140685
    }, 
    "nn": {
        "approved": 0, 
        "translated": 1636
    }, 
    "or": {
        "approved": 0, 
        "translated": 52
    }, 
    "pl": {
        "approved": 335059, 
        "translated": 335530
    }, 
    "ps": {
        "approved": 0, 
        "translated": 23
    }, 
    "pt": {
        "approved": 364404, 
        "translated": 404402
    }, 
    "pt-pt": {
        "approved": 144644, 
        "pending_since_timestamp": 1537485786.09197, 
        "translated": 175364
    }, 
    "ro": {
        "approved": 63930, 
        "translated": 68213
    }, 
    "ru": {
        "approved": 100441, 
        "translated": 121983
    }, 
    "rw": {
        "approved": 0, 
        "translated": 0
    }, 
    "si": {
        "approved": 0, 
        "translated": 198
    }, 
    "sk": {
        "approved": 0, 
        "translated": 2176
    }, 
    "sl": {
        "approved": 0, 
        "translated": 0
    }, 
    "sq": {
        "approved": 97483, 
        "pending_since_timestamp": 1537032990.084687, 
        "translated": 101708
    }, 
    "sr": {
        "approved": 63108, 
        "translated": 81581
    }, 
    "sv": {
        "approved": 161534, 
        "translated": 546741
    }, 
    "sw": {
        "approved": 0, 
        "translated": 0
    }, 
    "ta": {
        "approved": 41054, 
        "pending_since_timestamp": 1537593644.732082, 
        "translated": 63421
    }, 
    "te": {
        "approved": 16, 
        "translated": 227
    }, 
    "th": {
        "approved": 303, 
        "translated": 133398
    }, 
    "tr": {
        "approved": 310329, 
        "translated": 417128
    }, 
    "uk": {
        "approved": 2820, 
        "pending_since_timestamp": 1537556582.104115, 
        "translated": 22284
    }, 
    "ur": {
        "approved": 54615, 
        "translated": 57545
    }, 
    "uz": {
        "approved": 77031, 
        "pending_since_timestamp": 1537250234.32085, 
        "translated": 79811
    }, 
    "vi": {
        "approved": 2, 
        "translated": 2011
    }, 
    "xh": {
        "approved": 40, 
        "translated": 40
    }, 
    "zh-hans": {
        "approved": 154405, 
        "pending_since_timestamp": 1537853038.667676, 
        "translated": 215890
    }, 
    "zh-hant": {
        "approved": 9754, 
        "pending_since_timestamp": 1536992133.969537, 
        "translated": 69693
    }, 
    "zu": {
        "approved": 1, 
        "translated": 18
    }
}