{
    "ar": {
        "approved": 0, 
        "pending_since_timestamp": 1446455340.704586, 
        "translated": 3813
    }, 
    "bg": {
        "approved": 92183, 
        "pending_since_timestamp": 1446460120.826945, 
        "translated": 156570
    }, 
    "bn": {
        "approved": 25773, 
        "pending_since_timestamp": 1446458160.310981, 
        "translated": 57372
    }, 
    "cs": {
        "approved": 0, 
        "pending_since_timestamp": 1446511928.453799, 
        "translated": 2844
    }, 
    "da": {
        "approved": 22083, 
        "pending_since_timestamp": 1446511928.453799, 
        "translated": 67625
    }, 
    "de": {
        "approved": 104525, 
        "pending_since_timestamp": 1446456270.860527, 
        "translated": 104807
    }, 
    "el": {
        "approved": 0, 
        "translated": 6637
    }, 
    "es": {
        "approved": 193777, 
        "pending_since_timestamp": 1446511928.453799, 
        "translated": 287997
    }, 
    "fa": {
        "approved": 0, 
        "translated": 223
    }, 
    "fa-af": {
        "approved": 0, 
        "translated": 1
    }, 
    "fr": {
        "approved": 105492, 
        "translated": 109548
    }, 
    "he": {
        "approved": 8704, 
        "translated": 9215
    }, 
    "hi": {
        "approved": 38863, 
        "pending_since_timestamp": 1446511928.453799, 
        "translated": 64399
    }, 
    "hy": {
        "approved": 0, 
        "pending_since_timestamp": 1446511928.453799, 
        "translated": 107
    }, 
    "id": {
        "approved": 0, 
        "translated": 9123
    }, 
    "it": {
        "approved": 0, 
        "pending_since_timestamp": 1446459141.984118, 
        "translated": 56353
    }, 
    "ja": {
        "approved": 16369, 
        "pending_since_timestamp": 1446459141.984118, 
        "translated": 52048
    }, 
    "ko": {
        "approved": 78919, 
        "translated": 89447
    }, 
    "lol": {
        "approved": 708, 
        "translated": 2380
    }, 
    "mn": {
        "approved": 0, 
        "pending_since_timestamp": 1446461064.028284, 
        "translated": 25861
    }, 
    "ms": {
        "approved": 0, 
        "pending_since_timestamp": 1446511928.453799, 
        "translated": 697
    }, 
    "nb": {
        "approved": 87471, 
        "pending_since_timestamp": 1446511928.453799, 
        "translated": 89637
    }, 
    "nl": {
        "approved": 36633, 
        "pending_since_timestamp": 1446452473.710225, 
        "translated": 51002
    }, 
    "pl": {
        "approved": 115774, 
        "pending_since_timestamp": 1446511928.453799, 
        "translated": 125745
    }, 
    "pt": {
        "approved": 149984, 
        "pending_since_timestamp": 1446511928.453799, 
        "translated": 285184
    }, 
    "pt-pt": {
        "approved": 13828, 
        "translated": 75186
    }, 
    "ru": {
        "approved": 703, 
        "pending_since_timestamp": 1446511928.453799, 
        "translated": 13322
    }, 
    "sr": {
        "approved": 35741, 
        "pending_since_timestamp": 1446517967.248755, 
        "translated": 283923
    }, 
    "sw": {
        "approved": 0, 
        "translated": 17814
    }, 
    "te": {
        "approved": 0, 
        "translated": 101
    }, 
    "th": {
        "approved": 0, 
        "pending_since_timestamp": 1446511928.453799, 
        "translated": 125932
    }, 
    "tr": {
        "approved": 174983, 
        "translated": 203402
    }, 
    "uk": {
        "approved": 0, 
        "translated": 1573
    }, 
    "ur": {
        "approved": 0, 
        "translated": 1540
    }, 
    "xh": {
        "approved": 0, 
        "translated": 1
    }, 
    "zh-hans": {
        "approved": 0, 
        "translated": 4385
    }, 
    "zu": {
        "approved": 0, 
        "translated": 29
    }
}