{
    "ar": {
        "approved": 1049, 
        "translated": 4586
    }, 
    "bg": {
        "approved": 216506, 
        "pending_since_timestamp": 1478696399.800937, 
        "translated": 236853
    }, 
    "bn": {
        "approved": 121685, 
        "pending_since_timestamp": 1478710877.019, 
        "translated": 137725
    }, 
    "cs": {
        "approved": 13074, 
        "translated": 30248
    }, 
    "da": {
        "approved": 79792, 
        "translated": 87428
    }, 
    "de": {
        "approved": 189064, 
        "pending_since_timestamp": 1478723911.476869, 
        "translated": 189741
    }, 
    "el": {
        "approved": 2115, 
        "translated": 9969
    }, 
    "es": {
        "approved": 339829, 
        "pending_since_timestamp": 1478706889.581444, 
        "translated": 356477
    }, 
    "fa": {
        "approved": 2, 
        "pending_since_timestamp": 1478608196.385763, 
        "translated": 106
    }, 
    "fa-af": {
        "approved": 0, 
        "translated": 72
    }, 
    "fr": {
        "approved": 201577, 
        "pending_since_timestamp": 1478706889.581444, 
        "translated": 212945
    }, 
    "he": {
        "approved": 8992, 
        "translated": 9555
    }, 
    "hi": {
        "approved": 95478, 
        "translated": 116369
    }, 
    "hy": {
        "approved": 27, 
        "pending_since_timestamp": 1478706889.581444, 
        "translated": 3063
    }, 
    "id": {
        "approved": 1553, 
        "pending_since_timestamp": 1478696399.800937, 
        "translated": 7638
    }, 
    "it": {
        "approved": 64752, 
        "pending_since_timestamp": 1478704673.164443, 
        "translated": 115445
    }, 
    "ja": {
        "approved": 43483, 
        "translated": 86067
    }, 
    "ka": {
        "approved": 185765, 
        "pending_since_timestamp": 1478696399.800937, 
        "translated": 190362
    }, 
    "ko": {
        "approved": 144160, 
        "translated": 162544
    }, 
    "lol": {
        "approved": 595, 
        "translated": 8801
    }, 
    "mn": {
        "approved": 75045, 
        "translated": 82621
    }, 
    "ms": {
        "approved": 358, 
        "translated": 1019
    }, 
    "nb": {
        "approved": 97977, 
        "translated": 101063
    }, 
    "nl": {
        "approved": 96903, 
        "pending_since_timestamp": 1478696399.800937, 
        "translated": 123114
    }, 
    "pl": {
        "approved": 239064, 
        "pending_since_timestamp": 1478723911.476869, 
        "translated": 239457
    }, 
    "pt": {
        "approved": 243084, 
        "translated": 285468
    }, 
    "pt-pt": {
        "approved": 54495, 
        "pending_since_timestamp": 1478696399.800937, 
        "translated": 82965
    }, 
    "ru": {
        "approved": 3234, 
        "pending_since_timestamp": 1478726132.497403, 
        "translated": 20134
    }, 
    "sr": {
        "approved": 53313, 
        "pending_since_timestamp": 1478696399.800937, 
        "translated": 70697
    }, 
    "sw": {
        "approved": 12783, 
        "translated": 33695
    }, 
    "te": {
        "approved": 17, 
        "pending_since_timestamp": 1478608196.385763, 
        "translated": 217
    }, 
    "th": {
        "approved": 1208, 
        "translated": 119518
    }, 
    "tr": {
        "approved": 249323, 
        "pending_since_timestamp": 1478704673.164443, 
        "translated": 326889
    }, 
    "uk": {
        "approved": 225, 
        "translated": 2607
    }, 
    "ur": {
        "approved": 370, 
        "pending_since_timestamp": 1478608196.385763, 
        "translated": 1499
    }, 
    "xh": {
        "approved": 0, 
        "translated": 1
    }, 
    "zh-hans": {
        "approved": 603, 
        "translated": 5544
    }, 
    "zu": {
        "approved": 1, 
        "translated": 22
    }
}