{
    "af": {
        "approved": 19, 
        "translated": 1514
    }, 
    "am": {
        "approved": 0, 
        "translated": 0
    }, 
    "ar": {
        "approved": 1138, 
        "pending_since_timestamp": 1535808384.480748, 
        "translated": 33638
    }, 
    "az": {
        "approved": 35929, 
        "translated": 37675
    }, 
    "bg": {
        "approved": 315420, 
        "pending_since_timestamp": 1535785703.280354, 
        "translated": 322223
    }, 
    "bn": {
        "approved": 146299, 
        "translated": 157409
    }, 
    "ca": {
        "approved": 3, 
        "translated": 2028
    }, 
    "cs": {
        "approved": 110388, 
        "pending_since_timestamp": 1535813655.194, 
        "translated": 126155
    }, 
    "da": {
        "approved": 161531, 
        "pending_since_timestamp": 1535791055.628898, 
        "translated": 181229
    }, 
    "de": {
        "approved": 296699, 
        "pending_since_timestamp": 1535788405.819727, 
        "translated": 535530
    }, 
    "el": {
        "approved": 76939, 
        "translated": 92326
    }, 
    "es": {
        "approved": 414772, 
        "pending_since_timestamp": 1535813655.194, 
        "translated": 436950
    }, 
    "et": {
        "approved": 45001, 
        "translated": 46321
    }, 
    "fa": {
        "approved": 1, 
        "translated": 191
    }, 
    "fa-af": {
        "approved": 31, 
        "translated": 103
    }, 
    "fi": {
        "approved": 82607, 
        "pending_since_timestamp": 1535749898.312619, 
        "translated": 84325
    }, 
    "fil": {
        "approved": 206, 
        "translated": 299
    }, 
    "fr": {
        "approved": 278651, 
        "pending_since_timestamp": 1535781084.581005, 
        "translated": 282284
    }, 
    "gu": {
        "approved": 38658, 
        "pending_since_timestamp": 1535741151.886328, 
        "translated": 118375
    }, 
    "he": {
        "approved": 8661, 
        "translated": 8694
    }, 
    "hi": {
        "approved": 167748, 
        "translated": 180120
    }, 
    "hr": {
        "approved": 10948, 
        "translated": 16619
    }, 
    "ht": {
        "approved": 1, 
        "translated": 5
    }, 
    "hu": {
        "approved": 89852, 
        "pending_since_timestamp": 1535741151.886328, 
        "translated": 109269
    }, 
    "hy": {
        "approved": 95322, 
        "pending_since_timestamp": 1535808384.480748, 
        "translated": 106916
    }, 
    "id": {
        "approved": 61276, 
        "translated": 77373
    }, 
    "it": {
        "approved": 155864, 
        "translated": 170903
    }, 
    "ja": {
        "approved": 124586, 
        "translated": 143445
    }, 
    "ka": {
        "approved": 268823, 
        "pending_since_timestamp": 1535793742.099388, 
        "translated": 272249
    }, 
    "ki": {
        "approved": 0, 
        "translated": 37
    }, 
    "km": {
        "approved": 0, 
        "translated": 52
    }, 
    "kn": {
        "approved": 13601, 
        "pending_since_timestamp": 1535808384.480748, 
        "translated": 20996
    }, 
    "ko": {
        "approved": 178733, 
        "pending_since_timestamp": 1535785703.280354, 
        "translated": 208384
    }, 
    "ky": {
        "approved": 0, 
        "translated": 25
    }, 
    "lol": {
        "approved": 67058, 
        "translated": 82259
    }, 
    "lt": {
        "approved": 74006, 
        "translated": 75855
    }, 
    "lv": {
        "approved": 54643, 
        "translated": 55049
    }, 
    "mn": {
        "approved": 82636, 
        "translated": 110553
    }, 
    "mr": {
        "approved": 0, 
        "translated": 0
    }, 
    "ms": {
        "approved": 29, 
        "translated": 670
    }, 
    "my": {
        "approved": 1, 
        "translated": 112
    }, 
    "nb": {
        "approved": 131841, 
        "translated": 139623
    }, 
    "ne": {
        "approved": 0, 
        "translated": 1
    }, 
    "nl": {
        "approved": 122421, 
        "pending_since_timestamp": 1535813655.194, 
        "translated": 140183
    }, 
    "nn": {
        "approved": 0, 
        "translated": 1636
    }, 
    "or": {
        "approved": 0, 
        "translated": 52
    }, 
    "pl": {
        "approved": 331893, 
        "translated": 332768
    }, 
    "ps": {
        "approved": 0, 
        "translated": 23
    }, 
    "pt": {
        "approved": 362160, 
        "translated": 402261
    }, 
    "pt-pt": {
        "approved": 143612, 
        "pending_since_timestamp": 1535741151.886328, 
        "translated": 174018
    }, 
    "ro": {
        "approved": 63966, 
        "translated": 68252
    }, 
    "ru": {
        "approved": 100291, 
        "translated": 121448
    }, 
    "rw": {
        "approved": 0, 
        "translated": 0
    }, 
    "si": {
        "approved": 0, 
        "translated": 198
    }, 
    "sk": {
        "approved": 0, 
        "translated": 2179
    }, 
    "sl": {
        "approved": 0, 
        "translated": 0
    }, 
    "sq": {
        "approved": 64182, 
        "pending_since_timestamp": 1535563703.458949, 
        "translated": 69088
    }, 
    "sr": {
        "approved": 63158, 
        "translated": 81536
    }, 
    "sv": {
        "approved": 158841, 
        "translated": 545605
    }, 
    "sw": {
        "approved": 0, 
        "translated": 0
    }, 
    "ta": {
        "approved": 41132, 
        "pending_since_timestamp": 1535808384.480748, 
        "translated": 61069
    }, 
    "te": {
        "approved": 16, 
        "translated": 227
    }, 
    "th": {
        "approved": 303, 
        "translated": 133506
    }, 
    "tr": {
        "approved": 309678, 
        "translated": 414973
    }, 
    "uk": {
        "approved": 1623, 
        "pending_since_timestamp": 1535791055.628898, 
        "translated": 17817
    }, 
    "ur": {
        "approved": 54621, 
        "translated": 57556
    }, 
    "uz": {
        "approved": 77059, 
        "pending_since_timestamp": 1535766579.029158, 
        "translated": 78831
    }, 
    "vi": {
        "approved": 2, 
        "translated": 2013
    }, 
    "xh": {
        "approved": 40, 
        "translated": 40
    }, 
    "zh-hans": {
        "approved": 139859, 
        "pending_since_timestamp": 1535811105.940718, 
        "translated": 205985
    }, 
    "zh-hant": {
        "approved": 9572, 
        "pending_since_timestamp": 1535644065.51748, 
        "translated": 68945
    }, 
    "zu": {
        "approved": 1, 
        "translated": 18
    }
}