{
    "ar": {
        "approved": 160, 
        "translated": 3666
    }, 
    "bg": {
        "approved": 197881, 
        "pending_since_timestamp": 1485341677.357084, 
        "translated": 204190
    }, 
    "bn": {
        "approved": 125339, 
        "pending_since_timestamp": 1485340216.397247, 
        "translated": 138516
    }, 
    "cs": {
        "approved": 12210, 
        "translated": 28912
    }, 
    "da": {
        "approved": 73792, 
        "translated": 81499
    }, 
    "de": {
        "approved": 201401, 
        "translated": 201707
    }, 
    "el": {
        "approved": 1028, 
        "translated": 15375
    }, 
    "es": {
        "approved": 317357, 
        "pending_since_timestamp": 1485327086.913299, 
        "translated": 340113
    }, 
    "fa": {
        "approved": 1, 
        "translated": 103
    }, 
    "fa-af": {
        "approved": 31, 
        "translated": 104
    }, 
    "fr": {
        "approved": 214239, 
        "pending_since_timestamp": 1485338713.567659, 
        "translated": 222930
    }, 
    "he": {
        "approved": 6472, 
        "translated": 7016
    }, 
    "hi": {
        "approved": 96833, 
        "translated": 115493
    }, 
    "hy": {
        "approved": 7284, 
        "pending_since_timestamp": 1485340216.397247, 
        "translated": 12272
    }, 
    "id": {
        "approved": 532, 
        "translated": 6301
    }, 
    "it": {
        "approved": 61478, 
        "translated": 112353
    }, 
    "ja": {
        "approved": 99602, 
        "translated": 116013
    }, 
    "ka": {
        "approved": 188812, 
        "pending_since_timestamp": 1485340216.397247, 
        "translated": 193710
    }, 
    "ko": {
        "approved": 151099, 
        "pending_since_timestamp": 1485330077.613994, 
        "translated": 160581
    }, 
    "lol": {
        "approved": 397, 
        "translated": 8653
    }, 
    "mn": {
        "approved": 73290, 
        "translated": 80799
    }, 
    "ms": {
        "approved": 29, 
        "translated": 685
    }, 
    "nb": {
        "approved": 96029, 
        "translated": 99213
    }, 
    "nl": {
        "approved": 99600, 
        "pending_since_timestamp": 1485338713.567659, 
        "translated": 124834
    }, 
    "pl": {
        "approved": 245146, 
        "translated": 245426
    }, 
    "pt": {
        "approved": 249308, 
        "translated": 286296
    }, 
    "pt-pt": {
        "approved": 65962, 
        "pending_since_timestamp": 1485341677.357084, 
        "translated": 91985
    }, 
    "ru": {
        "approved": 1635, 
        "translated": 18066
    }, 
    "sr": {
        "approved": 50823, 
        "translated": 68763
    }, 
    "sw": {
        "approved": 11632, 
        "translated": 31887
    }, 
    "te": {
        "approved": 16, 
        "translated": 214
    }, 
    "th": {
        "approved": 316, 
        "translated": 120248
    }, 
    "tr": {
        "approved": 242335, 
        "translated": 325435
    }, 
    "uk": {
        "approved": 98, 
        "translated": 2480
    }, 
    "ur": {
        "approved": 92, 
        "translated": 1202
    }, 
    "xh": {
        "approved": 40, 
        "translated": 40
    }, 
    "zh-hans": {
        "approved": 128, 
        "translated": 5021
    }, 
    "zu": {
        "approved": 1, 
        "translated": 22
    }
}