{
    "ar": {
        "approved": 381, 
        "translated": 4319
    }, 
    "bg": {
        "approved": 196467, 
        "pending_since_timestamp": 1491804052.404337, 
        "translated": 227657
    }, 
    "bn": {
        "approved": 128954, 
        "pending_since_timestamp": 1491815763.511515, 
        "translated": 141108
    }, 
    "cs": {
        "approved": 11819, 
        "translated": 29279
    }, 
    "da": {
        "approved": 72901, 
        "translated": 83370
    }, 
    "de": {
        "approved": 203825, 
        "translated": 209347
    }, 
    "el": {
        "approved": 1458, 
        "translated": 17132
    }, 
    "es": {
        "approved": 341346, 
        "translated": 357286
    }, 
    "fa": {
        "approved": 1, 
        "translated": 99
    }, 
    "fa-af": {
        "approved": 31, 
        "translated": 104
    }, 
    "fr": {
        "approved": 227509, 
        "pending_since_timestamp": 1491827033.48956, 
        "translated": 236179
    }, 
    "he": {
        "approved": 6340, 
        "pending_since_timestamp": 1491827033.48956, 
        "translated": 6985
    }, 
    "hi": {
        "approved": 99519, 
        "translated": 115041
    }, 
    "hy": {
        "approved": 7403, 
        "translated": 12287
    }, 
    "id": {
        "approved": 531, 
        "translated": 6415
    }, 
    "it": {
        "approved": 88837, 
        "pending_since_timestamp": 1491827033.48956, 
        "translated": 118089
    }, 
    "ja": {
        "approved": 99828, 
        "pending_since_timestamp": 1491810852.288312, 
        "translated": 117359
    }, 
    "ka": {
        "approved": 192764, 
        "pending_since_timestamp": 1491813952.605234, 
        "translated": 200139
    }, 
    "ko": {
        "approved": 151811, 
        "pending_since_timestamp": 1491809492.880751, 
        "translated": 162785
    }, 
    "lol": {
        "approved": 391, 
        "translated": 8629
    }, 
    "mn": {
        "approved": 79765, 
        "translated": 99942
    }, 
    "ms": {
        "approved": 29, 
        "translated": 640
    }, 
    "nb": {
        "approved": 93640, 
        "translated": 98664
    }, 
    "nl": {
        "approved": 104430, 
        "translated": 127724
    }, 
    "pl": {
        "approved": 262654, 
        "pending_since_timestamp": 1491827033.48956, 
        "translated": 262890
    }, 
    "pt": {
        "approved": 269358, 
        "pending_since_timestamp": 1491813952.605234, 
        "translated": 306642
    }, 
    "pt-pt": {
        "approved": 79991, 
        "pending_since_timestamp": 1491827033.48956, 
        "translated": 112118
    }, 
    "ru": {
        "approved": 1537, 
        "translated": 18481
    }, 
    "sr": {
        "approved": 50578, 
        "translated": 68344
    }, 
    "sw": {
        "approved": 33069, 
        "pending_since_timestamp": 1491805763.073341, 
        "translated": 51068
    }, 
    "te": {
        "approved": 15, 
        "translated": 205
    }, 
    "th": {
        "approved": 301, 
        "translated": 121485
    }, 
    "tr": {
        "approved": 253390, 
        "pending_since_timestamp": 1491828759.030405, 
        "translated": 357503
    }, 
    "uk": {
        "approved": 98, 
        "translated": 2514
    }, 
    "ur": {
        "approved": 92, 
        "translated": 1160
    }, 
    "xh": {
        "approved": 40, 
        "translated": 40
    }, 
    "zh-hans": {
        "approved": 925, 
        "pending_since_timestamp": 1491802627.41239, 
        "translated": 10015
    }, 
    "zu": {
        "approved": 1, 
        "translated": 20
    }
}