{
    "ar": {
        "approved": 0, 
        "translated": 4459
    }, 
    "bg": {
        "approved": 197248, 
        "pending_since_timestamp": 1470520356.006238, 
        "translated": 222880
    }, 
    "bn": {
        "approved": 109987, 
        "pending_since_timestamp": 1470546871.248993, 
        "translated": 130470
    }, 
    "cs": {
        "approved": 12229, 
        "pending_since_timestamp": 1470528610.242226, 
        "translated": 30496
    }, 
    "da": {
        "approved": 75567, 
        "pending_since_timestamp": 1470528610.242226, 
        "translated": 84015
    }, 
    "de": {
        "approved": 162581, 
        "pending_since_timestamp": 1470541105.868575, 
        "translated": 164091
    }, 
    "el": {
        "approved": 371, 
        "translated": 7734
    }, 
    "es": {
        "approved": 290216, 
        "pending_since_timestamp": 1470486912.688679, 
        "translated": 390957
    }, 
    "fa": {
        "approved": 0, 
        "translated": 104
    }, 
    "fa-af": {
        "approved": 0, 
        "translated": 72
    }, 
    "fr": {
        "approved": 167459, 
        "translated": 174195
    }, 
    "he": {
        "approved": 8430, 
        "translated": 8668
    }, 
    "hi": {
        "approved": 91729, 
        "translated": 112020
    }, 
    "hy": {
        "approved": 0, 
        "translated": 3015
    }, 
    "id": {
        "approved": 0, 
        "translated": 7214
    }, 
    "it": {
        "approved": 15549, 
        "pending_since_timestamp": 1470522621.920044, 
        "translated": 107927
    }, 
    "ja": {
        "approved": 34162, 
        "pending_since_timestamp": 1470528610.242226, 
        "translated": 80831
    }, 
    "ka": {
        "approved": 147289, 
        "pending_since_timestamp": 1470516327.332332, 
        "translated": 148782
    }, 
    "ko": {
        "approved": 126263, 
        "pending_since_timestamp": 1470528610.242226, 
        "translated": 151437
    }, 
    "lol": {
        "approved": 599, 
        "translated": 8825
    }, 
    "mn": {
        "approved": 75404, 
        "pending_since_timestamp": 1470528610.242226, 
        "translated": 83021
    }, 
    "ms": {
        "approved": 0, 
        "translated": 728
    }, 
    "nb": {
        "approved": 98142, 
        "translated": 101307
    }, 
    "nl": {
        "approved": 80332, 
        "pending_since_timestamp": 1470528610.242226, 
        "translated": 117714
    }, 
    "pl": {
        "approved": 204674, 
        "pending_since_timestamp": 1470535179.685307, 
        "translated": 205040
    }, 
    "pt": {
        "approved": 204973, 
        "pending_since_timestamp": 1470535179.685307, 
        "translated": 387106
    }, 
    "pt-pt": {
        "approved": 36453, 
        "pending_since_timestamp": 1470528610.242226, 
        "translated": 71688
    }, 
    "ru": {
        "approved": 1191, 
        "translated": 19519
    }, 
    "sr": {
        "approved": 48659, 
        "pending_since_timestamp": 1470546871.248993, 
        "translated": 385618
    }, 
    "sw": {
        "approved": 11695, 
        "pending_since_timestamp": 1470528610.242226, 
        "translated": 33408
    }, 
    "te": {
        "approved": 0, 
        "translated": 212
    }, 
    "th": {
        "approved": 0, 
        "pending_since_timestamp": 1470528610.242226, 
        "translated": 119856
    }, 
    "tr": {
        "approved": 206243, 
        "translated": 290617
    }, 
    "uk": {
        "approved": 0, 
        "translated": 2524
    }, 
    "ur": {
        "approved": 0, 
        "translated": 1424
    }, 
    "xh": {
        "approved": 0, 
        "translated": 1
    }, 
    "zh-hans": {
        "approved": 0, 
        "translated": 5138
    }, 
    "zu": {
        "approved": 0, 
        "translated": 22
    }
}