{
    "ar": {
        "approved": 0, 
        "translated": 4614
    }, 
    "bg": {
        "approved": 186383, 
        "pending_since_timestamp": 1462337757.361376, 
        "translated": 189918
    }, 
    "bn": {
        "approved": 72869, 
        "pending_since_timestamp": 1462339212.592022, 
        "translated": 123431
    }, 
    "cs": {
        "approved": 12501, 
        "pending_since_timestamp": 1462307960.667474, 
        "translated": 31492
    }, 
    "da": {
        "approved": 77311, 
        "translated": 88610
    }, 
    "de": {
        "approved": 151320, 
        "translated": 151982
    }, 
    "el": {
        "approved": 257, 
        "translated": 7679
    }, 
    "es": {
        "approved": 262442, 
        "translated": 372964
    }, 
    "fa": {
        "approved": 0, 
        "translated": 211
    }, 
    "fa-af": {
        "approved": 0, 
        "translated": 72
    }, 
    "fr": {
        "approved": 157917, 
        "pending_since_timestamp": 1462337757.361376, 
        "translated": 165231
    }, 
    "he": {
        "approved": 9216, 
        "translated": 9229
    }, 
    "hi": {
        "approved": 68738, 
        "pending_since_timestamp": 1462337757.361376, 
        "translated": 89740
    }, 
    "hy": {
        "approved": 0, 
        "translated": 3048
    }, 
    "id": {
        "approved": 0, 
        "translated": 8096
    }, 
    "it": {
        "approved": 0, 
        "translated": 94366
    }, 
    "ja": {
        "approved": 28490, 
        "translated": 58908
    }, 
    "ka": {
        "approved": 121524, 
        "pending_since_timestamp": 1462337757.361376, 
        "translated": 121756
    }, 
    "ko": {
        "approved": 115861, 
        "pending_since_timestamp": 1462324273.129842, 
        "translated": 142966
    }, 
    "lol": {
        "approved": 587, 
        "translated": 7558
    }, 
    "mn": {
        "approved": 74734, 
        "pending_since_timestamp": 1462330258.701138, 
        "translated": 83090
    }, 
    "ms": {
        "approved": 0, 
        "translated": 747
    }, 
    "nb": {
        "approved": 100546, 
        "translated": 103037
    }, 
    "nl": {
        "approved": 55615, 
        "pending_since_timestamp": 1462337757.361376, 
        "translated": 107853
    }, 
    "pl": {
        "approved": 194545, 
        "pending_since_timestamp": 1462337757.361376, 
        "translated": 195431
    }, 
    "pt": {
        "approved": 193327, 
        "pending_since_timestamp": 1462337757.361376, 
        "translated": 370131
    }, 
    "pt-pt": {
        "approved": 18410, 
        "pending_since_timestamp": 1462337757.361376, 
        "translated": 117056
    }, 
    "ru": {
        "approved": 1175, 
        "translated": 20426
    }, 
    "sr": {
        "approved": 46697, 
        "translated": 368929
    }, 
    "sw": {
        "approved": 11947, 
        "translated": 34762
    }, 
    "te": {
        "approved": 0, 
        "translated": 215
    }, 
    "th": {
        "approved": 0, 
        "pending_since_timestamp": 1462337757.361376, 
        "translated": 126398
    }, 
    "tr": {
        "approved": 167541, 
        "translated": 276529
    }, 
    "uk": {
        "approved": 0, 
        "translated": 2584
    }, 
    "ur": {
        "approved": 0, 
        "translated": 1534
    }, 
    "xh": {
        "approved": 0, 
        "translated": 1
    }, 
    "zh-hans": {
        "approved": 0, 
        "translated": 5393
    }, 
    "zu": {
        "approved": 0, 
        "translated": 23
    }
}