{
    "ar": {
        "approved": 0, 
        "translated": 4472
    }, 
    "bg": {
        "approved": 203260, 
        "pending_since_timestamp": 1472722214.941002, 
        "translated": 229951
    }, 
    "bn": {
        "approved": 114006, 
        "pending_since_timestamp": 1472707190.744184, 
        "translated": 132511
    }, 
    "cs": {
        "approved": 12087, 
        "translated": 30197
    }, 
    "da": {
        "approved": 75406, 
        "translated": 84271
    }, 
    "de": {
        "approved": 172403, 
        "pending_since_timestamp": 1472852292.452869, 
        "translated": 172601
    }, 
    "el": {
        "approved": 373, 
        "pending_since_timestamp": 1472750136.737438, 
        "translated": 7774
    }, 
    "es": {
        "approved": 304717, 
        "pending_since_timestamp": 1472852292.452869, 
        "translated": 413572
    }, 
    "fa": {
        "approved": 0, 
        "translated": 104
    }, 
    "fa-af": {
        "approved": 0, 
        "translated": 72
    }, 
    "fr": {
        "approved": 170570, 
        "pending_since_timestamp": 1472761987.345672, 
        "translated": 178150
    }, 
    "he": {
        "approved": 8376, 
        "translated": 8691
    }, 
    "hi": {
        "approved": 91224, 
        "pending_since_timestamp": 1472852292.452869, 
        "translated": 112873
    }, 
    "hy": {
        "approved": 0, 
        "translated": 3013
    }, 
    "id": {
        "approved": 0, 
        "translated": 7151
    }, 
    "it": {
        "approved": 39952, 
        "pending_since_timestamp": 1472852292.452869, 
        "translated": 108071
    }, 
    "ja": {
        "approved": 36664, 
        "pending_since_timestamp": 1472755246.684201, 
        "translated": 81586
    }, 
    "ka": {
        "approved": 157181, 
        "pending_since_timestamp": 1472720135.278861, 
        "translated": 159058
    }, 
    "ko": {
        "approved": 131683, 
        "pending_since_timestamp": 1472803330.938568, 
        "translated": 153227
    }, 
    "lol": {
        "approved": 599, 
        "translated": 8810
    }, 
    "mn": {
        "approved": 74915, 
        "pending_since_timestamp": 1472803330.938568, 
        "translated": 82533
    }, 
    "ms": {
        "approved": 0, 
        "translated": 726
    }, 
    "nb": {
        "approved": 97704, 
        "pending_since_timestamp": 1472852292.452869, 
        "translated": 100907
    }, 
    "nl": {
        "approved": 83403, 
        "pending_since_timestamp": 1472803330.938568, 
        "translated": 118247
    }, 
    "pl": {
        "approved": 216551, 
        "translated": 216854
    }, 
    "pt": {
        "approved": 207711, 
        "pending_since_timestamp": 1472755246.684201, 
        "translated": 408230
    }, 
    "pt-pt": {
        "approved": 38645, 
        "pending_since_timestamp": 1472724210.788129, 
        "translated": 73798
    }, 
    "ru": {
        "approved": 1191, 
        "translated": 19386
    }, 
    "sr": {
        "approved": 51978, 
        "pending_since_timestamp": 1472707190.744184, 
        "translated": 406608
    }, 
    "sw": {
        "approved": 11553, 
        "pending_since_timestamp": 1472516375.490134, 
        "translated": 33146
    }, 
    "te": {
        "approved": 0, 
        "translated": 212
    }, 
    "th": {
        "approved": 0, 
        "pending_since_timestamp": 1472516375.490134, 
        "translated": 119469
    }, 
    "tr": {
        "approved": 205044, 
        "pending_since_timestamp": 1472852292.452869, 
        "translated": 307094
    }, 
    "uk": {
        "approved": 0, 
        "translated": 2519
    }, 
    "ur": {
        "approved": 0, 
        "translated": 1421
    }, 
    "xh": {
        "approved": 0, 
        "translated": 1
    }, 
    "zh-hans": {
        "approved": 0, 
        "translated": 5121
    }, 
    "zu": {
        "approved": 0, 
        "pending_since_timestamp": 1470762331.56727, 
        "translated": 22
    }
}