{
    "ar": {
        "approved": 1277, 
        "translated": 4814
    }, 
    "bg": {
        "approved": 227998, 
        "translated": 248186
    }, 
    "bn": {
        "approved": 126087, 
        "pending_since_timestamp": 1479532718.401318, 
        "translated": 142020
    }, 
    "cs": {
        "approved": 13290, 
        "translated": 30465
    }, 
    "da": {
        "approved": 82253, 
        "translated": 89928
    }, 
    "de": {
        "approved": 194554, 
        "pending_since_timestamp": 1479514648.602383, 
        "translated": 196529
    }, 
    "el": {
        "approved": 2576, 
        "pending_since_timestamp": 1479425574.885163, 
        "translated": 10438
    }, 
    "es": {
        "approved": 367257, 
        "pending_since_timestamp": 1479475170.022537, 
        "translated": 383574
    }, 
    "fa": {
        "approved": 2, 
        "pending_since_timestamp": 1479409244.748203, 
        "translated": 105
    }, 
    "fa-af": {
        "approved": 0, 
        "pending_since_timestamp": 1479409244.748203, 
        "translated": 72
    }, 
    "fr": {
        "approved": 208128, 
        "pending_since_timestamp": 1479542789.224133, 
        "translated": 219573
    }, 
    "he": {
        "approved": 10144, 
        "pending_since_timestamp": 1479475170.022537, 
        "translated": 10708
    }, 
    "hi": {
        "approved": 95618, 
        "translated": 116509
    }, 
    "hy": {
        "approved": 89, 
        "pending_since_timestamp": 1479496824.791817, 
        "translated": 5113
    }, 
    "id": {
        "approved": 2112, 
        "translated": 8202
    }, 
    "it": {
        "approved": 66658, 
        "pending_since_timestamp": 1479475170.022537, 
        "translated": 118722
    }, 
    "ja": {
        "approved": 44934, 
        "pending_since_timestamp": 1479433094.461131, 
        "translated": 107381
    }, 
    "ka": {
        "approved": 187675, 
        "translated": 193065
    }, 
    "ko": {
        "approved": 149005, 
        "translated": 166721
    }, 
    "lol": {
        "approved": 595, 
        "translated": 8801
    }, 
    "mn": {
        "approved": 75209, 
        "pending_since_timestamp": 1479475170.022537, 
        "translated": 82785
    }, 
    "ms": {
        "approved": 392, 
        "translated": 1057
    }, 
    "nb": {
        "approved": 98204, 
        "translated": 101290
    }, 
    "nl": {
        "approved": 99156, 
        "translated": 125885
    }, 
    "pl": {
        "approved": 252444, 
        "pending_since_timestamp": 1479522950.708952, 
        "translated": 253022
    }, 
    "pt": {
        "approved": 247793, 
        "translated": 289631
    }, 
    "pt-pt": {
        "approved": 62767, 
        "pending_since_timestamp": 1479475170.022537, 
        "translated": 90680
    }, 
    "ru": {
        "approved": 3669, 
        "translated": 20788
    }, 
    "sr": {
        "approved": 54070, 
        "translated": 71894
    }, 
    "sw": {
        "approved": 12941, 
        "translated": 33859
    }, 
    "te": {
        "approved": 34, 
        "translated": 234
    }, 
    "th": {
        "approved": 1546, 
        "translated": 119809
    }, 
    "tr": {
        "approved": 263419, 
        "pending_since_timestamp": 1479534473.601447, 
        "translated": 344365
    }, 
    "uk": {
        "approved": 337, 
        "translated": 2722
    }, 
    "ur": {
        "approved": 480, 
        "translated": 1611
    }, 
    "xh": {
        "approved": 40, 
        "translated": 41
    }, 
    "zh-hans": {
        "approved": 744, 
        "translated": 5692
    }, 
    "zu": {
        "approved": 1, 
        "pending_since_timestamp": 1479409244.748203, 
        "translated": 22
    }
}