{
    "af": {
        "approved": 19, 
        "translated": 1521
    }, 
    "am": {
        "approved": 0, 
        "translated": 0
    }, 
    "ar": {
        "approved": 582, 
        "pending_since_timestamp": 1522334063.078205, 
        "translated": 22678
    }, 
    "az": {
        "approved": 36018, 
        "translated": 37567
    }, 
    "bg": {
        "approved": 282390, 
        "pending_since_timestamp": 1522334063.078205, 
        "translated": 288743
    }, 
    "bn": {
        "approved": 149819, 
        "pending_since_timestamp": 1522334063.078205, 
        "translated": 157139
    }, 
    "ca": {
        "approved": 3, 
        "translated": 2089
    }, 
    "cs": {
        "approved": 78363, 
        "translated": 105834
    }, 
    "da": {
        "approved": 82892, 
        "pending_since_timestamp": 1522310933.966936, 
        "translated": 113117
    }, 
    "de": {
        "approved": 267674, 
        "translated": 515258
    }, 
    "el": {
        "approved": 4818, 
        "pending_since_timestamp": 1522334063.078205, 
        "translated": 23547
    }, 
    "es": {
        "approved": 386889, 
        "pending_since_timestamp": 1522334063.078205, 
        "translated": 405323
    }, 
    "et": {
        "approved": 45125, 
        "translated": 46457
    }, 
    "fa": {
        "approved": 1, 
        "translated": 195
    }, 
    "fa-af": {
        "approved": 31, 
        "translated": 104
    }, 
    "fi": {
        "approved": 12361, 
        "translated": 13394
    }, 
    "fil": {
        "approved": 210, 
        "translated": 303
    }, 
    "fr": {
        "approved": 274219, 
        "pending_since_timestamp": 1522334063.078205, 
        "translated": 277725
    }, 
    "gu": {
        "approved": 33587, 
        "translated": 36307
    }, 
    "he": {
        "approved": 7307, 
        "pending_since_timestamp": 1522334063.078205, 
        "translated": 7309
    }, 
    "hi": {
        "approved": 166338, 
        "pending_since_timestamp": 1522352087.623093, 
        "translated": 179025
    }, 
    "hr": {
        "approved": 11030, 
        "translated": 16782
    }, 
    "ht": {
        "approved": 1, 
        "translated": 5
    }, 
    "hu": {
        "approved": 88541, 
        "pending_since_timestamp": 1522334063.078205, 
        "translated": 106499
    }, 
    "hy": {
        "approved": 84658, 
        "translated": 93547
    }, 
    "id": {
        "approved": 26739, 
        "pending_since_timestamp": 1522334063.078205, 
        "translated": 39365
    }, 
    "it": {
        "approved": 135883, 
        "pending_since_timestamp": 1522334063.078205, 
        "translated": 155756
    }, 
    "ja": {
        "approved": 121591, 
        "pending_since_timestamp": 1522334063.078205, 
        "translated": 140445
    }, 
    "ka": {
        "approved": 253079, 
        "pending_since_timestamp": 1522334063.078205, 
        "translated": 255903
    }, 
    "ki": {
        "approved": 0, 
        "translated": 37
    }, 
    "km": {
        "approved": 0, 
        "translated": 52
    }, 
    "kn": {
        "approved": 0, 
        "translated": 153
    }, 
    "ko": {
        "approved": 179135, 
        "translated": 190311
    }, 
    "ky": {
        "approved": 0, 
        "translated": 26
    }, 
    "lol": {
        "approved": -117, 
        "translated": 7982
    }, 
    "lt": {
        "approved": 0, 
        "translated": 1598
    }, 
    "lv": {
        "approved": 54773, 
        "translated": 54808
    }, 
    "mn": {
        "approved": 87583, 
        "pending_since_timestamp": 1522334063.078205, 
        "translated": 115498
    }, 
    "mr": {
        "approved": 0, 
        "translated": 0
    }, 
    "ms": {
        "approved": 29, 
        "translated": 678
    }, 
    "my": {
        "approved": 0, 
        "translated": 114
    }, 
    "nb": {
        "approved": 133788, 
        "pending_since_timestamp": 1522334063.078205, 
        "translated": 141031
    }, 
    "nl": {
        "approved": 117744, 
        "translated": 137034
    }, 
    "nn": {
        "approved": 0, 
        "translated": 1656
    }, 
    "or": {
        "approved": 0, 
        "translated": 56
    }, 
    "pl": {
        "approved": 313547, 
        "pending_since_timestamp": 1522352087.623093, 
        "translated": 313966
    }, 
    "pt": {
        "approved": 334991, 
        "pending_since_timestamp": 1522334063.078205, 
        "translated": 385878
    }, 
    "pt-pt": {
        "approved": 142581, 
        "pending_since_timestamp": 1522307082.007568, 
        "translated": 174506
    }, 
    "ro": {
        "approved": 63371, 
        "pending_since_timestamp": 1522334063.078205, 
        "translated": 68045
    }, 
    "ru": {
        "approved": 1982, 
        "pending_since_timestamp": 1522334063.078205, 
        "translated": 23708
    }, 
    "rw": {
        "approved": 0, 
        "translated": 0
    }, 
    "si": {
        "approved": 0, 
        "translated": 203
    }, 
    "sk": {
        "approved": 0, 
        "translated": 2235
    }, 
    "sl": {
        "approved": 0, 
        "translated": 0
    }, 
    "sq": {
        "approved": 49784, 
        "pending_since_timestamp": 1522334063.078205, 
        "translated": 66076
    }, 
    "sr": {
        "approved": 65759, 
        "pending_since_timestamp": 1522334063.078205, 
        "translated": 82444
    }, 
    "sv": {
        "approved": 145940, 
        "translated": 543660
    }, 
    "sw": {
        "approved": 0, 
        "translated": 0
    }, 
    "ta": {
        "approved": 40055, 
        "translated": 55598
    }, 
    "te": {
        "approved": 16, 
        "translated": 227
    }, 
    "th": {
        "approved": 303, 
        "pending_since_timestamp": 1522334063.078205, 
        "translated": 130450
    }, 
    "tr": {
        "approved": 299396, 
        "pending_since_timestamp": 1522352087.623093, 
        "translated": 402630
    }, 
    "uk": {
        "approved": 98, 
        "translated": 2384
    }, 
    "ur": {
        "approved": 54718, 
        "translated": 57644
    }, 
    "uz": {
        "approved": 147, 
        "translated": 1442
    }, 
    "vi": {
        "approved": 2, 
        "translated": 1480
    }, 
    "xh": {
        "approved": 40, 
        "translated": 40
    }, 
    "zh-hans": {
        "approved": 72814, 
        "translated": 98886
    }, 
    "zh-hant": {
        "approved": 9303, 
        "pending_since_timestamp": 1522334063.078205, 
        "translated": 68073
    }, 
    "zu": {
        "approved": 1, 
        "translated": 18
    }
}