{
    "ar": {
        "approved": 380, 
        "translated": 4395
    }, 
    "bg": {
        "approved": 234023, 
        "translated": 240340
    }, 
    "bn": {
        "approved": 140955, 
        "translated": 149819
    }, 
    "cs": {
        "approved": 43111, 
        "translated": 66531
    }, 
    "da": {
        "approved": 71685, 
        "pending_since_timestamp": 1498060261.978576, 
        "translated": 93389
    }, 
    "de": {
        "approved": 213644, 
        "translated": 215752
    }, 
    "el": {
        "approved": 2192, 
        "pending_since_timestamp": 1498055424.85008, 
        "translated": 22215
    }, 
    "es": {
        "approved": 351684, 
        "pending_since_timestamp": 1498055424.85008, 
        "translated": 368297
    }, 
    "fa": {
        "approved": 1, 
        "translated": 148
    }, 
    "fa-af": {
        "approved": 31, 
        "translated": 104
    }, 
    "fr": {
        "approved": 239012, 
        "pending_since_timestamp": 1498060261.978576, 
        "translated": 246871
    }, 
    "he": {
        "approved": 7142, 
        "translated": 7472
    }, 
    "hi": {
        "approved": 98160, 
        "translated": 114152
    }, 
    "hy": {
        "approved": 7403, 
        "translated": 12230
    }, 
    "id": {
        "approved": 531, 
        "translated": 6430
    }, 
    "it": {
        "approved": 93175, 
        "translated": 126780
    }, 
    "ja": {
        "approved": 101303, 
        "pending_since_timestamp": 1498055424.85008, 
        "translated": 121393
    }, 
    "ka": {
        "approved": 202874, 
        "pending_since_timestamp": 1498057654.911518, 
        "translated": 208640
    }, 
    "ko": {
        "approved": 162964, 
        "pending_since_timestamp": 1498042720.542561, 
        "translated": 174630
    }, 
    "lol": {
        "approved": 382, 
        "translated": 8546
    }, 
    "mn": {
        "approved": 81139, 
        "translated": 107986
    }, 
    "ms": {
        "approved": 29, 
        "translated": 757
    }, 
    "nb": {
        "approved": 131675, 
        "translated": 138345
    }, 
    "nl": {
        "approved": 107608, 
        "translated": 129422
    }, 
    "pl": {
        "approved": 272481, 
        "translated": 273278
    }, 
    "pt": {
        "approved": 289337, 
        "translated": 328098
    }, 
    "pt-pt": {
        "approved": 91616, 
        "translated": 121624
    }, 
    "ru": {
        "approved": 1531, 
        "translated": 18396
    }, 
    "sr": {
        "approved": 50359, 
        "translated": 68011
    }, 
    "sw": {
        "approved": 49132, 
        "translated": 62621
    }, 
    "te": {
        "approved": 16, 
        "translated": 243
    }, 
    "th": {
        "approved": 303, 
        "translated": 132703
    }, 
    "tr": {
        "approved": 267957, 
        "pending_since_timestamp": 1498055424.85008, 
        "translated": 369231
    }, 
    "uk": {
        "approved": 98, 
        "translated": 2513
    }, 
    "ur": {
        "approved": 92, 
        "translated": 1253
    }, 
    "xh": {
        "approved": 40, 
        "translated": 40
    }, 
    "zh-hans": {
        "approved": 6424, 
        "translated": 39119
    }, 
    "zu": {
        "approved": 1, 
        "translated": 20
    }
}