{
    "ar": {
        "approved": 380, 
        "translated": 4287
    }, 
    "bg": {
        "approved": 196599, 
        "pending_since_timestamp": 1491576797.411174, 
        "translated": 227566
    }, 
    "bn": {
        "approved": 129108, 
        "translated": 141311
    }, 
    "cs": {
        "approved": 11912, 
        "pending_since_timestamp": 1491564303.421935, 
        "translated": 29370
    }, 
    "da": {
        "approved": 73017, 
        "translated": 83410
    }, 
    "de": {
        "approved": 204073, 
        "pending_since_timestamp": 1491569923.027137, 
        "translated": 208647
    }, 
    "el": {
        "approved": 1458, 
        "translated": 17117
    }, 
    "es": {
        "approved": 340923, 
        "translated": 356834
    }, 
    "fa": {
        "approved": 1, 
        "translated": 99
    }, 
    "fa-af": {
        "approved": 31, 
        "translated": 104
    }, 
    "fr": {
        "approved": 227700, 
        "pending_since_timestamp": 1491564303.421935, 
        "translated": 236342
    }, 
    "he": {
        "approved": 6340, 
        "translated": 6985
    }, 
    "hi": {
        "approved": 99841, 
        "translated": 115363
    }, 
    "hy": {
        "approved": 7403, 
        "translated": 12287
    }, 
    "id": {
        "approved": 531, 
        "translated": 6415
    }, 
    "it": {
        "approved": 89042, 
        "pending_since_timestamp": 1491564303.421935, 
        "translated": 117927
    }, 
    "ja": {
        "approved": 100161, 
        "translated": 117649
    }, 
    "ka": {
        "approved": 193103, 
        "translated": 200182
    }, 
    "ko": {
        "approved": 152145, 
        "translated": 162866
    }, 
    "lol": {
        "approved": 391, 
        "translated": 8629
    }, 
    "mn": {
        "approved": 79777, 
        "translated": 100068
    }, 
    "ms": {
        "approved": 29, 
        "translated": 640
    }, 
    "nb": {
        "approved": 93655, 
        "translated": 98678
    }, 
    "nl": {
        "approved": 104744, 
        "translated": 127995
    }, 
    "pl": {
        "approved": 261985, 
        "translated": 262076
    }, 
    "pt": {
        "approved": 269432, 
        "pending_since_timestamp": 1491564303.421935, 
        "translated": 306758
    }, 
    "pt-pt": {
        "approved": 80272, 
        "pending_since_timestamp": 1491564303.421935, 
        "translated": 112202
    }, 
    "ru": {
        "approved": 1537, 
        "translated": 18487
    }, 
    "sr": {
        "approved": 50737, 
        "translated": 68511
    }, 
    "sw": {
        "approved": 33147, 
        "translated": 51153
    }, 
    "te": {
        "approved": 15, 
        "translated": 205
    }, 
    "th": {
        "approved": 301, 
        "translated": 121613
    }, 
    "tr": {
        "approved": 253748, 
        "pending_since_timestamp": 1491566564.339554, 
        "translated": 345516
    }, 
    "uk": {
        "approved": 98, 
        "translated": 2514
    }, 
    "ur": {
        "approved": 92, 
        "translated": 1160
    }, 
    "xh": {
        "approved": 40, 
        "translated": 40
    }, 
    "zh-hans": {
        "approved": 925, 
        "pending_since_timestamp": 1491547628.375426, 
        "translated": 9785
    }, 
    "zu": {
        "approved": 1, 
        "translated": 20
    }
}