{
    "af": {
        "approved": 19, 
        "pending_since_timestamp": 1542057306.169735, 
        "translated": 1478
    }, 
    "am": {
        "approved": 0, 
        "translated": 0
    }, 
    "ar": {
        "approved": 87451, 
        "pending_since_timestamp": 1546986890.045539, 
        "translated": 213164
    }, 
    "az": {
        "approved": 35919, 
        "pending_since_timestamp": 1546885761.89424, 
        "translated": 37636
    }, 
    "bg": {
        "approved": 335335, 
        "pending_since_timestamp": 1547114175.134336, 
        "translated": 338838
    }, 
    "bn": {
        "approved": 147777, 
        "translated": 162507
    }, 
    "ca": {
        "approved": 3, 
        "pending_since_timestamp": 1546885761.89424, 
        "translated": 1925
    }, 
    "cs": {
        "approved": 133776, 
        "pending_since_timestamp": 1547110275.34297, 
        "translated": 151722
    }, 
    "da": {
        "approved": 175554, 
        "translated": 197081
    }, 
    "de": {
        "approved": 302685, 
        "pending_since_timestamp": 1547096141.053013, 
        "translated": 537160
    }, 
    "el": {
        "approved": 78405, 
        "pending_since_timestamp": 1547096141.053013, 
        "translated": 94175
    }, 
    "es": {
        "approved": 431662, 
        "translated": 448081
    }, 
    "et": {
        "approved": 44980, 
        "translated": 46293
    }, 
    "fa": {
        "approved": 1, 
        "translated": 189
    }, 
    "fa-af": {
        "approved": 31, 
        "translated": 103
    }, 
    "fi": {
        "approved": 82287, 
        "translated": 84182
    }, 
    "fil": {
        "approved": 204, 
        "translated": 297
    }, 
    "fr": {
        "approved": 285967, 
        "pending_since_timestamp": 1547106461.561617, 
        "translated": 289420
    }, 
    "fv": {
        "approved": 85804, 
        "translated": 85805
    }, 
    "gu": {
        "approved": 98517, 
        "pending_since_timestamp": 1546901632.162785, 
        "translated": 141901
    }, 
    "he": {
        "approved": 8438, 
        "pending_since_timestamp": 1546885761.89424, 
        "translated": 8441
    }, 
    "hi": {
        "approved": 167081, 
        "translated": 179449
    }, 
    "hr": {
        "approved": 10947, 
        "pending_since_timestamp": 1546563233.587388, 
        "translated": 16547
    }, 
    "ht": {
        "approved": 1, 
        "translated": 5
    }, 
    "hu": {
        "approved": 93668, 
        "pending_since_timestamp": 1547045554.462497, 
        "translated": 113291
    }, 
    "hy": {
        "approved": 130571, 
        "pending_since_timestamp": 1546986890.045539, 
        "translated": 152610
    }, 
    "id": {
        "approved": 74802, 
        "pending_since_timestamp": 1547054689.770243, 
        "translated": 91026
    }, 
    "it": {
        "approved": 155467, 
        "translated": 173340
    }, 
    "ja": {
        "approved": 125704, 
        "translated": 146369
    }, 
    "ka": {
        "approved": 280222, 
        "pending_since_timestamp": 1547028308.345823, 
        "translated": 284415
    }, 
    "ki": {
        "approved": 0, 
        "translated": 37
    }, 
    "kk": {
        "approved": 103, 
        "translated": 103
    }, 
    "km": {
        "approved": 0, 
        "translated": 52
    }, 
    "kn": {
        "approved": 34552, 
        "pending_since_timestamp": 1547054689.770243, 
        "translated": 40441
    }, 
    "ko": {
        "approved": 190622, 
        "pending_since_timestamp": 1547110275.34297, 
        "translated": 216411
    }, 
    "ky": {
        "approved": 0, 
        "translated": 25
    }, 
    "lol": {
        "approved": 66861, 
        "translated": 82042
    }, 
    "lt": {
        "approved": 80823, 
        "pending_since_timestamp": 1546885761.89424, 
        "translated": 82771
    }, 
    "lv": {
        "approved": 54621, 
        "translated": 55054
    }, 
    "mn": {
        "approved": 82616, 
        "pending_since_timestamp": 1546885761.89424, 
        "translated": 110519
    }, 
    "mr": {
        "approved": 0, 
        "translated": 0
    }, 
    "ms": {
        "approved": 29, 
        "pending_since_timestamp": 1546885761.89424, 
        "translated": 637
    }, 
    "my": {
        "approved": 1, 
        "translated": 122
    }, 
    "nb": {
        "approved": 133129, 
        "translated": 143197
    }, 
    "ne": {
        "approved": 0, 
        "translated": 1
    }, 
    "nl": {
        "approved": 131184, 
        "pending_since_timestamp": 1546986890.045539, 
        "translated": 147139
    }, 
    "nn": {
        "approved": 0, 
        "translated": 1626
    }, 
    "or": {
        "approved": 0, 
        "translated": 52
    }, 
    "pl": {
        "approved": 343498, 
        "translated": 343845
    }, 
    "ps": {
        "approved": 582, 
        "translated": 944
    }, 
    "pt": {
        "approved": 373066, 
        "pending_since_timestamp": 1547057590.496293, 
        "translated": 414393
    }, 
    "pt-pt": {
        "approved": 153179, 
        "pending_since_timestamp": 1546986890.045539, 
        "translated": 182028
    }, 
    "ro": {
        "approved": 63701, 
        "pending_since_timestamp": 1546885761.89424, 
        "translated": 67971
    }, 
    "ru": {
        "approved": 100569, 
        "translated": 122269
    }, 
    "rw": {
        "approved": 0, 
        "translated": 0
    }, 
    "si": {
        "approved": 0, 
        "translated": 196
    }, 
    "sk": {
        "approved": 0, 
        "translated": 2153
    }, 
    "sl": {
        "approved": 0, 
        "pending_since_timestamp": 1546986890.045539, 
        "translated": 0
    }, 
    "sq": {
        "approved": 98727, 
        "translated": 102951
    }, 
    "sr": {
        "approved": 62803, 
        "translated": 81603
    }, 
    "sv": {
        "approved": 167347, 
        "pending_since_timestamp": 1547045554.462497, 
        "translated": 541438
    }, 
    "sw": {
        "approved": 0, 
        "translated": 0
    }, 
    "ta": {
        "approved": 54512, 
        "translated": 77759
    }, 
    "te": {
        "approved": 16, 
        "translated": 208
    }, 
    "th": {
        "approved": 299, 
        "pending_since_timestamp": 1546830341.358973, 
        "translated": 134537
    }, 
    "tr": {
        "approved": 309899, 
        "pending_since_timestamp": 1547127555.096586, 
        "translated": 417982
    }, 
    "uk": {
        "approved": 70574, 
        "pending_since_timestamp": 1546720343.552747, 
        "translated": 91273
    }, 
    "ur": {
        "approved": 54603, 
        "translated": 57480
    }, 
    "uz": {
        "approved": 76754, 
        "pending_since_timestamp": 1546377224.566462, 
        "translated": 92553
    }, 
    "vi": {
        "approved": 2, 
        "translated": 1982
    }, 
    "xh": {
        "approved": 40, 
        "translated": 40
    }, 
    "zh-hans": {
        "approved": 184346, 
        "pending_since_timestamp": 1547096141.053013, 
        "translated": 255706
    }, 
    "zh-hant": {
        "approved": 10005, 
        "pending_since_timestamp": 1546458859.874393, 
        "translated": 74508
    }, 
    "zu": {
        "approved": 1, 
        "translated": 18
    }
}