{
    "ar": {
        "approved": 0, 
        "translated": 4247
    }, 
    "bg": {
        "approved": 120657, 
        "pending_since_timestamp": 1450194641.287736, 
        "translated": 164838
    }, 
    "bn": {
        "approved": 39569, 
        "pending_since_timestamp": 1450181216.948614, 
        "translated": 73782
    }, 
    "cs": {
        "approved": 13520, 
        "translated": 30054
    }, 
    "da": {
        "approved": 39968, 
        "pending_since_timestamp": 1450207648.861835, 
        "translated": 73074
    }, 
    "de": {
        "approved": 108730, 
        "pending_since_timestamp": 1450196685.224194, 
        "translated": 109000
    }, 
    "el": {
        "approved": 0, 
        "pending_since_timestamp": 1450179404.648846, 
        "translated": 6864
    }, 
    "es": {
        "approved": 201522, 
        "pending_since_timestamp": 1450202023.606214, 
        "translated": 301577
    }, 
    "fa": {
        "approved": 0, 
        "translated": 249
    }, 
    "fa-af": {
        "approved": 0, 
        "translated": 10
    }, 
    "fr": {
        "approved": 109501, 
        "pending_since_timestamp": 1450202023.606214, 
        "translated": 115403
    }, 
    "he": {
        "approved": 8582, 
        "translated": 9163
    }, 
    "hi": {
        "approved": 72179, 
        "translated": 73433
    }, 
    "hy": {
        "approved": 0, 
        "translated": 132
    }, 
    "id": {
        "approved": 0, 
        "translated": 9179
    }, 
    "it": {
        "approved": 0, 
        "translated": 57484
    }, 
    "ja": {
        "approved": 21745, 
        "pending_since_timestamp": 1450179404.648846, 
        "translated": 53964
    }, 
    "ko": {
        "approved": 77442, 
        "translated": 88248
    }, 
    "lol": {
        "approved": 704, 
        "translated": 5615
    }, 
    "mn": {
        "approved": 25814, 
        "pending_since_timestamp": 1450200170.091399, 
        "translated": 45331
    }, 
    "ms": {
        "approved": 0, 
        "translated": 804
    }, 
    "nb": {
        "approved": 88125, 
        "translated": 88867
    }, 
    "nl": {
        "approved": 45588, 
        "pending_since_timestamp": 1450196685.224194, 
        "translated": 64880
    }, 
    "pl": {
        "approved": 119327, 
        "pending_since_timestamp": 1450205871.603258, 
        "translated": 128413
    }, 
    "pt": {
        "approved": 160830, 
        "pending_since_timestamp": 1450204952.061989, 
        "translated": 298864
    }, 
    "pt-pt": {
        "approved": 13968, 
        "pending_since_timestamp": 1450179404.648846, 
        "translated": 79664
    }, 
    "ru": {
        "approved": 1228, 
        "pending_since_timestamp": 1450179404.648846, 
        "translated": 14228
    }, 
    "sr": {
        "approved": 35962, 
        "translated": 297503
    }, 
    "sw": {
        "approved": 13015, 
        "translated": 32735
    }, 
    "te": {
        "approved": 0, 
        "translated": 202
    }, 
    "th": {
        "approved": 0, 
        "translated": 130348
    }, 
    "tr": {
        "approved": 174254, 
        "translated": 213074
    }, 
    "uk": {
        "approved": 0, 
        "translated": 1930
    }, 
    "ur": {
        "approved": 0, 
        "translated": 1624
    }, 
    "xh": {
        "approved": 0, 
        "translated": 1
    }, 
    "zh-hans": {
        "approved": 0, 
        "translated": 4321
    }, 
    "zu": {
        "approved": 0, 
        "translated": 29
    }
}