{
    "af": {
        "approved": 19, 
        "pending_since_timestamp": 1542057306.169735, 
        "translated": 1478
    }, 
    "am": {
        "approved": 0, 
        "translated": 0
    }, 
    "ar": {
        "approved": 75466, 
        "pending_since_timestamp": 1545376921.121752, 
        "translated": 212140
    }, 
    "az": {
        "approved": 35926, 
        "pending_since_timestamp": 1545420491.294458, 
        "translated": 37643
    }, 
    "bg": {
        "approved": 332364, 
        "translated": 336452
    }, 
    "bn": {
        "approved": 147814, 
        "pending_since_timestamp": 1545420491.294458, 
        "translated": 161647
    }, 
    "ca": {
        "approved": 3, 
        "pending_since_timestamp": 1545420491.294458, 
        "translated": 1943
    }, 
    "cs": {
        "approved": 130693, 
        "pending_since_timestamp": 1545382963.673018, 
        "translated": 149240
    }, 
    "da": {
        "approved": 174968, 
        "translated": 193014
    }, 
    "de": {
        "approved": 301552, 
        "pending_since_timestamp": 1545420491.294458, 
        "translated": 537217
    }, 
    "el": {
        "approved": 77932, 
        "translated": 93687
    }, 
    "es": {
        "approved": 431852, 
        "pending_since_timestamp": 1545420491.294458, 
        "translated": 448276
    }, 
    "et": {
        "approved": 44984, 
        "translated": 46297
    }, 
    "fa": {
        "approved": 1, 
        "translated": 190
    }, 
    "fa-af": {
        "approved": 31, 
        "translated": 103
    }, 
    "fi": {
        "approved": 82291, 
        "translated": 84186
    }, 
    "fil": {
        "approved": 204, 
        "translated": 297
    }, 
    "fr": {
        "approved": 285846, 
        "pending_since_timestamp": 1545420491.294458, 
        "translated": 289283
    }, 
    "fv": {
        "approved": 85296, 
        "translated": 85494
    }, 
    "gu": {
        "approved": 96771, 
        "pending_since_timestamp": 1545451158.018377, 
        "translated": 140581
    }, 
    "he": {
        "approved": 8455, 
        "pending_since_timestamp": 1545420491.294458, 
        "translated": 8458
    }, 
    "hi": {
        "approved": 167228, 
        "pending_since_timestamp": 1545420491.294458, 
        "translated": 179600
    }, 
    "hr": {
        "approved": 10947, 
        "pending_since_timestamp": 1545420491.294458, 
        "translated": 16549
    }, 
    "ht": {
        "approved": 1, 
        "translated": 5
    }, 
    "hu": {
        "approved": 93031, 
        "pending_since_timestamp": 1545410832.335488, 
        "translated": 112981
    }, 
    "hy": {
        "approved": 127954, 
        "translated": 151082
    }, 
    "id": {
        "approved": 74173, 
        "pending_since_timestamp": 1545432828.027447, 
        "translated": 91112
    }, 
    "it": {
        "approved": 155635, 
        "pending_since_timestamp": 1545420491.294458, 
        "translated": 173501
    }, 
    "ja": {
        "approved": 125492, 
        "translated": 146030
    }, 
    "ka": {
        "approved": 279344, 
        "pending_since_timestamp": 1545420491.294458, 
        "translated": 283339
    }, 
    "ki": {
        "approved": 0, 
        "translated": 37
    }, 
    "kk": {
        "approved": 103, 
        "translated": 103
    }, 
    "km": {
        "approved": 0, 
        "translated": 52
    }, 
    "kn": {
        "approved": 33413, 
        "translated": 39862
    }, 
    "ko": {
        "approved": 186720, 
        "translated": 216156
    }, 
    "ky": {
        "approved": 0, 
        "translated": 25
    }, 
    "lol": {
        "approved": 66865, 
        "translated": 82046
    }, 
    "lt": {
        "approved": 80827, 
        "pending_since_timestamp": 1545327502.472289, 
        "translated": 82781
    }, 
    "lv": {
        "approved": 54625, 
        "translated": 55058
    }, 
    "mn": {
        "approved": 82654, 
        "translated": 110557
    }, 
    "mr": {
        "approved": 0, 
        "translated": 0
    }, 
    "ms": {
        "approved": 29, 
        "pending_since_timestamp": 1545420491.294458, 
        "translated": 639
    }, 
    "my": {
        "approved": 1, 
        "pending_since_timestamp": 1545327502.472289, 
        "translated": 112
    }, 
    "nb": {
        "approved": 133212, 
        "translated": 143282
    }, 
    "ne": {
        "approved": 0, 
        "translated": 1
    }, 
    "nl": {
        "approved": 129219, 
        "translated": 144221
    }, 
    "nn": {
        "approved": 0, 
        "translated": 1626
    }, 
    "or": {
        "approved": 0, 
        "translated": 52
    }, 
    "pl": {
        "approved": 342362, 
        "pending_since_timestamp": 1545420491.294458, 
        "translated": 342756
    }, 
    "ps": {
        "approved": 583, 
        "translated": 925
    }, 
    "pt": {
        "approved": 372961, 
        "translated": 413955
    }, 
    "pt-pt": {
        "approved": 150032, 
        "translated": 180763
    }, 
    "ro": {
        "approved": 63710, 
        "pending_since_timestamp": 1545420491.294458, 
        "translated": 67981
    }, 
    "ru": {
        "approved": 100604, 
        "pending_since_timestamp": 1545420491.294458, 
        "translated": 122023
    }, 
    "rw": {
        "approved": 0, 
        "translated": 0
    }, 
    "si": {
        "approved": 0, 
        "translated": 196
    }, 
    "sk": {
        "approved": 0, 
        "pending_since_timestamp": 1545420491.294458, 
        "translated": 2154
    }, 
    "sl": {
        "approved": 0, 
        "translated": 0
    }, 
    "sq": {
        "approved": 98737, 
        "pending_since_timestamp": 1545420491.294458, 
        "translated": 102961
    }, 
    "sr": {
        "approved": 62986, 
        "pending_since_timestamp": 1545420491.294458, 
        "translated": 81672
    }, 
    "sv": {
        "approved": 166869, 
        "translated": 541402
    }, 
    "sw": {
        "approved": 0, 
        "translated": 0
    }, 
    "ta": {
        "approved": 52558, 
        "pending_since_timestamp": 1545454723.607822, 
        "translated": 77062
    }, 
    "te": {
        "approved": 16, 
        "translated": 208
    }, 
    "th": {
        "approved": 299, 
        "translated": 134508
    }, 
    "tr": {
        "approved": 310057, 
        "pending_since_timestamp": 1545420491.294458, 
        "translated": 417889
    }, 
    "uk": {
        "approved": 70582, 
        "pending_since_timestamp": 1545420491.294458, 
        "translated": 91097
    }, 
    "ur": {
        "approved": 54613, 
        "pending_since_timestamp": 1545420491.294458, 
        "translated": 57500
    }, 
    "uz": {
        "approved": 76758, 
        "pending_since_timestamp": 1545235055.806598, 
        "translated": 89834
    }, 
    "vi": {
        "approved": 2, 
        "translated": 1982
    }, 
    "xh": {
        "approved": 40, 
        "translated": 40
    }, 
    "zh-hans": {
        "approved": 183519, 
        "pending_since_timestamp": 1545420491.294458, 
        "translated": 253051
    }, 
    "zh-hant": {
        "approved": 10007, 
        "pending_since_timestamp": 1545327502.472289, 
        "translated": 74580
    }, 
    "zu": {
        "approved": 1, 
        "translated": 18
    }
}