{
    "ar": {
        "approved": 0, 
        "translated": 4640
    }, 
    "bg": {
        "approved": 171359, 
        "translated": 187687
    }, 
    "bn": {
        "approved": 73625, 
        "pending_since_timestamp": 1460091684.043567, 
        "translated": 122622
    }, 
    "cs": {
        "approved": 12800, 
        "pending_since_timestamp": 1460125556.191146, 
        "translated": 29817
    }, 
    "da": {
        "approved": 40967, 
        "pending_since_timestamp": 1460157392.238719, 
        "translated": 88743
    }, 
    "de": {
        "approved": 148832, 
        "pending_since_timestamp": 1460125556.191146, 
        "translated": 149223
    }, 
    "el": {
        "approved": 252, 
        "translated": 7157
    }, 
    "es": {
        "approved": 241054, 
        "pending_since_timestamp": 1460157392.238719, 
        "translated": 366388
    }, 
    "fa": {
        "approved": 0, 
        "pending_since_timestamp": 1460162296.653874, 
        "translated": 210
    }, 
    "fa-af": {
        "approved": 0, 
        "translated": 72
    }, 
    "fr": {
        "approved": 144444, 
        "translated": 153739
    }, 
    "he": {
        "approved": 9266, 
        "translated": 9281
    }, 
    "hi": {
        "approved": 68364, 
        "pending_since_timestamp": 1460157392.238719, 
        "translated": 82430
    }, 
    "hy": {
        "approved": 0, 
        "translated": 1104
    }, 
    "id": {
        "approved": 0, 
        "translated": 8187
    }, 
    "it": {
        "approved": 0, 
        "translated": 90304
    }, 
    "ja": {
        "approved": 26164, 
        "translated": 58287
    }, 
    "ka": {
        "approved": 113548, 
        "translated": 118002
    }, 
    "ko": {
        "approved": 110627, 
        "translated": 128583
    }, 
    "lol": {
        "approved": 595, 
        "translated": 7607
    }, 
    "mn": {
        "approved": 76325, 
        "translated": 82802
    }, 
    "ms": {
        "approved": 0, 
        "translated": 750
    }, 
    "nb": {
        "approved": 88858, 
        "translated": 90381
    }, 
    "nl": {
        "approved": 55380, 
        "pending_since_timestamp": 1460118901.840133, 
        "translated": 101820
    }, 
    "pl": {
        "approved": 182915, 
        "translated": 185064
    }, 
    "pt": {
        "approved": 180497, 
        "pending_since_timestamp": 1460162296.653874, 
        "translated": 363611
    }, 
    "pt-pt": {
        "approved": 16977, 
        "pending_since_timestamp": 1460113389.004437, 
        "translated": 92435
    }, 
    "ru": {
        "approved": 1177, 
        "translated": 20909
    }, 
    "sr": {
        "approved": 48464, 
        "pending_since_timestamp": 1460157392.238719, 
        "translated": 362478
    }, 
    "sw": {
        "approved": 12190, 
        "translated": 36590
    }, 
    "te": {
        "approved": 0, 
        "translated": 216
    }, 
    "th": {
        "approved": 0, 
        "translated": 129557
    }, 
    "tr": {
        "approved": 171013, 
        "translated": 272548
    }, 
    "uk": {
        "approved": 0, 
        "pending_since_timestamp": 1460162296.653874, 
        "translated": 2602
    }, 
    "ur": {
        "approved": 0, 
        "translated": 1553
    }, 
    "xh": {
        "approved": 0, 
        "translated": 1
    }, 
    "zh-hans": {
        "approved": 0, 
        "translated": 4138
    }, 
    "zu": {
        "approved": 0, 
        "translated": 23
    }
}