{
    "ar": {
        "approved": 0, 
        "translated": 4653
    }, 
    "bg": {
        "approved": 171476, 
        "translated": 187846
    }, 
    "bn": {
        "approved": 72177, 
        "translated": 122430
    }, 
    "cs": {
        "approved": 12800, 
        "translated": 29875
    }, 
    "da": {
        "approved": 41064, 
        "translated": 88368
    }, 
    "de": {
        "approved": 148945, 
        "pending_since_timestamp": 1459956671.421897, 
        "translated": 148977
    }, 
    "el": {
        "approved": 252, 
        "translated": 7156
    }, 
    "es": {
        "approved": 240108, 
        "pending_since_timestamp": 1459962228.297878, 
        "translated": 365723
    }, 
    "fa": {
        "approved": 0, 
        "translated": 210
    }, 
    "fa-af": {
        "approved": 0, 
        "translated": 72
    }, 
    "fr": {
        "approved": 140739, 
        "pending_since_timestamp": 1459962228.297878, 
        "translated": 153284
    }, 
    "he": {
        "approved": 9275, 
        "translated": 9290
    }, 
    "hi": {
        "approved": 68136, 
        "pending_since_timestamp": 1459963593.833344, 
        "translated": 81201
    }, 
    "hy": {
        "approved": 0, 
        "translated": 1104
    }, 
    "id": {
        "approved": 0, 
        "translated": 8190
    }, 
    "it": {
        "approved": 0, 
        "pending_since_timestamp": 1459939095.577433, 
        "translated": 90398
    }, 
    "ja": {
        "approved": 26175, 
        "translated": 58091
    }, 
    "ka": {
        "approved": 110819, 
        "pending_since_timestamp": 1459951723.558853, 
        "translated": 116421
    }, 
    "ko": {
        "approved": 110284, 
        "pending_since_timestamp": 1459925707.329163, 
        "translated": 128279
    }, 
    "lol": {
        "approved": 595, 
        "translated": 7662
    }, 
    "mn": {
        "approved": 76385, 
        "translated": 82856
    }, 
    "ms": {
        "approved": 0, 
        "translated": 752
    }, 
    "nb": {
        "approved": 88634, 
        "translated": 89576
    }, 
    "nl": {
        "approved": 55450, 
        "pending_since_timestamp": 1459930762.870739, 
        "translated": 101703
    }, 
    "pl": {
        "approved": 182076, 
        "translated": 184313
    }, 
    "pt": {
        "approved": 178074, 
        "pending_since_timestamp": 1459965370.985225, 
        "translated": 362923
    }, 
    "pt-pt": {
        "approved": 16319, 
        "pending_since_timestamp": 1459939095.577433, 
        "translated": 91708
    }, 
    "ru": {
        "approved": 1179, 
        "translated": 20950
    }, 
    "sr": {
        "approved": 48302, 
        "pending_since_timestamp": 1459963593.833344, 
        "translated": 361743
    }, 
    "sw": {
        "approved": 12190, 
        "translated": 36648
    }, 
    "te": {
        "approved": 0, 
        "translated": 216
    }, 
    "th": {
        "approved": 0, 
        "translated": 129621
    }, 
    "tr": {
        "approved": 171114, 
        "pending_since_timestamp": 1459962228.297878, 
        "translated": 272422
    }, 
    "uk": {
        "approved": 0, 
        "translated": 2602
    }, 
    "ur": {
        "approved": 0, 
        "translated": 1556
    }, 
    "xh": {
        "approved": 0, 
        "translated": 1
    }, 
    "zh-hans": {
        "approved": 0, 
        "translated": 4140
    }, 
    "zu": {
        "approved": 0, 
        "translated": 23
    }
}