{
    "ar": {
        "approved": 385, 
        "translated": 4415
    }, 
    "bg": {
        "approved": 232205, 
        "pending_since_timestamp": 1495576193.111744, 
        "translated": 235293
    }, 
    "bn": {
        "approved": 139050, 
        "translated": 148358
    }, 
    "cs": {
        "approved": 11701, 
        "translated": 29328
    }, 
    "da": {
        "approved": 71771, 
        "pending_since_timestamp": 1495566315.696907, 
        "translated": 91491
    }, 
    "de": {
        "approved": 213666, 
        "pending_since_timestamp": 1495573683.949761, 
        "translated": 215050
    }, 
    "el": {
        "approved": 1945, 
        "pending_since_timestamp": 1495526193.464561, 
        "translated": 21001
    }, 
    "es": {
        "approved": 349565, 
        "pending_since_timestamp": 1495571553.269262, 
        "translated": 365067
    }, 
    "fa": {
        "approved": 1, 
        "translated": 100
    }, 
    "fa-af": {
        "approved": 31, 
        "translated": 104
    }, 
    "fr": {
        "approved": 234807, 
        "translated": 242500
    }, 
    "he": {
        "approved": 7273, 
        "translated": 7470
    }, 
    "hi": {
        "approved": 98355, 
        "translated": 114343
    }, 
    "hy": {
        "approved": 7403, 
        "translated": 12261
    }, 
    "id": {
        "approved": 531, 
        "translated": 6458
    }, 
    "it": {
        "approved": 92963, 
        "translated": 124111
    }, 
    "ja": {
        "approved": 101138, 
        "pending_since_timestamp": 1495538901.126872, 
        "translated": 120500
    }, 
    "ka": {
        "approved": 196391, 
        "pending_since_timestamp": 1495547875.231108, 
        "translated": 204076
    }, 
    "ko": {
        "approved": 157232, 
        "translated": 172241
    }, 
    "lol": {
        "approved": 382, 
        "translated": 8549
    }, 
    "mn": {
        "approved": 81289, 
        "translated": 105535
    }, 
    "ms": {
        "approved": 29, 
        "translated": 650
    }, 
    "nb": {
        "approved": 92959, 
        "translated": 108020
    }, 
    "nl": {
        "approved": 106950, 
        "translated": 128514
    }, 
    "pl": {
        "approved": 268841, 
        "translated": 269005
    }, 
    "pt": {
        "approved": 282569, 
        "pending_since_timestamp": 1495568050.049328, 
        "translated": 318624
    }, 
    "pt-pt": {
        "approved": 87270, 
        "translated": 117394
    }, 
    "ru": {
        "approved": 1535, 
        "translated": 18457
    }, 
    "sr": {
        "approved": 50436, 
        "translated": 68089
    }, 
    "sw": {
        "approved": 48092, 
        "translated": 61804
    }, 
    "te": {
        "approved": 16, 
        "translated": 241
    }, 
    "th": {
        "approved": 303, 
        "pending_since_timestamp": 1495524204.45583, 
        "translated": 129903
    }, 
    "tr": {
        "approved": 263665, 
        "translated": 365669
    }, 
    "uk": {
        "approved": 98, 
        "translated": 2532
    }, 
    "ur": {
        "approved": 92, 
        "translated": 1162
    }, 
    "xh": {
        "approved": 40, 
        "translated": 40
    }, 
    "zh-hans": {
        "approved": 5590, 
        "pending_since_timestamp": 1495538901.126872, 
        "translated": 29907
    }, 
    "zu": {
        "approved": 1, 
        "translated": 20
    }
}