{
    "af": {
        "approved": 20, 
        "translated": 1571
    }, 
    "am": {
        "approved": 0, 
        "translated": 0
    }, 
    "ar": {
        "approved": 391, 
        "translated": 10608
    }, 
    "az": {
        "approved": 36095, 
        "pending_since_timestamp": 1510325750.200088, 
        "translated": 37112
    }, 
    "bg": {
        "approved": 267148, 
        "translated": 267402
    }, 
    "bn": {
        "approved": 147193, 
        "pending_since_timestamp": 1510299475.996316, 
        "translated": 155088
    }, 
    "ca": {
        "approved": 3, 
        "translated": 2178
    }, 
    "cs": {
        "approved": 43736, 
        "pending_since_timestamp": 1510301361.869512, 
        "translated": 73818
    }, 
    "da": {
        "approved": 76669, 
        "translated": 99212
    }, 
    "de": {
        "approved": 249210, 
        "pending_since_timestamp": 1510302880.77271, 
        "translated": 262702
    }, 
    "el": {
        "approved": 3558, 
        "pending_since_timestamp": 1510325750.200088, 
        "translated": 21952
    }, 
    "es": {
        "approved": 372532, 
        "pending_since_timestamp": 1510325750.200088, 
        "translated": 393664
    }, 
    "et": {
        "approved": 45280, 
        "pending_since_timestamp": 1510245666.282526, 
        "translated": 46667
    }, 
    "fa": {
        "approved": 1, 
        "translated": 205
    }, 
    "fa-af": {
        "approved": 31, 
        "translated": 104
    }, 
    "fi": {
        "approved": 12421, 
        "translated": 13491
    }, 
    "fil": {
        "approved": 0, 
        "translated": 1
    }, 
    "fr": {
        "approved": 261771, 
        "translated": 265295
    }, 
    "gu": {
        "approved": 33852, 
        "translated": 36701
    }, 
    "he": {
        "approved": 6951, 
        "translated": 7530
    }, 
    "hi": {
        "approved": 149255, 
        "translated": 166185
    }, 
    "hr": {
        "approved": 11082, 
        "translated": 16916
    }, 
    "ht": {
        "approved": 1, 
        "translated": 5
    }, 
    "hu": {
        "approved": 46510, 
        "pending_since_timestamp": 1510325750.200088, 
        "translated": 53531
    }, 
    "hy": {
        "approved": 75536, 
        "pending_since_timestamp": 1510299475.996316, 
        "translated": 86279
    }, 
    "id": {
        "approved": 13471, 
        "pending_since_timestamp": 1510325750.200088, 
        "translated": 22972
    }, 
    "it": {
        "approved": 129988, 
        "translated": 151370
    }, 
    "ja": {
        "approved": 112021, 
        "pending_since_timestamp": 1510325750.200088, 
        "translated": 128572
    }, 
    "ka": {
        "approved": 222287, 
        "pending_since_timestamp": 1510306501.232031, 
        "translated": 226673
    }, 
    "kn": {
        "approved": 0, 
        "translated": 161
    }, 
    "ko": {
        "approved": 175090, 
        "pending_since_timestamp": 1510304391.296195, 
        "translated": 187030
    }, 
    "ky": {
        "approved": 0, 
        "pending_since_timestamp": 1509126093.85747, 
        "translated": 28
    }, 
    "lol": {
        "approved": 281, 
        "translated": 8433
    }, 
    "lt": {
        "approved": 0, 
        "translated": 1662
    }, 
    "lv": {
        "approved": 54948, 
        "translated": 54977
    }, 
    "mn": {
        "approved": 87005, 
        "pending_since_timestamp": 1510275850.186619, 
        "translated": 116282
    }, 
    "mr": {
        "approved": 0, 
        "translated": 0
    }, 
    "ms": {
        "approved": 29, 
        "translated": 714
    }, 
    "my": {
        "approved": 0, 
        "pending_since_timestamp": 1508989970.357992, 
        "translated": 123
    }, 
    "nb": {
        "approved": 134029, 
        "translated": 140076
    }, 
    "nl": {
        "approved": 111458, 
        "translated": 132575
    }, 
    "nn": {
        "approved": 0, 
        "translated": 1693
    }, 
    "or": {
        "approved": 0, 
        "translated": 70
    }, 
    "pl": {
        "approved": 296305, 
        "pending_since_timestamp": 1510325750.200088, 
        "translated": 296607
    }, 
    "pt": {
        "approved": 319727, 
        "pending_since_timestamp": 1510302880.77271, 
        "translated": 367632
    }, 
    "pt-pt": {
        "approved": 117486, 
        "translated": 137531
    }, 
    "ro": {
        "approved": 62604, 
        "pending_since_timestamp": 1510245666.282526, 
        "translated": 68391
    }, 
    "ru": {
        "approved": 1832, 
        "translated": 21452
    }, 
    "rw": {
        "approved": 0, 
        "translated": 0
    }, 
    "si": {
        "approved": 0, 
        "translated": 229
    }, 
    "sk": {
        "approved": 0, 
        "translated": 2317
    }, 
    "sl": {
        "approved": 0, 
        "translated": 0
    }, 
    "sq": {
        "approved": 49903, 
        "pending_since_timestamp": 1510146353.378058, 
        "translated": 65368
    }, 
    "sr": {
        "approved": 54467, 
        "translated": 71086
    }, 
    "sv": {
        "approved": 72550, 
        "translated": 134598
    }, 
    "sw": {
        "approved": 0, 
        "translated": 0
    }, 
    "ta": {
        "approved": 32858, 
        "translated": 49891
    }, 
    "te": {
        "approved": 16, 
        "translated": 235
    }, 
    "th": {
        "approved": 303, 
        "pending_since_timestamp": 1510245666.282526, 
        "translated": 131551
    }, 
    "tr": {
        "approved": 275822, 
        "pending_since_timestamp": 1510299475.996316, 
        "translated": 390794
    }, 
    "uk": {
        "approved": 98, 
        "pending_since_timestamp": 1509598318.378423, 
        "translated": 2459
    }, 
    "ur": {
        "approved": 2401, 
        "pending_since_timestamp": 1510277700.500803, 
        "translated": 3934
    }, 
    "uz": {
        "approved": 154, 
        "pending_since_timestamp": 1510150173.287201, 
        "translated": 1481
    }, 
    "vi": {
        "approved": 2, 
        "translated": 1494
    }, 
    "xh": {
        "approved": 40, 
        "translated": 40
    }, 
    "zh-hans": {
        "approved": 41972, 
        "translated": 95889
    }, 
    "zh-hant": {
        "approved": 7632, 
        "pending_since_timestamp": 1510160311.17378, 
        "translated": 66437
    }, 
    "zu": {
        "approved": 1, 
        "translated": 20
    }
}