{
    "ar": {
        "approved": 0, 
        "translated": 4342
    }, 
    "bg": {
        "approved": 197921, 
        "translated": 197987
    }, 
    "bn": {
        "approved": 93638, 
        "translated": 123170
    }, 
    "cs": {
        "approved": 12268, 
        "pending_since_timestamp": 1465774845.883436, 
        "translated": 30678
    }, 
    "da": {
        "approved": 75583, 
        "translated": 84252
    }, 
    "de": {
        "approved": 152115, 
        "translated": 152130
    }, 
    "el": {
        "approved": 323, 
        "translated": 7393
    }, 
    "es": {
        "approved": 276016, 
        "pending_since_timestamp": 1465770302.246802, 
        "translated": 375662
    }, 
    "fa": {
        "approved": 0, 
        "translated": 107
    }, 
    "fa-af": {
        "approved": 0, 
        "translated": 72
    }, 
    "fr": {
        "approved": 161716, 
        "pending_since_timestamp": 1465782781.489287, 
        "translated": 169170
    }, 
    "he": {
        "approved": 8590, 
        "translated": 8600
    }, 
    "hi": {
        "approved": 69857, 
        "pending_since_timestamp": 1465784594.133395, 
        "translated": 105134
    }, 
    "hy": {
        "approved": 0, 
        "translated": 3014
    }, 
    "id": {
        "approved": 0, 
        "translated": 7311
    }, 
    "it": {
        "approved": 0, 
        "pending_since_timestamp": 1465774845.883436, 
        "translated": 94954
    }, 
    "ja": {
        "approved": 29203, 
        "pending_since_timestamp": 1465774845.883436, 
        "translated": 77780
    }, 
    "ka": {
        "approved": 132651, 
        "pending_since_timestamp": 1465782781.489287, 
        "translated": 135189
    }, 
    "ko": {
        "approved": 124873, 
        "pending_since_timestamp": 1465786312.0092, 
        "translated": 141809
    }, 
    "lol": {
        "approved": 603, 
        "translated": 8850
    }, 
    "mn": {
        "approved": 74614, 
        "translated": 82788
    }, 
    "ms": {
        "approved": 0, 
        "pending_since_timestamp": 1465568490.645855, 
        "translated": 734
    }, 
    "nb": {
        "approved": 98578, 
        "translated": 101571
    }, 
    "nl": {
        "approved": 80630, 
        "translated": 115984
    }, 
    "pl": {
        "approved": 198446, 
        "translated": 199005
    }, 
    "pt": {
        "approved": 198855, 
        "pending_since_timestamp": 1465782781.489287, 
        "translated": 372913
    }, 
    "pt-pt": {
        "approved": 18871, 
        "pending_since_timestamp": 1465774845.883436, 
        "translated": 114413
    }, 
    "ru": {
        "approved": 1163, 
        "pending_since_timestamp": 1465774845.883436, 
        "translated": 19739
    }, 
    "sr": {
        "approved": 44902, 
        "translated": 371648
    }, 
    "sw": {
        "approved": 11734, 
        "pending_since_timestamp": 1465774845.883436, 
        "translated": 33592
    }, 
    "te": {
        "approved": 0, 
        "translated": 215
    }, 
    "th": {
        "approved": 0, 
        "pending_since_timestamp": 1465774845.883436, 
        "translated": 120820
    }, 
    "tr": {
        "approved": 182954, 
        "translated": 277138
    }, 
    "uk": {
        "approved": 0, 
        "translated": 2562
    }, 
    "ur": {
        "approved": 0, 
        "translated": 1465
    }, 
    "xh": {
        "approved": 0, 
        "translated": 1
    }, 
    "zh-hans": {
        "approved": 0, 
        "translated": 5156
    }, 
    "zu": {
        "approved": 0, 
        "translated": 23
    }
}