{
    "ar": {
        "approved": 380, 
        "translated": 4287
    }, 
    "bg": {
        "approved": 196608, 
        "pending_since_timestamp": 1491402837.453518, 
        "translated": 226963
    }, 
    "bn": {
        "approved": 129038, 
        "translated": 141295
    }, 
    "cs": {
        "approved": 11912, 
        "pending_since_timestamp": 1491381428.574424, 
        "translated": 29090
    }, 
    "da": {
        "approved": 73026, 
        "pending_since_timestamp": 1491393170.38189, 
        "translated": 83394
    }, 
    "de": {
        "approved": 203913, 
        "translated": 206660
    }, 
    "el": {
        "approved": 1458, 
        "translated": 16998
    }, 
    "es": {
        "approved": 340165, 
        "translated": 355976
    }, 
    "fa": {
        "approved": 1, 
        "translated": 99
    }, 
    "fa-af": {
        "approved": 31, 
        "translated": 104
    }, 
    "fr": {
        "approved": 227662, 
        "translated": 236261
    }, 
    "he": {
        "approved": 6342, 
        "translated": 6986
    }, 
    "hi": {
        "approved": 99845, 
        "translated": 115369
    }, 
    "hy": {
        "approved": 7403, 
        "translated": 12288
    }, 
    "id": {
        "approved": 531, 
        "translated": 6414
    }, 
    "it": {
        "approved": 89042, 
        "pending_since_timestamp": 1491387374.682781, 
        "translated": 118194
    }, 
    "ja": {
        "approved": 100175, 
        "translated": 117629
    }, 
    "ka": {
        "approved": 193124, 
        "pending_since_timestamp": 1491400579.674196, 
        "translated": 199929
    }, 
    "ko": {
        "approved": 152185, 
        "translated": 162908
    }, 
    "lol": {
        "approved": 392, 
        "translated": 8630
    }, 
    "mn": {
        "approved": 79764, 
        "translated": 97486
    }, 
    "ms": {
        "approved": 29, 
        "translated": 640
    }, 
    "nb": {
        "approved": 93663, 
        "translated": 98690
    }, 
    "nl": {
        "approved": 104465, 
        "pending_since_timestamp": 1491387374.682781, 
        "translated": 127836
    }, 
    "pl": {
        "approved": 260873, 
        "pending_since_timestamp": 1491400579.674196, 
        "translated": 260976
    }, 
    "pt": {
        "approved": 268352, 
        "pending_since_timestamp": 1491402837.453518, 
        "translated": 306402
    }, 
    "pt-pt": {
        "approved": 80278, 
        "translated": 112147
    }, 
    "ru": {
        "approved": 1537, 
        "translated": 18456
    }, 
    "sr": {
        "approved": 50745, 
        "translated": 68520
    }, 
    "sw": {
        "approved": 33132, 
        "pending_since_timestamp": 1491394769.150275, 
        "translated": 51041
    }, 
    "te": {
        "approved": 15, 
        "translated": 205
    }, 
    "th": {
        "approved": 301, 
        "translated": 121619
    }, 
    "tr": {
        "approved": 253976, 
        "translated": 341080
    }, 
    "uk": {
        "approved": 98, 
        "translated": 2515
    }, 
    "ur": {
        "approved": 92, 
        "translated": 1160
    }, 
    "xh": {
        "approved": 40, 
        "translated": 40
    }, 
    "zh-hans": {
        "approved": 336, 
        "translated": 9473
    }, 
    "zu": {
        "approved": 1, 
        "translated": 20
    }
}