{
    "ar": {
        "approved": 0, 
        "translated": 4438
    }, 
    "bg": {
        "approved": 196671, 
        "pending_since_timestamp": 1471182290.525443, 
        "translated": 223022
    }, 
    "bn": {
        "approved": 112229, 
        "translated": 130977
    }, 
    "cs": {
        "approved": 12229, 
        "translated": 30377
    }, 
    "da": {
        "approved": 75343, 
        "translated": 83759
    }, 
    "de": {
        "approved": 166492, 
        "pending_since_timestamp": 1471179007.43134, 
        "translated": 166777
    }, 
    "el": {
        "approved": 371, 
        "translated": 7678
    }, 
    "es": {
        "approved": 291272, 
        "pending_since_timestamp": 1471195750.681397, 
        "translated": 390618
    }, 
    "fa": {
        "approved": 0, 
        "translated": 104
    }, 
    "fa-af": {
        "approved": 0, 
        "translated": 72
    }, 
    "fr": {
        "approved": 167804, 
        "pending_since_timestamp": 1471204559.873483, 
        "translated": 174315
    }, 
    "he": {
        "approved": 8416, 
        "pending_since_timestamp": 1471179007.43134, 
        "translated": 8740
    }, 
    "hi": {
        "approved": 91605, 
        "translated": 111980
    }, 
    "hy": {
        "approved": 0, 
        "translated": 3013
    }, 
    "id": {
        "approved": 0, 
        "translated": 7144
    }, 
    "it": {
        "approved": 15494, 
        "translated": 108044
    }, 
    "ja": {
        "approved": 34043, 
        "pending_since_timestamp": 1471203481.206325, 
        "translated": 81145
    }, 
    "ka": {
        "approved": 147960, 
        "pending_since_timestamp": 1471185263.106741, 
        "translated": 150261
    }, 
    "ko": {
        "approved": 126819, 
        "translated": 151314
    }, 
    "lol": {
        "approved": 599, 
        "translated": 8825
    }, 
    "mn": {
        "approved": 75396, 
        "pending_since_timestamp": 1471195750.681397, 
        "translated": 83010
    }, 
    "ms": {
        "approved": 0, 
        "translated": 727
    }, 
    "nb": {
        "approved": 97993, 
        "translated": 101152
    }, 
    "nl": {
        "approved": 80685, 
        "translated": 117388
    }, 
    "pl": {
        "approved": 206983, 
        "pending_since_timestamp": 1471195750.681397, 
        "translated": 207321
    }, 
    "pt": {
        "approved": 204861, 
        "pending_since_timestamp": 1471200420.243816, 
        "translated": 388225
    }, 
    "pt-pt": {
        "approved": 37316, 
        "pending_since_timestamp": 1471200420.243816, 
        "translated": 72381
    }, 
    "ru": {
        "approved": 1190, 
        "translated": 19414
    }, 
    "sr": {
        "approved": 48643, 
        "pending_since_timestamp": 1471195750.681397, 
        "translated": 386736
    }, 
    "sw": {
        "approved": 11694, 
        "pending_since_timestamp": 1471151155.658238, 
        "translated": 33313
    }, 
    "te": {
        "approved": 0, 
        "pending_since_timestamp": 1470762331.56727, 
        "translated": 212
    }, 
    "th": {
        "approved": 0, 
        "pending_since_timestamp": 1471151155.658238, 
        "translated": 119731
    }, 
    "tr": {
        "approved": 204158, 
        "translated": 291127
    }, 
    "uk": {
        "approved": 0, 
        "translated": 2521
    }, 
    "ur": {
        "approved": 0, 
        "translated": 1419
    }, 
    "xh": {
        "approved": 0, 
        "translated": 1
    }, 
    "zh-hans": {
        "approved": 0, 
        "translated": 5119
    }, 
    "zu": {
        "approved": 0, 
        "pending_since_timestamp": 1470762331.56727, 
        "translated": 22
    }
}