{
    "ar": {
        "approved": 0, 
        "translated": 4640
    }, 
    "bg": {
        "approved": 170519, 
        "translated": 186905
    }, 
    "bn": {
        "approved": 72937, 
        "translated": 121842
    }, 
    "cs": {
        "approved": 12794, 
        "translated": 29786
    }, 
    "da": {
        "approved": 40175, 
        "translated": 88234
    }, 
    "de": {
        "approved": 148024, 
        "pending_since_timestamp": 1460453653.359309, 
        "translated": 148941
    }, 
    "el": {
        "approved": 252, 
        "translated": 7240
    }, 
    "es": {
        "approved": 247324, 
        "translated": 367516
    }, 
    "fa": {
        "approved": 0, 
        "translated": 211
    }, 
    "fa-af": {
        "approved": 0, 
        "translated": 72
    }, 
    "fr": {
        "approved": 145171, 
        "pending_since_timestamp": 1460455412.244604, 
        "translated": 154563
    }, 
    "he": {
        "approved": 9264, 
        "translated": 9279
    }, 
    "hi": {
        "approved": 68305, 
        "pending_since_timestamp": 1460453653.359309, 
        "translated": 85030
    }, 
    "hy": {
        "approved": 0, 
        "translated": 1608
    }, 
    "id": {
        "approved": 0, 
        "translated": 8179
    }, 
    "it": {
        "approved": 0, 
        "translated": 89635
    }, 
    "ja": {
        "approved": 26175, 
        "translated": 57756
    }, 
    "ka": {
        "approved": 114422, 
        "pending_since_timestamp": 1460463614.892516, 
        "translated": 117405
    }, 
    "ko": {
        "approved": 110289, 
        "pending_since_timestamp": 1460443958.265668, 
        "translated": 131190
    }, 
    "lol": {
        "approved": 595, 
        "translated": 7604
    }, 
    "mn": {
        "approved": 75692, 
        "pending_since_timestamp": 1460447277.077663, 
        "translated": 82339
    }, 
    "ms": {
        "approved": 0, 
        "translated": 750
    }, 
    "nb": {
        "approved": 88093, 
        "translated": 89616
    }, 
    "nl": {
        "approved": 54612, 
        "pending_since_timestamp": 1460441623.472554, 
        "translated": 102326
    }, 
    "pl": {
        "approved": 183654, 
        "pending_since_timestamp": 1460463614.892516, 
        "translated": 185831
    }, 
    "pt": {
        "approved": 181337, 
        "pending_since_timestamp": 1460465090.26863, 
        "translated": 364774
    }, 
    "pt-pt": {
        "approved": 17338, 
        "translated": 92546
    }, 
    "ru": {
        "approved": 1177, 
        "pending_since_timestamp": 1460463614.892516, 
        "translated": 20899
    }, 
    "sr": {
        "approved": 47700, 
        "pending_since_timestamp": 1460453653.359309, 
        "translated": 363462
    }, 
    "sw": {
        "approved": 12184, 
        "translated": 36004
    }, 
    "te": {
        "approved": 0, 
        "translated": 216
    }, 
    "th": {
        "approved": 0, 
        "translated": 128789
    }, 
    "tr": {
        "approved": 170195, 
        "pending_since_timestamp": 1460463614.892516, 
        "translated": 271622
    }, 
    "uk": {
        "approved": 0, 
        "translated": 2601
    }, 
    "ur": {
        "approved": 0, 
        "translated": 1553
    }, 
    "xh": {
        "approved": 0, 
        "translated": 1
    }, 
    "zh-hans": {
        "approved": 0, 
        "translated": 4134
    }, 
    "zu": {
        "approved": 0, 
        "translated": 23
    }
}