{
    "ar": {
        "approved": 160, 
        "translated": 3664
    }, 
    "bg": {
        "approved": 182628, 
        "pending_since_timestamp": 1481563228.627669, 
        "translated": 202937
    }, 
    "bn": {
        "approved": 121460, 
        "translated": 134747
    }, 
    "cs": {
        "approved": 12229, 
        "translated": 28922
    }, 
    "da": {
        "approved": 73899, 
        "pending_since_timestamp": 1481583155.702264, 
        "translated": 81581
    }, 
    "de": {
        "approved": 197229, 
        "pending_since_timestamp": 1481574027.741987, 
        "translated": 197229
    }, 
    "el": {
        "approved": 873, 
        "pending_since_timestamp": 1481571635.200162, 
        "translated": 8409
    }, 
    "es": {
        "approved": 304026, 
        "pending_since_timestamp": 1481574027.741987, 
        "translated": 322711
    }, 
    "fa": {
        "approved": 1, 
        "translated": 103
    }, 
    "fa-af": {
        "approved": 31, 
        "translated": 104
    }, 
    "fr": {
        "approved": 202351, 
        "pending_since_timestamp": 1481576116.763691, 
        "translated": 215428
    }, 
    "he": {
        "approved": 6515, 
        "translated": 7059
    }, 
    "hi": {
        "approved": 96046, 
        "translated": 115369
    }, 
    "hy": {
        "approved": 3766, 
        "translated": 9492
    }, 
    "id": {
        "approved": 532, 
        "translated": 6324
    }, 
    "it": {
        "approved": 60961, 
        "translated": 109816
    }, 
    "ja": {
        "approved": 94319, 
        "pending_since_timestamp": 1481583155.702264, 
        "translated": 114480
    }, 
    "ka": {
        "approved": 186842, 
        "translated": 192007
    }, 
    "ko": {
        "approved": 139734, 
        "translated": 155312
    }, 
    "lol": {
        "approved": 402, 
        "translated": 8677
    }, 
    "mn": {
        "approved": 73638, 
        "translated": 81216
    }, 
    "ms": {
        "approved": 29, 
        "translated": 689
    }, 
    "nb": {
        "approved": 96256, 
        "translated": 99320
    }, 
    "nl": {
        "approved": 96409, 
        "translated": 120233
    }, 
    "pl": {
        "approved": 233564, 
        "pending_since_timestamp": 1481574027.741987, 
        "translated": 234342
    }, 
    "pt": {
        "approved": 239780, 
        "pending_since_timestamp": 1481581539.598887, 
        "translated": 278819
    }, 
    "pt-pt": {
        "approved": 59919, 
        "pending_since_timestamp": 1481539158.135879, 
        "translated": 87457
    }, 
    "ru": {
        "approved": 1638, 
        "translated": 18159
    }, 
    "sr": {
        "approved": 51010, 
        "translated": 68791
    }, 
    "sw": {
        "approved": 11652, 
        "translated": 31811
    }, 
    "te": {
        "approved": 16, 
        "translated": 214
    }, 
    "th": {
        "approved": 316, 
        "translated": 117772
    }, 
    "tr": {
        "approved": 232109, 
        "translated": 317637
    }, 
    "uk": {
        "approved": 98, 
        "translated": 2481
    }, 
    "ur": {
        "approved": 92, 
        "translated": 1204
    }, 
    "xh": {
        "approved": 40, 
        "translated": 40
    }, 
    "zh-hans": {
        "approved": 128, 
        "translated": 5047
    }, 
    "zu": {
        "approved": 1, 
        "translated": 22
    }
}