{
    "af": {
        "approved": 20, 
        "pending_since_timestamp": 1509638797.884939, 
        "translated": 1569
    }, 
    "am": {
        "approved": 0, 
        "translated": 0
    }, 
    "ar": {
        "approved": 392, 
        "pending_since_timestamp": 1509598318.378423, 
        "translated": 10360
    }, 
    "az": {
        "approved": 36095, 
        "pending_since_timestamp": 1509598318.378423, 
        "translated": 37115
    }, 
    "bg": {
        "approved": 263904, 
        "pending_since_timestamp": 1509662456.789969, 
        "translated": 265967
    }, 
    "bn": {
        "approved": 146908, 
        "translated": 154728
    }, 
    "ca": {
        "approved": 3, 
        "pending_since_timestamp": 1509598318.378423, 
        "translated": 2175
    }, 
    "cs": {
        "approved": 43576, 
        "pending_since_timestamp": 1509598318.378423, 
        "translated": 72645
    }, 
    "da": {
        "approved": 76675, 
        "pending_since_timestamp": 1509598318.378423, 
        "translated": 99200
    }, 
    "de": {
        "approved": 242276, 
        "pending_since_timestamp": 1509670040.880369, 
        "translated": 261073
    }, 
    "el": {
        "approved": 3542, 
        "pending_since_timestamp": 1509563526.185424, 
        "translated": 21689
    }, 
    "es": {
        "approved": 369512, 
        "pending_since_timestamp": 1509653035.415485, 
        "translated": 392448
    }, 
    "et": {
        "approved": 45280, 
        "pending_since_timestamp": 1509638797.884939, 
        "translated": 46665
    }, 
    "fa": {
        "approved": 1, 
        "translated": 205
    }, 
    "fa-af": {
        "approved": 31, 
        "translated": 104
    }, 
    "fi": {
        "approved": 12421, 
        "pending_since_timestamp": 1509638797.884939, 
        "translated": 13490
    }, 
    "fil": {
        "approved": 0, 
        "translated": 1
    }, 
    "fr": {
        "approved": 259792, 
        "translated": 263867
    }, 
    "gu": {
        "approved": 33853, 
        "translated": 36710
    }, 
    "he": {
        "approved": 6948, 
        "pending_since_timestamp": 1509598318.378423, 
        "translated": 7527
    }, 
    "hi": {
        "approved": 97424, 
        "pending_since_timestamp": 1509641139.044824, 
        "translated": 113954
    }, 
    "hr": {
        "approved": 11082, 
        "pending_since_timestamp": 1509638797.884939, 
        "translated": 16914
    }, 
    "ht": {
        "approved": 1, 
        "translated": 5
    }, 
    "hu": {
        "approved": 46275, 
        "pending_since_timestamp": 1509349392.91405, 
        "translated": 53227
    }, 
    "hy": {
        "approved": 74704, 
        "pending_since_timestamp": 1509638797.884939, 
        "translated": 86064
    }, 
    "id": {
        "approved": 10957, 
        "translated": 22206
    }, 
    "it": {
        "approved": 127164, 
        "translated": 147738
    }, 
    "ja": {
        "approved": 111633, 
        "translated": 127684
    }, 
    "ka": {
        "approved": 221108, 
        "translated": 225751
    }, 
    "kn": {
        "approved": 0, 
        "translated": 161
    }, 
    "ko": {
        "approved": 174111, 
        "translated": 184909
    }, 
    "ky": {
        "approved": 0, 
        "pending_since_timestamp": 1509126093.85747, 
        "translated": 28
    }, 
    "lol": {
        "approved": 281, 
        "translated": 8433
    }, 
    "lt": {
        "approved": 0, 
        "pending_since_timestamp": 1509598318.378423, 
        "translated": 1660
    }, 
    "lv": {
        "approved": 54948, 
        "pending_since_timestamp": 1509607750.021567, 
        "translated": 54972
    }, 
    "mn": {
        "approved": 87011, 
        "pending_since_timestamp": 1509598318.378423, 
        "translated": 116125
    }, 
    "mr": {
        "approved": 0, 
        "translated": 0
    }, 
    "ms": {
        "approved": 29, 
        "pending_since_timestamp": 1509598318.378423, 
        "translated": 715
    }, 
    "my": {
        "approved": 0, 
        "pending_since_timestamp": 1508989970.357992, 
        "translated": 123
    }, 
    "nb": {
        "approved": 134028, 
        "translated": 140065
    }, 
    "nl": {
        "approved": 111456, 
        "translated": 132571
    }, 
    "nn": {
        "approved": 0, 
        "pending_since_timestamp": 1509469224.222401, 
        "translated": 1692
    }, 
    "or": {
        "approved": 0, 
        "translated": 70
    }, 
    "pl": {
        "approved": 295325, 
        "pending_since_timestamp": 1509646023.273908, 
        "translated": 295665
    }, 
    "pt": {
        "approved": 318508, 
        "pending_since_timestamp": 1509680933.99329, 
        "translated": 365755
    }, 
    "pt-pt": {
        "approved": 114774, 
        "translated": 135858
    }, 
    "ro": {
        "approved": 62600, 
        "pending_since_timestamp": 1509638797.884939, 
        "translated": 68383
    }, 
    "ru": {
        "approved": 1829, 
        "pending_since_timestamp": 1509598318.378423, 
        "translated": 21454
    }, 
    "rw": {
        "approved": 0, 
        "translated": 0
    }, 
    "si": {
        "approved": 0, 
        "translated": 229
    }, 
    "sk": {
        "approved": 0, 
        "pending_since_timestamp": 1509638797.884939, 
        "translated": 2315
    }, 
    "sl": {
        "approved": 0, 
        "translated": 0
    }, 
    "sq": {
        "approved": 49904, 
        "pending_since_timestamp": 1509598318.378423, 
        "translated": 65335
    }, 
    "sr": {
        "approved": 54436, 
        "pending_since_timestamp": 1509638797.884939, 
        "translated": 71054
    }, 
    "sv": {
        "approved": 72566, 
        "translated": 134612
    }, 
    "sw": {
        "approved": 0, 
        "translated": 0
    }, 
    "ta": {
        "approved": 26572, 
        "translated": 49629
    }, 
    "te": {
        "approved": 16, 
        "translated": 235
    }, 
    "th": {
        "approved": 303, 
        "pending_since_timestamp": 1509598318.378423, 
        "translated": 131560
    }, 
    "tr": {
        "approved": 274799, 
        "translated": 389520
    }, 
    "uk": {
        "approved": 98, 
        "pending_since_timestamp": 1509598318.378423, 
        "translated": 2459
    }, 
    "ur": {
        "approved": 92, 
        "pending_since_timestamp": 1509674281.679827, 
        "translated": 3167
    }, 
    "uz": {
        "approved": 154, 
        "pending_since_timestamp": 1509638797.884939, 
        "translated": 1493
    }, 
    "vi": {
        "approved": 2, 
        "translated": 1494
    }, 
    "xh": {
        "approved": 40, 
        "translated": 40
    }, 
    "zh-hans": {
        "approved": 40088, 
        "translated": 95540
    }, 
    "zh-hant": {
        "approved": 7597, 
        "pending_since_timestamp": 1509469224.222401, 
        "translated": 66197
    }, 
    "zu": {
        "approved": 1, 
        "translated": 20
    }
}