{
    "ar": {
        "approved": 161, 
        "translated": 3887
    }, 
    "bg": {
        "approved": 198027, 
        "translated": 211862
    }, 
    "bn": {
        "approved": 127222, 
        "translated": 139978
    }, 
    "cs": {
        "approved": 12206, 
        "translated": 28903
    }, 
    "da": {
        "approved": 73773, 
        "translated": 81575
    }, 
    "de": {
        "approved": 203066, 
        "translated": 203593
    }, 
    "el": {
        "approved": 1207, 
        "translated": 16160
    }, 
    "es": {
        "approved": 332801, 
        "pending_since_timestamp": 1487620857.741325, 
        "translated": 349513
    }, 
    "fa": {
        "approved": 1, 
        "translated": 103
    }, 
    "fa-af": {
        "approved": 31, 
        "translated": 104
    }, 
    "fr": {
        "approved": 220490, 
        "translated": 228034
    }, 
    "he": {
        "approved": 6492, 
        "translated": 7038
    }, 
    "hi": {
        "approved": 100277, 
        "translated": 115595
    }, 
    "hy": {
        "approved": 7405, 
        "translated": 12321
    }, 
    "id": {
        "approved": 532, 
        "translated": 6431
    }, 
    "it": {
        "approved": 66981, 
        "pending_since_timestamp": 1487620857.741325, 
        "translated": 114395
    }, 
    "ja": {
        "approved": 99915, 
        "translated": 116916
    }, 
    "ka": {
        "approved": 190541, 
        "pending_since_timestamp": 1487619547.39051, 
        "translated": 195918
    }, 
    "ko": {
        "approved": 153017, 
        "translated": 162928
    }, 
    "lol": {
        "approved": 397, 
        "translated": 8647
    }, 
    "mn": {
        "approved": 73247, 
        "translated": 89521
    }, 
    "ms": {
        "approved": 29, 
        "translated": 682
    }, 
    "nb": {
        "approved": 95985, 
        "translated": 99181
    }, 
    "nl": {
        "approved": 103427, 
        "translated": 127091
    }, 
    "pl": {
        "approved": 252517, 
        "pending_since_timestamp": 1487624494.727134, 
        "translated": 252784
    }, 
    "pt": {
        "approved": 255352, 
        "pending_since_timestamp": 1487626343.674737, 
        "translated": 293488
    }, 
    "pt-pt": {
        "approved": 70408, 
        "pending_since_timestamp": 1487622098.832869, 
        "translated": 100774
    }, 
    "ru": {
        "approved": 1634, 
        "translated": 18311
    }, 
    "sr": {
        "approved": 50791, 
        "translated": 68715
    }, 
    "sw": {
        "approved": 11627, 
        "translated": 31877
    }, 
    "te": {
        "approved": 16, 
        "translated": 214
    }, 
    "th": {
        "approved": 316, 
        "translated": 122098
    }, 
    "tr": {
        "approved": 249907, 
        "translated": 330857
    }, 
    "uk": {
        "approved": 98, 
        "translated": 2479
    }, 
    "ur": {
        "approved": 92, 
        "translated": 1200
    }, 
    "xh": {
        "approved": 40, 
        "translated": 40
    }, 
    "zh-hans": {
        "approved": 142, 
        "translated": 5436
    }, 
    "zu": {
        "approved": 1, 
        "translated": 22
    }
}