{
    "af": {
        "approved": 19, 
        "translated": 1467
    }, 
    "am": {
        "approved": 0, 
        "translated": 0
    }, 
    "ar": {
        "approved": 104127, 
        "pending_since_timestamp": 1553010300.017698, 
        "translated": 213596
    }, 
    "az": {
        "approved": 35846, 
        "translated": 37557
    }, 
    "bg": {
        "approved": 337844, 
        "translated": 340462
    }, 
    "bn": {
        "approved": 148515, 
        "pending_since_timestamp": 1553330716.94535, 
        "translated": 165253
    }, 
    "ca": {
        "approved": 3, 
        "translated": 1882
    }, 
    "cs": {
        "approved": 139242, 
        "pending_since_timestamp": 1553347353.647989, 
        "translated": 155030
    }, 
    "da": {
        "approved": 178282, 
        "pending_since_timestamp": 1553333708.368151, 
        "translated": 200261
    }, 
    "de": {
        "approved": 306138, 
        "pending_since_timestamp": 1553347353.647989, 
        "translated": 538213
    }, 
    "el": {
        "approved": 79426, 
        "pending_since_timestamp": 1553015154.208358, 
        "translated": 95177
    }, 
    "es": {
        "approved": 431108, 
        "translated": 447504
    }, 
    "et": {
        "approved": 44899, 
        "translated": 46207
    }, 
    "fa": {
        "approved": 1, 
        "translated": 189
    }, 
    "fa-af": {
        "approved": 31, 
        "translated": 103
    }, 
    "fi": {
        "approved": 82163, 
        "translated": 84055
    }, 
    "fil": {
        "approved": 202, 
        "translated": 295
    }, 
    "fr": {
        "approved": 287200, 
        "pending_since_timestamp": 1553330716.94535, 
        "translated": 290658
    }, 
    "fv": {
        "approved": 85682, 
        "translated": 85689
    }, 
    "gu": {
        "approved": 107702, 
        "pending_since_timestamp": 1553317697.003841, 
        "translated": 150814
    }, 
    "he": {
        "approved": 8295, 
        "translated": 8298
    }, 
    "hi": {
        "approved": 166750, 
        "translated": 179116
    }, 
    "hr": {
        "approved": 10873, 
        "translated": 16472
    }, 
    "ht": {
        "approved": 1, 
        "translated": 5
    }, 
    "hu": {
        "approved": 97631, 
        "pending_since_timestamp": 1553273670.394748, 
        "translated": 116781
    }, 
    "hy": {
        "approved": 166144, 
        "pending_since_timestamp": 1553324510.736447, 
        "translated": 181125
    }, 
    "id": {
        "approved": 88276, 
        "translated": 92150
    }, 
    "it": {
        "approved": 155107, 
        "translated": 175486
    }, 
    "ja": {
        "approved": 125874, 
        "pending_since_timestamp": 1553210810.487759, 
        "translated": 147230
    }, 
    "ka": {
        "approved": 284320, 
        "pending_since_timestamp": 1553347353.647989, 
        "translated": 286979
    }, 
    "ki": {
        "approved": 0, 
        "translated": 37
    }, 
    "kk": {
        "approved": 103, 
        "translated": 103
    }, 
    "km": {
        "approved": 1, 
        "pending_since_timestamp": 1552930557.876057, 
        "translated": 2631
    }, 
    "kn": {
        "approved": 36472, 
        "translated": 41540
    }, 
    "ko": {
        "approved": 195297, 
        "translated": 222313
    }, 
    "ky": {
        "approved": 497, 
        "pending_since_timestamp": 1553262239.805701, 
        "translated": 1313
    }, 
    "lol": {
        "approved": 66837, 
        "translated": 82016
    }, 
    "lt": {
        "approved": 80828, 
        "translated": 82784
    }, 
    "lv": {
        "approved": 54513, 
        "translated": 54946
    }, 
    "mn": {
        "approved": 82458, 
        "translated": 110340
    }, 
    "mr": {
        "approved": 0, 
        "translated": 0
    }, 
    "ms": {
        "approved": 29, 
        "translated": 606
    }, 
    "my": {
        "approved": 79475, 
        "translated": 79547
    }, 
    "nb": {
        "approved": 135609, 
        "translated": 143397
    }, 
    "ne": {
        "approved": 0, 
        "translated": 1
    }, 
    "nl": {
        "approved": 137477, 
        "pending_since_timestamp": 1553210810.487759, 
        "translated": 158961
    }, 
    "nn": {
        "approved": 0, 
        "translated": 1626
    }, 
    "or": {
        "approved": 0, 
        "translated": 52
    }, 
    "pl": {
        "approved": 347947, 
        "pending_since_timestamp": 1553324510.736447, 
        "translated": 348427
    }, 
    "ps": {
        "approved": 579, 
        "pending_since_timestamp": 1552715532.797698, 
        "translated": 971
    }, 
    "pt": {
        "approved": 379741, 
        "pending_since_timestamp": 1553290938.094636, 
        "translated": 423106
    }, 
    "pt-pt": {
        "approved": 161907, 
        "pending_since_timestamp": 1553210810.487759, 
        "translated": 190785
    }, 
    "ro": {
        "approved": 63488, 
        "translated": 67757
    }, 
    "ru": {
        "approved": 104179, 
        "pending_since_timestamp": 1553262239.805701, 
        "translated": 123502
    }, 
    "rw": {
        "approved": 0, 
        "translated": 0
    }, 
    "si": {
        "approved": 0, 
        "translated": 192
    }, 
    "sk": {
        "approved": 0, 
        "translated": 2125
    }, 
    "sl": {
        "approved": 0, 
        "translated": 33
    }, 
    "sq": {
        "approved": 98628, 
        "translated": 102887
    }, 
    "sr": {
        "approved": 62590, 
        "translated": 81468
    }, 
    "sv": {
        "approved": 176713, 
        "pending_since_timestamp": 1553262239.805701, 
        "translated": 544254
    }, 
    "sw": {
        "approved": 0, 
        "translated": 0
    }, 
    "ta": {
        "approved": 63623, 
        "pending_since_timestamp": 1553317697.003841, 
        "translated": 83998
    }, 
    "te": {
        "approved": 16, 
        "translated": 216
    }, 
    "th": {
        "approved": 299, 
        "translated": 134282
    }, 
    "tr": {
        "approved": 309402, 
        "translated": 418119
    }, 
    "uk": {
        "approved": 70885, 
        "pending_since_timestamp": 1552930557.876057, 
        "translated": 92177
    }, 
    "ur": {
        "approved": 54495, 
        "translated": 57337
    }, 
    "uz": {
        "approved": 76902, 
        "pending_since_timestamp": 1552853690.817859, 
        "translated": 128897
    }, 
    "vi": {
        "approved": 2, 
        "translated": 1968
    }, 
    "xh": {
        "approved": 40, 
        "translated": 40
    }, 
    "zh-hans": {
        "approved": 216083, 
        "pending_since_timestamp": 1553277006.477071, 
        "translated": 289194
    }, 
    "zh-hant": {
        "approved": 9913, 
        "pending_since_timestamp": 1553210810.487759, 
        "translated": 74159
    }, 
    "zu": {
        "approved": 1, 
        "translated": 18
    }
}