{
    "ar": {
        "approved": 0, 
        "translated": 3824
    }, 
    "bg": {
        "approved": 123070, 
        "pending_since_timestamp": 1447700935.942706, 
        "translated": 156983
    }, 
    "bn": {
        "approved": 29331, 
        "pending_since_timestamp": 1447681183.920852, 
        "translated": 62919
    }, 
    "cs": {
        "approved": 13785, 
        "pending_since_timestamp": 1447691442.831427, 
        "translated": 23997
    }, 
    "da": {
        "approved": 21917, 
        "translated": 66669
    }, 
    "de": {
        "approved": 105473, 
        "pending_since_timestamp": 1447691442.831427, 
        "translated": 106201
    }, 
    "el": {
        "approved": 0, 
        "translated": 6719
    }, 
    "es": {
        "approved": 196407, 
        "pending_since_timestamp": 1447702933.95329, 
        "translated": 293647
    }, 
    "fa": {
        "approved": 0, 
        "translated": 223
    }, 
    "fa-af": {
        "approved": 0, 
        "translated": 1
    }, 
    "fr": {
        "approved": 107234, 
        "pending_since_timestamp": 1447696672.519268, 
        "translated": 112503
    }, 
    "he": {
        "approved": 8661, 
        "translated": 9168
    }, 
    "hi": {
        "approved": 38707, 
        "pending_since_timestamp": 1447691442.831427, 
        "translated": 65015
    }, 
    "hy": {
        "approved": 0, 
        "translated": 117
    }, 
    "id": {
        "approved": 0, 
        "translated": 9119
    }, 
    "it": {
        "approved": 0, 
        "translated": 56496
    }, 
    "ja": {
        "approved": 19845, 
        "translated": 53367
    }, 
    "ko": {
        "approved": 78579, 
        "pending_since_timestamp": 1447684467.031762, 
        "translated": 88997
    }, 
    "lol": {
        "approved": 705, 
        "translated": 5657
    }, 
    "mn": {
        "approved": 9453, 
        "translated": 33610
    }, 
    "ms": {
        "approved": 0, 
        "translated": 794
    }, 
    "nb": {
        "approved": 87896, 
        "translated": 89647
    }, 
    "nl": {
        "approved": 43123, 
        "pending_since_timestamp": 1447685464.693983, 
        "translated": 56800
    }, 
    "pl": {
        "approved": 115923, 
        "pending_since_timestamp": 1447694698.803685, 
        "translated": 126113
    }, 
    "pt": {
        "approved": 153079, 
        "pending_since_timestamp": 1447697848.131621, 
        "translated": 291054
    }, 
    "pt-pt": {
        "approved": 13765, 
        "translated": 79146
    }, 
    "ru": {
        "approved": 1112, 
        "pending_since_timestamp": 1447700935.942706, 
        "translated": 13680
    }, 
    "sr": {
        "approved": 35671, 
        "translated": 289598
    }, 
    "sw": {
        "approved": 13285, 
        "pending_since_timestamp": 1447676620.549634, 
        "translated": 31030
    }, 
    "te": {
        "approved": 0, 
        "translated": 101
    }, 
    "th": {
        "approved": 0, 
        "translated": 129088
    }, 
    "tr": {
        "approved": 174813, 
        "translated": 207658
    }, 
    "uk": {
        "approved": 0, 
        "translated": 1564
    }, 
    "ur": {
        "approved": 0, 
        "translated": 1536
    }, 
    "xh": {
        "approved": 0, 
        "translated": 1
    }, 
    "zh-hans": {
        "approved": 0, 
        "translated": 4307
    }, 
    "zu": {
        "approved": 0, 
        "translated": 29
    }
}