{
    "ar": {
        "approved": 0, 
        "pending_since_timestamp": 1470733817.616112, 
        "translated": 4459
    }, 
    "bg": {
        "approved": 197779, 
        "pending_since_timestamp": 1470722427.777779, 
        "translated": 223629
    }, 
    "bn": {
        "approved": 110732, 
        "pending_since_timestamp": 1470731851.729914, 
        "translated": 130644
    }, 
    "cs": {
        "approved": 12229, 
        "pending_since_timestamp": 1470722427.777779, 
        "translated": 30498
    }, 
    "da": {
        "approved": 75573, 
        "pending_since_timestamp": 1470733817.616112, 
        "translated": 84021
    }, 
    "de": {
        "approved": 164953, 
        "pending_since_timestamp": 1470762331.56727, 
        "translated": 165569
    }, 
    "el": {
        "approved": 371, 
        "pending_since_timestamp": 1470733817.616112, 
        "translated": 7734
    }, 
    "es": {
        "approved": 290802, 
        "pending_since_timestamp": 1470727204.260792, 
        "translated": 392953
    }, 
    "fa": {
        "approved": 0, 
        "translated": 104
    }, 
    "fa-af": {
        "approved": 0, 
        "translated": 72
    }, 
    "fr": {
        "approved": 167503, 
        "pending_since_timestamp": 1470735405.027362, 
        "translated": 174232
    }, 
    "he": {
        "approved": 8430, 
        "pending_since_timestamp": 1470733817.616112, 
        "translated": 8668
    }, 
    "hi": {
        "approved": 91766, 
        "translated": 112114
    }, 
    "hy": {
        "approved": 0, 
        "pending_since_timestamp": 1470762331.56727, 
        "translated": 3015
    }, 
    "id": {
        "approved": 0, 
        "pending_since_timestamp": 1470762331.56727, 
        "translated": 7214
    }, 
    "it": {
        "approved": 15549, 
        "pending_since_timestamp": 1470733817.616112, 
        "translated": 108107
    }, 
    "ja": {
        "approved": 34176, 
        "pending_since_timestamp": 1470762331.56727, 
        "translated": 81173
    }, 
    "ka": {
        "approved": 148266, 
        "pending_since_timestamp": 1470733817.616112, 
        "translated": 149583
    }, 
    "ko": {
        "approved": 126484, 
        "pending_since_timestamp": 1470730306.26313, 
        "translated": 151517
    }, 
    "lol": {
        "approved": 599, 
        "translated": 8825
    }, 
    "mn": {
        "approved": 75466, 
        "pending_since_timestamp": 1470725411.712982, 
        "translated": 83081
    }, 
    "ms": {
        "approved": 0, 
        "pending_since_timestamp": 1470762331.56727, 
        "translated": 728
    }, 
    "nb": {
        "approved": 98412, 
        "pending_since_timestamp": 1470868943.293807, 
        "translated": 101651
    }, 
    "nl": {
        "approved": 80766, 
        "pending_since_timestamp": 1470733817.616112, 
        "translated": 117723
    }, 
    "pl": {
        "approved": 222193, 
        "pending_since_timestamp": 1470795866.876811, 
        "translated": 222406
    }, 
    "pt": {
        "approved": 215430, 
        "pending_since_timestamp": 1470836881.173178, 
        "translated": 401501
    }, 
    "pt-pt": {
        "approved": 36923, 
        "pending_since_timestamp": 1470733817.616112, 
        "translated": 72029
    }, 
    "ru": {
        "approved": 1191, 
        "pending_since_timestamp": 1470733817.616112, 
        "translated": 19520
    }, 
    "sr": {
        "approved": 48771, 
        "pending_since_timestamp": 1470733817.616112, 
        "translated": 387420
    }, 
    "sw": {
        "approved": 11695, 
        "pending_since_timestamp": 1470733817.616112, 
        "translated": 33412
    }, 
    "te": {
        "approved": 0, 
        "pending_since_timestamp": 1470762331.56727, 
        "translated": 212
    }, 
    "th": {
        "approved": 0, 
        "pending_since_timestamp": 1470733817.616112, 
        "translated": 119861
    }, 
    "tr": {
        "approved": 232025, 
        "pending_since_timestamp": 1470809034.085343, 
        "translated": 319249
    }, 
    "uk": {
        "approved": 0, 
        "pending_since_timestamp": 1470762331.56727, 
        "translated": 2524
    }, 
    "ur": {
        "approved": 0, 
        "pending_since_timestamp": 1470762331.56727, 
        "translated": 1424
    }, 
    "xh": {
        "approved": 0, 
        "translated": 1
    }, 
    "zh-hans": {
        "approved": 0, 
        "pending_since_timestamp": 1470733817.616112, 
        "translated": 5138
    }, 
    "zu": {
        "approved": 0, 
        "pending_since_timestamp": 1470762331.56727, 
        "translated": 22
    }
}