{
    "ar": {
        "approved": 0, 
        "translated": 4475
    }, 
    "bg": {
        "approved": 201978, 
        "pending_since_timestamp": 1472377323.310738, 
        "translated": 227769
    }, 
    "bn": {
        "approved": 114926, 
        "pending_since_timestamp": 1472375426.432218, 
        "translated": 132305
    }, 
    "cs": {
        "approved": 12088, 
        "pending_since_timestamp": 1472358315.36682, 
        "translated": 30204
    }, 
    "da": {
        "approved": 75417, 
        "translated": 84281
    }, 
    "de": {
        "approved": 171524, 
        "pending_since_timestamp": 1472395227.732631, 
        "translated": 172259
    }, 
    "el": {
        "approved": 373, 
        "pending_since_timestamp": 1472358315.36682, 
        "translated": 7699
    }, 
    "es": {
        "approved": 296073, 
        "pending_since_timestamp": 1472393320.062543, 
        "translated": 411911
    }, 
    "fa": {
        "approved": 0, 
        "translated": 104
    }, 
    "fa-af": {
        "approved": 0, 
        "translated": 72
    }, 
    "fr": {
        "approved": 168867, 
        "translated": 176233
    }, 
    "he": {
        "approved": 8381, 
        "translated": 8696
    }, 
    "hi": {
        "approved": 91405, 
        "translated": 112751
    }, 
    "hy": {
        "approved": 0, 
        "translated": 3013
    }, 
    "id": {
        "approved": 0, 
        "translated": 7152
    }, 
    "it": {
        "approved": 39977, 
        "translated": 107837
    }, 
    "ja": {
        "approved": 35914, 
        "pending_since_timestamp": 1472382970.161963, 
        "translated": 81476
    }, 
    "ka": {
        "approved": 154946, 
        "pending_since_timestamp": 1472391341.422307, 
        "translated": 155867
    }, 
    "ko": {
        "approved": 131150, 
        "translated": 151956
    }, 
    "lol": {
        "approved": 599, 
        "translated": 8810
    }, 
    "mn": {
        "approved": 74928, 
        "pending_since_timestamp": 1472382970.161963, 
        "translated": 82541
    }, 
    "ms": {
        "approved": 0, 
        "translated": 726
    }, 
    "nb": {
        "approved": 97714, 
        "pending_since_timestamp": 1472382970.161963, 
        "translated": 100906
    }, 
    "nl": {
        "approved": 81842, 
        "translated": 117881
    }, 
    "pl": {
        "approved": 214264, 
        "pending_since_timestamp": 1472397339.801007, 
        "translated": 214631
    }, 
    "pt": {
        "approved": 206111, 
        "pending_since_timestamp": 1472397339.801007, 
        "translated": 407198
    }, 
    "pt-pt": {
        "approved": 37887, 
        "pending_since_timestamp": 1472358315.36682, 
        "translated": 72987
    }, 
    "ru": {
        "approved": 1191, 
        "translated": 19396
    }, 
    "sr": {
        "approved": 51991, 
        "translated": 405528
    }, 
    "sw": {
        "approved": 11553, 
        "translated": 33242
    }, 
    "te": {
        "approved": 0, 
        "translated": 212
    }, 
    "th": {
        "approved": 0, 
        "pending_since_timestamp": 1472382970.161963, 
        "translated": 119483
    }, 
    "tr": {
        "approved": 205050, 
        "translated": 305177
    }, 
    "uk": {
        "approved": 0, 
        "translated": 2521
    }, 
    "ur": {
        "approved": 0, 
        "translated": 1421
    }, 
    "xh": {
        "approved": 0, 
        "translated": 1
    }, 
    "zh-hans": {
        "approved": 0, 
        "translated": 5124
    }, 
    "zu": {
        "approved": 0, 
        "pending_since_timestamp": 1470762331.56727, 
        "translated": 22
    }
}