{
    "ar": {
        "approved": 0, 
        "translated": 4274
    }, 
    "bg": {
        "approved": 194694, 
        "pending_since_timestamp": 1474361114.023737, 
        "translated": 220080
    }, 
    "bn": {
        "approved": 114964, 
        "translated": 132241
    }, 
    "cs": {
        "approved": 12085, 
        "translated": 29846
    }, 
    "da": {
        "approved": 74749, 
        "translated": 82747
    }, 
    "de": {
        "approved": 174843, 
        "pending_since_timestamp": 1474387369.772989, 
        "translated": 175000
    }, 
    "el": {
        "approved": 364, 
        "translated": 8808
    }, 
    "es": {
        "approved": 290866, 
        "pending_since_timestamp": 1474387369.772989, 
        "translated": 397031
    }, 
    "fa": {
        "approved": 0, 
        "translated": 104
    }, 
    "fa-af": {
        "approved": 0, 
        "translated": 72
    }, 
    "fr": {
        "approved": 173216, 
        "translated": 182447
    }, 
    "he": {
        "approved": 7856, 
        "translated": 8207
    }, 
    "hi": {
        "approved": 91805, 
        "pending_since_timestamp": 1474391915.624648, 
        "translated": 113463
    }, 
    "hy": {
        "approved": 0, 
        "translated": 2998
    }, 
    "id": {
        "approved": 0, 
        "translated": 6978
    }, 
    "it": {
        "approved": 39943, 
        "pending_since_timestamp": 1474387369.772989, 
        "translated": 107210
    }, 
    "ja": {
        "approved": 36964, 
        "pending_since_timestamp": 1474387369.772989, 
        "translated": 81537
    }, 
    "ka": {
        "approved": 167348, 
        "translated": 168375
    }, 
    "ko": {
        "approved": 130154, 
        "pending_since_timestamp": 1474363577.858047, 
        "translated": 152226
    }, 
    "lol": {
        "approved": 599, 
        "translated": 8810
    }, 
    "mn": {
        "approved": 74818, 
        "translated": 82401
    }, 
    "ms": {
        "approved": 0, 
        "translated": 694
    }, 
    "nb": {
        "approved": 97465, 
        "translated": 100630
    }, 
    "nl": {
        "approved": 85218, 
        "translated": 118083
    }, 
    "pl": {
        "approved": 214869, 
        "pending_since_timestamp": 1474387369.772989, 
        "translated": 215141
    }, 
    "pt": {
        "approved": 211471, 
        "pending_since_timestamp": 1474387369.772989, 
        "translated": 394210
    }, 
    "pt-pt": {
        "approved": 43519, 
        "pending_since_timestamp": 1474363577.858047, 
        "translated": 78113
    }, 
    "ru": {
        "approved": 1170, 
        "translated": 18900
    }, 
    "sr": {
        "approved": 51715, 
        "pending_since_timestamp": 1474387369.772989, 
        "translated": 392853
    }, 
    "sw": {
        "approved": 11551, 
        "translated": 32964
    }, 
    "te": {
        "approved": 0, 
        "translated": 209
    }, 
    "th": {
        "approved": 0, 
        "translated": 119095
    }, 
    "tr": {
        "approved": 218522, 
        "pending_since_timestamp": 1474387369.772989, 
        "translated": 304027
    }, 
    "uk": {
        "approved": 0, 
        "translated": 2486
    }, 
    "ur": {
        "approved": 0, 
        "translated": 1374
    }, 
    "xh": {
        "approved": 0, 
        "translated": 1
    }, 
    "zh-hans": {
        "approved": 0, 
        "translated": 5014
    }, 
    "zu": {
        "approved": 0, 
        "translated": 21
    }
}