{
    "ar": {
        "approved": 0, 
        "pending_since_timestamp": 1448279446.751268, 
        "translated": 3879
    }, 
    "bg": {
        "approved": 121183, 
        "translated": 157378
    }, 
    "bn": {
        "approved": 32315, 
        "pending_since_timestamp": 1448289088.485522, 
        "translated": 65111
    }, 
    "cs": {
        "approved": 13626, 
        "pending_since_timestamp": 1448279446.751268, 
        "translated": 25667
    }, 
    "da": {
        "approved": 22180, 
        "pending_since_timestamp": 1448295004.805461, 
        "translated": 65797
    }, 
    "de": {
        "approved": 106273, 
        "pending_since_timestamp": 1448300505.076384, 
        "translated": 106326
    }, 
    "el": {
        "approved": 0, 
        "pending_since_timestamp": 1448279446.751268, 
        "translated": 6788
    }, 
    "es": {
        "approved": 196219, 
        "pending_since_timestamp": 1448294027.881538, 
        "translated": 295812
    }, 
    "fa": {
        "approved": 0, 
        "translated": 225
    }, 
    "fa-af": {
        "approved": 0, 
        "translated": 8
    }, 
    "fr": {
        "approved": 106399, 
        "pending_since_timestamp": 1448294027.881538, 
        "translated": 112097
    }, 
    "he": {
        "approved": 8613, 
        "translated": 9138
    }, 
    "hi": {
        "approved": 40082, 
        "translated": 66561
    }, 
    "hy": {
        "approved": 0, 
        "translated": 118
    }, 
    "id": {
        "approved": 0, 
        "pending_since_timestamp": 1448279446.751268, 
        "translated": 9210
    }, 
    "it": {
        "approved": 0, 
        "pending_since_timestamp": 1448279446.751268, 
        "translated": 56018
    }, 
    "ja": {
        "approved": 19674, 
        "pending_since_timestamp": 1448279446.751268, 
        "translated": 53318
    }, 
    "ko": {
        "approved": 78088, 
        "pending_since_timestamp": 1448279446.751268, 
        "translated": 88499
    }, 
    "lol": {
        "approved": 705, 
        "translated": 5656
    }, 
    "mn": {
        "approved": 9911, 
        "pending_since_timestamp": 1448290989.732947, 
        "translated": 35434
    }, 
    "ms": {
        "approved": 0, 
        "translated": 798
    }, 
    "nb": {
        "approved": 87129, 
        "translated": 88977
    }, 
    "nl": {
        "approved": 45886, 
        "pending_since_timestamp": 1448290989.732947, 
        "translated": 60872
    }, 
    "pl": {
        "approved": 115544, 
        "pending_since_timestamp": 1448297166.88025, 
        "translated": 125919
    }, 
    "pt": {
        "approved": 152312, 
        "pending_since_timestamp": 1448293091.860603, 
        "translated": 293028
    }, 
    "pt-pt": {
        "approved": 13964, 
        "pending_since_timestamp": 1448279446.751268, 
        "translated": 78623
    }, 
    "ru": {
        "approved": 1227, 
        "pending_since_timestamp": 1448279446.751268, 
        "translated": 13779
    }, 
    "sr": {
        "approved": 35952, 
        "translated": 291797
    }, 
    "sw": {
        "approved": 13121, 
        "pending_since_timestamp": 1448279446.751268, 
        "translated": 30859
    }, 
    "te": {
        "approved": 0, 
        "translated": 101
    }, 
    "th": {
        "approved": 0, 
        "pending_since_timestamp": 1448279446.751268, 
        "translated": 128072
    }, 
    "tr": {
        "approved": 173083, 
        "translated": 208791
    }, 
    "uk": {
        "approved": 0, 
        "pending_since_timestamp": 1448279446.751268, 
        "translated": 1568
    }, 
    "ur": {
        "approved": 0, 
        "pending_since_timestamp": 1448279446.751268, 
        "translated": 1564
    }, 
    "xh": {
        "approved": 0, 
        "translated": 1
    }, 
    "zh-hans": {
        "approved": 0, 
        "translated": 4254
    }, 
    "zu": {
        "approved": 0, 
        "translated": 29
    }
}