{
    "af": {
        "approved": 19, 
        "translated": 1514
    }, 
    "am": {
        "approved": 0, 
        "translated": 0
    }, 
    "ar": {
        "approved": 624, 
        "pending_since_timestamp": 1534181168.872592, 
        "translated": 32096
    }, 
    "az": {
        "approved": 35950, 
        "translated": 37713
    }, 
    "bg": {
        "approved": 308462, 
        "pending_since_timestamp": 1534313731.423192, 
        "translated": 311159
    }, 
    "bn": {
        "approved": 146450, 
        "translated": 156983
    }, 
    "ca": {
        "approved": 3, 
        "translated": 2049
    }, 
    "cs": {
        "approved": 102997, 
        "pending_since_timestamp": 1534313731.423192, 
        "translated": 119629
    }, 
    "da": {
        "approved": 156746, 
        "translated": 178016
    }, 
    "de": {
        "approved": 289103, 
        "pending_since_timestamp": 1534267258.173078, 
        "translated": 530926
    }, 
    "el": {
        "approved": 77012, 
        "pending_since_timestamp": 1534278380.732946, 
        "translated": 92381
    }, 
    "es": {
        "approved": 411104, 
        "pending_since_timestamp": 1534273540.316769, 
        "translated": 433894
    }, 
    "et": {
        "approved": 45022, 
        "translated": 46343
    }, 
    "fa": {
        "approved": 1, 
        "translated": 191
    }, 
    "fa-af": {
        "approved": 31, 
        "translated": 103
    }, 
    "fi": {
        "approved": 82630, 
        "translated": 84315
    }, 
    "fil": {
        "approved": 206, 
        "translated": 299
    }, 
    "fr": {
        "approved": 277704, 
        "translated": 281463
    }, 
    "gu": {
        "approved": 35704, 
        "pending_since_timestamp": 1534283410.467031, 
        "translated": 117014
    }, 
    "he": {
        "approved": 8701, 
        "translated": 8723
    }, 
    "hi": {
        "approved": 167910, 
        "translated": 180287
    }, 
    "hr": {
        "approved": 10969, 
        "translated": 16651
    }, 
    "ht": {
        "approved": 1, 
        "translated": 5
    }, 
    "hu": {
        "approved": 89946, 
        "pending_since_timestamp": 1534181168.872592, 
        "translated": 108642
    }, 
    "hy": {
        "approved": 95296, 
        "translated": 105377
    }, 
    "id": {
        "approved": 57178, 
        "pending_since_timestamp": 1534316627.422183, 
        "translated": 76689
    }, 
    "it": {
        "approved": 155947, 
        "translated": 170950
    }, 
    "ja": {
        "approved": 124543, 
        "translated": 142651
    }, 
    "ka": {
        "approved": 266151, 
        "translated": 268585
    }, 
    "ki": {
        "approved": 0, 
        "translated": 37
    }, 
    "km": {
        "approved": 0, 
        "translated": 52
    }, 
    "kn": {
        "approved": 7995, 
        "pending_since_timestamp": 1534138557.644147, 
        "translated": 20223
    }, 
    "ko": {
        "approved": 178909, 
        "translated": 205910
    }, 
    "ky": {
        "approved": 0, 
        "translated": 25
    }, 
    "lol": {
        "approved": 67080, 
        "translated": 82284
    }, 
    "lt": {
        "approved": 74029, 
        "translated": 75900
    }, 
    "lv": {
        "approved": 54664, 
        "translated": 55071
    }, 
    "mn": {
        "approved": 82714, 
        "translated": 110631
    }, 
    "mr": {
        "approved": 0, 
        "translated": 0
    }, 
    "ms": {
        "approved": 29, 
        "translated": 672
    }, 
    "my": {
        "approved": 1, 
        "translated": 112
    }, 
    "nb": {
        "approved": 130334, 
        "translated": 137825
    }, 
    "ne": {
        "approved": 0, 
        "translated": 1
    }, 
    "nl": {
        "approved": 119874, 
        "translated": 138634
    }, 
    "nn": {
        "approved": 0, 
        "translated": 1651
    }, 
    "or": {
        "approved": 0, 
        "translated": 52
    }, 
    "pl": {
        "approved": 328373, 
        "translated": 329150
    }, 
    "ps": {
        "approved": 0, 
        "translated": 23
    }, 
    "pt": {
        "approved": 359753, 
        "pending_since_timestamp": 1534293890.787286, 
        "translated": 399496
    }, 
    "pt-pt": {
        "approved": 143412, 
        "pending_since_timestamp": 1534283410.467031, 
        "translated": 173323
    }, 
    "ro": {
        "approved": 64019, 
        "translated": 68309
    }, 
    "ru": {
        "approved": 100362, 
        "translated": 121555
    }, 
    "rw": {
        "approved": 0, 
        "translated": 0
    }, 
    "si": {
        "approved": 0, 
        "translated": 198
    }, 
    "sk": {
        "approved": 0, 
        "translated": 2181
    }, 
    "sl": {
        "approved": 0, 
        "translated": 0
    }, 
    "sq": {
        "approved": 64203, 
        "translated": 69110
    }, 
    "sr": {
        "approved": 63226, 
        "translated": 81505
    }, 
    "sv": {
        "approved": 156091, 
        "translated": 544312
    }, 
    "sw": {
        "approved": 0, 
        "translated": 0
    }, 
    "ta": {
        "approved": 41291, 
        "translated": 59419
    }, 
    "te": {
        "approved": 16, 
        "translated": 227
    }, 
    "th": {
        "approved": 303, 
        "translated": 133590
    }, 
    "tr": {
        "approved": 308821, 
        "pending_since_timestamp": 1534310645.273672, 
        "translated": 411933
    }, 
    "uk": {
        "approved": 138, 
        "pending_since_timestamp": 1534181168.872592, 
        "translated": 16437
    }, 
    "ur": {
        "approved": 54643, 
        "pending_since_timestamp": 1534181168.872592, 
        "translated": 57536
    }, 
    "uz": {
        "approved": 139, 
        "pending_since_timestamp": 1534094227.593186, 
        "translated": 1866
    }, 
    "vi": {
        "approved": 2, 
        "pending_since_timestamp": 1534094227.593186, 
        "translated": 1985
    }, 
    "xh": {
        "approved": 40, 
        "translated": 40
    }, 
    "zh-hans": {
        "approved": 130280, 
        "pending_since_timestamp": 1534316627.422183, 
        "translated": 198539
    }, 
    "zh-hant": {
        "approved": 9575, 
        "pending_since_timestamp": 1533973041.2175, 
        "translated": 66254
    }, 
    "zu": {
        "approved": 1, 
        "translated": 18
    }
}