{
    "ar": {
        "approved": 0, 
        "translated": 3771
    }, 
    "bg": {
        "approved": 86340, 
        "pending_since_timestamp": 1444980696.630149, 
        "translated": 147080
    }, 
    "bn": {
        "approved": 16722, 
        "pending_since_timestamp": 1444977037.904612, 
        "translated": 48523
    }, 
    "cs": {
        "approved": 0, 
        "translated": 3068
    }, 
    "da": {
        "approved": 22941, 
        "pending_since_timestamp": 1444981754.397326, 
        "translated": 68925
    }, 
    "de": {
        "approved": 101271, 
        "pending_since_timestamp": 1444992441.565771, 
        "translated": 101274
    }, 
    "el": {
        "approved": 0, 
        "translated": 6498
    }, 
    "es": {
        "approved": 187549, 
        "pending_since_timestamp": 1444986800.875071, 
        "translated": 285152
    }, 
    "fa": {
        "approved": 0, 
        "translated": 223
    }, 
    "fa-af": {
        "approved": 0, 
        "translated": 0
    }, 
    "fr": {
        "approved": 103717, 
        "pending_since_timestamp": 1444992441.565771, 
        "translated": 107575
    }, 
    "he": {
        "approved": 8749, 
        "translated": 9274
    }, 
    "hi": {
        "approved": 40514, 
        "pending_since_timestamp": 1444977037.904612, 
        "translated": 62664
    }, 
    "hy": {
        "approved": 0, 
        "translated": 107
    }, 
    "id": {
        "approved": 0, 
        "translated": 8992
    }, 
    "it": {
        "approved": 0, 
        "pending_since_timestamp": 1444992441.565771, 
        "translated": 51599
    }, 
    "ja": {
        "approved": 16742, 
        "pending_since_timestamp": 1444987935.63468, 
        "translated": 51976
    }, 
    "ko": {
        "approved": 80239, 
        "pending_since_timestamp": 1444992441.565771, 
        "translated": 90876
    }, 
    "lol": {
        "approved": 579, 
        "translated": 1025
    }, 
    "mn": {
        "approved": 0, 
        "pending_since_timestamp": 1444968001.587994, 
        "translated": 10346
    }, 
    "ms": {
        "approved": 0, 
        "translated": 697
    }, 
    "nb": {
        "approved": 85764, 
        "pending_since_timestamp": 1444983953.826609, 
        "translated": 88748
    }, 
    "nl": {
        "approved": 33481, 
        "pending_since_timestamp": 1444992441.565771, 
        "translated": 46169
    }, 
    "pl": {
        "approved": 113379, 
        "pending_since_timestamp": 1444992441.565771, 
        "translated": 125532
    }, 
    "pt": {
        "approved": 150102, 
        "translated": 282490
    }, 
    "pt-pt": {
        "approved": 13640, 
        "translated": 75653
    }, 
    "ru": {
        "approved": 83, 
        "pending_since_timestamp": 1444981754.397326, 
        "translated": 13088
    }, 
    "sr": {
        "approved": 33051, 
        "pending_since_timestamp": 1444982977.806605, 
        "translated": 281118
    }, 
    "sw": {
        "approved": 0, 
        "pending_since_timestamp": 1444986800.875071, 
        "translated": 16115
    }, 
    "te": {
        "approved": 0, 
        "translated": 101
    }, 
    "th": {
        "approved": 0, 
        "pending_since_timestamp": 1444961410.125065, 
        "translated": 118520
    }, 
    "tr": {
        "approved": 177286, 
        "translated": 201011
    }, 
    "uk": {
        "approved": 0, 
        "translated": 1565
    }, 
    "ur": {
        "approved": 0, 
        "translated": 1509
    }, 
    "xh": {
        "approved": 0, 
        "translated": 1
    }, 
    "zh-hans": {
        "approved": 0, 
        "translated": 4631
    }, 
    "zu": {
        "approved": 0, 
        "translated": 28
    }
}