{
    "ar": {
        "approved": 385, 
        "translated": 4399
    }, 
    "bg": {
        "approved": 196145, 
        "pending_since_timestamp": 1494180707.131024, 
        "translated": 229579
    }, 
    "bn": {
        "approved": 135618, 
        "pending_since_timestamp": 1494177732.167556, 
        "translated": 146835
    }, 
    "cs": {
        "approved": 11698, 
        "pending_since_timestamp": 1493981711.338186, 
        "translated": 29122
    }, 
    "da": {
        "approved": 71810, 
        "pending_since_timestamp": 1494179091.175675, 
        "translated": 84998
    }, 
    "de": {
        "approved": 213394, 
        "pending_since_timestamp": 1494182263.242421, 
        "translated": 213798
    }, 
    "el": {
        "approved": 1792, 
        "pending_since_timestamp": 1493975680.961839, 
        "translated": 18603
    }, 
    "es": {
        "approved": 345525, 
        "pending_since_timestamp": 1494186585.341127, 
        "translated": 362790
    }, 
    "fa": {
        "approved": 1, 
        "translated": 100
    }, 
    "fa-af": {
        "approved": 31, 
        "translated": 104
    }, 
    "fr": {
        "approved": 230841, 
        "pending_since_timestamp": 1494177732.167556, 
        "translated": 239517
    }, 
    "he": {
        "approved": 7274, 
        "pending_since_timestamp": 1494177732.167556, 
        "translated": 7276
    }, 
    "hi": {
        "approved": 98409, 
        "translated": 114387
    }, 
    "hy": {
        "approved": 7403, 
        "translated": 12274
    }, 
    "id": {
        "approved": 531, 
        "translated": 6460
    }, 
    "it": {
        "approved": 92975, 
        "pending_since_timestamp": 1494003306.858774, 
        "translated": 123947
    }, 
    "ja": {
        "approved": 100658, 
        "pending_since_timestamp": 1493999982.584801, 
        "translated": 119345
    }, 
    "ka": {
        "approved": 192809, 
        "translated": 202944
    }, 
    "ko": {
        "approved": 153114, 
        "translated": 170130
    }, 
    "lol": {
        "approved": 382, 
        "translated": 8598
    }, 
    "mn": {
        "approved": 81312, 
        "pending_since_timestamp": 1494177732.167556, 
        "translated": 104048
    }, 
    "ms": {
        "approved": 29, 
        "translated": 650
    }, 
    "nb": {
        "approved": 93027, 
        "pending_since_timestamp": 1494177732.167556, 
        "translated": 98042
    }, 
    "nl": {
        "approved": 106500, 
        "pending_since_timestamp": 1494177732.167556, 
        "translated": 128356
    }, 
    "pl": {
        "approved": 266021, 
        "pending_since_timestamp": 1494188090.903502, 
        "translated": 266097
    }, 
    "pt": {
        "approved": 280223, 
        "pending_since_timestamp": 1494192384.456703, 
        "translated": 315860
    }, 
    "pt-pt": {
        "approved": 84547, 
        "translated": 115143
    }, 
    "ru": {
        "approved": 1535, 
        "pending_since_timestamp": 1493981711.338186, 
        "translated": 18452
    }, 
    "sr": {
        "approved": 50455, 
        "pending_since_timestamp": 1494177732.167556, 
        "translated": 68179
    }, 
    "sw": {
        "approved": 40678, 
        "translated": 58003
    }, 
    "te": {
        "approved": 16, 
        "translated": 241
    }, 
    "th": {
        "approved": 300, 
        "pending_since_timestamp": 1494177732.167556, 
        "translated": 118499
    }, 
    "tr": {
        "approved": 263785, 
        "translated": 363264
    }, 
    "uk": {
        "approved": 98, 
        "translated": 2531
    }, 
    "ur": {
        "approved": 92, 
        "translated": 1157
    }, 
    "xh": {
        "approved": 40, 
        "translated": 40
    }, 
    "zh-hans": {
        "approved": 4960, 
        "translated": 22480
    }, 
    "zu": {
        "approved": 1, 
        "translated": 20
    }
}