{
    "ar": {
        "approved": 1049, 
        "translated": 4586
    }, 
    "bg": {
        "approved": 216901, 
        "pending_since_timestamp": 1478961797.183144, 
        "translated": 236905
    }, 
    "bn": {
        "approved": 122112, 
        "pending_since_timestamp": 1478961797.183144, 
        "translated": 138333
    }, 
    "cs": {
        "approved": 13074, 
        "translated": 30246
    }, 
    "da": {
        "approved": 79790, 
        "pending_since_timestamp": 1478961797.183144, 
        "translated": 87455
    }, 
    "de": {
        "approved": 189061, 
        "pending_since_timestamp": 1478961797.183144, 
        "translated": 189791
    }, 
    "el": {
        "approved": 2115, 
        "translated": 9969
    }, 
    "es": {
        "approved": 340169, 
        "pending_since_timestamp": 1478948701.574859, 
        "translated": 357048
    }, 
    "fa": {
        "approved": 2, 
        "translated": 105
    }, 
    "fa-af": {
        "approved": 0, 
        "translated": 72
    }, 
    "fr": {
        "approved": 202393, 
        "pending_since_timestamp": 1478966267.589098, 
        "translated": 213639
    }, 
    "he": {
        "approved": 8992, 
        "pending_since_timestamp": 1478961797.183144, 
        "translated": 9528
    }, 
    "hi": {
        "approved": 95477, 
        "translated": 116368
    }, 
    "hy": {
        "approved": 27, 
        "translated": 3320
    }, 
    "id": {
        "approved": 1537, 
        "translated": 7622
    }, 
    "it": {
        "approved": 64751, 
        "pending_since_timestamp": 1478968014.124961, 
        "translated": 116153
    }, 
    "ja": {
        "approved": 43480, 
        "pending_since_timestamp": 1478961797.183144, 
        "translated": 86067
    }, 
    "ka": {
        "approved": 185729, 
        "pending_since_timestamp": 1478961797.183144, 
        "translated": 190396
    }, 
    "ko": {
        "approved": 144784, 
        "translated": 162546
    }, 
    "lol": {
        "approved": 595, 
        "translated": 8801
    }, 
    "mn": {
        "approved": 75043, 
        "translated": 82619
    }, 
    "ms": {
        "approved": 358, 
        "translated": 1019
    }, 
    "nb": {
        "approved": 97976, 
        "translated": 101062
    }, 
    "nl": {
        "approved": 96861, 
        "translated": 123112
    }, 
    "pl": {
        "approved": 240457, 
        "pending_since_timestamp": 1478964421.877779, 
        "translated": 240980
    }, 
    "pt": {
        "approved": 244053, 
        "pending_since_timestamp": 1478961797.183144, 
        "translated": 286040
    }, 
    "pt-pt": {
        "approved": 54878, 
        "translated": 83128
    }, 
    "ru": {
        "approved": 3234, 
        "pending_since_timestamp": 1478961797.183144, 
        "translated": 20272
    }, 
    "sr": {
        "approved": 53303, 
        "translated": 70686
    }, 
    "sw": {
        "approved": 12783, 
        "translated": 33694
    }, 
    "te": {
        "approved": 17, 
        "pending_since_timestamp": 1478608196.385763, 
        "translated": 217
    }, 
    "th": {
        "approved": 1208, 
        "translated": 119518
    }, 
    "tr": {
        "approved": 249320, 
        "pending_since_timestamp": 1478961797.183144, 
        "translated": 327204
    }, 
    "uk": {
        "approved": 225, 
        "translated": 2607
    }, 
    "ur": {
        "approved": 371, 
        "translated": 1499
    }, 
    "xh": {
        "approved": 0, 
        "translated": 1
    }, 
    "zh-hans": {
        "approved": 603, 
        "translated": 5544
    }, 
    "zu": {
        "approved": 1, 
        "translated": 22
    }
}