{
    "af": {
        "approved": 19, 
        "translated": 1519
    }, 
    "am": {
        "approved": 0, 
        "translated": 0
    }, 
    "ar": {
        "approved": 579, 
        "pending_since_timestamp": 1525276346.745772, 
        "translated": 23560
    }, 
    "az": {
        "approved": 36014, 
        "translated": 37791
    }, 
    "bg": {
        "approved": 291769, 
        "pending_since_timestamp": 1525239744.857544, 
        "translated": 297420
    }, 
    "bn": {
        "approved": 150389, 
        "pending_since_timestamp": 1525262632.595338, 
        "translated": 157878
    }, 
    "ca": {
        "approved": 3, 
        "translated": 2084
    }, 
    "cs": {
        "approved": 82853, 
        "pending_since_timestamp": 1525274147.726314, 
        "translated": 112899
    }, 
    "da": {
        "approved": 93057, 
        "translated": 117435
    }, 
    "de": {
        "approved": 276158, 
        "translated": 529495
    }, 
    "el": {
        "approved": 5176, 
        "pending_since_timestamp": 1525262632.595338, 
        "translated": 24389
    }, 
    "es": {
        "approved": 388669, 
        "translated": 409187
    }, 
    "et": {
        "approved": 45119, 
        "translated": 46450
    }, 
    "fa": {
        "approved": 1, 
        "translated": 192
    }, 
    "fa-af": {
        "approved": 31, 
        "translated": 104
    }, 
    "fi": {
        "approved": 82689, 
        "translated": 84773
    }, 
    "fil": {
        "approved": 210, 
        "translated": 303
    }, 
    "fr": {
        "approved": 276672, 
        "pending_since_timestamp": 1525270000.514545, 
        "translated": 280268
    }, 
    "gu": {
        "approved": 33581, 
        "pending_since_timestamp": 1525262632.595338, 
        "translated": 36402
    }, 
    "he": {
        "approved": 7299, 
        "translated": 7721
    }, 
    "hi": {
        "approved": 169117, 
        "pending_since_timestamp": 1525262632.595338, 
        "translated": 181768
    }, 
    "hr": {
        "approved": 11024, 
        "translated": 16771
    }, 
    "ht": {
        "approved": 1, 
        "translated": 5
    }, 
    "hu": {
        "approved": 88931, 
        "pending_since_timestamp": 1525251760.871655, 
        "translated": 106985
    }, 
    "hy": {
        "approved": 85946, 
        "pending_since_timestamp": 1525267493.117057, 
        "translated": 94371
    }, 
    "id": {
        "approved": 33694, 
        "pending_since_timestamp": 1525228591.885051, 
        "translated": 43177
    }, 
    "it": {
        "approved": 135817, 
        "translated": 156005
    }, 
    "ja": {
        "approved": 124069, 
        "pending_since_timestamp": 1525251760.871655, 
        "translated": 141362
    }, 
    "ka": {
        "approved": 258065, 
        "pending_since_timestamp": 1525276346.745772, 
        "translated": 260313
    }, 
    "ki": {
        "approved": 0, 
        "translated": 37
    }, 
    "km": {
        "approved": 0, 
        "translated": 52
    }, 
    "kn": {
        "approved": 0, 
        "pending_since_timestamp": 1525239744.857544, 
        "translated": 4882
    }, 
    "ko": {
        "approved": 179161, 
        "translated": 191794
    }, 
    "ky": {
        "approved": 0, 
        "translated": 26
    }, 
    "lol": {
        "approved": -158, 
        "translated": 7939
    }, 
    "lt": {
        "approved": 0, 
        "translated": 1595
    }, 
    "lv": {
        "approved": 54767, 
        "translated": 54801
    }, 
    "mn": {
        "approved": 87552, 
        "translated": 115468
    }, 
    "mr": {
        "approved": 0, 
        "translated": 0
    }, 
    "ms": {
        "approved": 29, 
        "translated": 675
    }, 
    "my": {
        "approved": 0, 
        "translated": 113
    }, 
    "nb": {
        "approved": 134061, 
        "translated": 141221
    }, 
    "ne": {
        "approved": 0, 
        "translated": 1
    }, 
    "nl": {
        "approved": 118042, 
        "translated": 137439
    }, 
    "nn": {
        "approved": 0, 
        "translated": 1656
    }, 
    "or": {
        "approved": 0, 
        "translated": 56
    }, 
    "pl": {
        "approved": 316695, 
        "translated": 317166
    }, 
    "ps": {
        "approved": 0, 
        "pending_since_timestamp": 1525226606.884638, 
        "translated": 20
    }, 
    "pt": {
        "approved": 341751, 
        "pending_since_timestamp": 1525270000.514545, 
        "translated": 393269
    }, 
    "pt-pt": {
        "approved": 143159, 
        "pending_since_timestamp": 1525267493.117057, 
        "translated": 175114
    }, 
    "ro": {
        "approved": 63346, 
        "translated": 68019
    }, 
    "ru": {
        "approved": 79150, 
        "pending_since_timestamp": 1525272294.269497, 
        "translated": 100932
    }, 
    "rw": {
        "approved": 0, 
        "translated": 0
    }, 
    "si": {
        "approved": 0, 
        "translated": 203
    }, 
    "sk": {
        "approved": 0, 
        "translated": 2234
    }, 
    "sl": {
        "approved": 0, 
        "translated": 0
    }, 
    "sq": {
        "approved": 49780, 
        "translated": 66151
    }, 
    "sr": {
        "approved": 65745, 
        "translated": 82504
    }, 
    "sv": {
        "approved": 149172, 
        "translated": 547220
    }, 
    "sw": {
        "approved": 0, 
        "translated": 0
    }, 
    "ta": {
        "approved": 41682, 
        "pending_since_timestamp": 1525272294.269497, 
        "translated": 59646
    }, 
    "te": {
        "approved": 16, 
        "translated": 227
    }, 
    "th": {
        "approved": 303, 
        "translated": 130395
    }, 
    "tr": {
        "approved": 302268, 
        "translated": 405809
    }, 
    "uk": {
        "approved": 98, 
        "translated": 2380
    }, 
    "ur": {
        "approved": 54706, 
        "translated": 57623
    }, 
    "uz": {
        "approved": 147, 
        "translated": 1442
    }, 
    "vi": {
        "approved": 2, 
        "translated": 1480
    }, 
    "xh": {
        "approved": 40, 
        "translated": 40
    }, 
    "zh-hans": {
        "approved": 72853, 
        "translated": 98906
    }, 
    "zh-hant": {
        "approved": 9415, 
        "pending_since_timestamp": 1525248145.46198, 
        "translated": 68550
    }, 
    "zu": {
        "approved": 1, 
        "translated": 18
    }
}