{
    "ar": {
        "approved": 0, 
        "translated": 4654
    }, 
    "bg": {
        "approved": 171652, 
        "translated": 187630
    }, 
    "bn": {
        "approved": 71597, 
        "pending_since_timestamp": 1459292064.530009, 
        "translated": 120171
    }, 
    "cs": {
        "approved": 12800, 
        "translated": 29960
    }, 
    "da": {
        "approved": 39187, 
        "pending_since_timestamp": 1459276376.886311, 
        "translated": 76656
    }, 
    "de": {
        "approved": 148403, 
        "translated": 148453
    }, 
    "el": {
        "approved": 252, 
        "translated": 7177
    }, 
    "es": {
        "approved": 234991, 
        "translated": 361635
    }, 
    "fa": {
        "approved": 0, 
        "translated": 210
    }, 
    "fa-af": {
        "approved": 0, 
        "translated": 72
    }, 
    "fr": {
        "approved": 133296, 
        "pending_since_timestamp": 1459304210.245611, 
        "translated": 143572
    }, 
    "he": {
        "approved": 9291, 
        "translated": 9306
    }, 
    "hi": {
        "approved": 66499, 
        "pending_since_timestamp": 1459304210.245611, 
        "translated": 80548
    }, 
    "hy": {
        "approved": 0, 
        "translated": 713
    }, 
    "id": {
        "approved": 0, 
        "translated": 8226
    }, 
    "it": {
        "approved": 0, 
        "pending_since_timestamp": 1459238206.880704, 
        "translated": 87584
    }, 
    "ja": {
        "approved": 24662, 
        "pending_since_timestamp": 1459283463.663385, 
        "translated": 56555
    }, 
    "ka": {
        "approved": 102097, 
        "pending_since_timestamp": 1459276376.886311, 
        "translated": 112045
    }, 
    "ko": {
        "approved": 105834, 
        "pending_since_timestamp": 1459233452.280221, 
        "translated": 127351
    }, 
    "lol": {
        "approved": 595, 
        "translated": 7789
    }, 
    "mn": {
        "approved": 75300, 
        "pending_since_timestamp": 1459244455.354138, 
        "translated": 82544
    }, 
    "ms": {
        "approved": 0, 
        "translated": 755
    }, 
    "nb": {
        "approved": 87170, 
        "translated": 88123
    }, 
    "nl": {
        "approved": 49722, 
        "pending_since_timestamp": 1459241881.298854, 
        "translated": 99717
    }, 
    "pl": {
        "approved": 177494, 
        "translated": 180901
    }, 
    "pt": {
        "approved": 172189, 
        "translated": 358830
    }, 
    "pt-pt": {
        "approved": 15736, 
        "pending_since_timestamp": 1459276376.886311, 
        "translated": 89255
    }, 
    "ru": {
        "approved": 1179, 
        "translated": 20793
    }, 
    "sr": {
        "approved": 47954, 
        "translated": 357573
    }, 
    "sw": {
        "approved": 12190, 
        "pending_since_timestamp": 1459235869.290014, 
        "translated": 36671
    }, 
    "te": {
        "approved": 0, 
        "translated": 220
    }, 
    "th": {
        "approved": 0, 
        "translated": 129779
    }, 
    "tr": {
        "approved": 171075, 
        "pending_since_timestamp": 1459290750.098972, 
        "translated": 269488
    }, 
    "uk": {
        "approved": 0, 
        "translated": 2594
    }, 
    "ur": {
        "approved": 0, 
        "translated": 1556
    }, 
    "xh": {
        "approved": 0, 
        "translated": 1
    }, 
    "zh-hans": {
        "approved": 0, 
        "translated": 4183
    }, 
    "zu": {
        "approved": 0, 
        "translated": 23
    }
}