{
    "ar": {
        "approved": 0, 
        "translated": 4327
    }, 
    "bg": {
        "approved": 180277, 
        "pending_since_timestamp": 1464210554.853525, 
        "translated": 193774
    }, 
    "bn": {
        "approved": 84787, 
        "translated": 121375
    }, 
    "cs": {
        "approved": 12297, 
        "translated": 30773
    }, 
    "da": {
        "approved": 73497, 
        "translated": 84570
    }, 
    "de": {
        "approved": 148871, 
        "pending_since_timestamp": 1464243787.816393, 
        "translated": 149694
    }, 
    "el": {
        "approved": 324, 
        "pending_since_timestamp": 1464243787.816393, 
        "translated": 7270
    }, 
    "es": {
        "approved": 267224, 
        "pending_since_timestamp": 1464206067.384774, 
        "translated": 373015
    }, 
    "fa": {
        "approved": 0, 
        "translated": 107
    }, 
    "fa-af": {
        "approved": 0, 
        "translated": 72
    }, 
    "fr": {
        "approved": 157745, 
        "pending_since_timestamp": 1464243787.816393, 
        "translated": 165067
    }, 
    "he": {
        "approved": 8603, 
        "translated": 8616
    }, 
    "hi": {
        "approved": 66116, 
        "pending_since_timestamp": 1464243787.816393, 
        "translated": 95404
    }, 
    "hy": {
        "approved": 0, 
        "translated": 3043
    }, 
    "id": {
        "approved": 0, 
        "translated": 7309
    }, 
    "it": {
        "approved": 0, 
        "pending_since_timestamp": 1464182686.552994, 
        "translated": 94401
    }, 
    "ja": {
        "approved": 28198, 
        "pending_since_timestamp": 1464188392.968045, 
        "translated": 58354
    }, 
    "ka": {
        "approved": 126008, 
        "pending_since_timestamp": 1464215325.639723, 
        "translated": 129433
    }, 
    "ko": {
        "approved": 122187, 
        "pending_since_timestamp": 1464243787.816393, 
        "translated": 140571
    }, 
    "lol": {
        "approved": 581, 
        "translated": 7523
    }, 
    "mn": {
        "approved": 74540, 
        "translated": 82447
    }, 
    "ms": {
        "approved": 0, 
        "translated": 731
    }, 
    "nb": {
        "approved": 98869, 
        "translated": 101749
    }, 
    "nl": {
        "approved": 76557, 
        "pending_since_timestamp": 1464202593.526208, 
        "translated": 110334
    }, 
    "pl": {
        "approved": 194083, 
        "translated": 194864
    }, 
    "pt": {
        "approved": 194216, 
        "pending_since_timestamp": 1464243787.816393, 
        "translated": 370338
    }, 
    "pt-pt": {
        "approved": 18903, 
        "pending_since_timestamp": 1464186958.40433, 
        "translated": 114740
    }, 
    "ru": {
        "approved": 1167, 
        "translated": 19830
    }, 
    "sr": {
        "approved": 44737, 
        "pending_since_timestamp": 1464206067.384774, 
        "translated": 368847
    }, 
    "sw": {
        "approved": 11762, 
        "translated": 33677
    }, 
    "te": {
        "approved": 0, 
        "translated": 215
    }, 
    "th": {
        "approved": 0, 
        "translated": 121482
    }, 
    "tr": {
        "approved": 183423, 
        "translated": 276265
    }, 
    "uk": {
        "approved": 0, 
        "translated": 2518
    }, 
    "ur": {
        "approved": 0, 
        "translated": 1464
    }, 
    "xh": {
        "approved": 0, 
        "translated": 1
    }, 
    "zh-hans": {
        "approved": 0, 
        "translated": 5167
    }, 
    "zu": {
        "approved": 0, 
        "translated": 23
    }
}