{
    "ar": {
        "approved": 1277, 
        "translated": 4814
    }, 
    "bg": {
        "approved": 227895, 
        "pending_since_timestamp": 1479475170.022537, 
        "translated": 247627
    }, 
    "bn": {
        "approved": 126087, 
        "translated": 142020
    }, 
    "cs": {
        "approved": 13290, 
        "translated": 30465
    }, 
    "da": {
        "approved": 82248, 
        "pending_since_timestamp": 1479475170.022537, 
        "translated": 89712
    }, 
    "de": {
        "approved": 194554, 
        "pending_since_timestamp": 1479514648.602383, 
        "translated": 196529
    }, 
    "el": {
        "approved": 2576, 
        "pending_since_timestamp": 1479425574.885163, 
        "translated": 10438
    }, 
    "es": {
        "approved": 367257, 
        "pending_since_timestamp": 1479475170.022537, 
        "translated": 383574
    }, 
    "fa": {
        "approved": 2, 
        "pending_since_timestamp": 1479409244.748203, 
        "translated": 105
    }, 
    "fa-af": {
        "approved": 0, 
        "pending_since_timestamp": 1479409244.748203, 
        "translated": 72
    }, 
    "fr": {
        "approved": 208128, 
        "translated": 219573
    }, 
    "he": {
        "approved": 10144, 
        "pending_since_timestamp": 1479475170.022537, 
        "translated": 10708
    }, 
    "hi": {
        "approved": 95618, 
        "translated": 116509
    }, 
    "hy": {
        "approved": 89, 
        "pending_since_timestamp": 1479496824.791817, 
        "translated": 5113
    }, 
    "id": {
        "approved": 2112, 
        "translated": 8202
    }, 
    "it": {
        "approved": 66658, 
        "pending_since_timestamp": 1479475170.022537, 
        "translated": 118722
    }, 
    "ja": {
        "approved": 44934, 
        "pending_since_timestamp": 1479433094.461131, 
        "translated": 107381
    }, 
    "ka": {
        "approved": 187009, 
        "pending_since_timestamp": 1479475170.022537, 
        "translated": 192925
    }, 
    "ko": {
        "approved": 148902, 
        "pending_since_timestamp": 1479475170.022537, 
        "translated": 166618
    }, 
    "lol": {
        "approved": 595, 
        "translated": 8801
    }, 
    "mn": {
        "approved": 75209, 
        "pending_since_timestamp": 1479475170.022537, 
        "translated": 82785
    }, 
    "ms": {
        "approved": 358, 
        "pending_since_timestamp": 1479409244.748203, 
        "translated": 1019
    }, 
    "nb": {
        "approved": 98204, 
        "translated": 101290
    }, 
    "nl": {
        "approved": 99156, 
        "translated": 125885
    }, 
    "pl": {
        "approved": 252444, 
        "pending_since_timestamp": 1479522950.708952, 
        "translated": 253022
    }, 
    "pt": {
        "approved": 247637, 
        "pending_since_timestamp": 1479504122.964453, 
        "translated": 289402
    }, 
    "pt-pt": {
        "approved": 62767, 
        "pending_since_timestamp": 1479475170.022537, 
        "translated": 90680
    }, 
    "ru": {
        "approved": 3669, 
        "translated": 20788
    }, 
    "sr": {
        "approved": 54000, 
        "pending_since_timestamp": 1479475170.022537, 
        "translated": 71728
    }, 
    "sw": {
        "approved": 12941, 
        "translated": 33859
    }, 
    "te": {
        "approved": 34, 
        "translated": 234
    }, 
    "th": {
        "approved": 1546, 
        "translated": 119809
    }, 
    "tr": {
        "approved": 263419, 
        "translated": 344365
    }, 
    "uk": {
        "approved": 225, 
        "pending_since_timestamp": 1479409244.748203, 
        "translated": 2607
    }, 
    "ur": {
        "approved": 371, 
        "pending_since_timestamp": 1479409244.748203, 
        "translated": 1480
    }, 
    "xh": {
        "approved": 0, 
        "pending_since_timestamp": 1479409244.748203, 
        "translated": 1
    }, 
    "zh-hans": {
        "approved": 603, 
        "pending_since_timestamp": 1479409244.748203, 
        "translated": 5544
    }, 
    "zu": {
        "approved": 1, 
        "pending_since_timestamp": 1479409244.748203, 
        "translated": 22
    }
}