{
    "ar": {
        "approved": 1047, 
        "translated": 4723
    }, 
    "bg": {
        "approved": 216865, 
        "translated": 236561
    }, 
    "bn": {
        "approved": 119951, 
        "pending_since_timestamp": 1477572128.209188, 
        "translated": 136622
    }, 
    "cs": {
        "approved": 13083, 
        "translated": 30212
    }, 
    "da": {
        "approved": 79973, 
        "translated": 87590
    }, 
    "de": {
        "approved": 188798, 
        "pending_since_timestamp": 1477576985.901207, 
        "translated": 188857
    }, 
    "el": {
        "approved": 2074, 
        "pending_since_timestamp": 1477557530.410901, 
        "translated": 9863
    }, 
    "es": {
        "approved": 333487, 
        "translated": 432766
    }, 
    "fa": {
        "approved": 2, 
        "translated": 106
    }, 
    "fa-af": {
        "approved": 0, 
        "translated": 72
    }, 
    "fr": {
        "approved": 193514, 
        "pending_since_timestamp": 1477574701.2429, 
        "translated": 204214
    }, 
    "he": {
        "approved": 9060, 
        "translated": 9594
    }, 
    "hi": {
        "approved": 93494, 
        "translated": 116389
    }, 
    "hy": {
        "approved": 27, 
        "translated": 3017
    }, 
    "id": {
        "approved": 1518, 
        "translated": 7638
    }, 
    "it": {
        "approved": 46661, 
        "pending_since_timestamp": 1477564934.798288, 
        "translated": 113181
    }, 
    "ja": {
        "approved": 42061, 
        "translated": 85441
    }, 
    "ka": {
        "approved": 183777, 
        "pending_since_timestamp": 1477557530.410901, 
        "translated": 188322
    }, 
    "ko": {
        "approved": 141895, 
        "translated": 160206
    }, 
    "lol": {
        "approved": 596, 
        "translated": 8802
    }, 
    "mn": {
        "approved": 75114, 
        "translated": 82691
    }, 
    "ms": {
        "approved": 357, 
        "translated": 1018
    }, 
    "nb": {
        "approved": 98075, 
        "translated": 101163
    }, 
    "nl": {
        "approved": 96923, 
        "pending_since_timestamp": 1477554820.567964, 
        "translated": 123047
    }, 
    "pl": {
        "approved": 235676, 
        "pending_since_timestamp": 1477572128.209188, 
        "translated": 236213
    }, 
    "pt": {
        "approved": 238007, 
        "translated": 429689
    }, 
    "pt-pt": {
        "approved": 52407, 
        "pending_since_timestamp": 1477564934.798288, 
        "translated": 82462
    }, 
    "ru": {
        "approved": 3212, 
        "translated": 20008
    }, 
    "sr": {
        "approved": 53347, 
        "translated": 425490
    }, 
    "sw": {
        "approved": 12790, 
        "translated": 33752
    }, 
    "te": {
        "approved": 17, 
        "translated": 217
    }, 
    "th": {
        "approved": 1189, 
        "translated": 119597
    }, 
    "tr": {
        "approved": 223368, 
        "translated": 324696
    }, 
    "uk": {
        "approved": 209, 
        "translated": 2590
    }, 
    "ur": {
        "approved": 369, 
        "translated": 1498
    }, 
    "xh": {
        "approved": 0, 
        "translated": 1
    }, 
    "zh-hans": {
        "approved": 594, 
        "translated": 5466
    }, 
    "zu": {
        "approved": 1, 
        "translated": 22
    }
}