{
    "af": {
        "approved": 20, 
        "pending_since_timestamp": 1509638797.884939, 
        "translated": 1569
    }, 
    "am": {
        "approved": 0, 
        "translated": 0
    }, 
    "ar": {
        "approved": 391, 
        "translated": 10562
    }, 
    "az": {
        "approved": 36095, 
        "pending_since_timestamp": 1509598318.378423, 
        "translated": 37115
    }, 
    "bg": {
        "approved": 264052, 
        "pending_since_timestamp": 1510032751.693688, 
        "translated": 266786
    }, 
    "bn": {
        "approved": 146966, 
        "pending_since_timestamp": 1510037019.999815, 
        "translated": 154868
    }, 
    "ca": {
        "approved": 3, 
        "pending_since_timestamp": 1509598318.378423, 
        "translated": 2175
    }, 
    "cs": {
        "approved": 43576, 
        "translated": 73474
    }, 
    "da": {
        "approved": 76669, 
        "translated": 99210
    }, 
    "de": {
        "approved": 245612, 
        "pending_since_timestamp": 1510074152.680921, 
        "translated": 262504
    }, 
    "el": {
        "approved": 3558, 
        "translated": 21915
    }, 
    "es": {
        "approved": 370968, 
        "pending_since_timestamp": 1510080960.072242, 
        "translated": 392963
    }, 
    "et": {
        "approved": 45280, 
        "pending_since_timestamp": 1509638797.884939, 
        "translated": 46665
    }, 
    "fa": {
        "approved": 1, 
        "translated": 205
    }, 
    "fa-af": {
        "approved": 31, 
        "translated": 104
    }, 
    "fi": {
        "approved": 12421, 
        "pending_since_timestamp": 1509638797.884939, 
        "translated": 13490
    }, 
    "fil": {
        "approved": 0, 
        "translated": 1
    }, 
    "fr": {
        "approved": 260817, 
        "pending_since_timestamp": 1510047850.427323, 
        "translated": 264907
    }, 
    "gu": {
        "approved": 33755, 
        "pending_since_timestamp": 1509723289.646216, 
        "translated": 36705
    }, 
    "he": {
        "approved": 6951, 
        "translated": 7530
    }, 
    "hi": {
        "approved": 149257, 
        "pending_since_timestamp": 1510070872.455615, 
        "translated": 166075
    }, 
    "hr": {
        "approved": 11082, 
        "pending_since_timestamp": 1509638797.884939, 
        "translated": 16914
    }, 
    "ht": {
        "approved": 1, 
        "translated": 5
    }, 
    "hu": {
        "approved": 46410, 
        "translated": 53442
    }, 
    "hy": {
        "approved": 75144, 
        "pending_since_timestamp": 1510038529.677759, 
        "translated": 86173
    }, 
    "id": {
        "approved": 11945, 
        "translated": 22935
    }, 
    "it": {
        "approved": 129987, 
        "pending_since_timestamp": 1510091802.016652, 
        "translated": 151281
    }, 
    "ja": {
        "approved": 111795, 
        "pending_since_timestamp": 1510045658.681982, 
        "translated": 127987
    }, 
    "ka": {
        "approved": 221892, 
        "translated": 226630
    }, 
    "kn": {
        "approved": 0, 
        "translated": 161
    }, 
    "ko": {
        "approved": 174807, 
        "translated": 185658
    }, 
    "ky": {
        "approved": 0, 
        "pending_since_timestamp": 1509126093.85747, 
        "translated": 28
    }, 
    "lol": {
        "approved": 281, 
        "translated": 8433
    }, 
    "lt": {
        "approved": 0, 
        "pending_since_timestamp": 1509598318.378423, 
        "translated": 1659
    }, 
    "lv": {
        "approved": 54924, 
        "pending_since_timestamp": 1509607750.021567, 
        "translated": 54972
    }, 
    "mn": {
        "approved": 87005, 
        "translated": 116121
    }, 
    "mr": {
        "approved": 0, 
        "translated": 0
    }, 
    "ms": {
        "approved": 29, 
        "translated": 714
    }, 
    "my": {
        "approved": 0, 
        "pending_since_timestamp": 1508989970.357992, 
        "translated": 123
    }, 
    "nb": {
        "approved": 134030, 
        "translated": 140075
    }, 
    "nl": {
        "approved": 111459, 
        "translated": 132575
    }, 
    "nn": {
        "approved": 0, 
        "pending_since_timestamp": 1509469224.222401, 
        "translated": 1692
    }, 
    "or": {
        "approved": 0, 
        "translated": 70
    }, 
    "pl": {
        "approved": 295828, 
        "pending_since_timestamp": 1510091802.016652, 
        "translated": 296171
    }, 
    "pt": {
        "approved": 319138, 
        "pending_since_timestamp": 1510069407.345358, 
        "translated": 366449
    }, 
    "pt-pt": {
        "approved": 116497, 
        "pending_since_timestamp": 1510045658.681982, 
        "translated": 136903
    }, 
    "ro": {
        "approved": 62599, 
        "pending_since_timestamp": 1509638797.884939, 
        "translated": 68382
    }, 
    "ru": {
        "approved": 1832, 
        "translated": 21452
    }, 
    "rw": {
        "approved": 0, 
        "translated": 0
    }, 
    "si": {
        "approved": 0, 
        "translated": 229
    }, 
    "sk": {
        "approved": 0, 
        "pending_since_timestamp": 1509638797.884939, 
        "translated": 2315
    }, 
    "sl": {
        "approved": 0, 
        "translated": 0
    }, 
    "sq": {
        "approved": 49904, 
        "pending_since_timestamp": 1509598318.378423, 
        "translated": 65335
    }, 
    "sr": {
        "approved": 54461, 
        "translated": 71080
    }, 
    "sv": {
        "approved": 72550, 
        "pending_since_timestamp": 1510042591.136794, 
        "translated": 134596
    }, 
    "sw": {
        "approved": 0, 
        "translated": 0
    }, 
    "ta": {
        "approved": 30586, 
        "pending_since_timestamp": 1510038529.677759, 
        "translated": 49670
    }, 
    "te": {
        "approved": 16, 
        "translated": 235
    }, 
    "th": {
        "approved": 303, 
        "translated": 131551
    }, 
    "tr": {
        "approved": 275652, 
        "translated": 390490
    }, 
    "uk": {
        "approved": 98, 
        "pending_since_timestamp": 1509598318.378423, 
        "translated": 2459
    }, 
    "ur": {
        "approved": 2401, 
        "translated": 3909
    }, 
    "uz": {
        "approved": 154, 
        "pending_since_timestamp": 1509638797.884939, 
        "translated": 1493
    }, 
    "vi": {
        "approved": 2, 
        "translated": 1494
    }, 
    "xh": {
        "approved": 40, 
        "translated": 40
    }, 
    "zh-hans": {
        "approved": 41697, 
        "pending_since_timestamp": 1510091802.016652, 
        "translated": 95836
    }, 
    "zh-hant": {
        "approved": 7596, 
        "pending_since_timestamp": 1509469224.222401, 
        "translated": 66197
    }, 
    "zu": {
        "approved": 1, 
        "translated": 20
    }
}