{
    "ar": {
        "approved": 0, 
        "translated": 4635
    }, 
    "bg": {
        "approved": 170473, 
        "translated": 186862
    }, 
    "bn": {
        "approved": 73156, 
        "pending_since_timestamp": 1460567161.069196, 
        "translated": 122032
    }, 
    "cs": {
        "approved": 12785, 
        "translated": 29741
    }, 
    "da": {
        "approved": 40137, 
        "translated": 88338
    }, 
    "de": {
        "approved": 149012, 
        "pending_since_timestamp": 1460567161.069196, 
        "translated": 149384
    }, 
    "el": {
        "approved": 252, 
        "translated": 7247
    }, 
    "es": {
        "approved": 248198, 
        "pending_since_timestamp": 1460571876.853987, 
        "translated": 367580
    }, 
    "fa": {
        "approved": 0, 
        "translated": 211
    }, 
    "fa-af": {
        "approved": 0, 
        "translated": 72
    }, 
    "fr": {
        "approved": 146727, 
        "pending_since_timestamp": 1460576901.894672, 
        "translated": 154816
    }, 
    "he": {
        "approved": 9249, 
        "translated": 9264
    }, 
    "hi": {
        "approved": 68952, 
        "translated": 85528
    }, 
    "hy": {
        "approved": 0, 
        "translated": 1608
    }, 
    "id": {
        "approved": 0, 
        "translated": 8154
    }, 
    "it": {
        "approved": 0, 
        "pending_since_timestamp": 1460553896.558138, 
        "translated": 89654
    }, 
    "ja": {
        "approved": 26266, 
        "pending_since_timestamp": 1460553896.558138, 
        "translated": 57794
    }, 
    "ka": {
        "approved": 115112, 
        "pending_since_timestamp": 1460576901.894672, 
        "translated": 117581
    }, 
    "ko": {
        "approved": 110260, 
        "translated": 131876
    }, 
    "lol": {
        "approved": 595, 
        "translated": 7597
    }, 
    "mn": {
        "approved": 75639, 
        "translated": 82614
    }, 
    "ms": {
        "approved": 0, 
        "translated": 750
    }, 
    "nb": {
        "approved": 88726, 
        "translated": 89715
    }, 
    "nl": {
        "approved": 54595, 
        "translated": 102669
    }, 
    "pl": {
        "approved": 183999, 
        "pending_since_timestamp": 1460578301.029955, 
        "translated": 186201
    }, 
    "pt": {
        "approved": 183150, 
        "pending_since_timestamp": 1460570307.593531, 
        "translated": 364882
    }, 
    "pt-pt": {
        "approved": 17297, 
        "pending_since_timestamp": 1460545645.855454, 
        "translated": 92488
    }, 
    "ru": {
        "approved": 1177, 
        "translated": 20911
    }, 
    "sr": {
        "approved": 47799, 
        "pending_since_timestamp": 1460571876.853987, 
        "translated": 363548
    }, 
    "sw": {
        "approved": 12175, 
        "translated": 35961
    }, 
    "te": {
        "approved": 0, 
        "translated": 216
    }, 
    "th": {
        "approved": 0, 
        "translated": 128729
    }, 
    "tr": {
        "approved": 170137, 
        "translated": 273377
    }, 
    "uk": {
        "approved": 0, 
        "translated": 2580
    }, 
    "ur": {
        "approved": 0, 
        "translated": 1553
    }, 
    "xh": {
        "approved": 0, 
        "translated": 1
    }, 
    "zh-hans": {
        "approved": 0, 
        "translated": 4105
    }, 
    "zu": {
        "approved": 0, 
        "translated": 23
    }
}