{
    "af": {
        "approved": 19, 
        "translated": 1516
    }, 
    "am": {
        "approved": 0, 
        "translated": 0
    }, 
    "ar": {
        "approved": 578, 
        "pending_since_timestamp": 1530601285.351022, 
        "translated": 28446
    }, 
    "az": {
        "approved": 35981, 
        "translated": 37752
    }, 
    "bg": {
        "approved": 301338, 
        "pending_since_timestamp": 1530631577.07777, 
        "translated": 301581
    }, 
    "bn": {
        "approved": 150866, 
        "pending_since_timestamp": 1530633711.829783, 
        "translated": 161362
    }, 
    "ca": {
        "approved": 3, 
        "translated": 2062
    }, 
    "cs": {
        "approved": 88643, 
        "pending_since_timestamp": 1530624246.186455, 
        "translated": 117317
    }, 
    "da": {
        "approved": 147388, 
        "pending_since_timestamp": 1530669360.142735, 
        "translated": 171106
    }, 
    "de": {
        "approved": 289420, 
        "pending_since_timestamp": 1530638448.137805, 
        "translated": 533687
    }, 
    "el": {
        "approved": 77824, 
        "pending_since_timestamp": 1530669360.142735, 
        "translated": 96744
    }, 
    "es": {
        "approved": 405393, 
        "pending_since_timestamp": 1530633711.829783, 
        "translated": 425800
    }, 
    "et": {
        "approved": 45054, 
        "translated": 46380
    }, 
    "fa": {
        "approved": 1, 
        "translated": 192
    }, 
    "fa-af": {
        "approved": 31, 
        "translated": 103
    }, 
    "fi": {
        "approved": 82954, 
        "translated": 84652
    }, 
    "fil": {
        "approved": 210, 
        "translated": 303
    }, 
    "fr": {
        "approved": 279541, 
        "translated": 283074
    }, 
    "gu": {
        "approved": 34194, 
        "pending_since_timestamp": 1530669360.142735, 
        "translated": 82485
    }, 
    "he": {
        "approved": 8802, 
        "translated": 8805
    }, 
    "hi": {
        "approved": 169156, 
        "translated": 182041
    }, 
    "hr": {
        "approved": 10999, 
        "translated": 16688
    }, 
    "ht": {
        "approved": 1, 
        "translated": 5
    }, 
    "hu": {
        "approved": 89088, 
        "pending_since_timestamp": 1530624246.186455, 
        "translated": 107497
    }, 
    "hy": {
        "approved": 92840, 
        "pending_since_timestamp": 1530598991.882734, 
        "translated": 100245
    }, 
    "id": {
        "approved": 46844, 
        "pending_since_timestamp": 1530624246.186455, 
        "translated": 68155
    }, 
    "it": {
        "approved": 135384, 
        "pending_since_timestamp": 1530626926.483386, 
        "translated": 155849
    }, 
    "ja": {
        "approved": 128025, 
        "pending_since_timestamp": 1530669360.142735, 
        "translated": 145267
    }, 
    "ka": {
        "approved": 263767, 
        "pending_since_timestamp": 1530669360.142735, 
        "translated": 266037
    }, 
    "ki": {
        "approved": 0, 
        "translated": 37
    }, 
    "km": {
        "approved": 0, 
        "translated": 52
    }, 
    "kn": {
        "approved": 1491, 
        "pending_since_timestamp": 1530594942.109572, 
        "translated": 19539
    }, 
    "ko": {
        "approved": 180407, 
        "pending_since_timestamp": 1530669360.142735, 
        "translated": 200445
    }, 
    "ky": {
        "approved": 0, 
        "translated": 25
    }, 
    "lol": {
        "approved": 67337, 
        "translated": 82543
    }, 
    "lt": {
        "approved": 74294, 
        "translated": 76181
    }, 
    "lv": {
        "approved": 54702, 
        "translated": 55111
    }, 
    "mn": {
        "approved": 87256, 
        "pending_since_timestamp": 1530669360.142735, 
        "translated": 115172
    }, 
    "mr": {
        "approved": 0, 
        "translated": 0
    }, 
    "ms": {
        "approved": 29, 
        "translated": 679
    }, 
    "my": {
        "approved": 1, 
        "translated": 116
    }, 
    "nb": {
        "approved": 134990, 
        "pending_since_timestamp": 1530669360.142735, 
        "translated": 142482
    }, 
    "ne": {
        "approved": 0, 
        "translated": 1
    }, 
    "nl": {
        "approved": 118509, 
        "pending_since_timestamp": 1530624246.186455, 
        "translated": 138445
    }, 
    "nn": {
        "approved": 0, 
        "translated": 1652
    }, 
    "or": {
        "approved": 0, 
        "translated": 54
    }, 
    "pl": {
        "approved": 322109, 
        "translated": 322911
    }, 
    "ps": {
        "approved": 0, 
        "translated": 23
    }, 
    "pt": {
        "approved": 357857, 
        "pending_since_timestamp": 1530629080.312398, 
        "translated": 398091
    }, 
    "pt-pt": {
        "approved": 143099, 
        "pending_since_timestamp": 1530609770.334831, 
        "translated": 175561
    }, 
    "ro": {
        "approved": 64080, 
        "translated": 68166
    }, 
    "ru": {
        "approved": 100769, 
        "pending_since_timestamp": 1530633711.829783, 
        "translated": 122656
    }, 
    "rw": {
        "approved": 0, 
        "translated": 0
    }, 
    "si": {
        "approved": 0, 
        "translated": 199
    }, 
    "sk": {
        "approved": 0, 
        "translated": 2223
    }, 
    "sl": {
        "approved": 0, 
        "translated": 0
    }, 
    "sq": {
        "approved": 61940, 
        "pending_since_timestamp": 1530460920.349024, 
        "translated": 66991
    }, 
    "sr": {
        "approved": 65449, 
        "pending_since_timestamp": 1530669360.142735, 
        "translated": 83369
    }, 
    "sv": {
        "approved": 155111, 
        "pending_since_timestamp": 1530669360.142735, 
        "translated": 547999
    }, 
    "sw": {
        "approved": 0, 
        "translated": 0
    }, 
    "ta": {
        "approved": 46130, 
        "translated": 63053
    }, 
    "te": {
        "approved": 16, 
        "translated": 227
    }, 
    "th": {
        "approved": 303, 
        "pending_since_timestamp": 1530588938.858155, 
        "translated": 136122
    }, 
    "tr": {
        "approved": 306212, 
        "pending_since_timestamp": 1530626926.483386, 
        "translated": 409274
    }, 
    "uk": {
        "approved": 98, 
        "pending_since_timestamp": 1530561280.814695, 
        "translated": 2600
    }, 
    "ur": {
        "approved": 54679, 
        "translated": 57583
    }, 
    "uz": {
        "approved": 142, 
        "translated": 1796
    }, 
    "vi": {
        "approved": 2, 
        "translated": 1971
    }, 
    "xh": {
        "approved": 40, 
        "translated": 40
    }, 
    "zh-hans": {
        "approved": 84112, 
        "pending_since_timestamp": 1530633711.829783, 
        "translated": 137485
    }, 
    "zh-hant": {
        "approved": 9590, 
        "pending_since_timestamp": 1530502405.207192, 
        "translated": 68700
    }, 
    "zu": {
        "approved": 1, 
        "translated": 18
    }
}