{
    "af": {
        "approved": 20, 
        "translated": 1569
    }, 
    "am": {
        "approved": 0, 
        "translated": 0
    }, 
    "ar": {
        "approved": 391, 
        "pending_since_timestamp": 1507301567.395134, 
        "translated": 7045
    }, 
    "az": {
        "approved": 36095, 
        "pending_since_timestamp": 1507301567.395134, 
        "translated": 36792
    }, 
    "bg": {
        "approved": 245895, 
        "pending_since_timestamp": 1507354763.604867, 
        "translated": 259984
    }, 
    "bn": {
        "approved": 144339, 
        "pending_since_timestamp": 1507352534.775985, 
        "translated": 152432
    }, 
    "ca": {
        "approved": 3, 
        "translated": 2176
    }, 
    "cs": {
        "approved": 42818, 
        "translated": 68616
    }, 
    "da": {
        "approved": 76092, 
        "translated": 98156
    }, 
    "de": {
        "approved": 227679, 
        "translated": 230701
    }, 
    "el": {
        "approved": 3483, 
        "pending_since_timestamp": 1507301567.395134, 
        "translated": 21603
    }, 
    "es": {
        "approved": 365170, 
        "pending_since_timestamp": 1507326864.970945, 
        "translated": 386538
    }, 
    "et": {
        "approved": 45281, 
        "translated": 46663
    }, 
    "fa": {
        "approved": 1, 
        "translated": 205
    }, 
    "fa-af": {
        "approved": 31, 
        "translated": 104
    }, 
    "fi": {
        "approved": 12421, 
        "translated": 13491
    }, 
    "fil": {
        "approved": 0, 
        "translated": 1
    }, 
    "fr": {
        "approved": 253940, 
        "pending_since_timestamp": 1507326864.970945, 
        "translated": 260147
    }, 
    "gu": {
        "approved": 21474, 
        "pending_since_timestamp": 1507184723.003102, 
        "translated": 26128
    }, 
    "he": {
        "approved": 6949, 
        "pending_since_timestamp": 1507301567.395134, 
        "translated": 7529
    }, 
    "hi": {
        "approved": 97431, 
        "translated": 113454
    }, 
    "hr": {
        "approved": 11082, 
        "translated": 16913
    }, 
    "ht": {
        "approved": 1, 
        "translated": 5
    }, 
    "hu": {
        "approved": 45961, 
        "pending_since_timestamp": 1507219941.429006, 
        "translated": 53006
    }, 
    "hy": {
        "approved": 68343, 
        "pending_since_timestamp": 1507181081.246868, 
        "translated": 83390
    }, 
    "id": {
        "approved": 1400, 
        "pending_since_timestamp": 1507212872.63744, 
        "translated": 9983
    }, 
    "it": {
        "approved": 110675, 
        "pending_since_timestamp": 1507301567.395134, 
        "translated": 145402
    }, 
    "ja": {
        "approved": 103739, 
        "pending_since_timestamp": 1507301567.395134, 
        "translated": 125199
    }, 
    "ka": {
        "approved": 209150, 
        "pending_since_timestamp": 1507362223.076866, 
        "translated": 216706
    }, 
    "kn": {
        "approved": 0, 
        "translated": 161
    }, 
    "ko": {
        "approved": 172622, 
        "pending_since_timestamp": 1507301567.395134, 
        "translated": 182126
    }, 
    "ky": {
        "approved": 0, 
        "pending_since_timestamp": 1506990259.087778, 
        "translated": 27
    }, 
    "lol": {
        "approved": 281, 
        "translated": 8433
    }, 
    "lt": {
        "approved": 0, 
        "translated": 1660
    }, 
    "lv": {
        "approved": 45368, 
        "pending_since_timestamp": 1506990259.087778, 
        "translated": 45391
    }, 
    "mn": {
        "approved": 85843, 
        "translated": 113183
    }, 
    "mr": {
        "approved": 0, 
        "translated": 0
    }, 
    "ms": {
        "approved": 29, 
        "pending_since_timestamp": 1507301567.395134, 
        "translated": 714
    }, 
    "my": {
        "approved": 0, 
        "pending_since_timestamp": 1506990259.087778, 
        "translated": 122
    }, 
    "nb": {
        "approved": 133985, 
        "pending_since_timestamp": 1507301567.395134, 
        "translated": 139355
    }, 
    "nl": {
        "approved": 111042, 
        "pending_since_timestamp": 1507301567.395134, 
        "translated": 131877
    }, 
    "nn": {
        "approved": 0, 
        "pending_since_timestamp": 1506990259.087778, 
        "translated": 1690
    }, 
    "or": {
        "approved": 0, 
        "translated": 70
    }, 
    "pl": {
        "approved": 291593, 
        "pending_since_timestamp": 1507356064.743836, 
        "translated": 291852
    }, 
    "pt": {
        "approved": 309482, 
        "translated": 355474
    }, 
    "pt-pt": {
        "approved": 104555, 
        "pending_since_timestamp": 1507301567.395134, 
        "translated": 131293
    }, 
    "ro": {
        "approved": 62618, 
        "translated": 68239
    }, 
    "ru": {
        "approved": 1831, 
        "translated": 21084
    }, 
    "rw": {
        "approved": 0, 
        "translated": 0
    }, 
    "si": {
        "approved": 0, 
        "translated": 228
    }, 
    "sk": {
        "approved": 0, 
        "translated": 2318
    }, 
    "sl": {
        "approved": 0, 
        "translated": 0
    }, 
    "sq": {
        "approved": 49918, 
        "pending_since_timestamp": 1507191937.254119, 
        "translated": 64094
    }, 
    "sr": {
        "approved": 53408, 
        "pending_since_timestamp": 1507301567.395134, 
        "translated": 70547
    }, 
    "sv": {
        "approved": 38515, 
        "translated": 103102
    }, 
    "sw": {
        "approved": 0, 
        "translated": 0
    }, 
    "ta": {
        "approved": 13349, 
        "pending_since_timestamp": 1507216443.924365, 
        "translated": 48485
    }, 
    "te": {
        "approved": 16, 
        "translated": 237
    }, 
    "th": {
        "approved": 303, 
        "pending_since_timestamp": 1507301567.395134, 
        "translated": 131579
    }, 
    "tr": {
        "approved": 270690, 
        "translated": 386368
    }, 
    "uk": {
        "approved": 98, 
        "translated": 2460
    }, 
    "ur": {
        "approved": 92, 
        "translated": 1263
    }, 
    "uz": {
        "approved": 154, 
        "translated": 1493
    }, 
    "vi": {
        "approved": 2, 
        "pending_since_timestamp": 1507206452.88805, 
        "translated": 1420
    }, 
    "xh": {
        "approved": 40, 
        "translated": 40
    }, 
    "zh-hans": {
        "approved": 23622, 
        "pending_since_timestamp": 1507339142.63098, 
        "translated": 87719
    }, 
    "zh-hant": {
        "approved": 7498, 
        "pending_since_timestamp": 1507301567.395134, 
        "translated": 65964
    }, 
    "zu": {
        "approved": 1, 
        "translated": 20
    }
}