{
    "ar": {
        "approved": 0, 
        "pending_since_timestamp": 1468368348.821476, 
        "translated": 4515
    }, 
    "bg": {
        "approved": 197566, 
        "pending_since_timestamp": 1468361445.392206, 
        "translated": 215072
    }, 
    "bn": {
        "approved": 100408, 
        "pending_since_timestamp": 1468368348.821476, 
        "translated": 128096
    }, 
    "cs": {
        "approved": 12229, 
        "pending_since_timestamp": 1468368348.821476, 
        "translated": 30501
    }, 
    "da": {
        "approved": 75783, 
        "pending_since_timestamp": 1468368348.821476, 
        "translated": 84527
    }, 
    "de": {
        "approved": 152753, 
        "pending_since_timestamp": 1468368348.821476, 
        "translated": 153174
    }, 
    "el": {
        "approved": 324, 
        "pending_since_timestamp": 1468368348.821476, 
        "translated": 7476
    }, 
    "es": {
        "approved": 283898, 
        "pending_since_timestamp": 1468351539.762423, 
        "translated": 379244
    }, 
    "fa": {
        "approved": 0, 
        "translated": 106
    }, 
    "fa-af": {
        "approved": 0, 
        "translated": 72
    }, 
    "fr": {
        "approved": 166352, 
        "pending_since_timestamp": 1468368348.821476, 
        "translated": 173554
    }, 
    "he": {
        "approved": 8468, 
        "pending_since_timestamp": 1468368348.821476, 
        "translated": 8706
    }, 
    "hi": {
        "approved": 68543, 
        "pending_since_timestamp": 1468359761.311793, 
        "translated": 111528
    }, 
    "hy": {
        "approved": 0, 
        "translated": 3014
    }, 
    "id": {
        "approved": 0, 
        "pending_since_timestamp": 1468368348.821476, 
        "translated": 7274
    }, 
    "it": {
        "approved": 7723, 
        "translated": 104884
    }, 
    "ja": {
        "approved": 34071, 
        "pending_since_timestamp": 1468368348.821476, 
        "translated": 80467
    }, 
    "ka": {
        "approved": 139403, 
        "pending_since_timestamp": 1468341835.645427, 
        "translated": 141096
    }, 
    "ko": {
        "approved": 125688, 
        "pending_since_timestamp": 1468368348.821476, 
        "translated": 151429
    }, 
    "lol": {
        "approved": 603, 
        "translated": 8847
    }, 
    "mn": {
        "approved": 75502, 
        "pending_since_timestamp": 1468368348.821476, 
        "translated": 83186
    }, 
    "ms": {
        "approved": 0, 
        "pending_since_timestamp": 1468368348.821476, 
        "translated": 742
    }, 
    "nb": {
        "approved": 98513, 
        "pending_since_timestamp": 1468368348.821476, 
        "translated": 101676
    }, 
    "nl": {
        "approved": 80602, 
        "pending_since_timestamp": 1468341835.645427, 
        "translated": 117395
    }, 
    "pl": {
        "approved": 202721, 
        "pending_since_timestamp": 1468368348.821476, 
        "translated": 203042
    }, 
    "pt": {
        "approved": 203897, 
        "pending_since_timestamp": 1468370937.113886, 
        "translated": 376682
    }, 
    "pt-pt": {
        "approved": 24338, 
        "pending_since_timestamp": 1468314511.684958, 
        "translated": 87596
    }, 
    "ru": {
        "approved": 1191, 
        "pending_since_timestamp": 1468368348.821476, 
        "translated": 19609
    }, 
    "sr": {
        "approved": 45783, 
        "pending_since_timestamp": 1468359761.311793, 
        "translated": 374525
    }, 
    "sw": {
        "approved": 11695, 
        "pending_since_timestamp": 1468368348.821476, 
        "translated": 33494
    }, 
    "te": {
        "approved": 0, 
        "translated": 204
    }, 
    "th": {
        "approved": 0, 
        "pending_since_timestamp": 1468351539.762423, 
        "translated": 120300
    }, 
    "tr": {
        "approved": 210332, 
        "pending_since_timestamp": 1468368348.821476, 
        "translated": 282878
    }, 
    "uk": {
        "approved": 0, 
        "pending_since_timestamp": 1468368348.821476, 
        "translated": 2550
    }, 
    "ur": {
        "approved": 0, 
        "pending_since_timestamp": 1468368348.821476, 
        "translated": 1466
    }, 
    "xh": {
        "approved": 0, 
        "translated": 1
    }, 
    "zh-hans": {
        "approved": 0, 
        "pending_since_timestamp": 1468368348.821476, 
        "translated": 5148
    }, 
    "zu": {
        "approved": 0, 
        "translated": 22
    }
}