{
    "ar": {
        "approved": 0, 
        "translated": 4653
    }, 
    "bg": {
        "approved": 171542, 
        "translated": 187913
    }, 
    "bn": {
        "approved": 72199, 
        "translated": 121652
    }, 
    "cs": {
        "approved": 12800, 
        "translated": 29876
    }, 
    "da": {
        "approved": 40526, 
        "pending_since_timestamp": 1459712999.453908, 
        "translated": 82741
    }, 
    "de": {
        "approved": 148773, 
        "pending_since_timestamp": 1459710640.500153, 
        "translated": 148895
    }, 
    "el": {
        "approved": 252, 
        "translated": 7149
    }, 
    "es": {
        "approved": 239622, 
        "pending_since_timestamp": 1459710640.500153, 
        "translated": 364246
    }, 
    "fa": {
        "approved": 0, 
        "translated": 210
    }, 
    "fa-af": {
        "approved": 0, 
        "translated": 72
    }, 
    "fr": {
        "approved": 138107, 
        "pending_since_timestamp": 1459709172.413927, 
        "translated": 149846
    }, 
    "he": {
        "approved": 9276, 
        "translated": 9291
    }, 
    "hi": {
        "approved": 67593, 
        "pending_since_timestamp": 1459707796.323017, 
        "translated": 81177
    }, 
    "hy": {
        "approved": 0, 
        "pending_since_timestamp": 1459714104.798049, 
        "translated": 1046
    }, 
    "id": {
        "approved": 0, 
        "translated": 8189
    }, 
    "it": {
        "approved": 0, 
        "translated": 90462
    }, 
    "ja": {
        "approved": 24856, 
        "pending_since_timestamp": 1459692269.211599, 
        "translated": 57392
    }, 
    "ka": {
        "approved": 109002, 
        "pending_since_timestamp": 1459704421.982535, 
        "translated": 116368
    }, 
    "ko": {
        "approved": 109911, 
        "translated": 127637
    }, 
    "lol": {
        "approved": 595, 
        "translated": 7722
    }, 
    "mn": {
        "approved": 76023, 
        "pending_since_timestamp": 1459691129.984073, 
        "translated": 82672
    }, 
    "ms": {
        "approved": 0, 
        "translated": 752
    }, 
    "nb": {
        "approved": 87853, 
        "translated": 88795
    }, 
    "nl": {
        "approved": 55515, 
        "translated": 101732
    }, 
    "pl": {
        "approved": 179403, 
        "pending_since_timestamp": 1459711875.024547, 
        "translated": 183042
    }, 
    "pt": {
        "approved": 176498, 
        "translated": 361400
    }, 
    "pt-pt": {
        "approved": 15895, 
        "pending_since_timestamp": 1459712999.453908, 
        "translated": 91098
    }, 
    "ru": {
        "approved": 1179, 
        "translated": 20951
    }, 
    "sr": {
        "approved": 48143, 
        "translated": 360222
    }, 
    "sw": {
        "approved": 12190, 
        "translated": 36713
    }, 
    "te": {
        "approved": 0, 
        "translated": 216
    }, 
    "th": {
        "approved": 0, 
        "translated": 129686
    }, 
    "tr": {
        "approved": 171162, 
        "pending_since_timestamp": 1459707796.323017, 
        "translated": 272414
    }, 
    "uk": {
        "approved": 0, 
        "translated": 2602
    }, 
    "ur": {
        "approved": 0, 
        "translated": 1556
    }, 
    "xh": {
        "approved": 0, 
        "translated": 1
    }, 
    "zh-hans": {
        "approved": 0, 
        "translated": 4140
    }, 
    "zu": {
        "approved": 0, 
        "translated": 23
    }
}