{
    "ar": {
        "approved": 160, 
        "translated": 3735
    }, 
    "bg": {
        "approved": 197838, 
        "pending_since_timestamp": 1486634148.257834, 
        "translated": 210908
    }, 
    "bn": {
        "approved": 126179, 
        "translated": 139324
    }, 
    "cs": {
        "approved": 12206, 
        "translated": 28903
    }, 
    "da": {
        "approved": 73778, 
        "translated": 81491
    }, 
    "de": {
        "approved": 202202, 
        "translated": 203169
    }, 
    "el": {
        "approved": 1062, 
        "translated": 15628
    }, 
    "es": {
        "approved": 324089, 
        "pending_since_timestamp": 1486649231.771668, 
        "translated": 345327
    }, 
    "fa": {
        "approved": 1, 
        "translated": 103
    }, 
    "fa-af": {
        "approved": 31, 
        "translated": 104
    }, 
    "fr": {
        "approved": 218700, 
        "translated": 226669
    }, 
    "he": {
        "approved": 6493, 
        "translated": 7039
    }, 
    "hi": {
        "approved": 96815, 
        "translated": 115490
    }, 
    "hy": {
        "approved": 7405, 
        "translated": 12321
    }, 
    "id": {
        "approved": 532, 
        "translated": 6322
    }, 
    "it": {
        "approved": 61428, 
        "pending_since_timestamp": 1486649231.771668, 
        "translated": 113164
    }, 
    "ja": {
        "approved": 99857, 
        "pending_since_timestamp": 1486636956.292462, 
        "translated": 116325
    }, 
    "ka": {
        "approved": 189442, 
        "translated": 194550
    }, 
    "ko": {
        "approved": 152432, 
        "translated": 162584
    }, 
    "lol": {
        "approved": 397, 
        "translated": 8647
    }, 
    "mn": {
        "approved": 73247, 
        "translated": 88341
    }, 
    "ms": {
        "approved": 29, 
        "translated": 682
    }, 
    "nb": {
        "approved": 95988, 
        "translated": 99172
    }, 
    "nl": {
        "approved": 102571, 
        "pending_since_timestamp": 1486641774.59548, 
        "translated": 126755
    }, 
    "pl": {
        "approved": 250064, 
        "pending_since_timestamp": 1486652534.834669, 
        "translated": 250315
    }, 
    "pt": {
        "approved": 253968, 
        "pending_since_timestamp": 1486641774.59548, 
        "translated": 291396
    }, 
    "pt-pt": {
        "approved": 67770, 
        "pending_since_timestamp": 1486641774.59548, 
        "translated": 96983
    }, 
    "ru": {
        "approved": 1634, 
        "translated": 18186
    }, 
    "sr": {
        "approved": 50776, 
        "translated": 68693
    }, 
    "sw": {
        "approved": 11627, 
        "translated": 31875
    }, 
    "te": {
        "approved": 16, 
        "translated": 214
    }, 
    "th": {
        "approved": 316, 
        "translated": 122082
    }, 
    "tr": {
        "approved": 250073, 
        "pending_since_timestamp": 1486641774.59548, 
        "translated": 329252
    }, 
    "uk": {
        "approved": 98, 
        "translated": 2477
    }, 
    "ur": {
        "approved": 92, 
        "translated": 1200
    }, 
    "xh": {
        "approved": 40, 
        "translated": 40
    }, 
    "zh-hans": {
        "approved": 142, 
        "translated": 5387
    }, 
    "zu": {
        "approved": 1, 
        "translated": 22
    }
}