{
    "ar": {
        "approved": 0, 
        "translated": 4855
    }, 
    "bg": {
        "approved": 218312, 
        "pending_since_timestamp": 1467970786.626086, 
        "translated": 229190
    }, 
    "bn": {
        "approved": 102426, 
        "translated": 131036
    }, 
    "cs": {
        "approved": 12233, 
        "translated": 30921
    }, 
    "da": {
        "approved": 77029, 
        "translated": 86933
    }, 
    "de": {
        "approved": 155267, 
        "pending_since_timestamp": 1467967743.818747, 
        "translated": 155713
    }, 
    "el": {
        "approved": 331, 
        "translated": 8212
    }, 
    "es": {
        "approved": 312761, 
        "translated": 415499
    }, 
    "fa": {
        "approved": 0, 
        "translated": 106
    }, 
    "fa-af": {
        "approved": 0, 
        "translated": 72
    }, 
    "fr": {
        "approved": 170669, 
        "translated": 178179
    }, 
    "he": {
        "approved": 9904, 
        "translated": 10156
    }, 
    "hi": {
        "approved": 68767, 
        "pending_since_timestamp": 1467979032.484606, 
        "translated": 110416
    }, 
    "hy": {
        "approved": 0, 
        "translated": 3031
    }, 
    "id": {
        "approved": 0, 
        "translated": 7772
    }, 
    "it": {
        "approved": 7699, 
        "pending_since_timestamp": 1467962148.564717, 
        "translated": 103771
    }, 
    "ja": {
        "approved": 34180, 
        "translated": 81728
    }, 
    "ka": {
        "approved": 138538, 
        "translated": 141289
    }, 
    "ko": {
        "approved": 131393, 
        "translated": 156095
    }, 
    "lol": {
        "approved": 603, 
        "translated": 8847
    }, 
    "mn": {
        "approved": 75590, 
        "translated": 83316
    }, 
    "ms": {
        "approved": 0, 
        "translated": 757
    }, 
    "nb": {
        "approved": 98400, 
        "pending_since_timestamp": 1467979032.484606, 
        "translated": 101554
    }, 
    "nl": {
        "approved": 80669, 
        "translated": 119593
    }, 
    "pl": {
        "approved": 212397, 
        "pending_since_timestamp": 1467979032.484606, 
        "translated": 212707
    }, 
    "pt": {
        "approved": 208971, 
        "pending_since_timestamp": 1467985351.907689, 
        "translated": 383063
    }, 
    "pt-pt": {
        "approved": 22786, 
        "pending_since_timestamp": 1467972444.765768, 
        "translated": 88124
    }, 
    "ru": {
        "approved": 1199, 
        "translated": 20344
    }, 
    "sr": {
        "approved": 45776, 
        "translated": 374763
    }, 
    "sw": {
        "approved": 11697, 
        "translated": 33642
    }, 
    "te": {
        "approved": 0, 
        "translated": 214
    }, 
    "th": {
        "approved": 0, 
        "translated": 120818
    }, 
    "tr": {
        "approved": 223812, 
        "pending_since_timestamp": 1467985351.907689, 
        "translated": 298568
    }, 
    "uk": {
        "approved": 0, 
        "translated": 2622
    }, 
    "ur": {
        "approved": 0, 
        "translated": 1625
    }, 
    "xh": {
        "approved": 0, 
        "translated": 1
    }, 
    "zh-hans": {
        "approved": 0, 
        "translated": 5247
    }, 
    "zu": {
        "approved": 0, 
        "translated": 23
    }
}