{
    "ar": {
        "approved": 0, 
        "translated": 3846
    }, 
    "bg": {
        "approved": 121367, 
        "pending_since_timestamp": 1448084557.134942, 
        "translated": 157249
    }, 
    "bn": {
        "approved": 30131, 
        "pending_since_timestamp": 1448070171.946608, 
        "translated": 64248
    }, 
    "cs": {
        "approved": 13626, 
        "pending_since_timestamp": 1448084557.134942, 
        "translated": 25540
    }, 
    "da": {
        "approved": 21667, 
        "pending_since_timestamp": 1448084557.134942, 
        "translated": 65490
    }, 
    "de": {
        "approved": 106092, 
        "pending_since_timestamp": 1448078768.863114, 
        "translated": 106100
    }, 
    "el": {
        "approved": 0, 
        "translated": 6769
    }, 
    "es": {
        "approved": 196271, 
        "translated": 295620
    }, 
    "fa": {
        "approved": 0, 
        "translated": 225
    }, 
    "fa-af": {
        "approved": 0, 
        "translated": 7
    }, 
    "fr": {
        "approved": 106208, 
        "translated": 111762
    }, 
    "he": {
        "approved": 8607, 
        "translated": 9113
    }, 
    "hi": {
        "approved": 40130, 
        "pending_since_timestamp": 1448076865.897315, 
        "translated": 65667
    }, 
    "hy": {
        "approved": 0, 
        "translated": 117
    }, 
    "id": {
        "approved": 0, 
        "translated": 9200
    }, 
    "it": {
        "approved": 0, 
        "pending_since_timestamp": 1448084557.134942, 
        "translated": 56011
    }, 
    "ja": {
        "approved": 19570, 
        "pending_since_timestamp": 1448084557.134942, 
        "translated": 53045
    }, 
    "ko": {
        "approved": 78143, 
        "pending_since_timestamp": 1448084557.134942, 
        "translated": 88543
    }, 
    "lol": {
        "approved": 705, 
        "translated": 5656
    }, 
    "mn": {
        "approved": 9911, 
        "pending_since_timestamp": 1448071113.498588, 
        "translated": 34424
    }, 
    "ms": {
        "approved": 0, 
        "translated": 796
    }, 
    "nb": {
        "approved": 87111, 
        "translated": 88959
    }, 
    "nl": {
        "approved": 45800, 
        "pending_since_timestamp": 1448084557.134942, 
        "translated": 59837
    }, 
    "pl": {
        "approved": 115538, 
        "pending_since_timestamp": 1448084557.134942, 
        "translated": 125377
    }, 
    "pt": {
        "approved": 152510, 
        "translated": 292848
    }, 
    "pt-pt": {
        "approved": 13905, 
        "translated": 78700
    }, 
    "ru": {
        "approved": 1224, 
        "translated": 13673
    }, 
    "sr": {
        "approved": 35832, 
        "pending_since_timestamp": 1448079746.202789, 
        "translated": 291581
    }, 
    "sw": {
        "approved": 13121, 
        "translated": 30847
    }, 
    "te": {
        "approved": 0, 
        "translated": 101
    }, 
    "th": {
        "approved": 0, 
        "pending_since_timestamp": 1448080834.522352, 
        "translated": 127961
    }, 
    "tr": {
        "approved": 173271, 
        "pending_since_timestamp": 1448084557.134942, 
        "translated": 207751
    }, 
    "uk": {
        "approved": 0, 
        "translated": 1565
    }, 
    "ur": {
        "approved": 0, 
        "translated": 1558
    }, 
    "xh": {
        "approved": 0, 
        "translated": 1
    }, 
    "zh-hans": {
        "approved": 0, 
        "pending_since_timestamp": 1448067615.624451, 
        "translated": 4250
    }, 
    "zu": {
        "approved": 0, 
        "translated": 29
    }
}