{
    "ar": {
        "approved": 0, 
        "translated": 3687
    }, 
    "bg": {
        "approved": 168820, 
        "translated": 189738
    }, 
    "bn": {
        "approved": 110327, 
        "translated": 127139
    }, 
    "cs": {
        "approved": 12082, 
        "translated": 29267
    }, 
    "da": {
        "approved": 72735, 
        "translated": 80090
    }, 
    "de": {
        "approved": 169201, 
        "pending_since_timestamp": 1475112540.026754, 
        "translated": 169669
    }, 
    "el": {
        "approved": 414, 
        "pending_since_timestamp": 1475096783.10733, 
        "translated": 8020
    }, 
    "es": {
        "approved": 257530, 
        "pending_since_timestamp": 1475107067.289891, 
        "translated": 349337
    }, 
    "fa": {
        "approved": 0, 
        "translated": 104
    }, 
    "fa-af": {
        "approved": 0, 
        "translated": 72
    }, 
    "fr": {
        "approved": 168170, 
        "pending_since_timestamp": 1475114562.005505, 
        "translated": 177947
    }, 
    "he": {
        "approved": 5721, 
        "translated": 6056
    }, 
    "hi": {
        "approved": 92270, 
        "translated": 113681
    }, 
    "hy": {
        "approved": 0, 
        "translated": 2988
    }, 
    "id": {
        "approved": 0, 
        "translated": 6149
    }, 
    "it": {
        "approved": 39844, 
        "pending_since_timestamp": 1475084010.935527, 
        "translated": 104249
    }, 
    "ja": {
        "approved": 36936, 
        "pending_since_timestamp": 1475074346.893387, 
        "translated": 79600
    }, 
    "ka": {
        "approved": 168856, 
        "pending_since_timestamp": 1475116406.098154, 
        "translated": 169826
    }, 
    "ko": {
        "approved": 122562, 
        "pending_since_timestamp": 1475112540.026754, 
        "translated": 145983
    }, 
    "lol": {
        "approved": 599, 
        "translated": 8808
    }, 
    "mn": {
        "approved": 74542, 
        "translated": 82126
    }, 
    "ms": {
        "approved": 0, 
        "translated": 665
    }, 
    "nb": {
        "approved": 97137, 
        "translated": 100222
    }, 
    "nl": {
        "approved": 86276, 
        "translated": 115544
    }, 
    "pl": {
        "approved": 203172, 
        "translated": 203728
    }, 
    "pt": {
        "approved": 205810, 
        "pending_since_timestamp": 1475118505.131946, 
        "translated": 349086
    }, 
    "pt-pt": {
        "approved": 45486, 
        "translated": 77522
    }, 
    "ru": {
        "approved": 1150, 
        "translated": 18017
    }, 
    "sr": {
        "approved": 51418, 
        "pending_since_timestamp": 1475101228.583544, 
        "translated": 348920
    }, 
    "sw": {
        "approved": 11550, 
        "translated": 32587
    }, 
    "te": {
        "approved": 0, 
        "translated": 198
    }, 
    "th": {
        "approved": 0, 
        "translated": 118513
    }, 
    "tr": {
        "approved": 199213, 
        "translated": 284579
    }, 
    "uk": {
        "approved": 0, 
        "translated": 2394
    }, 
    "ur": {
        "approved": 0, 
        "translated": 1129
    }, 
    "xh": {
        "approved": 0, 
        "translated": 1
    }, 
    "zh-hans": {
        "approved": 0, 
        "translated": 4880
    }, 
    "zu": {
        "approved": 0, 
        "translated": 21
    }
}