{
    "af": {
        "approved": 19, 
        "pending_since_timestamp": 1542057306.169735, 
        "translated": 1476
    }, 
    "am": {
        "approved": 0, 
        "translated": 0
    }, 
    "ar": {
        "approved": 95482, 
        "pending_since_timestamp": 1547970475.560604, 
        "translated": 213305
    }, 
    "az": {
        "approved": 35919, 
        "translated": 37634
    }, 
    "bg": {
        "approved": 335849, 
        "pending_since_timestamp": 1548149418.673918, 
        "translated": 339061
    }, 
    "bn": {
        "approved": 147737, 
        "translated": 162837
    }, 
    "ca": {
        "approved": 3, 
        "translated": 1922
    }, 
    "cs": {
        "approved": 133729, 
        "pending_since_timestamp": 1548183217.851857, 
        "translated": 152635
    }, 
    "da": {
        "approved": 175543, 
        "translated": 197504
    }, 
    "de": {
        "approved": 303042, 
        "translated": 537173
    }, 
    "el": {
        "approved": 78418, 
        "pending_since_timestamp": 1548021232.343792, 
        "translated": 94223
    }, 
    "es": {
        "approved": 431612, 
        "pending_since_timestamp": 1548204270.984959, 
        "translated": 448018
    }, 
    "et": {
        "approved": 44980, 
        "translated": 46292
    }, 
    "fa": {
        "approved": 1, 
        "translated": 189
    }, 
    "fa-af": {
        "approved": 31, 
        "translated": 103
    }, 
    "fi": {
        "approved": 82287, 
        "translated": 84181
    }, 
    "fil": {
        "approved": 204, 
        "translated": 297
    }, 
    "fr": {
        "approved": 286253, 
        "pending_since_timestamp": 1548149418.673918, 
        "translated": 289671
    }, 
    "fv": {
        "approved": 85804, 
        "translated": 85805
    }, 
    "gu": {
        "approved": 100775, 
        "translated": 144389
    }, 
    "he": {
        "approved": 8421, 
        "translated": 8424
    }, 
    "hi": {
        "approved": 167038, 
        "translated": 179406
    }, 
    "hr": {
        "approved": 10947, 
        "translated": 16579
    }, 
    "ht": {
        "approved": 1, 
        "translated": 5
    }, 
    "hu": {
        "approved": 94514, 
        "pending_since_timestamp": 1548183217.851857, 
        "translated": 113837
    }, 
    "hy": {
        "approved": 137047, 
        "pending_since_timestamp": 1548137066.779728, 
        "translated": 159310
    }, 
    "id": {
        "approved": 78588, 
        "pending_since_timestamp": 1548183217.851857, 
        "translated": 91192
    }, 
    "it": {
        "approved": 155418, 
        "pending_since_timestamp": 1548183217.851857, 
        "translated": 173632
    }, 
    "ja": {
        "approved": 125702, 
        "pending_since_timestamp": 1548093051.170471, 
        "translated": 146637
    }, 
    "ka": {
        "approved": 281745, 
        "pending_since_timestamp": 1548196892.657261, 
        "translated": 285110
    }, 
    "ki": {
        "approved": 0, 
        "translated": 37
    }, 
    "kk": {
        "approved": 103, 
        "translated": 103
    }, 
    "km": {
        "approved": 0, 
        "translated": 52
    }, 
    "kn": {
        "approved": 34611, 
        "translated": 40464
    }, 
    "ko": {
        "approved": 190792, 
        "translated": 217819
    }, 
    "ky": {
        "approved": 0, 
        "translated": 25
    }, 
    "lol": {
        "approved": 66861, 
        "translated": 82041
    }, 
    "lt": {
        "approved": 80823, 
        "translated": 82767
    }, 
    "lv": {
        "approved": 54621, 
        "translated": 55054
    }, 
    "mn": {
        "approved": 82662, 
        "translated": 110564
    }, 
    "mr": {
        "approved": 0, 
        "translated": 0
    }, 
    "ms": {
        "approved": 29, 
        "translated": 636
    }, 
    "my": {
        "approved": 1, 
        "pending_since_timestamp": 1548144617.70946, 
        "translated": 122
    }, 
    "nb": {
        "approved": 133081, 
        "translated": 143139
    }, 
    "ne": {
        "approved": 0, 
        "translated": 1
    }, 
    "nl": {
        "approved": 132008, 
        "translated": 151586
    }, 
    "nn": {
        "approved": 0, 
        "translated": 1626
    }, 
    "or": {
        "approved": 0, 
        "translated": 52
    }, 
    "pl": {
        "approved": 344201, 
        "pending_since_timestamp": 1548183217.851857, 
        "translated": 344520
    }, 
    "ps": {
        "approved": 582, 
        "translated": 951
    }, 
    "pt": {
        "approved": 374544, 
        "pending_since_timestamp": 1548149418.673918, 
        "translated": 416605
    }, 
    "pt-pt": {
        "approved": 154434, 
        "pending_since_timestamp": 1548093051.170471, 
        "translated": 183590
    }, 
    "ro": {
        "approved": 63682, 
        "translated": 67952
    }, 
    "ru": {
        "approved": 100683, 
        "translated": 122350
    }, 
    "rw": {
        "approved": 0, 
        "translated": 0
    }, 
    "si": {
        "approved": 0, 
        "translated": 196
    }, 
    "sk": {
        "approved": 0, 
        "translated": 2148
    }, 
    "sl": {
        "approved": 0, 
        "translated": 33
    }, 
    "sq": {
        "approved": 98727, 
        "translated": 102951
    }, 
    "sr": {
        "approved": 62752, 
        "translated": 81566
    }, 
    "sv": {
        "approved": 167393, 
        "translated": 541478
    }, 
    "sw": {
        "approved": 0, 
        "translated": 0
    }, 
    "ta": {
        "approved": 55706, 
        "pending_since_timestamp": 1548054086.983875, 
        "translated": 77860
    }, 
    "te": {
        "approved": 16, 
        "translated": 208
    }, 
    "th": {
        "approved": 299, 
        "pending_since_timestamp": 1547955117.809563, 
        "translated": 134518
    }, 
    "tr": {
        "approved": 309850, 
        "pending_since_timestamp": 1548191076.781275, 
        "translated": 417956
    }, 
    "uk": {
        "approved": 70822, 
        "pending_since_timestamp": 1548093051.170471, 
        "translated": 91814
    }, 
    "ur": {
        "approved": 54603, 
        "translated": 57478
    }, 
    "uz": {
        "approved": 76754, 
        "pending_since_timestamp": 1547879085.820268, 
        "translated": 96045
    }, 
    "vi": {
        "approved": 2, 
        "translated": 1982
    }, 
    "xh": {
        "approved": 40, 
        "translated": 40
    }, 
    "zh-hans": {
        "approved": 188254, 
        "pending_since_timestamp": 1548200518.565183, 
        "translated": 265515
    }, 
    "zh-hant": {
        "approved": 10004, 
        "pending_since_timestamp": 1547963640.259851, 
        "translated": 74462
    }, 
    "zu": {
        "approved": 1, 
        "translated": 18
    }
}