{
    "af": {
        "approved": 20, 
        "pending_since_timestamp": 1509638797.884939, 
        "translated": 1569
    }, 
    "am": {
        "approved": 0, 
        "translated": 0
    }, 
    "ar": {
        "approved": 392, 
        "pending_since_timestamp": 1509598318.378423, 
        "translated": 10360
    }, 
    "az": {
        "approved": 36095, 
        "pending_since_timestamp": 1509598318.378423, 
        "translated": 37115
    }, 
    "bg": {
        "approved": 263914, 
        "pending_since_timestamp": 1509598318.378423, 
        "translated": 265796
    }, 
    "bn": {
        "approved": 146843, 
        "pending_since_timestamp": 1509598318.378423, 
        "translated": 154744
    }, 
    "ca": {
        "approved": 3, 
        "pending_since_timestamp": 1509598318.378423, 
        "translated": 2175
    }, 
    "cs": {
        "approved": 43576, 
        "pending_since_timestamp": 1509598318.378423, 
        "translated": 72645
    }, 
    "da": {
        "approved": 76675, 
        "pending_since_timestamp": 1509598318.378423, 
        "translated": 99200
    }, 
    "de": {
        "approved": 242126, 
        "pending_since_timestamp": 1509600877.562515, 
        "translated": 259099
    }, 
    "el": {
        "approved": 3542, 
        "pending_since_timestamp": 1509563526.185424, 
        "translated": 21689
    }, 
    "es": {
        "approved": 369512, 
        "translated": 392448
    }, 
    "et": {
        "approved": 45280, 
        "pending_since_timestamp": 1509638797.884939, 
        "translated": 46665
    }, 
    "fa": {
        "approved": 1, 
        "translated": 205
    }, 
    "fa-af": {
        "approved": 31, 
        "translated": 104
    }, 
    "fi": {
        "approved": 12421, 
        "pending_since_timestamp": 1509638797.884939, 
        "translated": 13490
    }, 
    "fil": {
        "approved": 0, 
        "translated": 1
    }, 
    "fr": {
        "approved": 259759, 
        "pending_since_timestamp": 1509598318.378423, 
        "translated": 263777
    }, 
    "gu": {
        "approved": 33841, 
        "pending_since_timestamp": 1509284280.258686, 
        "translated": 36728
    }, 
    "he": {
        "approved": 6948, 
        "pending_since_timestamp": 1509598318.378423, 
        "translated": 7527
    }, 
    "hi": {
        "approved": 97424, 
        "pending_since_timestamp": 1509641139.044824, 
        "translated": 113954
    }, 
    "hr": {
        "approved": 11082, 
        "pending_since_timestamp": 1509638797.884939, 
        "translated": 16914
    }, 
    "ht": {
        "approved": 1, 
        "translated": 5
    }, 
    "hu": {
        "approved": 46275, 
        "pending_since_timestamp": 1509349392.91405, 
        "translated": 53227
    }, 
    "hy": {
        "approved": 74704, 
        "pending_since_timestamp": 1509638797.884939, 
        "translated": 86064
    }, 
    "id": {
        "approved": 10957, 
        "pending_since_timestamp": 1509469224.222401, 
        "translated": 21253
    }, 
    "it": {
        "approved": 127165, 
        "pending_since_timestamp": 1509598318.378423, 
        "translated": 147565
    }, 
    "ja": {
        "approved": 111600, 
        "pending_since_timestamp": 1509638797.884939, 
        "translated": 127669
    }, 
    "ka": {
        "approved": 221031, 
        "pending_since_timestamp": 1509638797.884939, 
        "translated": 225568
    }, 
    "kn": {
        "approved": 0, 
        "translated": 161
    }, 
    "ko": {
        "approved": 174121, 
        "pending_since_timestamp": 1509598318.378423, 
        "translated": 184804
    }, 
    "ky": {
        "approved": 0, 
        "pending_since_timestamp": 1509126093.85747, 
        "translated": 28
    }, 
    "lol": {
        "approved": 281, 
        "translated": 8433
    }, 
    "lt": {
        "approved": 0, 
        "pending_since_timestamp": 1509598318.378423, 
        "translated": 1660
    }, 
    "lv": {
        "approved": 54948, 
        "pending_since_timestamp": 1509607750.021567, 
        "translated": 54972
    }, 
    "mn": {
        "approved": 87011, 
        "pending_since_timestamp": 1509598318.378423, 
        "translated": 116125
    }, 
    "mr": {
        "approved": 0, 
        "translated": 0
    }, 
    "ms": {
        "approved": 29, 
        "pending_since_timestamp": 1509598318.378423, 
        "translated": 715
    }, 
    "my": {
        "approved": 0, 
        "pending_since_timestamp": 1508989970.357992, 
        "translated": 123
    }, 
    "nb": {
        "approved": 134026, 
        "pending_since_timestamp": 1509598318.378423, 
        "translated": 140063
    }, 
    "nl": {
        "approved": 111447, 
        "pending_since_timestamp": 1509638797.884939, 
        "translated": 132521
    }, 
    "nn": {
        "approved": 0, 
        "pending_since_timestamp": 1509469224.222401, 
        "translated": 1692
    }, 
    "or": {
        "approved": 0, 
        "translated": 70
    }, 
    "pl": {
        "approved": 295325, 
        "translated": 295665
    }, 
    "pt": {
        "approved": 318319, 
        "pending_since_timestamp": 1509638797.884939, 
        "translated": 365671
    }, 
    "pt-pt": {
        "approved": 114169, 
        "pending_since_timestamp": 1509598318.378423, 
        "translated": 135398
    }, 
    "ro": {
        "approved": 62600, 
        "pending_since_timestamp": 1509638797.884939, 
        "translated": 68383
    }, 
    "ru": {
        "approved": 1829, 
        "pending_since_timestamp": 1509598318.378423, 
        "translated": 21454
    }, 
    "rw": {
        "approved": 0, 
        "translated": 0
    }, 
    "si": {
        "approved": 0, 
        "translated": 229
    }, 
    "sk": {
        "approved": 0, 
        "pending_since_timestamp": 1509638797.884939, 
        "translated": 2315
    }, 
    "sl": {
        "approved": 0, 
        "translated": 0
    }, 
    "sq": {
        "approved": 49904, 
        "pending_since_timestamp": 1509598318.378423, 
        "translated": 65335
    }, 
    "sr": {
        "approved": 54436, 
        "pending_since_timestamp": 1509638797.884939, 
        "translated": 71054
    }, 
    "sv": {
        "approved": 72568, 
        "pending_since_timestamp": 1509598318.378423, 
        "translated": 134622
    }, 
    "sw": {
        "approved": 0, 
        "translated": 0
    }, 
    "ta": {
        "approved": 25908, 
        "pending_since_timestamp": 1509638797.884939, 
        "translated": 49633
    }, 
    "te": {
        "approved": 16, 
        "translated": 235
    }, 
    "th": {
        "approved": 303, 
        "pending_since_timestamp": 1509598318.378423, 
        "translated": 131560
    }, 
    "tr": {
        "approved": 274702, 
        "pending_since_timestamp": 1509598318.378423, 
        "translated": 389440
    }, 
    "uk": {
        "approved": 98, 
        "pending_since_timestamp": 1509598318.378423, 
        "translated": 2459
    }, 
    "ur": {
        "approved": 92, 
        "pending_since_timestamp": 1509410279.635562, 
        "translated": 3032
    }, 
    "uz": {
        "approved": 154, 
        "pending_since_timestamp": 1509638797.884939, 
        "translated": 1493
    }, 
    "vi": {
        "approved": 2, 
        "translated": 1494
    }, 
    "xh": {
        "approved": 40, 
        "translated": 40
    }, 
    "zh-hans": {
        "approved": 40044, 
        "pending_since_timestamp": 1509638797.884939, 
        "translated": 95444
    }, 
    "zh-hant": {
        "approved": 7597, 
        "pending_since_timestamp": 1509469224.222401, 
        "translated": 66197
    }, 
    "zu": {
        "approved": 1, 
        "translated": 20
    }
}