{
    "ar": {
        "approved": 0, 
        "translated": 4407
    }, 
    "bg": {
        "approved": 111727, 
        "pending_since_timestamp": 1453373402.375815, 
        "translated": 167734
    }, 
    "bn": {
        "approved": 49183, 
        "pending_since_timestamp": 1453358033.559904, 
        "translated": 86272
    }, 
    "cs": {
        "approved": 12949, 
        "pending_since_timestamp": 1453379242.718253, 
        "translated": 29933
    }, 
    "da": {
        "approved": 38766, 
        "translated": 68207
    }, 
    "de": {
        "approved": 117391, 
        "pending_since_timestamp": 1453373402.375815, 
        "translated": 117568
    }, 
    "el": {
        "approved": 0, 
        "translated": 6883
    }, 
    "es": {
        "approved": 197565, 
        "pending_since_timestamp": 1453379242.718253, 
        "translated": 318587
    }, 
    "fa": {
        "approved": 0, 
        "translated": 249
    }, 
    "fa-af": {
        "approved": 0, 
        "translated": 74
    }, 
    "fr": {
        "approved": 109488, 
        "pending_since_timestamp": 1453380407.296096, 
        "translated": 116543
    }, 
    "he": {
        "approved": 8541, 
        "translated": 9344
    }, 
    "hi": {
        "approved": 64456, 
        "translated": 72223
    }, 
    "hy": {
        "approved": 0, 
        "translated": 132
    }, 
    "id": {
        "approved": 0, 
        "translated": 8734
    }, 
    "it": {
        "approved": 0, 
        "pending_since_timestamp": 1453376578.693837, 
        "translated": 74575
    }, 
    "ja": {
        "approved": 23182, 
        "translated": 54104
    }, 
    "ko": {
        "approved": 72606, 
        "pending_since_timestamp": 1453365011.701542, 
        "translated": 89371
    }, 
    "lol": {
        "approved": 616, 
        "translated": 8064
    }, 
    "mn": {
        "approved": 36074, 
        "pending_since_timestamp": 1453366880.290262, 
        "translated": 54521
    }, 
    "ms": {
        "approved": 0, 
        "translated": 812
    }, 
    "nb": {
        "approved": 83922, 
        "pending_since_timestamp": 1453376578.693837, 
        "translated": 84668
    }, 
    "nl": {
        "approved": 47459, 
        "translated": 78748
    }, 
    "pl": {
        "approved": 123252, 
        "translated": 131457
    }, 
    "pt": {
        "approved": 150896, 
        "pending_since_timestamp": 1453376578.693837, 
        "translated": 315762
    }, 
    "pt-pt": {
        "approved": 13696, 
        "pending_since_timestamp": 1453376578.693837, 
        "translated": 76063
    }, 
    "ru": {
        "approved": 1231, 
        "pending_since_timestamp": 1453379242.718253, 
        "translated": 16721
    }, 
    "sr": {
        "approved": 34647, 
        "pending_since_timestamp": 1453376578.693837, 
        "translated": 314553
    }, 
    "sw": {
        "approved": 12324, 
        "pending_since_timestamp": 1453367777.434387, 
        "translated": 34096
    }, 
    "te": {
        "approved": 0, 
        "translated": 234
    }, 
    "th": {
        "approved": 0, 
        "translated": 125794
    }, 
    "tr": {
        "approved": 168125, 
        "pending_since_timestamp": 1453376578.693837, 
        "translated": 226731
    }, 
    "uk": {
        "approved": 0, 
        "translated": 2697
    }, 
    "ur": {
        "approved": 0, 
        "translated": 1621
    }, 
    "xh": {
        "approved": 0, 
        "translated": 1
    }, 
    "zh-hans": {
        "approved": 0, 
        "translated": 4278
    }, 
    "zu": {
        "approved": 0, 
        "translated": 29
    }
}