{
    "ar": {
        "approved": 1049, 
        "pending_since_timestamp": 1479409244.748203, 
        "translated": 4581
    }, 
    "bg": {
        "approved": 216863, 
        "pending_since_timestamp": 1479409244.748203, 
        "translated": 236961
    }, 
    "bn": {
        "approved": 122898, 
        "pending_since_timestamp": 1479409244.748203, 
        "translated": 138868
    }, 
    "cs": {
        "approved": 13035, 
        "pending_since_timestamp": 1479409244.748203, 
        "translated": 30205
    }, 
    "da": {
        "approved": 79779, 
        "pending_since_timestamp": 1479409244.748203, 
        "translated": 87452
    }, 
    "de": {
        "approved": 194455, 
        "translated": 194961
    }, 
    "el": {
        "approved": 2576, 
        "pending_since_timestamp": 1479425574.885163, 
        "translated": 10438
    }, 
    "es": {
        "approved": 341010, 
        "pending_since_timestamp": 1479409244.748203, 
        "translated": 357601
    }, 
    "fa": {
        "approved": 2, 
        "pending_since_timestamp": 1479409244.748203, 
        "translated": 105
    }, 
    "fa-af": {
        "approved": 0, 
        "pending_since_timestamp": 1479409244.748203, 
        "translated": 72
    }, 
    "fr": {
        "approved": 207818, 
        "pending_since_timestamp": 1479414881.89529, 
        "translated": 219327
    }, 
    "he": {
        "approved": 8992, 
        "pending_since_timestamp": 1479409244.748203, 
        "translated": 9555
    }, 
    "hi": {
        "approved": 95415, 
        "pending_since_timestamp": 1479409244.748203, 
        "translated": 116306
    }, 
    "hy": {
        "approved": 73, 
        "pending_since_timestamp": 1479409244.748203, 
        "translated": 4343
    }, 
    "id": {
        "approved": 1537, 
        "pending_since_timestamp": 1479409244.748203, 
        "translated": 7622
    }, 
    "it": {
        "approved": 66659, 
        "translated": 118722
    }, 
    "ja": {
        "approved": 44934, 
        "translated": 107381
    }, 
    "ka": {
        "approved": 186521, 
        "pending_since_timestamp": 1479409244.748203, 
        "translated": 192105
    }, 
    "ko": {
        "approved": 148842, 
        "translated": 166352
    }, 
    "lol": {
        "approved": 595, 
        "translated": 8801
    }, 
    "mn": {
        "approved": 74989, 
        "pending_since_timestamp": 1479409244.748203, 
        "translated": 82565
    }, 
    "ms": {
        "approved": 358, 
        "pending_since_timestamp": 1479409244.748203, 
        "translated": 1019
    }, 
    "nb": {
        "approved": 97921, 
        "pending_since_timestamp": 1479409244.748203, 
        "translated": 101007
    }, 
    "nl": {
        "approved": 96933, 
        "pending_since_timestamp": 1479409244.748203, 
        "translated": 123212
    }, 
    "pl": {
        "approved": 242842, 
        "pending_since_timestamp": 1479409244.748203, 
        "translated": 243400
    }, 
    "pt": {
        "approved": 245568, 
        "pending_since_timestamp": 1479409244.748203, 
        "translated": 287765
    }, 
    "pt-pt": {
        "approved": 55543, 
        "pending_since_timestamp": 1479409244.748203, 
        "translated": 83414
    }, 
    "ru": {
        "approved": 3234, 
        "pending_since_timestamp": 1479409244.748203, 
        "translated": 20344
    }, 
    "sr": {
        "approved": 53303, 
        "pending_since_timestamp": 1479409244.748203, 
        "translated": 70804
    }, 
    "sw": {
        "approved": 12743, 
        "pending_since_timestamp": 1479409244.748203, 
        "translated": 33656
    }, 
    "te": {
        "approved": 34, 
        "translated": 234
    }, 
    "th": {
        "approved": 1208, 
        "pending_since_timestamp": 1479409244.748203, 
        "translated": 119462
    }, 
    "tr": {
        "approved": 263316, 
        "translated": 343397
    }, 
    "uk": {
        "approved": 225, 
        "pending_since_timestamp": 1479409244.748203, 
        "translated": 2607
    }, 
    "ur": {
        "approved": 371, 
        "pending_since_timestamp": 1479409244.748203, 
        "translated": 1480
    }, 
    "xh": {
        "approved": 0, 
        "pending_since_timestamp": 1479409244.748203, 
        "translated": 1
    }, 
    "zh-hans": {
        "approved": 603, 
        "pending_since_timestamp": 1479409244.748203, 
        "translated": 5544
    }, 
    "zu": {
        "approved": 1, 
        "pending_since_timestamp": 1479409244.748203, 
        "translated": 22
    }
}