{
    "af": {
        "approved": 19, 
        "translated": 1522
    }, 
    "am": {
        "approved": 0, 
        "translated": 0
    }, 
    "ar": {
        "approved": 582, 
        "pending_since_timestamp": 1520526325.547857, 
        "translated": 19934
    }, 
    "az": {
        "approved": 36018, 
        "translated": 37567
    }, 
    "bg": {
        "approved": 276586, 
        "pending_since_timestamp": 1520536907.451579, 
        "translated": 279979
    }, 
    "bn": {
        "approved": 149613, 
        "translated": 156985
    }, 
    "ca": {
        "approved": 3, 
        "pending_since_timestamp": 1520486241.639615, 
        "translated": 2099
    }, 
    "cs": {
        "approved": 69692, 
        "pending_since_timestamp": 1520516311.620284, 
        "translated": 100001
    }, 
    "da": {
        "approved": 79643, 
        "translated": 111898
    }, 
    "de": {
        "approved": 266846, 
        "pending_since_timestamp": 1520545211.737004, 
        "translated": 514902
    }, 
    "el": {
        "approved": 4637, 
        "pending_since_timestamp": 1520486241.639615, 
        "translated": 23123
    }, 
    "es": {
        "approved": 385048, 
        "pending_since_timestamp": 1520553347.367369, 
        "translated": 403239
    }, 
    "et": {
        "approved": 45125, 
        "translated": 46457
    }, 
    "fa": {
        "approved": 1, 
        "translated": 195
    }, 
    "fa-af": {
        "approved": 31, 
        "translated": 104
    }, 
    "fi": {
        "approved": 12361, 
        "translated": 13395
    }, 
    "fil": {
        "approved": 210, 
        "translated": 303
    }, 
    "fr": {
        "approved": 272856, 
        "translated": 276406
    }, 
    "gu": {
        "approved": 33602, 
        "translated": 36323
    }, 
    "he": {
        "approved": 7315, 
        "translated": 7317
    }, 
    "hi": {
        "approved": 162512, 
        "translated": 175545
    }, 
    "hr": {
        "approved": 11030, 
        "translated": 16785
    }, 
    "ht": {
        "approved": 1, 
        "translated": 5
    }, 
    "hu": {
        "approved": 88181, 
        "pending_since_timestamp": 1520486241.639615, 
        "translated": 106230
    }, 
    "hy": {
        "approved": 83988, 
        "translated": 92303
    }, 
    "id": {
        "approved": 23032, 
        "pending_since_timestamp": 1520486241.639615, 
        "translated": 34545
    }, 
    "it": {
        "approved": 135910, 
        "pending_since_timestamp": 1520536907.451579, 
        "translated": 152753
    }, 
    "ja": {
        "approved": 120496, 
        "translated": 139906
    }, 
    "ka": {
        "approved": 248940, 
        "pending_since_timestamp": 1520538913.416073, 
        "translated": 254185
    }, 
    "ki": {
        "approved": 0, 
        "translated": 37
    }, 
    "kn": {
        "approved": 0, 
        "translated": 153
    }, 
    "ko": {
        "approved": 179169, 
        "translated": 190254
    }, 
    "ky": {
        "approved": 0, 
        "translated": 26
    }, 
    "lol": {
        "approved": -107, 
        "translated": 7992
    }, 
    "lt": {
        "approved": 0, 
        "translated": 1598
    }, 
    "lv": {
        "approved": 54773, 
        "translated": 54808
    }, 
    "mn": {
        "approved": 86187, 
        "translated": 115507
    }, 
    "mr": {
        "approved": 0, 
        "translated": 0
    }, 
    "ms": {
        "approved": 29, 
        "translated": 679
    }, 
    "my": {
        "approved": 0, 
        "translated": 117
    }, 
    "nb": {
        "approved": 133802, 
        "translated": 140633
    }, 
    "nl": {
        "approved": 117525, 
        "translated": 135984
    }, 
    "nn": {
        "approved": 0, 
        "pending_since_timestamp": 1520486241.639615, 
        "translated": 1658
    }, 
    "or": {
        "approved": 0, 
        "translated": 56
    }, 
    "pl": {
        "approved": 311489, 
        "pending_since_timestamp": 1520530801.691632, 
        "translated": 311877
    }, 
    "pt": {
        "approved": 328234, 
        "translated": 381012
    }, 
    "pt-pt": {
        "approved": 141636, 
        "pending_since_timestamp": 1520530801.691632, 
        "translated": 173707
    }, 
    "ro": {
        "approved": 63377, 
        "pending_since_timestamp": 1520486241.639615, 
        "translated": 68007
    }, 
    "ru": {
        "approved": 1960, 
        "translated": 23666
    }, 
    "rw": {
        "approved": 0, 
        "translated": 0
    }, 
    "si": {
        "approved": 0, 
        "translated": 203
    }, 
    "sk": {
        "approved": 0, 
        "translated": 2235
    }, 
    "sl": {
        "approved": 0, 
        "translated": 0
    }, 
    "sq": {
        "approved": 49788, 
        "translated": 66060
    }, 
    "sr": {
        "approved": 65146, 
        "translated": 80956
    }, 
    "sv": {
        "approved": 145798, 
        "translated": 544005
    }, 
    "sw": {
        "approved": 0, 
        "translated": 0
    }, 
    "ta": {
        "approved": 39911, 
        "translated": 54375
    }, 
    "te": {
        "approved": 16, 
        "translated": 227
    }, 
    "th": {
        "approved": 303, 
        "pending_since_timestamp": 1520486241.639615, 
        "translated": 130473
    }, 
    "tr": {
        "approved": 297994, 
        "translated": 401230
    }, 
    "uk": {
        "approved": 98, 
        "translated": 2384
    }, 
    "ur": {
        "approved": 54718, 
        "translated": 57644
    }, 
    "uz": {
        "approved": 147, 
        "translated": 1441
    }, 
    "vi": {
        "approved": 2, 
        "translated": 1480
    }, 
    "xh": {
        "approved": 40, 
        "translated": 40
    }, 
    "zh-hans": {
        "approved": 72747, 
        "translated": 98819
    }, 
    "zh-hant": {
        "approved": 9141, 
        "pending_since_timestamp": 1520486241.639615, 
        "translated": 67541
    }, 
    "zu": {
        "approved": 1, 
        "translated": 18
    }
}