{
    "af": {
        "approved": 20, 
        "translated": 1569
    }, 
    "am": {
        "approved": 0, 
        "translated": 0
    }, 
    "ar": {
        "approved": 393, 
        "pending_since_timestamp": 1507912167.382904, 
        "translated": 8869
    }, 
    "az": {
        "approved": 36095, 
        "pending_since_timestamp": 1507768168.428662, 
        "translated": 36904
    }, 
    "bg": {
        "approved": 246983, 
        "pending_since_timestamp": 1507931112.278496, 
        "translated": 260853
    }, 
    "bn": {
        "approved": 145451, 
        "translated": 152828
    }, 
    "ca": {
        "approved": 3, 
        "pending_since_timestamp": 1507912167.382904, 
        "translated": 2176
    }, 
    "cs": {
        "approved": 42818, 
        "pending_since_timestamp": 1507912167.382904, 
        "translated": 69064
    }, 
    "da": {
        "approved": 76092, 
        "pending_since_timestamp": 1507912167.382904, 
        "translated": 98190
    }, 
    "de": {
        "approved": 232151, 
        "pending_since_timestamp": 1507939988.904879, 
        "translated": 233234
    }, 
    "el": {
        "approved": 3516, 
        "translated": 21608
    }, 
    "es": {
        "approved": 366005, 
        "pending_since_timestamp": 1507938071.761308, 
        "translated": 387161
    }, 
    "et": {
        "approved": 45281, 
        "translated": 46666
    }, 
    "fa": {
        "approved": 1, 
        "translated": 205
    }, 
    "fa-af": {
        "approved": 31, 
        "translated": 104
    }, 
    "fi": {
        "approved": 12421, 
        "translated": 13489
    }, 
    "fil": {
        "approved": 0, 
        "translated": 1
    }, 
    "fr": {
        "approved": 255912, 
        "pending_since_timestamp": 1507919717.771365, 
        "translated": 261912
    }, 
    "gu": {
        "approved": 29310, 
        "pending_since_timestamp": 1507862091.818898, 
        "translated": 33754
    }, 
    "he": {
        "approved": 6949, 
        "pending_since_timestamp": 1507912167.382904, 
        "translated": 7528
    }, 
    "hi": {
        "approved": 97425, 
        "translated": 113454
    }, 
    "hr": {
        "approved": 11082, 
        "translated": 16913
    }, 
    "ht": {
        "approved": 1, 
        "translated": 5
    }, 
    "hu": {
        "approved": 45958, 
        "pending_since_timestamp": 1507912167.382904, 
        "translated": 53073
    }, 
    "hy": {
        "approved": 73371, 
        "pending_since_timestamp": 1507912167.382904, 
        "translated": 85610
    }, 
    "id": {
        "approved": 2324, 
        "pending_since_timestamp": 1507873185.148365, 
        "translated": 13019
    }, 
    "it": {
        "approved": 126368, 
        "pending_since_timestamp": 1507912167.382904, 
        "translated": 145716
    }, 
    "ja": {
        "approved": 104695, 
        "pending_since_timestamp": 1507912167.382904, 
        "translated": 125484
    }, 
    "ka": {
        "approved": 214247, 
        "pending_since_timestamp": 1507923549.563391, 
        "translated": 221245
    }, 
    "kn": {
        "approved": 0, 
        "translated": 161
    }, 
    "ko": {
        "approved": 172999, 
        "translated": 182501
    }, 
    "ky": {
        "approved": 0, 
        "translated": 28
    }, 
    "lol": {
        "approved": 281, 
        "translated": 8433
    }, 
    "lt": {
        "approved": 0, 
        "pending_since_timestamp": 1507912167.382904, 
        "translated": 1661
    }, 
    "lv": {
        "approved": 45367, 
        "translated": 45391
    }, 
    "mn": {
        "approved": 86414, 
        "translated": 114077
    }, 
    "mr": {
        "approved": 0, 
        "translated": 0
    }, 
    "ms": {
        "approved": 29, 
        "pending_since_timestamp": 1507301567.395134, 
        "translated": 714
    }, 
    "my": {
        "approved": 0, 
        "translated": 123
    }, 
    "nb": {
        "approved": 133980, 
        "translated": 139350
    }, 
    "nl": {
        "approved": 111290, 
        "translated": 132172
    }, 
    "nn": {
        "approved": 0, 
        "translated": 1692
    }, 
    "or": {
        "approved": 0, 
        "translated": 70
    }, 
    "pl": {
        "approved": 292448, 
        "pending_since_timestamp": 1507917829.482683, 
        "translated": 292746
    }, 
    "pt": {
        "approved": 310626, 
        "pending_since_timestamp": 1507914398.533631, 
        "translated": 356852
    }, 
    "pt-pt": {
        "approved": 106540, 
        "pending_since_timestamp": 1507912167.382904, 
        "translated": 133221
    }, 
    "ro": {
        "approved": 62616, 
        "pending_since_timestamp": 1507841163.516054, 
        "translated": 68237
    }, 
    "ru": {
        "approved": 1831, 
        "pending_since_timestamp": 1507912167.382904, 
        "translated": 21204
    }, 
    "rw": {
        "approved": 0, 
        "translated": 0
    }, 
    "si": {
        "approved": 0, 
        "translated": 229
    }, 
    "sk": {
        "approved": 0, 
        "translated": 2315
    }, 
    "sl": {
        "approved": 0, 
        "translated": 0
    }, 
    "sq": {
        "approved": 49918, 
        "pending_since_timestamp": 1507878694.741121, 
        "translated": 65325
    }, 
    "sr": {
        "approved": 53939, 
        "pending_since_timestamp": 1507912167.382904, 
        "translated": 70946
    }, 
    "sv": {
        "approved": 38512, 
        "pending_since_timestamp": 1507912167.382904, 
        "translated": 103102
    }, 
    "sw": {
        "approved": 0, 
        "translated": 0
    }, 
    "ta": {
        "approved": 14330, 
        "pending_since_timestamp": 1507871508.988638, 
        "translated": 48621
    }, 
    "te": {
        "approved": 16, 
        "translated": 235
    }, 
    "th": {
        "approved": 303, 
        "pending_since_timestamp": 1507912167.382904, 
        "translated": 131578
    }, 
    "tr": {
        "approved": 272209, 
        "translated": 389124
    }, 
    "uk": {
        "approved": 98, 
        "pending_since_timestamp": 1507912167.382904, 
        "translated": 2459
    }, 
    "ur": {
        "approved": 92, 
        "translated": 1492
    }, 
    "uz": {
        "approved": 154, 
        "pending_since_timestamp": 1507912167.382904, 
        "translated": 1492
    }, 
    "vi": {
        "approved": 2, 
        "translated": 1494
    }, 
    "xh": {
        "approved": 40, 
        "translated": 40
    }, 
    "zh-hans": {
        "approved": 25624, 
        "translated": 89955
    }, 
    "zh-hant": {
        "approved": 7570, 
        "pending_since_timestamp": 1507912167.382904, 
        "translated": 66173
    }, 
    "zu": {
        "approved": 1, 
        "translated": 20
    }
}