{
    "af": {
        "approved": 20, 
        "pending_since_timestamp": 1507549978.303772, 
        "translated": 1569
    }, 
    "am": {
        "approved": 0, 
        "translated": 0
    }, 
    "ar": {
        "approved": 393, 
        "pending_since_timestamp": 1507530112.393717, 
        "translated": 7816
    }, 
    "az": {
        "approved": 36095, 
        "pending_since_timestamp": 1507549978.303772, 
        "translated": 36903
    }, 
    "bg": {
        "approved": 246318, 
        "pending_since_timestamp": 1507549978.303772, 
        "translated": 260409
    }, 
    "bn": {
        "approved": 145148, 
        "pending_since_timestamp": 1507559270.781061, 
        "translated": 152670
    }, 
    "ca": {
        "approved": 3, 
        "translated": 2176
    }, 
    "cs": {
        "approved": 42818, 
        "pending_since_timestamp": 1507549978.303772, 
        "translated": 68745
    }, 
    "da": {
        "approved": 76092, 
        "pending_since_timestamp": 1507549978.303772, 
        "translated": 98156
    }, 
    "de": {
        "approved": 228244, 
        "pending_since_timestamp": 1507564629.502645, 
        "translated": 231308
    }, 
    "el": {
        "approved": 3505, 
        "pending_since_timestamp": 1507549978.303772, 
        "translated": 21609
    }, 
    "es": {
        "approved": 365176, 
        "pending_since_timestamp": 1507549978.303772, 
        "translated": 386897
    }, 
    "et": {
        "approved": 45281, 
        "pending_since_timestamp": 1507549978.303772, 
        "translated": 46663
    }, 
    "fa": {
        "approved": 1, 
        "translated": 205
    }, 
    "fa-af": {
        "approved": 31, 
        "translated": 104
    }, 
    "fi": {
        "approved": 12421, 
        "translated": 13491
    }, 
    "fil": {
        "approved": 0, 
        "translated": 1
    }, 
    "fr": {
        "approved": 254384, 
        "pending_since_timestamp": 1507562922.290881, 
        "translated": 260518
    }, 
    "gu": {
        "approved": 26750, 
        "pending_since_timestamp": 1507516978.964764, 
        "translated": 29572
    }, 
    "he": {
        "approved": 6853, 
        "pending_since_timestamp": 1507549978.303772, 
        "translated": 7529
    }, 
    "hi": {
        "approved": 97431, 
        "pending_since_timestamp": 1507549978.303772, 
        "translated": 113454
    }, 
    "hr": {
        "approved": 11082, 
        "pending_since_timestamp": 1507549978.303772, 
        "translated": 16913
    }, 
    "ht": {
        "approved": 1, 
        "translated": 5
    }, 
    "hu": {
        "approved": 45961, 
        "pending_since_timestamp": 1507549978.303772, 
        "translated": 53011
    }, 
    "hy": {
        "approved": 70676, 
        "pending_since_timestamp": 1507530112.393717, 
        "translated": 84997
    }, 
    "id": {
        "approved": 1400, 
        "pending_since_timestamp": 1507538638.455778, 
        "translated": 10609
    }, 
    "it": {
        "approved": 110676, 
        "translated": 145497
    }, 
    "ja": {
        "approved": 103791, 
        "pending_since_timestamp": 1507549978.303772, 
        "translated": 125298
    }, 
    "ka": {
        "approved": 209741, 
        "pending_since_timestamp": 1507555977.793857, 
        "translated": 217663
    }, 
    "kn": {
        "approved": 0, 
        "translated": 161
    }, 
    "ko": {
        "approved": 172621, 
        "pending_since_timestamp": 1507549978.303772, 
        "translated": 182125
    }, 
    "ky": {
        "approved": 0, 
        "translated": 28
    }, 
    "lol": {
        "approved": 281, 
        "translated": 8433
    }, 
    "lt": {
        "approved": 0, 
        "pending_since_timestamp": 1507549978.303772, 
        "translated": 1660
    }, 
    "lv": {
        "approved": 45367, 
        "translated": 45391
    }, 
    "mn": {
        "approved": 85887, 
        "translated": 113236
    }, 
    "mr": {
        "approved": 0, 
        "translated": 0
    }, 
    "ms": {
        "approved": 29, 
        "pending_since_timestamp": 1507301567.395134, 
        "translated": 714
    }, 
    "my": {
        "approved": 0, 
        "translated": 123
    }, 
    "nb": {
        "approved": 133987, 
        "translated": 139357
    }, 
    "nl": {
        "approved": 111169, 
        "pending_since_timestamp": 1507549978.303772, 
        "translated": 132040
    }, 
    "nn": {
        "approved": 0, 
        "pending_since_timestamp": 1507549978.303772, 
        "translated": 1691
    }, 
    "or": {
        "approved": 0, 
        "translated": 70
    }, 
    "pl": {
        "approved": 291898, 
        "translated": 292191
    }, 
    "pt": {
        "approved": 309489, 
        "pending_since_timestamp": 1507549978.303772, 
        "translated": 356047
    }, 
    "pt-pt": {
        "approved": 105427, 
        "pending_since_timestamp": 1507540436.029099, 
        "translated": 132146
    }, 
    "ro": {
        "approved": 62618, 
        "pending_since_timestamp": 1507549978.303772, 
        "translated": 68239
    }, 
    "ru": {
        "approved": 1831, 
        "pending_since_timestamp": 1507549978.303772, 
        "translated": 21173
    }, 
    "rw": {
        "approved": 0, 
        "translated": 0
    }, 
    "si": {
        "approved": 0, 
        "pending_since_timestamp": 1507549978.303772, 
        "translated": 228
    }, 
    "sk": {
        "approved": 0, 
        "translated": 2318
    }, 
    "sl": {
        "approved": 0, 
        "translated": 0
    }, 
    "sq": {
        "approved": 49918, 
        "pending_since_timestamp": 1507536976.826242, 
        "translated": 64668
    }, 
    "sr": {
        "approved": 53579, 
        "pending_since_timestamp": 1507549978.303772, 
        "translated": 70736
    }, 
    "sv": {
        "approved": 38515, 
        "pending_since_timestamp": 1507549978.303772, 
        "translated": 103102
    }, 
    "sw": {
        "approved": 0, 
        "translated": 0
    }, 
    "ta": {
        "approved": 14137, 
        "pending_since_timestamp": 1507531559.166056, 
        "translated": 48353
    }, 
    "te": {
        "approved": 16, 
        "translated": 237
    }, 
    "th": {
        "approved": 303, 
        "pending_since_timestamp": 1507549978.303772, 
        "translated": 131578
    }, 
    "tr": {
        "approved": 270944, 
        "pending_since_timestamp": 1507557670.9739, 
        "translated": 388969
    }, 
    "uk": {
        "approved": 98, 
        "translated": 2460
    }, 
    "ur": {
        "approved": 92, 
        "pending_since_timestamp": 1507516978.964764, 
        "translated": 1263
    }, 
    "uz": {
        "approved": 154, 
        "translated": 1493
    }, 
    "vi": {
        "approved": 2, 
        "translated": 1484
    }, 
    "xh": {
        "approved": 40, 
        "translated": 40
    }, 
    "zh-hans": {
        "approved": 23670, 
        "pending_since_timestamp": 1507526358.648214, 
        "translated": 89195
    }, 
    "zh-hant": {
        "approved": 7498, 
        "pending_since_timestamp": 1507549978.303772, 
        "translated": 65966
    }, 
    "zu": {
        "approved": 1, 
        "translated": 20
    }
}