{
    "af": {
        "approved": 19, 
        "pending_since_timestamp": 1542057306.169735, 
        "translated": 1474
    }, 
    "am": {
        "approved": 0, 
        "translated": 0
    }, 
    "ar": {
        "approved": 103453, 
        "pending_since_timestamp": 1548791623.289747, 
        "translated": 213581
    }, 
    "az": {
        "approved": 35919, 
        "pending_since_timestamp": 1548791623.289747, 
        "translated": 37634
    }, 
    "bg": {
        "approved": 336170, 
        "translated": 339355
    }, 
    "bn": {
        "approved": 148186, 
        "pending_since_timestamp": 1548735901.087857, 
        "translated": 162996
    }, 
    "ca": {
        "approved": 3, 
        "pending_since_timestamp": 1548791623.289747, 
        "translated": 1918
    }, 
    "cs": {
        "approved": 134514, 
        "pending_since_timestamp": 1548704110.251979, 
        "translated": 153486
    }, 
    "da": {
        "approved": 175393, 
        "pending_since_timestamp": 1548798940.116131, 
        "translated": 197584
    }, 
    "de": {
        "approved": 303225, 
        "pending_since_timestamp": 1548791623.289747, 
        "translated": 537249
    }, 
    "el": {
        "approved": 78392, 
        "pending_since_timestamp": 1548561265.329479, 
        "translated": 94190
    }, 
    "es": {
        "approved": 431580, 
        "pending_since_timestamp": 1548791623.289747, 
        "translated": 447986
    }, 
    "et": {
        "approved": 44973, 
        "pending_since_timestamp": 1548791623.289747, 
        "translated": 46285
    }, 
    "fa": {
        "approved": 1, 
        "translated": 189
    }, 
    "fa-af": {
        "approved": 31, 
        "translated": 103
    }, 
    "fi": {
        "approved": 82266, 
        "pending_since_timestamp": 1548791623.289747, 
        "translated": 84160
    }, 
    "fil": {
        "approved": 204, 
        "translated": 297
    }, 
    "fr": {
        "approved": 286903, 
        "pending_since_timestamp": 1548746852.514951, 
        "translated": 290405
    }, 
    "fv": {
        "approved": 85785, 
        "pending_since_timestamp": 1548791623.289747, 
        "translated": 85786
    }, 
    "gu": {
        "approved": 100986, 
        "pending_since_timestamp": 1548668780.817704, 
        "translated": 144868
    }, 
    "he": {
        "approved": 8417, 
        "pending_since_timestamp": 1548791623.289747, 
        "translated": 8420
    }, 
    "hi": {
        "approved": 167007, 
        "pending_since_timestamp": 1548791623.289747, 
        "translated": 179374
    }, 
    "hr": {
        "approved": 10947, 
        "pending_since_timestamp": 1548791623.289747, 
        "translated": 16577
    }, 
    "ht": {
        "approved": 1, 
        "translated": 5
    }, 
    "hu": {
        "approved": 94719, 
        "pending_since_timestamp": 1548791623.289747, 
        "translated": 113996
    }, 
    "hy": {
        "approved": 140081, 
        "pending_since_timestamp": 1548738953.968899, 
        "translated": 162075
    }, 
    "id": {
        "approved": 85023, 
        "pending_since_timestamp": 1548791623.289747, 
        "translated": 91658
    }, 
    "it": {
        "approved": 155391, 
        "pending_since_timestamp": 1548791623.289747, 
        "translated": 173676
    }, 
    "ja": {
        "approved": 125750, 
        "pending_since_timestamp": 1548791623.289747, 
        "translated": 146738
    }, 
    "ka": {
        "approved": 282688, 
        "pending_since_timestamp": 1548757975.815922, 
        "translated": 285103
    }, 
    "ki": {
        "approved": 0, 
        "translated": 37
    }, 
    "kk": {
        "approved": 103, 
        "translated": 103
    }, 
    "km": {
        "approved": 0, 
        "translated": 52
    }, 
    "kn": {
        "approved": 34580, 
        "pending_since_timestamp": 1548791623.289747, 
        "translated": 40436
    }, 
    "ko": {
        "approved": 193803, 
        "pending_since_timestamp": 1548721389.418815, 
        "translated": 218454
    }, 
    "ky": {
        "approved": 0, 
        "translated": 29
    }, 
    "lol": {
        "approved": 66840, 
        "translated": 82020
    }, 
    "lt": {
        "approved": 80897, 
        "pending_since_timestamp": 1548791623.289747, 
        "translated": 82864
    }, 
    "lv": {
        "approved": 54614, 
        "pending_since_timestamp": 1548791623.289747, 
        "translated": 55047
    }, 
    "mn": {
        "approved": 82651, 
        "pending_since_timestamp": 1548791623.289747, 
        "translated": 110553
    }, 
    "mr": {
        "approved": 0, 
        "translated": 0
    }, 
    "ms": {
        "approved": 29, 
        "pending_since_timestamp": 1548791623.289747, 
        "translated": 634
    }, 
    "my": {
        "approved": 1, 
        "translated": 125
    }, 
    "nb": {
        "approved": 133068, 
        "pending_since_timestamp": 1548791623.289747, 
        "translated": 143126
    }, 
    "ne": {
        "approved": 0, 
        "translated": 1
    }, 
    "nl": {
        "approved": 131972, 
        "pending_since_timestamp": 1548791623.289747, 
        "translated": 151684
    }, 
    "nn": {
        "approved": 0, 
        "translated": 1626
    }, 
    "or": {
        "approved": 0, 
        "translated": 52
    }, 
    "pl": {
        "approved": 344897, 
        "pending_since_timestamp": 1548798940.116131, 
        "translated": 345211
    }, 
    "ps": {
        "approved": 582, 
        "pending_since_timestamp": 1548561265.329479, 
        "translated": 951
    }, 
    "pt": {
        "approved": 375748, 
        "pending_since_timestamp": 1548791623.289747, 
        "translated": 417756
    }, 
    "pt-pt": {
        "approved": 155741, 
        "pending_since_timestamp": 1548791623.289747, 
        "translated": 184988
    }, 
    "ro": {
        "approved": 63673, 
        "pending_since_timestamp": 1548791623.289747, 
        "translated": 67943
    }, 
    "ru": {
        "approved": 100673, 
        "pending_since_timestamp": 1548791623.289747, 
        "translated": 122317
    }, 
    "rw": {
        "approved": 0, 
        "translated": 0
    }, 
    "si": {
        "approved": 0, 
        "pending_since_timestamp": 1548791623.289747, 
        "translated": 196
    }, 
    "sk": {
        "approved": 0, 
        "translated": 2146
    }, 
    "sl": {
        "approved": 0, 
        "translated": 33
    }, 
    "sq": {
        "approved": 98719, 
        "pending_since_timestamp": 1548791623.289747, 
        "translated": 102929
    }, 
    "sr": {
        "approved": 62746, 
        "pending_since_timestamp": 1548791623.289747, 
        "translated": 81546
    }, 
    "sv": {
        "approved": 168768, 
        "pending_since_timestamp": 1548791623.289747, 
        "translated": 541673
    }, 
    "sw": {
        "approved": 0, 
        "translated": 0
    }, 
    "ta": {
        "approved": 56189, 
        "pending_since_timestamp": 1548791623.289747, 
        "translated": 78175
    }, 
    "te": {
        "approved": 16, 
        "translated": 208
    }, 
    "th": {
        "approved": 299, 
        "pending_since_timestamp": 1548791623.289747, 
        "translated": 134562
    }, 
    "tr": {
        "approved": 309812, 
        "pending_since_timestamp": 1548791623.289747, 
        "translated": 418005
    }, 
    "uk": {
        "approved": 70854, 
        "pending_since_timestamp": 1548791623.289747, 
        "translated": 92040
    }, 
    "ur": {
        "approved": 54603, 
        "pending_since_timestamp": 1548791623.289747, 
        "translated": 57478
    }, 
    "uz": {
        "approved": 76733, 
        "pending_since_timestamp": 1548642945.343534, 
        "translated": 100216
    }, 
    "vi": {
        "approved": 2, 
        "pending_since_timestamp": 1548791623.289747, 
        "translated": 1982
    }, 
    "xh": {
        "approved": 40, 
        "translated": 40
    },