{
    "ar": {
        "approved": 0, 
        "translated": 4653
    }, 
    "bg": {
        "approved": 171540, 
        "translated": 187911
    }, 
    "bn": {
        "approved": 72201, 
        "pending_since_timestamp": 1459878706.548419, 
        "translated": 121910
    }, 
    "cs": {
        "approved": 12800, 
        "translated": 29876
    }, 
    "da": {
        "approved": 40826, 
        "pending_since_timestamp": 1459875419.474191, 
        "translated": 85787
    }, 
    "de": {
        "approved": 148886, 
        "pending_since_timestamp": 1459871023.123046, 
        "translated": 149001
    }, 
    "el": {
        "approved": 252, 
        "pending_since_timestamp": 1459871023.123046, 
        "translated": 7149
    }, 
    "es": {
        "approved": 239996, 
        "pending_since_timestamp": 1459880076.128127, 
        "translated": 365341
    }, 
    "fa": {
        "approved": 0, 
        "translated": 210
    }, 
    "fa-af": {
        "approved": 0, 
        "translated": 72
    }, 
    "fr": {
        "approved": 140042, 
        "pending_since_timestamp": 1459871023.123046, 
        "translated": 152870
    }, 
    "he": {
        "approved": 9275, 
        "translated": 9290
    }, 
    "hi": {
        "approved": 68065, 
        "pending_since_timestamp": 1459878706.548419, 
        "translated": 81225
    }, 
    "hy": {
        "approved": 0, 
        "pending_since_timestamp": 1459875419.474191, 
        "translated": 1047
    }, 
    "id": {
        "approved": 0, 
        "translated": 8190
    }, 
    "it": {
        "approved": 0, 
        "translated": 90463
    }, 
    "ja": {
        "approved": 25506, 
        "translated": 57931
    }, 
    "ka": {
        "approved": 109081, 
        "translated": 116391
    }, 
    "ko": {
        "approved": 110054, 
        "translated": 128003
    }, 
    "lol": {
        "approved": 595, 
        "translated": 7722
    }, 
    "mn": {
        "approved": 76257, 
        "translated": 82909
    }, 
    "ms": {
        "approved": 0, 
        "translated": 752
    }, 
    "nb": {
        "approved": 88702, 
        "translated": 89644
    }, 
    "nl": {
        "approved": 55515, 
        "translated": 101766
    }, 
    "pl": {
        "approved": 181324, 
        "translated": 183772
    }, 
    "pt": {
        "approved": 177754, 
        "pending_since_timestamp": 1459877195.018044, 
        "translated": 362406
    }, 
    "pt-pt": {
        "approved": 16245, 
        "pending_since_timestamp": 1459859170.5431, 
        "translated": 91671
    }, 
    "ru": {
        "approved": 1179, 
        "translated": 20951
    }, 
    "sr": {
        "approved": 48268, 
        "pending_since_timestamp": 1459875419.474191, 
        "translated": 360956
    }, 
    "sw": {
        "approved": 12190, 
        "translated": 36713
    }, 
    "te": {
        "approved": 0, 
        "translated": 216
    }, 
    "th": {
        "approved": 0, 
        "translated": 129686
    }, 
    "tr": {
        "approved": 171182, 
        "translated": 272427
    }, 
    "uk": {
        "approved": 0, 
        "translated": 2602
    }, 
    "ur": {
        "approved": 0, 
        "translated": 1556
    }, 
    "xh": {
        "approved": 0, 
        "translated": 1
    }, 
    "zh-hans": {
        "approved": 0, 
        "translated": 4140
    }, 
    "zu": {
        "approved": 0, 
        "translated": 23
    }
}