{
    "af": {
        "approved": 19, 
        "pending_since_timestamp": 1542057306.169735, 
        "translated": 1476
    }, 
    "am": {
        "approved": 0, 
        "translated": 0
    }, 
    "ar": {
        "approved": 94586, 
        "pending_since_timestamp": 1547661518.741331, 
        "translated": 213315
    }, 
    "az": {
        "approved": 35919, 
        "translated": 37634
    }, 
    "bg": {
        "approved": 335307, 
        "pending_since_timestamp": 1547567309.675193, 
        "translated": 338907
    }, 
    "bn": {
        "approved": 147727, 
        "pending_since_timestamp": 1547661518.741331, 
        "translated": 162467
    }, 
    "ca": {
        "approved": 3, 
        "translated": 1923
    }, 
    "cs": {
        "approved": 133732, 
        "pending_since_timestamp": 1547567309.675193, 
        "translated": 152397
    }, 
    "da": {
        "approved": 175524, 
        "pending_since_timestamp": 1547585286.911819, 
        "translated": 197149
    }, 
    "de": {
        "approved": 302964, 
        "pending_since_timestamp": 1547570324.963689, 
        "translated": 537155
    }, 
    "el": {
        "approved": 78388, 
        "pending_since_timestamp": 1547446874.995052, 
        "translated": 94156
    }, 
    "es": {
        "approved": 431614, 
        "translated": 448024
    }, 
    "et": {
        "approved": 44980, 
        "translated": 46293
    }, 
    "fa": {
        "approved": 1, 
        "translated": 189
    }, 
    "fa-af": {
        "approved": 31, 
        "translated": 103
    }, 
    "fi": {
        "approved": 82287, 
        "translated": 84181
    }, 
    "fil": {
        "approved": 204, 
        "translated": 297
    }, 
    "fr": {
        "approved": 286005, 
        "pending_since_timestamp": 1547661518.741331, 
        "translated": 289403
    }, 
    "fv": {
        "approved": 85805, 
        "translated": 85806
    }, 
    "gu": {
        "approved": 99773, 
        "pending_since_timestamp": 1547661518.741331, 
        "translated": 143288
    }, 
    "he": {
        "approved": 8423, 
        "translated": 8426
    }, 
    "hi": {
        "approved": 167039, 
        "translated": 179407
    }, 
    "hr": {
        "approved": 10947, 
        "translated": 16579
    }, 
    "ht": {
        "approved": 1, 
        "translated": 5
    }, 
    "hu": {
        "approved": 94175, 
        "pending_since_timestamp": 1547661518.741331, 
        "translated": 113738
    }, 
    "hy": {
        "approved": 132485, 
        "pending_since_timestamp": 1547597100.34324, 
        "translated": 156568
    }, 
    "id": {
        "approved": 75646, 
        "translated": 91090
    }, 
    "it": {
        "approved": 155419, 
        "translated": 173379
    }, 
    "ja": {
        "approved": 125655, 
        "pending_since_timestamp": 1547582625.929964, 
        "translated": 146411
    }, 
    "ka": {
        "approved": 280991, 
        "pending_since_timestamp": 1547661518.741331, 
        "translated": 284769
    }, 
    "ki": {
        "approved": 0, 
        "translated": 37
    }, 
    "kk": {
        "approved": 103, 
        "translated": 103
    }, 
    "km": {
        "approved": 0, 
        "translated": 52
    }, 
    "kn": {
        "approved": 34525, 
        "pending_since_timestamp": 1547661518.741331, 
        "translated": 40463
    }, 
    "ko": {
        "approved": 190782, 
        "translated": 216973
    }, 
    "ky": {
        "approved": 0, 
        "translated": 25
    }, 
    "lol": {
        "approved": 66861, 
        "translated": 82041
    }, 
    "lt": {
        "approved": 80823, 
        "translated": 82768
    }, 
    "lv": {
        "approved": 54621, 
        "translated": 55054
    }, 
    "mn": {
        "approved": 82567, 
        "translated": 110470
    }, 
    "mr": {
        "approved": 0, 
        "translated": 0
    }, 
    "ms": {
        "approved": 29, 
        "translated": 636
    }, 
    "my": {
        "approved": 1, 
        "translated": 122
    }, 
    "nb": {
        "approved": 133082, 
        "translated": 143144
    }, 
    "ne": {
        "approved": 0, 
        "translated": 1
    }, 
    "nl": {
        "approved": 131590, 
        "pending_since_timestamp": 1547661518.741331, 
        "translated": 150838
    }, 
    "nn": {
        "approved": 0, 
        "translated": 1626
    }, 
    "or": {
        "approved": 0, 
        "translated": 52
    }, 
    "pl": {
        "approved": 343604, 
        "pending_since_timestamp": 1547575769.048394, 
        "translated": 343979
    }, 
    "ps": {
        "approved": 582, 
        "pending_since_timestamp": 1547446874.995052, 
        "translated": 944
    }, 
    "pt": {
        "approved": 374001, 
        "pending_since_timestamp": 1547567309.675193, 
        "translated": 415468
    }, 
    "pt-pt": {
        "approved": 153999, 
        "pending_since_timestamp": 1547547785.883101, 
        "translated": 182985
    }, 
    "ro": {
        "approved": 63683, 
        "translated": 67953
    }, 
    "ru": {
        "approved": 100553, 
        "translated": 122274
    }, 
    "rw": {
        "approved": 0, 
        "translated": 0
    }, 
    "si": {
        "approved": 0, 
        "translated": 196
    }, 
    "sk": {
        "approved": 0, 
        "translated": 2149
    }, 
    "sl": {
        "approved": 0, 
        "translated": 33
    }, 
    "sq": {
        "approved": 98727, 
        "translated": 102951
    }, 
    "sr": {
        "approved": 62753, 
        "translated": 81568
    }, 
    "sv": {
        "approved": 167328, 
        "translated": 541483
    }, 
    "sw": {
        "approved": 0, 
        "translated": 0
    }, 
    "ta": {
        "approved": 54777, 
        "pending_since_timestamp": 1547547785.883101, 
        "translated": 77821
    }, 
    "te": {
        "approved": 16, 
        "translated": 208
    }, 
    "th": {
        "approved": 299, 
        "pending_since_timestamp": 1547478255.572143, 
        "translated": 134508
    }, 
    "tr": {
        "approved": 309855, 
        "pending_since_timestamp": 1547578890.557408, 
        "translated": 417942
    }, 
    "uk": {
        "approved": 70574, 
        "pending_since_timestamp": 1547575769.048394, 
        "translated": 91688
    }, 
    "ur": {
        "approved": 54603, 
        "translated": 57478
    }, 
    "uz": {
        "approved": 76754, 
        "pending_since_timestamp": 1547303562.320255, 
        "translated": 94742
    }, 
    "vi": {
        "approved": 2, 
        "translated": 1982
    }, 
    "xh": {
        "approved": 40, 
        "translated": 40
    }, 
    "zh-hans": {
        "approved": 185669, 
        "pending_since_timestamp": 1547603486.37749, 
        "translated": 260999
    }, 
    "zh-hant": {
        "approved": 10004, 
        "translated": 74463
    }, 
    "zu": {
        "approved": 1, 
        "translated": 18
    }
}