{
    "ar": {
        "approved": 380, 
        "translated": 4319
    }, 
    "bg": {
        "approved": 196459, 
        "pending_since_timestamp": 1491985104.422012, 
        "translated": 227712
    }, 
    "bn": {
        "approved": 130746, 
        "translated": 141443
    }, 
    "cs": {
        "approved": 11819, 
        "translated": 29278
    }, 
    "da": {
        "approved": 72901, 
        "pending_since_timestamp": 1491979457.347979, 
        "translated": 83500
    }, 
    "de": {
        "approved": 206260, 
        "translated": 211692
    }, 
    "el": {
        "approved": 1483, 
        "translated": 17181
    }, 
    "es": {
        "approved": 342343, 
        "translated": 358312
    }, 
    "fa": {
        "approved": 1, 
        "translated": 99
    }, 
    "fa-af": {
        "approved": 31, 
        "translated": 104
    }, 
    "fr": {
        "approved": 228140, 
        "pending_since_timestamp": 1491996721.679197, 
        "translated": 236892
    }, 
    "he": {
        "approved": 6340, 
        "translated": 7197
    }, 
    "hi": {
        "approved": 99516, 
        "translated": 115038
    }, 
    "hy": {
        "approved": 7403, 
        "pending_since_timestamp": 1491996721.679197, 
        "translated": 12242
    }, 
    "id": {
        "approved": 531, 
        "translated": 6415
    }, 
    "it": {
        "approved": 88835, 
        "pending_since_timestamp": 1491996721.679197, 
        "translated": 118121
    }, 
    "ja": {
        "approved": 99822, 
        "pending_since_timestamp": 1491996721.679197, 
        "translated": 117388
    }, 
    "ka": {
        "approved": 192754, 
        "pending_since_timestamp": 1491985104.422012, 
        "translated": 200570
    }, 
    "ko": {
        "approved": 151444, 
        "pending_since_timestamp": 1491980739.773565, 
        "translated": 163439
    }, 
    "lol": {
        "approved": 385, 
        "translated": 8629
    }, 
    "mn": {
        "approved": 81421, 
        "pending_since_timestamp": 1491996721.679197, 
        "translated": 100487
    }, 
    "ms": {
        "approved": 29, 
        "translated": 640
    }, 
    "nb": {
        "approved": 93636, 
        "pending_since_timestamp": 1491996721.679197, 
        "translated": 98660
    }, 
    "nl": {
        "approved": 104546, 
        "pending_since_timestamp": 1491996721.679197, 
        "translated": 127786
    }, 
    "pl": {
        "approved": 264054, 
        "translated": 264264
    }, 
    "pt": {
        "approved": 269450, 
        "pending_since_timestamp": 1491996721.679197, 
        "translated": 307346
    }, 
    "pt-pt": {
        "approved": 79989, 
        "pending_since_timestamp": 1491996721.679197, 
        "translated": 112406
    }, 
    "ru": {
        "approved": 1537, 
        "pending_since_timestamp": 1491996721.679197, 
        "translated": 18481
    }, 
    "sr": {
        "approved": 50582, 
        "pending_since_timestamp": 1491996721.679197, 
        "translated": 68362
    }, 
    "sw": {
        "approved": 33943, 
        "pending_since_timestamp": 1491976223.293694, 
        "translated": 51850
    }, 
    "te": {
        "approved": 15, 
        "translated": 205
    }, 
    "th": {
        "approved": 301, 
        "pending_since_timestamp": 1491996721.679197, 
        "translated": 121480
    }, 
    "tr": {
        "approved": 266968, 
        "pending_since_timestamp": 1492002149.707123, 
        "translated": 359410
    }, 
    "uk": {
        "approved": 98, 
        "translated": 2513
    }, 
    "ur": {
        "approved": 92, 
        "translated": 1160
    }, 
    "xh": {
        "approved": 40, 
        "translated": 40
    }, 
    "zh-hans": {
        "approved": 925, 
        "pending_since_timestamp": 1491976223.293694, 
        "translated": 11041
    }, 
    "zu": {
        "approved": 1, 
        "translated": 20
    }
}