{
    "af": {
        "approved": 19, 
        "translated": 1516
    }, 
    "am": {
        "approved": 0, 
        "translated": 0
    }, 
    "ar": {
        "approved": 578, 
        "pending_since_timestamp": 1531049830.260562, 
        "translated": 28925
    }, 
    "az": {
        "approved": 35981, 
        "translated": 37750
    }, 
    "bg": {
        "approved": 302405, 
        "pending_since_timestamp": 1531110702.698268, 
        "translated": 302865
    }, 
    "bn": {
        "approved": 151031, 
        "translated": 161514
    }, 
    "ca": {
        "approved": 3, 
        "translated": 2062
    }, 
    "cs": {
        "approved": 88866, 
        "translated": 117749
    }, 
    "da": {
        "approved": 147616, 
        "translated": 171428
    }, 
    "de": {
        "approved": 289633, 
        "translated": 533889
    }, 
    "el": {
        "approved": 77847, 
        "translated": 96834
    }, 
    "es": {
        "approved": 406006, 
        "pending_since_timestamp": 1531113177.937865, 
        "translated": 426670
    }, 
    "et": {
        "approved": 45054, 
        "translated": 46380
    }, 
    "fa": {
        "approved": 1, 
        "translated": 192
    }, 
    "fa-af": {
        "approved": 31, 
        "translated": 103
    }, 
    "fi": {
        "approved": 82954, 
        "translated": 84652
    }, 
    "fil": {
        "approved": 210, 
        "translated": 303
    }, 
    "fr": {
        "approved": 279952, 
        "pending_since_timestamp": 1531110702.698268, 
        "translated": 283514
    }, 
    "gu": {
        "approved": 34192, 
        "pending_since_timestamp": 1531113177.937865, 
        "translated": 101332
    }, 
    "he": {
        "approved": 8796, 
        "translated": 8799
    }, 
    "hi": {
        "approved": 169270, 
        "pending_since_timestamp": 1531108531.85156, 
        "translated": 182066
    }, 
    "hr": {
        "approved": 10999, 
        "translated": 16688
    }, 
    "ht": {
        "approved": 1, 
        "translated": 5
    }, 
    "hu": {
        "approved": 89071, 
        "pending_since_timestamp": 1531049830.260562, 
        "translated": 107647
    }, 
    "hy": {
        "approved": 93454, 
        "pending_since_timestamp": 1531115340.788886, 
        "translated": 100880
    }, 
    "id": {
        "approved": 47160, 
        "pending_since_timestamp": 1531103603.723351, 
        "translated": 69818
    }, 
    "it": {
        "approved": 135379, 
        "translated": 155924
    }, 
    "ja": {
        "approved": 128075, 
        "translated": 145342
    }, 
    "ka": {
        "approved": 264471, 
        "translated": 266381
    }, 
    "ki": {
        "approved": 0, 
        "translated": 37
    }, 
    "km": {
        "approved": 0, 
        "translated": 52
    }, 
    "kn": {
        "approved": 1491, 
        "pending_since_timestamp": 1531113177.937865, 
        "translated": 21507
    }, 
    "ko": {
        "approved": 180398, 
        "pending_since_timestamp": 1531096643.802683, 
        "translated": 201288
    }, 
    "ky": {
        "approved": 0, 
        "translated": 25
    }, 
    "lol": {
        "approved": 67337, 
        "translated": 82542
    }, 
    "lt": {
        "approved": 74293, 
        "translated": 76180
    }, 
    "lv": {
        "approved": 54702, 
        "translated": 55111
    }, 
    "mn": {
        "approved": 87251, 
        "translated": 115167
    }, 
    "mr": {
        "approved": 0, 
        "translated": 0
    }, 
    "ms": {
        "approved": 29, 
        "translated": 678
    }, 
    "my": {
        "approved": 1, 
        "translated": 116
    }, 
    "nb": {
        "approved": 134985, 
        "translated": 142476
    }, 
    "ne": {
        "approved": 0, 
        "translated": 1
    }, 
    "nl": {
        "approved": 118929, 
        "translated": 138790
    }, 
    "nn": {
        "approved": 0, 
        "translated": 1652
    }, 
    "or": {
        "approved": 0, 
        "translated": 54
    }, 
    "pl": {
        "approved": 322634, 
        "translated": 323410
    }, 
    "ps": {
        "approved": 0, 
        "translated": 23
    }, 
    "pt": {
        "approved": 358498, 
        "translated": 398410
    }, 
    "pt-pt": {
        "approved": 143173, 
        "translated": 176431
    }, 
    "ro": {
        "approved": 64078, 
        "translated": 68206
    }, 
    "ru": {
        "approved": 100763, 
        "translated": 122756
    }, 
    "rw": {
        "approved": 0, 
        "translated": 0
    }, 
    "si": {
        "approved": 0, 
        "translated": 199
    }, 
    "sk": {
        "approved": 0, 
        "translated": 2223
    }, 
    "sl": {
        "approved": 0, 
        "translated": 0
    }, 
    "sq": {
        "approved": 64247, 
        "translated": 69353
    }, 
    "sr": {
        "approved": 65444, 
        "translated": 83364
    }, 
    "sv": {
        "approved": 155106, 
        "translated": 547995
    }, 
    "sw": {
        "approved": 0, 
        "translated": 0
    }, 
    "ta": {
        "approved": 46123, 
        "translated": 63046
    }, 
    "te": {
        "approved": 16, 
        "translated": 227
    }, 
    "th": {
        "approved": 303, 
        "pending_since_timestamp": 1531063650.960994, 
        "translated": 136489
    }, 
    "tr": {
        "approved": 306556, 
        "pending_since_timestamp": 1531115340.788886, 
        "translated": 409557
    }, 
    "uk": {
        "approved": 98, 
        "translated": 3168
    }, 
    "ur": {
        "approved": 54679, 
        "translated": 57583
    }, 
    "uz": {
        "approved": 142, 
        "translated": 1796
    }, 
    "vi": {
        "approved": 2, 
        "translated": 1974
    }, 
    "xh": {
        "approved": 40, 
        "translated": 40
    }, 
    "zh-hans": {
        "approved": 124577, 
        "pending_since_timestamp": 1531115340.788886, 
        "translated": 178793
    }, 
    "zh-hant": {
        "approved": 9589, 
        "translated": 68749
    }, 
    "zu": {
        "approved": 1, 
        "translated": 18
    }
}