{
    "af": {
        "approved": 19, 
        "translated": 1467
    }, 
    "am": {
        "approved": 0, 
        "translated": 0
    }, 
    "ar": {
        "approved": 104127, 
        "pending_since_timestamp": 1553542073.157474, 
        "translated": 213777
    }, 
    "az": {
        "approved": 35846, 
        "translated": 37557
    }, 
    "bg": {
        "approved": 337841, 
        "pending_since_timestamp": 1553542073.157474, 
        "translated": 340459
    }, 
    "bn": {
        "approved": 148514, 
        "translated": 165284
    }, 
    "ca": {
        "approved": 3, 
        "translated": 1882
    }, 
    "cs": {
        "approved": 139242, 
        "pending_since_timestamp": 1553347353.647989, 
        "translated": 155030
    }, 
    "da": {
        "approved": 178282, 
        "pending_since_timestamp": 1553592193.726361, 
        "translated": 200488
    }, 
    "de": {
        "approved": 306836, 
        "pending_since_timestamp": 1553642706.438176, 
        "translated": 538409
    }, 
    "el": {
        "approved": 79426, 
        "pending_since_timestamp": 1553015154.208358, 
        "translated": 95177
    }, 
    "es": {
        "approved": 431107, 
        "pending_since_timestamp": 1553642706.438176, 
        "translated": 447503
    }, 
    "et": {
        "approved": 44899, 
        "translated": 46207
    }, 
    "fa": {
        "approved": 1, 
        "pending_since_timestamp": 1553542073.157474, 
        "translated": 189
    }, 
    "fa-af": {
        "approved": 31, 
        "translated": 103
    }, 
    "fi": {
        "approved": 82163, 
        "translated": 84055
    }, 
    "fil": {
        "approved": 202, 
        "translated": 295
    }, 
    "fr": {
        "approved": 287211, 
        "translated": 290700
    }, 
    "fv": {
        "approved": 85682, 
        "translated": 85689
    }, 
    "gu": {
        "approved": 107702, 
        "pending_since_timestamp": 1553317697.003841, 
        "translated": 150814
    }, 
    "he": {
        "approved": 8295, 
        "translated": 8298
    }, 
    "hi": {
        "approved": 166750, 
        "translated": 179116
    }, 
    "hr": {
        "approved": 10873, 
        "translated": 16472
    }, 
    "ht": {
        "approved": 1, 
        "translated": 5
    }, 
    "hu": {
        "approved": 97760, 
        "pending_since_timestamp": 1553542073.157474, 
        "translated": 116818
    }, 
    "hy": {
        "approved": 166144, 
        "pending_since_timestamp": 1553324510.736447, 
        "translated": 181125
    }, 
    "id": {
        "approved": 88276, 
        "translated": 92150
    }, 
    "it": {
        "approved": 155106, 
        "pending_since_timestamp": 1553542073.157474, 
        "translated": 175485
    }, 
    "ja": {
        "approved": 126084, 
        "translated": 147658
    }, 
    "ka": {
        "approved": 284319, 
        "pending_since_timestamp": 1553642706.438176, 
        "translated": 287183
    }, 
    "ki": {
        "approved": 0, 
        "translated": 37
    }, 
    "kk": {
        "approved": 103, 
        "translated": 103
    }, 
    "km": {
        "approved": 1, 
        "pending_since_timestamp": 1552930557.876057, 
        "translated": 2631
    }, 
    "kn": {
        "approved": 36472, 
        "pending_since_timestamp": 1553542073.157474, 
        "translated": 41540
    }, 
    "ko": {
        "approved": 195296, 
        "pending_since_timestamp": 1553542073.157474, 
        "translated": 222312
    }, 
    "ky": {
        "approved": 497, 
        "pending_since_timestamp": 1553262239.805701, 
        "translated": 1313
    }, 
    "lol": {
        "approved": 66837, 
        "translated": 82016
    }, 
    "lt": {
        "approved": 80828, 
        "translated": 82784
    }, 
    "lv": {
        "approved": 54513, 
        "translated": 54946
    }, 
    "mn": {
        "approved": 82457, 
        "translated": 110339
    }, 
    "mr": {
        "approved": 0, 
        "translated": 0
    }, 
    "ms": {
        "approved": 29, 
        "translated": 606
    }, 
    "my": {
        "approved": 79475, 
        "pending_since_timestamp": 1553353531.021086, 
        "translated": 79547
    }, 
    "nb": {
        "approved": 135609, 
        "translated": 143397
    }, 
    "ne": {
        "approved": 0, 
        "translated": 1
    }, 
    "nl": {
        "approved": 138556, 
        "pending_since_timestamp": 1553642706.438176, 
        "translated": 160060
    }, 
    "nn": {
        "approved": 0, 
        "translated": 1626
    }, 
    "or": {
        "approved": 0, 
        "translated": 52
    }, 
    "pl": {
        "approved": 347991, 
        "pending_since_timestamp": 1553553047.916188, 
        "translated": 348516
    }, 
    "ps": {
        "approved": 579, 
        "pending_since_timestamp": 1552715532.797698, 
        "translated": 971
    }, 
    "pt": {
        "approved": 380017, 
        "pending_since_timestamp": 1553642706.438176, 
        "translated": 423335
    }, 
    "pt-pt": {
        "approved": 162198, 
        "translated": 191319
    }, 
    "ro": {
        "approved": 63488, 
        "translated": 67757
    }, 
    "ru": {
        "approved": 104188, 
        "pending_since_timestamp": 1553642706.438176, 
        "translated": 123937
    }, 
    "rw": {
        "approved": 0, 
        "translated": 0
    }, 
    "si": {
        "approved": 0, 
        "translated": 192
    }, 
    "sk": {
        "approved": 0, 
        "translated": 2125
    }, 
    "sl": {
        "approved": 0, 
        "translated": 33
    }, 
    "sq": {
        "approved": 98628, 
        "pending_since_timestamp": 1553642706.438176, 
        "translated": 102887
    }, 
    "sr": {
        "approved": 62590, 
        "translated": 81468
    }, 
    "sv": {
        "approved": 176722, 
        "pending_since_timestamp": 1553542073.157474, 
        "translated": 544253
    }, 
    "sw": {
        "approved": 0, 
        "translated": 0
    }, 
    "ta": {
        "approved": 64638, 
        "translated": 85009
    }, 
    "te": {
        "approved": 16, 
        "translated": 216
    }, 
    "th": {
        "approved": 299, 
        "translated": 134282
    }, 
    "tr": {
        "approved": 309406, 
        "pending_since_timestamp": 1553592193.726361, 
        "translated": 418397
    }, 
    "uk": {
        "approved": 70885, 
        "translated": 92187
    }, 
    "ur": {
        "approved": 54495, 
        "translated": 57337
    }, 
    "uz": {
        "approved": 76902, 
        "pending_since_timestamp": 1552853690.817859, 
        "translated": 128897
    }, 
    "vi": {
        "approved": 2, 
        "translated": 1968
    }, 
    "xh": {
        "approved": 40, 
        "translated": 40
    }, 
    "zh-hans": {
        "approved": 219526, 
        "pending_since_timestamp": 1553561065.235846, 
        "translated": 290911
    }, 
    "zh-hant": {
        "approved": 9913, 
        "pending_since_timestamp": 1553210810.487759, 
        "translated": 74159
    }, 
    "zu": {
        "approved": 1, 
        "translated": 18
    }
}