{
    "ar": {
        "approved": 1277, 
        "translated": 4795
    }, 
    "bg": {
        "approved": 227243, 
        "pending_since_timestamp": 1479893935.005302, 
        "translated": 247605
    }, 
    "bn": {
        "approved": 127502, 
        "translated": 140949
    }, 
    "cs": {
        "approved": 13290, 
        "translated": 30010
    }, 
    "da": {
        "approved": 81448, 
        "translated": 89089
    }, 
    "de": {
        "approved": 195939, 
        "translated": 206807
    }, 
    "el": {
        "approved": 2576, 
        "pending_since_timestamp": 1479914879.326743, 
        "translated": 10005
    }, 
    "es": {
        "approved": 367019, 
        "pending_since_timestamp": 1479879515.706835, 
        "translated": 384114
    }, 
    "fa": {
        "approved": 3, 
        "translated": 106
    }, 
    "fa-af": {
        "approved": 31, 
        "translated": 104
    }, 
    "fr": {
        "approved": 208223, 
        "pending_since_timestamp": 1479914879.326743, 
        "translated": 220479
    }, 
    "he": {
        "approved": 9995, 
        "translated": 10549
    }, 
    "hi": {
        "approved": 96681, 
        "translated": 116019
    }, 
    "hy": {
        "approved": 311, 
        "pending_since_timestamp": 1479895847.638189, 
        "translated": 6027
    }, 
    "id": {
        "approved": 2112, 
        "translated": 7925
    }, 
    "it": {
        "approved": 66661, 
        "pending_since_timestamp": 1479906611.27568, 
        "translated": 118103
    }, 
    "ja": {
        "approved": 79527, 
        "pending_since_timestamp": 1479893935.005302, 
        "translated": 117637
    }, 
    "ka": {
        "approved": 186855, 
        "pending_since_timestamp": 1479906611.27568, 
        "translated": 192274
    }, 
    "ko": {
        "approved": 148561, 
        "pending_since_timestamp": 1479895847.638189, 
        "translated": 167529
    }, 
    "lol": {
        "approved": 595, 
        "translated": 8801
    }, 
    "mn": {
        "approved": 74430, 
        "translated": 82009
    }, 
    "ms": {
        "approved": 392, 
        "translated": 1056
    }, 
    "nb": {
        "approved": 98197, 
        "pending_since_timestamp": 1479906611.27568, 
        "translated": 101283
    }, 
    "nl": {
        "approved": 98355, 
        "pending_since_timestamp": 1479893935.005302, 
        "translated": 125105
    }, 
    "pl": {
        "approved": 253726, 
        "translated": 254353
    }, 
    "pt": {
        "approved": 249627, 
        "pending_since_timestamp": 1479918891.469244, 
        "translated": 291342
    }, 
    "pt-pt": {
        "approved": 62448, 
        "pending_since_timestamp": 1479898079.765339, 
        "translated": 90270
    }, 
    "ru": {
        "approved": 3668, 
        "translated": 20254
    }, 
    "sr": {
        "approved": 53289, 
        "translated": 71098
    }, 
    "sw": {
        "approved": 12941, 
        "pending_since_timestamp": 1479906611.27568, 
        "translated": 33850
    }, 
    "te": {
        "approved": 34, 
        "translated": 234
    }, 
    "th": {
        "approved": 1546, 
        "translated": 119066
    }, 
    "tr": {
        "approved": 262912, 
        "translated": 345000
    }, 
    "uk": {
        "approved": 337, 
        "translated": 2721
    }, 
    "ur": {
        "approved": 480, 
        "translated": 1600
    }, 
    "xh": {
        "approved": 40, 
        "translated": 41
    }, 
    "zh-hans": {
        "approved": 744, 
        "translated": 5688
    }, 
    "zu": {
        "approved": 2, 
        "translated": 23
    }
}