{
    "ar": {
        "approved": 0, 
        "translated": 4317
    }, 
    "bg": {
        "approved": 197911, 
        "pending_since_timestamp": 1467271532.817209, 
        "translated": 202141
    }, 
    "bn": {
        "approved": 97905, 
        "pending_since_timestamp": 1467251785.925819, 
        "translated": 126500
    }, 
    "cs": {
        "approved": 12229, 
        "translated": 30440
    }, 
    "da": {
        "approved": 75721, 
        "translated": 84331
    }, 
    "de": {
        "approved": 151927, 
        "translated": 152204
    }, 
    "el": {
        "approved": 322, 
        "translated": 7336
    }, 
    "es": {
        "approved": 281692, 
        "pending_since_timestamp": 1467230433.027124, 
        "translated": 377093
    }, 
    "fa": {
        "approved": 0, 
        "translated": 106
    }, 
    "fa-af": {
        "approved": 0, 
        "translated": 72
    }, 
    "fr": {
        "approved": 162682, 
        "pending_since_timestamp": 1467265213.256397, 
        "translated": 170101
    }, 
    "he": {
        "approved": 8479, 
        "translated": 8489
    }, 
    "hi": {
        "approved": 69044, 
        "pending_since_timestamp": 1467278873.568644, 
        "translated": 108581
    }, 
    "hy": {
        "approved": 0, 
        "translated": 3012
    }, 
    "id": {
        "approved": 0, 
        "translated": 7239
    }, 
    "it": {
        "approved": 222, 
        "translated": 98982
    }, 
    "ja": {
        "approved": 33967, 
        "pending_since_timestamp": 1467278873.568644, 
        "translated": 79974
    }, 
    "ka": {
        "approved": 134745, 
        "pending_since_timestamp": 1467270253.309628, 
        "translated": 139383
    }, 
    "ko": {
        "approved": 125180, 
        "translated": 145130
    }, 
    "lol": {
        "approved": 603, 
        "translated": 8847
    }, 
    "mn": {
        "approved": 75285, 
        "translated": 83049
    }, 
    "ms": {
        "approved": 0, 
        "translated": 730
    }, 
    "nb": {
        "approved": 98205, 
        "translated": 101284
    }, 
    "nl": {
        "approved": 80316, 
        "pending_since_timestamp": 1467276811.439137, 
        "translated": 116331
    }, 
    "pl": {
        "approved": 199496, 
        "pending_since_timestamp": 1467274057.694375, 
        "translated": 200202
    }, 
    "pt": {
        "approved": 200576, 
        "translated": 374640
    }, 
    "pt-pt": {
        "approved": 21491, 
        "translated": 114179
    }, 
    "ru": {
        "approved": 1163, 
        "translated": 19517
    }, 
    "sr": {
        "approved": 45180, 
        "translated": 373345
    }, 
    "sw": {
        "approved": 11695, 
        "translated": 33429
    }, 
    "te": {
        "approved": 0, 
        "translated": 204
    }, 
    "th": {
        "approved": 0, 
        "translated": 120247
    }, 
    "tr": {
        "approved": 209246, 
        "pending_since_timestamp": 1467280408.687558, 
        "translated": 280616
    }, 
    "uk": {
        "approved": 0, 
        "translated": 2531
    }, 
    "ur": {
        "approved": 0, 
        "translated": 1448
    }, 
    "xh": {
        "approved": 0, 
        "translated": 1
    }, 
    "zh-hans": {
        "approved": 0, 
        "translated": 5113
    }, 
    "zu": {
        "approved": 0, 
        "translated": 22
    }
}