{
    "ar": {
        "approved": 1048, 
        "translated": 4587
    }, 
    "bg": {
        "approved": 216900, 
        "translated": 236827
    }, 
    "bn": {
        "approved": 121204, 
        "pending_since_timestamp": 1478464110.56563, 
        "translated": 137710
    }, 
    "cs": {
        "approved": 13074, 
        "translated": 30259
    }, 
    "da": {
        "approved": 79784, 
        "translated": 87432
    }, 
    "de": {
        "approved": 189015, 
        "pending_since_timestamp": 1478464110.56563, 
        "translated": 189428
    }, 
    "el": {
        "approved": 2079, 
        "translated": 9939
    }, 
    "es": {
        "approved": 339505, 
        "pending_since_timestamp": 1478435437.223438, 
        "translated": 356184
    }, 
    "fa": {
        "approved": 2, 
        "translated": 106
    }, 
    "fa-af": {
        "approved": 0, 
        "translated": 72
    }, 
    "fr": {
        "approved": 200375, 
        "translated": 211744
    }, 
    "he": {
        "approved": 9000, 
        "translated": 9563
    }, 
    "hi": {
        "approved": 93473, 
        "pending_since_timestamp": 1478456932.160793, 
        "translated": 116360
    }, 
    "hy": {
        "approved": 27, 
        "translated": 3061
    }, 
    "id": {
        "approved": 1521, 
        "translated": 7605
    }, 
    "it": {
        "approved": 46668, 
        "pending_since_timestamp": 1478467966.842159, 
        "translated": 114971
    }, 
    "ja": {
        "approved": 42733, 
        "pending_since_timestamp": 1478467966.842159, 
        "translated": 85531
    }, 
    "ka": {
        "approved": 185758, 
        "translated": 190279
    }, 
    "ko": {
        "approved": 143377, 
        "translated": 162528
    }, 
    "lol": {
        "approved": 595, 
        "translated": 8801
    }, 
    "mn": {
        "approved": 75047, 
        "translated": 82624
    }, 
    "ms": {
        "approved": 358, 
        "translated": 1019
    }, 
    "nb": {
        "approved": 97994, 
        "translated": 101080
    }, 
    "nl": {
        "approved": 96869, 
        "translated": 123121
    }, 
    "pl": {
        "approved": 238587, 
        "pending_since_timestamp": 1478465858.90184, 
        "translated": 239102
    }, 
    "pt": {
        "approved": 242467, 
        "pending_since_timestamp": 1478458940.009849, 
        "translated": 283253
    }, 
    "pt-pt": {
        "approved": 53661, 
        "translated": 82648
    }, 
    "ru": {
        "approved": 3218, 
        "translated": 20075
    }, 
    "sr": {
        "approved": 53292, 
        "translated": 70671
    }, 
    "sw": {
        "approved": 12782, 
        "translated": 33699
    }, 
    "te": {
        "approved": 17, 
        "translated": 217
    }, 
    "th": {
        "approved": 1190, 
        "translated": 119530
    }, 
    "tr": {
        "approved": 245374, 
        "translated": 325580
    }, 
    "uk": {
        "approved": 209, 
        "translated": 2592
    }, 
    "ur": {
        "approved": 370, 
        "translated": 1499
    }, 
    "xh": {
        "approved": 0, 
        "translated": 1
    }, 
    "zh-hans": {
        "approved": 595, 
        "translated": 5532
    }, 
    "zu": {
        "approved": 1, 
        "translated": 22
    }
}