{
    "ar": {
        "approved": 0, 
        "translated": 4295
    }, 
    "bg": {
        "approved": 117130, 
        "pending_since_timestamp": 1451400787.364082, 
        "translated": 163989
    }, 
    "bn": {
        "approved": 40748, 
        "pending_since_timestamp": 1451395134.686754, 
        "translated": 77893
    }, 
    "cs": {
        "approved": 13355, 
        "translated": 30058
    }, 
    "da": {
        "approved": 40052, 
        "translated": 72010
    }, 
    "de": {
        "approved": 109925, 
        "pending_since_timestamp": 1451400787.364082, 
        "translated": 110147
    }, 
    "el": {
        "approved": 0, 
        "translated": 6886
    }, 
    "es": {
        "approved": 201021, 
        "pending_since_timestamp": 1451405495.987271, 
        "translated": 311584
    }, 
    "fa": {
        "approved": 0, 
        "translated": 249
    }, 
    "fa-af": {
        "approved": 0, 
        "translated": 10
    }, 
    "fr": {
        "approved": 108685, 
        "pending_since_timestamp": 1451403536.341765, 
        "translated": 114863
    }, 
    "he": {
        "approved": 8560, 
        "pending_since_timestamp": 1451404501.972607, 
        "translated": 9151
    }, 
    "hi": {
        "approved": 69334, 
        "translated": 73537
    }, 
    "hy": {
        "approved": 0, 
        "translated": 132
    }, 
    "id": {
        "approved": 0, 
        "translated": 9084
    }, 
    "it": {
        "approved": 0, 
        "translated": 60909
    }, 
    "ja": {
        "approved": 24004, 
        "translated": 53282
    }, 
    "ko": {
        "approved": 76065, 
        "translated": 87750
    }, 
    "lol": {
        "approved": 702, 
        "translated": 5567
    }, 
    "mn": {
        "approved": 28724, 
        "pending_since_timestamp": 1451401694.084514, 
        "translated": 49291
    }, 
    "ms": {
        "approved": 0, 
        "translated": 805
    }, 
    "nb": {
        "approved": 86387, 
        "translated": 86929
    }, 
    "nl": {
        "approved": 49384, 
        "pending_since_timestamp": 1451394232.32597, 
        "translated": 75243
    }, 
    "pl": {
        "approved": 122552, 
        "pending_since_timestamp": 1451397958.618521, 
        "translated": 131310
    }, 
    "pt": {
        "approved": 159569, 
        "translated": 308639
    }, 
    "pt-pt": {
        "approved": 13882, 
        "pending_since_timestamp": 1451403536.341765, 
        "translated": 78986
    }, 
    "ru": {
        "approved": 1229, 
        "translated": 14228
    }, 
    "sr": {
        "approved": 35651, 
        "translated": 307407
    }, 
    "sw": {
        "approved": 12850, 
        "translated": 33716
    }, 
    "te": {
        "approved": 0, 
        "translated": 227
    }, 
    "th": {
        "approved": 0, 
        "translated": 127079
    }, 
    "tr": {
        "approved": 173934, 
        "pending_since_timestamp": 1451404501.972607, 
        "translated": 220884
    }, 
    "uk": {
        "approved": 0, 
        "pending_since_timestamp": 1451396013.411066, 
        "translated": 2528
    }, 
    "ur": {
        "approved": 0, 
        "translated": 1623
    }, 
    "xh": {
        "approved": 0, 
        "translated": 1
    }, 
    "zh-hans": {
        "approved": 0, 
        "translated": 4492
    }, 
    "zu": {
        "approved": 0, 
        "translated": 29
    }
}