{
    "ar": {
        "approved": 0, 
        "pending_since_timestamp": 1455552003.348968, 
        "translated": 4732
    }, 
    "bg": {
        "approved": 175521, 
        "translated": 176924
    }, 
    "bn": {
        "approved": 58661, 
        "pending_since_timestamp": 1455549836.500266, 
        "translated": 98460
    }, 
    "cs": {
        "approved": 12927, 
        "translated": 30806
    }, 
    "da": {
        "approved": 39608, 
        "pending_since_timestamp": 1455561511.085598, 
        "translated": 72391
    }, 
    "de": {
        "approved": 120982, 
        "pending_since_timestamp": 1455562722.890163, 
        "translated": 121275
    }, 
    "el": {
        "approved": 3, 
        "pending_since_timestamp": 1455559387.221548, 
        "translated": 7326
    }, 
    "es": {
        "approved": 203184, 
        "pending_since_timestamp": 1455559387.221548, 
        "translated": 324880
    }, 
    "fa": {
        "approved": 0, 
        "translated": 247
    }, 
    "fa-af": {
        "approved": 0, 
        "translated": 74
    }, 
    "fr": {
        "approved": 117780, 
        "pending_since_timestamp": 1455557986.6242, 
        "translated": 126272
    }, 
    "he": {
        "approved": 8507, 
        "translated": 9504
    }, 
    "hi": {
        "approved": 64123, 
        "translated": 79592
    }, 
    "hy": {
        "approved": 0, 
        "translated": 141
    }, 
    "id": {
        "approved": 0, 
        "translated": 8660
    }, 
    "it": {
        "approved": 0, 
        "translated": 75080
    }, 
    "ja": {
        "approved": 24451, 
        "translated": 56989
    }, 
    "ko": {
        "approved": 72470, 
        "pending_since_timestamp": 1455553025.176479, 
        "translated": 96807
    }, 
    "lol": {
        "approved": 596, 
        "translated": 8043
    }, 
    "mn": {
        "approved": 36177, 
        "pending_since_timestamp": 1455531469.251806, 
        "translated": 59288
    }, 
    "ms": {
        "approved": 0, 
        "translated": 824
    }, 
    "nb": {
        "approved": 84764, 
        "translated": 85926
    }, 
    "nl": {
        "approved": 49621, 
        "pending_since_timestamp": 1455554318.567424, 
        "translated": 83422
    }, 
    "pl": {
        "approved": 135288, 
        "pending_since_timestamp": 1455561511.085598, 
        "translated": 138660
    }, 
    "pt": {
        "approved": 151338, 
        "translated": 322311
    }, 
    "pt-pt": {
        "approved": 14586, 
        "pending_since_timestamp": 1455532544.087953, 
        "translated": 84902
    }, 
    "ru": {
        "approved": 1244, 
        "pending_since_timestamp": 1455537160.524484, 
        "translated": 20996
    }, 
    "sr": {
        "approved": 35788, 
        "pending_since_timestamp": 1455557986.6242, 
        "translated": 320816
    }, 
    "sw": {
        "approved": 12308, 
        "translated": 36100
    }, 
    "te": {
        "approved": 0, 
        "translated": 238
    }, 
    "th": {
        "approved": 0, 
        "translated": 129253
    }, 
    "tr": {
        "approved": 170679, 
        "translated": 233358
    }, 
    "uk": {
        "approved": 0, 
        "translated": 2724
    }, 
    "ur": {
        "approved": 0, 
        "translated": 1645
    }, 
    "xh": {
        "approved": 0, 
        "translated": 1
    }, 
    "zh-hans": {
        "approved": 0, 
        "translated": 4364
    }, 
    "zu": {
        "approved": 0, 
        "translated": 32
    }
}