{
    "ar": {
        "approved": 160, 
        "pending_since_timestamp": 1483098764.866111, 
        "translated": 3665
    }, 
    "bg": {
        "approved": 182761, 
        "pending_since_timestamp": 1483098764.866111, 
        "translated": 203192
    }, 
    "bn": {
        "approved": 121914, 
        "pending_since_timestamp": 1483098764.866111, 
        "translated": 136127
    }, 
    "cs": {
        "approved": 12230, 
        "pending_since_timestamp": 1483094231.537441, 
        "translated": 28943
    }, 
    "da": {
        "approved": 73867, 
        "pending_since_timestamp": 1483098764.866111, 
        "translated": 81626
    }, 
    "de": {
        "approved": 199193, 
        "pending_since_timestamp": 1483106141.204755, 
        "translated": 199995
    }, 
    "el": {
        "approved": 916, 
        "pending_since_timestamp": 1483098764.866111, 
        "translated": 10845
    }, 
    "es": {
        "approved": 309647, 
        "pending_since_timestamp": 1483098764.866111, 
        "translated": 329322
    }, 
    "fa": {
        "approved": 1, 
        "translated": 103
    }, 
    "fa-af": {
        "approved": 31, 
        "translated": 104
    }, 
    "fr": {
        "approved": 203883, 
        "translated": 218414
    }, 
    "he": {
        "approved": 6493, 
        "pending_since_timestamp": 1483098764.866111, 
        "translated": 7037
    }, 
    "hi": {
        "approved": 97109, 
        "pending_since_timestamp": 1483098764.866111, 
        "translated": 115794
    }, 
    "hy": {
        "approved": 6715, 
        "pending_since_timestamp": 1483098764.866111, 
        "translated": 11241
    }, 
    "id": {
        "approved": 532, 
        "pending_since_timestamp": 1483098764.866111, 
        "translated": 6321
    }, 
    "it": {
        "approved": 61294, 
        "pending_since_timestamp": 1483098764.866111, 
        "translated": 110268
    }, 
    "ja": {
        "approved": 98506, 
        "pending_since_timestamp": 1483098764.866111, 
        "translated": 115136
    }, 
    "ka": {
        "approved": 187377, 
        "pending_since_timestamp": 1483098764.866111, 
        "translated": 192507
    }, 
    "ko": {
        "approved": 142396, 
        "pending_since_timestamp": 1483098764.866111, 
        "translated": 158120
    }, 
    "lol": {
        "approved": 397, 
        "translated": 8672
    }, 
    "mn": {
        "approved": 73611, 
        "pending_since_timestamp": 1483098764.866111, 
        "translated": 81135
    }, 
    "ms": {
        "approved": 29, 
        "translated": 688
    }, 
    "nb": {
        "approved": 96166, 
        "pending_since_timestamp": 1483098764.866111, 
        "translated": 99232
    }, 
    "nl": {
        "approved": 96808, 
        "pending_since_timestamp": 1483098764.866111, 
        "translated": 120494
    }, 
    "pl": {
        "approved": 238623, 
        "translated": 238860
    }, 
    "pt": {
        "approved": 245494, 
        "pending_since_timestamp": 1483098764.866111, 
        "translated": 281774
    }, 
    "pt-pt": {
        "approved": 61939, 
        "pending_since_timestamp": 1483091452.990185, 
        "translated": 89047
    }, 
    "ru": {
        "approved": 1635, 
        "pending_since_timestamp": 1483098764.866111, 
        "translated": 18149
    }, 
    "sr": {
        "approved": 50968, 
        "pending_since_timestamp": 1483098764.866111, 
        "translated": 68925
    }, 
    "sw": {
        "approved": 11652, 
        "pending_since_timestamp": 1483098764.866111, 
        "translated": 31795
    }, 
    "te": {
        "approved": 16, 
        "translated": 214
    }, 
    "th": {
        "approved": 316, 
        "pending_since_timestamp": 1483098764.866111, 
        "translated": 117703
    }, 
    "tr": {
        "approved": 242518, 
        "pending_since_timestamp": 1483098764.866111, 
        "translated": 321658
    }, 
    "uk": {
        "approved": 98, 
        "pending_since_timestamp": 1483098764.866111, 
        "translated": 2480
    }, 
    "ur": {
        "approved": 92, 
        "pending_since_timestamp": 1483098764.866111, 
        "translated": 1203
    }, 
    "xh": {
        "approved": 40, 
        "translated": 40
    }, 
    "zh-hans": {
        "approved": 128, 
        "translated": 5041
    }, 
    "zu": {
        "approved": 1, 
        "translated": 22
    }
}