{
    "ar": {
        "approved": 0, 
        "translated": 4640
    }, 
    "bg": {
        "approved": 171359, 
        "pending_since_timestamp": 1460209937.366241, 
        "translated": 187687
    }, 
    "bn": {
        "approved": 73625, 
        "pending_since_timestamp": 1460091684.043567, 
        "translated": 122622
    }, 
    "cs": {
        "approved": 12800, 
        "translated": 29831
    }, 
    "da": {
        "approved": 40967, 
        "translated": 88982
    }, 
    "de": {
        "approved": 148777, 
        "translated": 149223
    }, 
    "el": {
        "approved": 252, 
        "pending_since_timestamp": 1460205254.617535, 
        "translated": 7157
    }, 
    "es": {
        "approved": 242825, 
        "translated": 366895
    }, 
    "fa": {
        "approved": 0, 
        "translated": 211
    }, 
    "fa-af": {
        "approved": 0, 
        "translated": 72
    }, 
    "fr": {
        "approved": 144887, 
        "pending_since_timestamp": 1460219999.258466, 
        "translated": 154198
    }, 
    "he": {
        "approved": 9266, 
        "translated": 9281
    }, 
    "hi": {
        "approved": 68442, 
        "translated": 83619
    }, 
    "hy": {
        "approved": 0, 
        "pending_since_timestamp": 1460208733.779182, 
        "translated": 1104
    }, 
    "id": {
        "approved": 0, 
        "translated": 8187
    }, 
    "it": {
        "approved": 0, 
        "translated": 90304
    }, 
    "ja": {
        "approved": 26164, 
        "translated": 58287
    }, 
    "ka": {
        "approved": 114199, 
        "translated": 118002
    }, 
    "ko": {
        "approved": 110627, 
        "translated": 128525
    }, 
    "lol": {
        "approved": 595, 
        "translated": 7607
    }, 
    "mn": {
        "approved": 76336, 
        "translated": 82813
    }, 
    "ms": {
        "approved": 0, 
        "translated": 750
    }, 
    "nb": {
        "approved": 88858, 
        "translated": 90381
    }, 
    "nl": {
        "approved": 55380, 
        "pending_since_timestamp": 1460218844.552982, 
        "translated": 102416
    }, 
    "pl": {
        "approved": 182958, 
        "pending_since_timestamp": 1460216050.782417, 
        "translated": 185282
    }, 
    "pt": {
        "approved": 180565, 
        "pending_since_timestamp": 1460217467.064127, 
        "translated": 363706
    }, 
    "pt-pt": {
        "approved": 17347, 
        "pending_since_timestamp": 1460208733.779182, 
        "translated": 92958
    }, 
    "ru": {
        "approved": 1177, 
        "translated": 20990
    }, 
    "sr": {
        "approved": 48464, 
        "translated": 362504
    }, 
    "sw": {
        "approved": 12190, 
        "translated": 36590
    }, 
    "te": {
        "approved": 0, 
        "translated": 216
    }, 
    "th": {
        "approved": 0, 
        "translated": 129557
    }, 
    "tr": {
        "approved": 171013, 
        "translated": 272490
    }, 
    "uk": {
        "approved": 0, 
        "translated": 2603
    }, 
    "ur": {
        "approved": 0, 
        "translated": 1553
    }, 
    "xh": {
        "approved": 0, 
        "translated": 1
    }, 
    "zh-hans": {
        "approved": 0, 
        "translated": 4138
    }, 
    "zu": {
        "approved": 0, 
        "translated": 23
    }
}