{
    "ar": {
        "approved": 0, 
        "pending_since_timestamp": 1469752518.323099, 
        "translated": 4664
    }, 
    "bg": {
        "approved": 206083, 
        "pending_since_timestamp": 1469805564.642645, 
        "translated": 231240
    }, 
    "bn": {
        "approved": 108383, 
        "pending_since_timestamp": 1469811942.743215, 
        "translated": 130201
    }, 
    "cs": {
        "approved": 12231, 
        "pending_since_timestamp": 1469811942.743215, 
        "translated": 30651
    }, 
    "da": {
        "approved": 76724, 
        "pending_since_timestamp": 1469811942.743215, 
        "translated": 85541
    }, 
    "de": {
        "approved": 158956, 
        "pending_since_timestamp": 1469780096.464044, 
        "translated": 160325
    }, 
    "el": {
        "approved": 374, 
        "pending_since_timestamp": 1469811942.743215, 
        "translated": 7940
    }, 
    "es": {
        "approved": 295948, 
        "translated": 397828
    }, 
    "fa": {
        "approved": 0, 
        "translated": 106
    }, 
    "fa-af": {
        "approved": 0, 
        "translated": 72
    }, 
    "fr": {
        "approved": 168445, 
        "pending_since_timestamp": 1469811942.743215, 
        "translated": 176134
    }, 
    "he": {
        "approved": 8496, 
        "pending_since_timestamp": 1469811942.743215, 
        "translated": 8735
    }, 
    "hi": {
        "approved": 68311, 
        "translated": 112023
    }, 
    "hy": {
        "approved": 0, 
        "translated": 3018
    }, 
    "id": {
        "approved": 0, 
        "translated": 7633
    }, 
    "it": {
        "approved": 15607, 
        "pending_since_timestamp": 1469802291.664493, 
        "translated": 108124
    }, 
    "ja": {
        "approved": 34336, 
        "pending_since_timestamp": 1469811942.743215, 
        "translated": 81580
    }, 
    "ka": {
        "approved": 145567, 
        "pending_since_timestamp": 1469777694.16909, 
        "translated": 147076
    }, 
    "ko": {
        "approved": 127159, 
        "pending_since_timestamp": 1469811942.743215, 
        "translated": 153111
    }, 
    "lol": {
        "approved": 603, 
        "translated": 8847
    }, 
    "mn": {
        "approved": 75571, 
        "translated": 83227
    }, 
    "ms": {
        "approved": 0, 
        "pending_since_timestamp": 1469752518.323099, 
        "translated": 734
    }, 
    "nb": {
        "approved": 98534, 
        "pending_since_timestamp": 1469811942.743215, 
        "translated": 101746
    }, 
    "nl": {
        "approved": 80588, 
        "pending_since_timestamp": 1469803577.953194, 
        "translated": 118581
    }, 
    "pl": {
        "approved": 206845, 
        "pending_since_timestamp": 1469795904.977738, 
        "translated": 207171
    }, 
    "pt": {
        "approved": 207590, 
        "pending_since_timestamp": 1469795904.977738, 
        "translated": 385018
    }, 
    "pt-pt": {
        "approved": 33343, 
        "pending_since_timestamp": 1469795904.977738, 
        "translated": 91673
    }, 
    "ru": {
        "approved": 1198, 
        "pending_since_timestamp": 1469811942.743215, 
        "translated": 19706
    }, 
    "sr": {
        "approved": 45782, 
        "translated": 382330
    }, 
    "sw": {
        "approved": 11695, 
        "pending_since_timestamp": 1469811942.743215, 
        "translated": 33708
    }, 
    "te": {
        "approved": 0, 
        "translated": 210
    }, 
    "th": {
        "approved": 0, 
        "pending_since_timestamp": 1469811942.743215, 
        "translated": 120461
    }, 
    "tr": {
        "approved": 212384, 
        "pending_since_timestamp": 1469800399.217656, 
        "translated": 292335
    }, 
    "uk": {
        "approved": 0, 
        "pending_since_timestamp": 1469752518.323099, 
        "translated": 2540
    }, 
    "ur": {
        "approved": 0, 
        "pending_since_timestamp": 1469752518.323099, 
        "translated": 1634
    }, 
    "xh": {
        "approved": 0, 
        "translated": 1
    }, 
    "zh-hans": {
        "approved": 0, 
        "pending_since_timestamp": 1469752518.323099, 
        "translated": 5206
    }, 
    "zu": {
        "approved": 0, 
        "translated": 22
    }
}