{
    "af": {
        "approved": 19, 
        "translated": 1504
    }, 
    "am": {
        "approved": 0, 
        "translated": 0
    }, 
    "ar": {
        "approved": 14520, 
        "pending_since_timestamp": 1540420585.734084, 
        "translated": 64595
    }, 
    "az": {
        "approved": 35927, 
        "translated": 37658
    }, 
    "bg": {
        "approved": 318567, 
        "pending_since_timestamp": 1540534333.754984, 
        "translated": 330729
    }, 
    "bn": {
        "approved": 147802, 
        "pending_since_timestamp": 1540559050.387882, 
        "translated": 161017
    }, 
    "ca": {
        "approved": 3, 
        "pending_since_timestamp": 1540228584.940241, 
        "translated": 2017
    }, 
    "cs": {
        "approved": 124542, 
        "translated": 143580
    }, 
    "da": {
        "approved": 170417, 
        "pending_since_timestamp": 1540561834.490351, 
        "translated": 188499
    }, 
    "de": {
        "approved": 299598, 
        "translated": 535254
    }, 
    "el": {
        "approved": 77050, 
        "translated": 92686
    }, 
    "es": {
        "approved": 421990, 
        "pending_since_timestamp": 1540564456.539137, 
        "translated": 445328
    }, 
    "et": {
        "approved": 44986, 
        "pending_since_timestamp": 1540228584.940241, 
        "translated": 46301
    }, 
    "fa": {
        "approved": 1, 
        "translated": 190
    }, 
    "fa-af": {
        "approved": 31, 
        "translated": 103
    }, 
    "fi": {
        "approved": 82402, 
        "pending_since_timestamp": 1539980048.05137, 
        "translated": 84121
    }, 
    "fil": {
        "approved": 204, 
        "translated": 297
    }, 
    "fr": {
        "approved": 283391, 
        "pending_since_timestamp": 1540575955.052965, 
        "translated": 286797
    }, 
    "fv": {
        "approved": 0, 
        "pending_since_timestamp": 1540420585.734084, 
        "translated": 67
    }, 
    "gu": {
        "approved": 95374, 
        "pending_since_timestamp": 1540529716.402274, 
        "translated": 138423
    }, 
    "he": {
        "approved": 8606, 
        "translated": 8639
    }, 
    "hi": {
        "approved": 167329, 
        "translated": 179698
    }, 
    "hr": {
        "approved": 10947, 
        "pending_since_timestamp": 1540228584.940241, 
        "translated": 16615
    }, 
    "ht": {
        "approved": 1, 
        "translated": 5
    }, 
    "hu": {
        "approved": 91790, 
        "pending_since_timestamp": 1540581340.230132, 
        "translated": 110455
    }, 
    "hy": {
        "approved": 102379, 
        "pending_since_timestamp": 1540508841.735674, 
        "translated": 125018
    }, 
    "id": {
        "approved": 72902, 
        "pending_since_timestamp": 1540590328.606135, 
        "translated": 89054
    }, 
    "it": {
        "approved": 155679, 
        "translated": 171327
    }, 
    "ja": {
        "approved": 124914, 
        "translated": 144526
    }, 
    "ka": {
        "approved": 274259, 
        "pending_since_timestamp": 1540570507.963957, 
        "translated": 279082
    }, 
    "ki": {
        "approved": 0, 
        "translated": 37
    }, 
    "kk": {
        "approved": 103, 
        "translated": 103
    }, 
    "km": {
        "approved": 0, 
        "translated": 52
    }, 
    "kn": {
        "approved": 14071, 
        "pending_since_timestamp": 1540125758.773108, 
        "translated": 21097
    }, 
    "ko": {
        "approved": 181879, 
        "translated": 212942
    }, 
    "ky": {
        "approved": 0, 
        "translated": 25
    }, 
    "lol": {
        "approved": 66883, 
        "translated": 82082
    }, 
    "lt": {
        "approved": 73823, 
        "pending_since_timestamp": 1539980048.05137, 
        "translated": 75704
    }, 
    "lv": {
        "approved": 54627, 
        "translated": 55062
    }, 
    "mn": {
        "approved": 82757, 
        "translated": 110667
    }, 
    "mr": {
        "approved": 0, 
        "translated": 0
    }, 
    "ms": {
        "approved": 29, 
        "translated": 663
    }, 
    "my": {
        "approved": 1, 
        "translated": 112
    }, 
    "nb": {
        "approved": 132141, 
        "pending_since_timestamp": 1540597903.63331, 
        "translated": 141854
    }, 
    "ne": {
        "approved": 0, 
        "translated": 1
    }, 
    "nl": {
        "approved": 125130, 
        "pending_since_timestamp": 1540561834.490351, 
        "translated": 140928
    }, 
    "nn": {
        "approved": 0, 
        "translated": 1633
    }, 
    "or": {
        "approved": 0, 
        "translated": 52
    }, 
    "pl": {
        "approved": 337807, 
        "translated": 338288
    }, 
    "ps": {
        "approved": 0, 
        "pending_since_timestamp": 1540330903.007457, 
        "translated": 23
    }, 
    "pt": {
        "approved": 367192, 
        "pending_since_timestamp": 1540590328.606135, 
        "translated": 407434
    }, 
    "pt-pt": {
        "approved": 147499, 
        "pending_since_timestamp": 1540559050.387882, 
        "translated": 177165
    }, 
    "ro": {
        "approved": 63880, 
        "pending_since_timestamp": 1540228584.940241, 
        "translated": 68162
    }, 
    "ru": {
        "approved": 100740, 
        "translated": 121978
    }, 
    "rw": {
        "approved": 0, 
        "translated": 0
    }, 
    "si": {
        "approved": 0, 
        "pending_since_timestamp": 1540228584.940241, 
        "translated": 198
    }, 
    "sk": {
        "approved": 0, 
        "pending_since_timestamp": 1540228584.940241, 
        "translated": 2174
    }, 
    "sl": {
        "approved": 0, 
        "translated": 0
    }, 
    "sq": {
        "approved": 98747, 
        "pending_since_timestamp": 1539980048.05137, 
        "translated": 102971
    }, 
    "sr": {
        "approved": 63025, 
        "translated": 81561
    }, 
    "sv": {
        "approved": 161280, 
        "translated": 543609
    }, 
    "sw": {
        "approved": 0, 
        "translated": 0
    }, 
    "ta": {
        "approved": 47418, 
        "pending_since_timestamp": 1540594885.464484, 
        "translated": 66775
    }, 
    "te": {
        "approved": 16, 
        "translated": 210
    }, 
    "th": {
        "approved": 299, 
        "translated": 133320
    }, 
    "tr": {
        "approved": 309945, 
        "pending_since_timestamp": 1540559050.387882, 
        "translated": 417154
    }, 
    "uk": {
        "approved": 70601, 
        "pending_since_timestamp": 1540559050.387882, 
        "translated": 90266
    }, 
    "ur": {
        "approved": 54614, 
        "translated": 57523
    }, 
    "uz": {
        "approved": 76873, 
        "pending_since_timestamp": 1539976900.418843, 
        "translated": 79690
    }, 
    "vi": {
        "approved": 2, 
        "pending_since_timestamp": 1540228584.940241, 
        "translated": 2010
    }, 
    "xh": {
        "approved": 40, 
        "translated": 40
    }, 
    "zh-hans": {
        "approved": 164917, 
        "pending_since_timestamp": 1540573154.908463, 
        "translated": 231414
    }, 
    "zh-hant": {
        "approved": 10034, 
        "pending_since_timestamp": 1540125758.773108, 
        "translated": 73536
    }, 
    "zu": {
        "approved": 1, 
        "translated": 18
    }
}