{
    "ar": {
        "approved": 0, 
        "pending_since_timestamp": 1443142752.794639, 
        "translated": 3759
    }, 
    "bg": {
        "approved": 69635, 
        "pending_since_timestamp": 1443165492.143277, 
        "translated": 133027
    }, 
    "bn": {
        "approved": 15737, 
        "pending_since_timestamp": 1443147588.632159, 
        "translated": 40016
    }, 
    "cs": {
        "approved": 0, 
        "translated": 3026
    }, 
    "da": {
        "approved": 22781, 
        "pending_since_timestamp": 1443141619.513416, 
        "translated": 68205
    }, 
    "de": {
        "approved": 91941, 
        "translated": 100337
    }, 
    "el": {
        "approved": 0, 
        "pending_since_timestamp": 1443142752.794639, 
        "translated": 6409
    }, 
    "es": {
        "approved": 182004, 
        "pending_since_timestamp": 1443161530.266885, 
        "translated": 281012
    }, 
    "fa": {
        "approved": 0, 
        "pending_since_timestamp": 1443141619.513416, 
        "translated": 223
    }, 
    "fa-af": {
        "approved": 0, 
        "translated": 0
    }, 
    "fr": {
        "approved": 101976, 
        "pending_since_timestamp": 1443165492.143277, 
        "translated": 105303
    }, 
    "he": {
        "approved": 8703, 
        "pending_since_timestamp": 1443142752.794639, 
        "translated": 9109
    }, 
    "hi": {
        "approved": 37298, 
        "pending_since_timestamp": 1443160553.887926, 
        "translated": 60052
    }, 
    "hy": {
        "approved": 0, 
        "translated": 107
    }, 
    "id": {
        "approved": 0, 
        "pending_since_timestamp": 1443141619.513416, 
        "translated": 9033
    }, 
    "it": {
        "approved": 0, 
        "translated": 41872
    }, 
    "ja": {
        "approved": 16098, 
        "pending_since_timestamp": 1443141619.513416, 
        "translated": 50816
    }, 
    "ko": {
        "approved": 81176, 
        "translated": 89275
    }, 
    "mn": {
        "approved": 0, 
        "pending_since_timestamp": 1443142752.794639, 
        "translated": 5835
    }, 
    "ms": {
        "approved": 0, 
        "translated": 696
    }, 
    "nb": {
        "approved": 84826, 
        "translated": 87682
    }, 
    "nl": {
        "approved": 27566, 
        "pending_since_timestamp": 1443155692.267552, 
        "translated": 40842
    }, 
    "pl": {
        "approved": 108591, 
        "pending_since_timestamp": 1443155692.267552, 
        "translated": 124323
    }, 
    "pt": {
        "approved": 145706, 
        "translated": 278272
    }, 
    "pt-pt": {
        "approved": 13502, 
        "pending_since_timestamp": 1443141619.513416, 
        "translated": 40796
    }, 
    "ru": {
        "approved": 0, 
        "pending_since_timestamp": 1443141619.513416, 
        "translated": 11199
    }, 
    "sr": {
        "approved": 33052, 
        "translated": 277022
    }, 
    "sw": {
        "approved": 0, 
        "pending_since_timestamp": 1443155692.267552, 
        "translated": 11817
    }, 
    "te": {
        "approved": 0, 
        "translated": 101
    }, 
    "th": {
        "approved": 0, 
        "pending_since_timestamp": 1443151405.302591, 
        "translated": 104784
    }, 
    "tr": {
        "approved": 176445, 
        "pending_since_timestamp": 1443164364.607601, 
        "translated": 196894
    }, 
    "uk": {
        "approved": 0, 
        "pending_since_timestamp": 1443141619.513416, 
        "translated": 1483
    }, 
    "ur": {
        "approved": 0, 
        "translated": 1514
    }, 
    "xh": {
        "approved": 0, 
        "translated": 1
    }, 
    "zh-hans": {
        "approved": 0, 
        "translated": 4637
    }, 
    "zu": {
        "approved": 0, 
        "translated": 26
    }
}