{
    "ar": {
        "approved": 160, 
        "translated": 3664
    }, 
    "bg": {
        "approved": 197816, 
        "pending_since_timestamp": 1485508705.938377, 
        "translated": 205096
    }, 
    "bn": {
        "approved": 125446, 
        "translated": 138630
    }, 
    "cs": {
        "approved": 12210, 
        "translated": 28913
    }, 
    "da": {
        "approved": 73789, 
        "translated": 81507
    }, 
    "de": {
        "approved": 201326, 
        "translated": 201639
    }, 
    "el": {
        "approved": 1024, 
        "translated": 15529
    }, 
    "es": {
        "approved": 319643, 
        "translated": 341124
    }, 
    "fa": {
        "approved": 1, 
        "translated": 103
    }, 
    "fa-af": {
        "approved": 31, 
        "translated": 104
    }, 
    "fr": {
        "approved": 214688, 
        "pending_since_timestamp": 1485513835.231141, 
        "translated": 223361
    }, 
    "he": {
        "approved": 6471, 
        "translated": 7015
    }, 
    "hi": {
        "approved": 96801, 
        "translated": 115466
    }, 
    "hy": {
        "approved": 7379, 
        "translated": 12271
    }, 
    "id": {
        "approved": 532, 
        "translated": 6299
    }, 
    "it": {
        "approved": 61406, 
        "pending_since_timestamp": 1485504286.762456, 
        "translated": 112316
    }, 
    "ja": {
        "approved": 99801, 
        "translated": 115997
    }, 
    "ka": {
        "approved": 188850, 
        "translated": 194037
    }, 
    "ko": {
        "approved": 151022, 
        "pending_since_timestamp": 1485330077.613994, 
        "translated": 160489
    }, 
    "lol": {
        "approved": 397, 
        "translated": 8651
    }, 
    "mn": {
        "approved": 73259, 
        "translated": 80767
    }, 
    "ms": {
        "approved": 29, 
        "translated": 685
    }, 
    "nb": {
        "approved": 95996, 
        "translated": 99180
    }, 
    "nl": {
        "approved": 99527, 
        "pending_since_timestamp": 1485508705.938377, 
        "translated": 125084
    }, 
    "pl": {
        "approved": 246125, 
        "pending_since_timestamp": 1485510085.346527, 
        "translated": 246354
    }, 
    "pt": {
        "approved": 250319, 
        "pending_since_timestamp": 1485510085.346527, 
        "translated": 287270
    }, 
    "pt-pt": {
        "approved": 66614, 
        "translated": 92314
    }, 
    "ru": {
        "approved": 1635, 
        "translated": 18065
    }, 
    "sr": {
        "approved": 50790, 
        "translated": 68730
    }, 
    "sw": {
        "approved": 11632, 
        "translated": 31887
    }, 
    "te": {
        "approved": 16, 
        "translated": 214
    }, 
    "th": {
        "approved": 316, 
        "translated": 120206
    }, 
    "tr": {
        "approved": 242323, 
        "translated": 330004
    }, 
    "uk": {
        "approved": 98, 
        "translated": 2479
    }, 
    "ur": {
        "approved": 92, 
        "translated": 1201
    }, 
    "xh": {
        "approved": 40, 
        "translated": 40
    }, 
    "zh-hans": {
        "approved": 128, 
        "translated": 5021
    }, 
    "zu": {
        "approved": 1, 
        "translated": 22
    }
}