{
    "ar": {
        "approved": 0, 
        "pending_since_timestamp": 1471653649.183753, 
        "translated": 4460
    }, 
    "bg": {
        "approved": 196157, 
        "pending_since_timestamp": 1471645921.829626, 
        "translated": 223533
    }, 
    "bn": {
        "approved": 112936, 
        "pending_since_timestamp": 1471668013.728453, 
        "translated": 130835
    }, 
    "cs": {
        "approved": 12088, 
        "pending_since_timestamp": 1471653649.183753, 
        "translated": 30200
    }, 
    "da": {
        "approved": 75427, 
        "pending_since_timestamp": 1471653649.183753, 
        "translated": 83971
    }, 
    "de": {
        "approved": 169835, 
        "pending_since_timestamp": 1471653649.183753, 
        "translated": 170076
    }, 
    "el": {
        "approved": 371, 
        "translated": 7664
    }, 
    "es": {
        "approved": 292191, 
        "pending_since_timestamp": 1471616007.391721, 
        "translated": 405441
    }, 
    "fa": {
        "approved": 0, 
        "translated": 104
    }, 
    "fa-af": {
        "approved": 0, 
        "translated": 72
    }, 
    "fr": {
        "approved": 168153, 
        "translated": 174988
    }, 
    "he": {
        "approved": 8394, 
        "pending_since_timestamp": 1471653649.183753, 
        "translated": 8710
    }, 
    "hi": {
        "approved": 91427, 
        "pending_since_timestamp": 1471653649.183753, 
        "translated": 112065
    }, 
    "hy": {
        "approved": 0, 
        "translated": 3013
    }, 
    "id": {
        "approved": 0, 
        "pending_since_timestamp": 1471653649.183753, 
        "translated": 7128
    }, 
    "it": {
        "approved": 15494, 
        "translated": 107514
    }, 
    "ja": {
        "approved": 34188, 
        "pending_since_timestamp": 1471653649.183753, 
        "translated": 81206
    }, 
    "ka": {
        "approved": 148956, 
        "translated": 150804
    }, 
    "ko": {
        "approved": 129634, 
        "translated": 151395
    }, 
    "lol": {
        "approved": 599, 
        "translated": 8814
    }, 
    "mn": {
        "approved": 74878, 
        "pending_since_timestamp": 1471653649.183753, 
        "translated": 82492
    }, 
    "ms": {
        "approved": 0, 
        "translated": 725
    }, 
    "nb": {
        "approved": 97734, 
        "pending_since_timestamp": 1471653649.183753, 
        "translated": 100894
    }, 
    "nl": {
        "approved": 81865, 
        "pending_since_timestamp": 1471621458.336062, 
        "translated": 117602
    }, 
    "pl": {
        "approved": 209173, 
        "pending_since_timestamp": 1471671109.163152, 
        "translated": 209568
    }, 
    "pt": {
        "approved": 204344, 
        "pending_since_timestamp": 1471656383.143833, 
        "translated": 403072
    }, 
    "pt-pt": {
        "approved": 37834, 
        "pending_since_timestamp": 1471617615.842231, 
        "translated": 72877
    }, 
    "ru": {
        "approved": 1190, 
        "translated": 19403
    }, 
    "sr": {
        "approved": 50976, 
        "pending_since_timestamp": 1471653649.183753, 
        "translated": 401099
    }, 
    "sw": {
        "approved": 11553, 
        "pending_since_timestamp": 1471653649.183753, 
        "translated": 33166
    }, 
    "te": {
        "approved": 0, 
        "translated": 212
    }, 
    "th": {
        "approved": 0, 
        "translated": 119491
    }, 
    "tr": {
        "approved": 204127, 
        "pending_since_timestamp": 1471671109.163152, 
        "translated": 299038
    }, 
    "uk": {
        "approved": 0, 
        "translated": 2521
    }, 
    "ur": {
        "approved": 0, 
        "translated": 1419
    }, 
    "xh": {
        "approved": 0, 
        "translated": 1
    }, 
    "zh-hans": {
        "approved": 0, 
        "translated": 5125
    }, 
    "zu": {
        "approved": 0, 
        "pending_since_timestamp": 1470762331.56727, 
        "translated": 22
    }
}