{
    "af": {
        "approved": 19, 
        "translated": 1518
    }, 
    "am": {
        "approved": 0, 
        "translated": 0
    }, 
    "ar": {
        "approved": 579, 
        "pending_since_timestamp": 1528677775.030607, 
        "translated": 26843
    }, 
    "az": {
        "approved": 35989, 
        "translated": 37765
    }, 
    "bg": {
        "approved": 300344, 
        "translated": 300865
    }, 
    "bn": {
        "approved": 150502, 
        "translated": 159144
    }, 
    "ca": {
        "approved": 3, 
        "translated": 2080
    }, 
    "cs": {
        "approved": 88153, 
        "pending_since_timestamp": 1528729043.783978, 
        "translated": 114985
    }, 
    "da": {
        "approved": 141199, 
        "pending_since_timestamp": 1528722273.265988, 
        "translated": 165017
    }, 
    "de": {
        "approved": 287565, 
        "pending_since_timestamp": 1528748742.777237, 
        "translated": 532767
    }, 
    "el": {
        "approved": 5524, 
        "pending_since_timestamp": 1528675727.236819, 
        "translated": 24518
    }, 
    "es": {
        "approved": 398937, 
        "pending_since_timestamp": 1528739818.85233, 
        "translated": 420690
    }, 
    "et": {
        "approved": 45080, 
        "translated": 46411
    }, 
    "fa": {
        "approved": 1, 
        "translated": 192
    }, 
    "fa-af": {
        "approved": 31, 
        "translated": 103
    }, 
    "fi": {
        "approved": 82557, 
        "translated": 84685
    }, 
    "fil": {
        "approved": 210, 
        "translated": 303
    }, 
    "fr": {
        "approved": 278605, 
        "pending_since_timestamp": 1528726907.276367, 
        "translated": 282084
    }, 
    "gu": {
        "approved": 34062, 
        "translated": 53426
    }, 
    "he": {
        "approved": 7274, 
        "translated": 8880
    }, 
    "hi": {
        "approved": 169080, 
        "translated": 181921
    }, 
    "hr": {
        "approved": 10999, 
        "translated": 16745
    }, 
    "ht": {
        "approved": 1, 
        "translated": 5
    }, 
    "hu": {
        "approved": 89030, 
        "pending_since_timestamp": 1528700413.068102, 
        "translated": 106964
    }, 
    "hy": {
        "approved": 88905, 
        "translated": 96936
    }, 
    "id": {
        "approved": 43943, 
        "pending_since_timestamp": 1528682545.304789, 
        "translated": 63574
    }, 
    "it": {
        "approved": 135543, 
        "translated": 155920
    }, 
    "ja": {
        "approved": 127797, 
        "translated": 144739
    }, 
    "ka": {
        "approved": 263035, 
        "translated": 264553
    }, 
    "ki": {
        "approved": 0, 
        "translated": 37
    }, 
    "km": {
        "approved": 0, 
        "translated": 52
    }, 
    "kn": {
        "approved": 618, 
        "pending_since_timestamp": 1528633602.441466, 
        "translated": 15337
    }, 
    "ko": {
        "approved": 179814, 
        "translated": 197645
    }, 
    "ky": {
        "approved": 0, 
        "translated": 26
    }, 
    "lol": {
        "approved": 67365, 
        "translated": 82571
    }, 
    "lt": {
        "approved": 0, 
        "translated": 1601
    }, 
    "lv": {
        "approved": 54728, 
        "translated": 55056
    }, 
    "mn": {
        "approved": 87401, 
        "translated": 115317
    }, 
    "mr": {
        "approved": 0, 
        "translated": 0
    }, 
    "ms": {
        "approved": 29, 
        "translated": 673
    }, 
    "my": {
        "approved": 1, 
        "translated": 117
    }, 
    "nb": {
        "approved": 133798, 
        "translated": 140996
    }, 
    "ne": {
        "approved": 0, 
        "translated": 1
    }, 
    "nl": {
        "approved": 117909, 
        "translated": 137408
    }, 
    "nn": {
        "approved": 0, 
        "translated": 1655
    }, 
    "or": {
        "approved": 0, 
        "translated": 56
    }, 
    "pl": {
        "approved": 319742, 
        "pending_since_timestamp": 1528733552.646004, 
        "translated": 320355
    }, 
    "ps": {
        "approved": 0, 
        "translated": 24
    }, 
    "pt": {
        "approved": 353584, 
        "pending_since_timestamp": 1528751148.967874, 
        "translated": 397529
    }, 
    "pt-pt": {
        "approved": 143197, 
        "translated": 175207
    }, 
    "ro": {
        "approved": 64192, 
        "translated": 68277
    }, 
    "ru": {
        "approved": 98423, 
        "translated": 122584
    }, 
    "rw": {
        "approved": 0, 
        "translated": 0
    }, 
    "si": {
        "approved": 0, 
        "translated": 202
    }, 
    "sk": {
        "approved": 0, 
        "translated": 2232
    }, 
    "sl": {
        "approved": 0, 
        "translated": 0
    }, 
    "sq": {
        "approved": 49741, 
        "translated": 66132
    }, 
    "sr": {
        "approved": 65574, 
        "pending_since_timestamp": 1528729043.783978, 
        "translated": 83050
    }, 
    "sv": {
        "approved": 154840, 
        "pending_since_timestamp": 1528746483.053993, 
        "translated": 548090
    }, 
    "sw": {
        "approved": 0, 
        "translated": 0
    }, 
    "ta": {
        "approved": 44135, 
        "translated": 61183
    }, 
    "te": {
        "approved": 16, 
        "translated": 227
    }, 
    "th": {
        "approved": 303, 
        "pending_since_timestamp": 1528689694.227678, 
        "translated": 134892
    }, 
    "tr": {
        "approved": 305064, 
        "pending_since_timestamp": 1528748742.777237, 
        "translated": 407853
    }, 
    "uk": {
        "approved": 98, 
        "translated": 2502
    }, 
    "ur": {
        "approved": 54679, 
        "translated": 57592
    }, 
    "uz": {
        "approved": 147, 
        "translated": 1441
    }, 
    "vi": {
        "approved": 2, 
        "translated": 1479
    }, 
    "xh": {
        "approved": 40, 
        "translated": 40
    }, 
    "zh-hans": {
        "approved": 74319, 
        "pending_since_timestamp": 1528733552.646004, 
        "translated": 118026
    }, 
    "zh-hant": {
        "approved": 9599, 
        "pending_since_timestamp": 1528698316.629253, 
        "translated": 68718
    }, 
    "zu": {
        "approved": 1, 
        "translated": 18
    }
}