{
    "ar": {
        "approved": 1047, 
        "translated": 4723
    }, 
    "bg": {
        "approved": 215185, 
        "pending_since_timestamp": 1476946470.874344, 
        "translated": 236253
    }, 
    "bn": {
        "approved": 118800, 
        "translated": 136547
    }, 
    "cs": {
        "approved": 13083, 
        "translated": 30207
    }, 
    "da": {
        "approved": 79976, 
        "translated": 87535
    }, 
    "de": {
        "approved": 186337, 
        "pending_since_timestamp": 1476958174.67964, 
        "translated": 187063
    }, 
    "el": {
        "approved": 2074, 
        "translated": 9780
    }, 
    "es": {
        "approved": 330453, 
        "pending_since_timestamp": 1476935856.868521, 
        "translated": 431466
    }, 
    "fa": {
        "approved": 2, 
        "translated": 106
    }, 
    "fa-af": {
        "approved": 0, 
        "translated": 72
    }, 
    "fr": {
        "approved": 187528, 
        "translated": 198504
    }, 
    "he": {
        "approved": 9060, 
        "translated": 9594
    }, 
    "hi": {
        "approved": 93511, 
        "pending_since_timestamp": 1476971152.035033, 
        "translated": 116393
    }, 
    "hy": {
        "approved": 27, 
        "translated": 3012
    }, 
    "id": {
        "approved": 1518, 
        "translated": 7638
    }, 
    "it": {
        "approved": 45281, 
        "pending_since_timestamp": 1476958174.67964, 
        "translated": 111586
    }, 
    "ja": {
        "approved": 41555, 
        "pending_since_timestamp": 1476919531.296153, 
        "translated": 85046
    }, 
    "ka": {
        "approved": 182674, 
        "pending_since_timestamp": 1476979090.755076, 
        "translated": 184747
    }, 
    "ko": {
        "approved": 141544, 
        "translated": 159096
    }, 
    "lol": {
        "approved": 596, 
        "translated": 8802
    }, 
    "mn": {
        "approved": 75099, 
        "translated": 82678
    }, 
    "ms": {
        "approved": 357, 
        "translated": 1018
    }, 
    "nb": {
        "approved": 98078, 
        "translated": 101166
    }, 
    "nl": {
        "approved": 96860, 
        "pending_since_timestamp": 1476958174.67964, 
        "translated": 122828
    }, 
    "pl": {
        "approved": 233620, 
        "pending_since_timestamp": 1476982328.162511, 
        "translated": 234228
    }, 
    "pt": {
        "approved": 230826, 
        "pending_since_timestamp": 1476975635.547395, 
        "translated": 428215
    }, 
    "pt-pt": {
        "approved": 51646, 
        "translated": 82365
    }, 
    "ru": {
        "approved": 3212, 
        "translated": 19990
    }, 
    "sr": {
        "approved": 53350, 
        "pending_since_timestamp": 1476971152.035033, 
        "translated": 424206
    }, 
    "sw": {
        "approved": 12790, 
        "translated": 33754
    }, 
    "te": {
        "approved": 17, 
        "translated": 217
    }, 
    "th": {
        "approved": 1189, 
        "pending_since_timestamp": 1476971152.035033, 
        "translated": 119611
    }, 
    "tr": {
        "approved": 221630, 
        "pending_since_timestamp": 1476971152.035033, 
        "translated": 323524
    }, 
    "uk": {
        "approved": 209, 
        "translated": 2590
    }, 
    "ur": {
        "approved": 369, 
        "translated": 1498
    }, 
    "xh": {
        "approved": 0, 
        "translated": 1
    }, 
    "zh-hans": {
        "approved": 594, 
        "translated": 5454
    }, 
    "zu": {
        "approved": 1, 
        "translated": 22
    }
}