{
    "ar": {
        "approved": 0, 
        "pending_since_timestamp": 1449245679.139027, 
        "translated": 3966
    }, 
    "bg": {
        "approved": 121653, 
        "pending_since_timestamp": 1449264771.969123, 
        "translated": 160937
    }, 
    "bn": {
        "approved": 38522, 
        "pending_since_timestamp": 1449250540.093457, 
        "translated": 70248
    }, 
    "cs": {
        "approved": 13545, 
        "pending_since_timestamp": 1449261013.083194, 
        "translated": 26692
    }, 
    "da": {
        "approved": 34345, 
        "translated": 71492
    }, 
    "de": {
        "approved": 106754, 
        "pending_since_timestamp": 1449272488.115537, 
        "translated": 107160
    }, 
    "el": {
        "approved": 0, 
        "pending_since_timestamp": 1449276360.444915, 
        "translated": 6879
    }, 
    "es": {
        "approved": 199326, 
        "pending_since_timestamp": 1449268465.213644, 
        "translated": 298293
    }, 
    "fa": {
        "approved": 0, 
        "pending_since_timestamp": 1449257063.85719, 
        "translated": 228
    }, 
    "fa-af": {
        "approved": 0, 
        "translated": 10
    }, 
    "fr": {
        "approved": 107316, 
        "translated": 113968
    }, 
    "he": {
        "approved": 8599, 
        "pending_since_timestamp": 1449261013.083194, 
        "translated": 9122
    }, 
    "hi": {
        "approved": 72780, 
        "translated": 73056
    }, 
    "hy": {
        "approved": 0, 
        "translated": 132
    }, 
    "id": {
        "approved": 0, 
        "translated": 9218
    }, 
    "it": {
        "approved": 0, 
        "pending_since_timestamp": 1449261013.083194, 
        "translated": 56061
    }, 
    "ja": {
        "approved": 21230, 
        "pending_since_timestamp": 1449251440.689717, 
        "translated": 53900
    }, 
    "ko": {
        "approved": 77572, 
        "pending_since_timestamp": 1449261013.083194, 
        "translated": 88066
    }, 
    "lol": {
        "approved": 705, 
        "translated": 5645
    }, 
    "mn": {
        "approved": 17514, 
        "pending_since_timestamp": 1449242806.605855, 
        "translated": 39138
    }, 
    "ms": {
        "approved": 0, 
        "translated": 801
    }, 
    "nb": {
        "approved": 88425, 
        "pending_since_timestamp": 1449276360.444915, 
        "translated": 89166
    }, 
    "nl": {
        "approved": 45644, 
        "pending_since_timestamp": 1449261013.083194, 
        "translated": 64204
    }, 
    "pl": {
        "approved": 117695, 
        "pending_since_timestamp": 1449264771.969123, 
        "translated": 127582
    }, 
    "pt": {
        "approved": 158155, 
        "pending_since_timestamp": 1449269505.545145, 
        "translated": 295508
    }, 
    "pt-pt": {
        "approved": 13869, 
        "translated": 79407
    }, 
    "ru": {
        "approved": 1232, 
        "pending_since_timestamp": 1449256182.092347, 
        "translated": 13974
    }, 
    "sr": {
        "approved": 35975, 
        "pending_since_timestamp": 1449272488.115537, 
        "translated": 294243
    }, 
    "sw": {
        "approved": 13040, 
        "pending_since_timestamp": 1449255076.230276, 
        "translated": 31643
    }, 
    "te": {
        "approved": 0, 
        "translated": 102
    }, 
    "th": {
        "approved": 0, 
        "pending_since_timestamp": 1449241932.333836, 
        "translated": 128440
    }, 
    "tr": {
        "approved": 174711, 
        "translated": 209971
    }, 
    "uk": {
        "approved": 0, 
        "translated": 1608
    }, 
    "ur": {
        "approved": 0, 
        "translated": 1570
    }, 
    "xh": {
        "approved": 0, 
        "translated": 1
    }, 
    "zh-hans": {
        "approved": 0, 
        "translated": 4310
    }, 
    "zu": {
        "approved": 0, 
        "translated": 29
    }
}