{
    "ar": {
        "approved": 385, 
        "translated": 4399
    }, 
    "bg": {
        "approved": 196061, 
        "pending_since_timestamp": 1493987420.068258, 
        "translated": 229138
    }, 
    "bn": {
        "approved": 134939, 
        "pending_since_timestamp": 1494054429.99585, 
        "translated": 146451
    }, 
    "cs": {
        "approved": 11698, 
        "pending_since_timestamp": 1493981711.338186, 
        "translated": 29122
    }, 
    "da": {
        "approved": 71809, 
        "pending_since_timestamp": 1493981711.338186, 
        "translated": 84994
    }, 
    "de": {
        "approved": 212493, 
        "pending_since_timestamp": 1494084430.237921, 
        "translated": 213105
    }, 
    "el": {
        "approved": 1792, 
        "pending_since_timestamp": 1493975680.961839, 
        "translated": 18603
    }, 
    "es": {
        "approved": 344495, 
        "pending_since_timestamp": 1494085970.683161, 
        "translated": 362341
    }, 
    "fa": {
        "approved": 1, 
        "translated": 100
    }, 
    "fa-af": {
        "approved": 31, 
        "translated": 104
    }, 
    "fr": {
        "approved": 230619, 
        "pending_since_timestamp": 1494054429.99585, 
        "translated": 239203
    }, 
    "he": {
        "approved": 7274, 
        "translated": 7276
    }, 
    "hi": {
        "approved": 98408, 
        "pending_since_timestamp": 1494084430.237921, 
        "translated": 114361
    }, 
    "hy": {
        "approved": 7403, 
        "translated": 12274
    }, 
    "id": {
        "approved": 531, 
        "translated": 6460
    }, 
    "it": {
        "approved": 92980, 
        "pending_since_timestamp": 1494003306.858774, 
        "translated": 123951
    }, 
    "ja": {
        "approved": 100658, 
        "pending_since_timestamp": 1493999982.584801, 
        "translated": 119345
    }, 
    "ka": {
        "approved": 192813, 
        "pending_since_timestamp": 1493989865.336837, 
        "translated": 202632
    }, 
    "ko": {
        "approved": 153118, 
        "translated": 170135
    }, 
    "lol": {
        "approved": 382, 
        "translated": 8598
    }, 
    "mn": {
        "approved": 81312, 
        "translated": 104048
    }, 
    "ms": {
        "approved": 29, 
        "translated": 650
    }, 
    "nb": {
        "approved": 93027, 
        "translated": 98042
    }, 
    "nl": {
        "approved": 106504, 
        "translated": 128360
    }, 
    "pl": {
        "approved": 265681, 
        "pending_since_timestamp": 1494084430.237921, 
        "translated": 265773
    }, 
    "pt": {
        "approved": 280189, 
        "translated": 315834
    }, 
    "pt-pt": {
        "approved": 84500, 
        "pending_since_timestamp": 1494003306.858774, 
        "translated": 115121
    }, 
    "ru": {
        "approved": 1535, 
        "pending_since_timestamp": 1493981711.338186, 
        "translated": 18452
    }, 
    "sr": {
        "approved": 50455, 
        "translated": 68179
    }, 
    "sw": {
        "approved": 40594, 
        "pending_since_timestamp": 1493968816.216344, 
        "translated": 57924
    }, 
    "te": {
        "approved": 16, 
        "translated": 241
    }, 
    "th": {
        "approved": 300, 
        "translated": 118499
    }, 
    "tr": {
        "approved": 263785, 
        "pending_since_timestamp": 1494054429.99585, 
        "translated": 363064
    }, 
    "uk": {
        "approved": 98, 
        "translated": 2531
    }, 
    "ur": {
        "approved": 92, 
        "translated": 1157
    }, 
    "xh": {
        "approved": 40, 
        "translated": 40
    }, 
    "zh-hans": {
        "approved": 3647, 
        "pending_since_timestamp": 1493965067.764739, 
        "translated": 20808
    }, 
    "zu": {
        "approved": 1, 
        "translated": 20
    }
}