{
    "af": {
        "approved": 19, 
        "translated": 1516
    }, 
    "am": {
        "approved": 0, 
        "translated": 0
    }, 
    "ar": {
        "approved": 577, 
        "pending_since_timestamp": 1532501681.026906, 
        "translated": 30358
    }, 
    "az": {
        "approved": 35976, 
        "translated": 37745
    }, 
    "bg": {
        "approved": 300714, 
        "pending_since_timestamp": 1532499506.041833, 
        "translated": 301064
    }, 
    "bn": {
        "approved": 146777, 
        "pending_since_timestamp": 1532497372.39405, 
        "translated": 157279
    }, 
    "ca": {
        "approved": 3, 
        "translated": 2062
    }, 
    "cs": {
        "approved": 96785, 
        "pending_since_timestamp": 1532506500.708872, 
        "translated": 118564
    }, 
    "da": {
        "approved": 145880, 
        "translated": 170213
    }, 
    "de": {
        "approved": 288043, 
        "translated": 530003
    }, 
    "el": {
        "approved": 77152, 
        "pending_since_timestamp": 1532437420.768914, 
        "translated": 92479
    }, 
    "es": {
        "approved": 405942, 
        "pending_since_timestamp": 1532497372.39405, 
        "translated": 427133
    }, 
    "et": {
        "approved": 45049, 
        "pending_since_timestamp": 1532437420.768914, 
        "translated": 46373
    }, 
    "fa": {
        "approved": 1, 
        "translated": 192
    }, 
    "fa-af": {
        "approved": 31, 
        "translated": 103
    }, 
    "fi": {
        "approved": 82888, 
        "translated": 84582
    }, 
    "fil": {
        "approved": 210, 
        "translated": 303
    }, 
    "fr": {
        "approved": 276480, 
        "pending_since_timestamp": 1532519389.482733, 
        "translated": 280173
    }, 
    "gu": {
        "approved": 34346, 
        "pending_since_timestamp": 1532504117.412538, 
        "translated": 113653
    }, 
    "he": {
        "approved": 8735, 
        "translated": 8738
    }, 
    "hi": {
        "approved": 168288, 
        "translated": 180667
    }, 
    "hr": {
        "approved": 10994, 
        "translated": 16683
    }, 
    "ht": {
        "approved": 1, 
        "translated": 5
    }, 
    "hu": {
        "approved": 89774, 
        "pending_since_timestamp": 1532259583.564619, 
        "translated": 108267
    }, 
    "hy": {
        "approved": 95523, 
        "pending_since_timestamp": 1532499506.041833, 
        "translated": 104307
    }, 
    "id": {
        "approved": 51888, 
        "pending_since_timestamp": 1532524454.894507, 
        "translated": 73980
    }, 
    "it": {
        "approved": 135554, 
        "translated": 155101
    }, 
    "ja": {
        "approved": 123776, 
        "translated": 141377
    }, 
    "ka": {
        "approved": 262126, 
        "pending_since_timestamp": 1532508838.01247, 
        "translated": 263685
    }, 
    "ki": {
        "approved": 0, 
        "translated": 37
    }, 
    "km": {
        "approved": 0, 
        "translated": 52
    }, 
    "kn": {
        "approved": 1661, 
        "pending_since_timestamp": 1532324453.496302, 
        "translated": 17979
    }, 
    "ko": {
        "approved": 178572, 
        "pending_since_timestamp": 1532497372.39405, 
        "translated": 199696
    }, 
    "ky": {
        "approved": 0, 
        "translated": 25
    }, 
    "lol": {
        "approved": 67332, 
        "translated": 82537
    }, 
    "lt": {
        "approved": 74288, 
        "translated": 76171
    }, 
    "lv": {
        "approved": 54697, 
        "translated": 55106
    }, 
    "mn": {
        "approved": 82803, 
        "translated": 110719
    }, 
    "mr": {
        "approved": 0, 
        "translated": 0
    }, 
    "ms": {
        "approved": 29, 
        "translated": 678
    }, 
    "my": {
        "approved": 1, 
        "translated": 116
    }, 
    "nb": {
        "approved": 130538, 
        "translated": 138082
    }, 
    "ne": {
        "approved": 0, 
        "translated": 1
    }, 
    "nl": {
        "approved": 116838, 
        "translated": 136591
    }, 
    "nn": {
        "approved": 0, 
        "translated": 1651
    }, 
    "or": {
        "approved": 0, 
        "translated": 54
    }, 
    "pl": {
        "approved": 323605, 
        "pending_since_timestamp": 1532519389.482733, 
        "translated": 324325
    }, 
    "ps": {
        "approved": 0, 
        "translated": 23
    }, 
    "pt": {
        "approved": 356361, 
        "pending_since_timestamp": 1532522065.868723, 
        "translated": 395972
    }, 
    "pt-pt": {
        "approved": 143119, 
        "pending_since_timestamp": 1532452008.458818, 
        "translated": 172530
    }, 
    "ro": {
        "approved": 64068, 
        "pending_since_timestamp": 1532437420.768914, 
        "translated": 68193
    }, 
    "ru": {
        "approved": 100673, 
        "translated": 121480
    }, 
    "rw": {
        "approved": 0, 
        "translated": 0
    }, 
    "si": {
        "approved": 0, 
        "translated": 199
    }, 
    "sk": {
        "approved": 0, 
        "translated": 2185
    }, 
    "sl": {
        "approved": 0, 
        "translated": 0
    }, 
    "sq": {
        "approved": 64242, 
        "translated": 69347
    }, 
    "sr": {
        "approved": 63496, 
        "pending_since_timestamp": 1532519389.482733, 
        "translated": 81506
    }, 
    "sv": {
        "approved": 155027, 
        "pending_since_timestamp": 1532519389.482733, 
        "translated": 543452
    }, 
    "sw": {
        "approved": 0, 
        "translated": 0
    }, 
    "ta": {
        "approved": 41642, 
        "translated": 58570
    }, 
    "te": {
        "approved": 16, 
        "translated": 227
    }, 
    "th": {
        "approved": 303, 
        "pending_since_timestamp": 1532395014.689112, 
        "translated": 133181
    }, 
    "tr": {
        "approved": 305182, 
        "pending_since_timestamp": 1532504117.412538, 
        "translated": 408712
    }, 
    "uk": {
        "approved": 98, 
        "pending_since_timestamp": 1532355586.999401, 
        "translated": 4615
    }, 
    "ur": {
        "approved": 54674, 
        "translated": 57578
    }, 
    "uz": {
        "approved": 141, 
        "pending_since_timestamp": 1532499506.041833, 
        "translated": 1844
    }, 
    "vi": {
        "approved": 2, 
        "translated": 1974
    }, 
    "xh": {
        "approved": 40, 
        "translated": 40
    }, 
    "zh-hans": {
        "approved": 123539, 
        "pending_since_timestamp": 1532484221.272351, 
        "translated": 183963
    }, 
    "zh-hant": {
        "approved": 9587, 
        "pending_since_timestamp": 1532395014.689112, 
        "translated": 65816
    }, 
    "zu": {
        "approved": 1, 
        "translated": 18
    }
}