{
    "af": {
        "approved": 19, 
        "translated": 1519
    }, 
    "am": {
        "approved": 0, 
        "translated": 0
    }, 
    "ar": {
        "approved": 579, 
        "pending_since_timestamp": 1526298740.825981, 
        "translated": 23890
    }, 
    "az": {
        "approved": 36014, 
        "translated": 37791
    }, 
    "bg": {
        "approved": 291775, 
        "pending_since_timestamp": 1526317897.029318, 
        "translated": 299354
    }, 
    "bn": {
        "approved": 150354, 
        "translated": 158439
    }, 
    "ca": {
        "approved": 3, 
        "translated": 2082
    }, 
    "cs": {
        "approved": 86012, 
        "translated": 113575
    }, 
    "da": {
        "approved": 93281, 
        "pending_since_timestamp": 1526321018.778418, 
        "translated": 117739
    }, 
    "de": {
        "approved": 278118, 
        "translated": 529956
    }, 
    "el": {
        "approved": 5382, 
        "pending_since_timestamp": 1526286014.747128, 
        "translated": 24327
    }, 
    "es": {
        "approved": 390881, 
        "pending_since_timestamp": 1526363962.931134, 
        "translated": 413022
    }, 
    "et": {
        "approved": 45119, 
        "translated": 46450
    }, 
    "fa": {
        "approved": 1, 
        "translated": 192
    }, 
    "fa-af": {
        "approved": 31, 
        "translated": 103
    }, 
    "fi": {
        "approved": 82680, 
        "translated": 84808
    }, 
    "fil": {
        "approved": 210, 
        "translated": 303
    }, 
    "fr": {
        "approved": 276725, 
        "pending_since_timestamp": 1526388703.129901, 
        "translated": 280439
    }, 
    "gu": {
        "approved": 33581, 
        "pending_since_timestamp": 1526321018.778418, 
        "translated": 37276
    }, 
    "he": {
        "approved": 7275, 
        "pending_since_timestamp": 1526363962.931134, 
        "translated": 8719
    }, 
    "hi": {
        "approved": 169161, 
        "pending_since_timestamp": 1526363962.931134, 
        "translated": 182012
    }, 
    "hr": {
        "approved": 11024, 
        "translated": 16770
    }, 
    "ht": {
        "approved": 1, 
        "translated": 5
    }, 
    "hu": {
        "approved": 89137, 
        "translated": 107018
    }, 
    "hy": {
        "approved": 86520, 
        "pending_since_timestamp": 1526388703.129901, 
        "translated": 94884
    }, 
    "id": {
        "approved": 37401, 
        "pending_since_timestamp": 1526268209.584644, 
        "translated": 49975
    }, 
    "it": {
        "approved": 135675, 
        "pending_since_timestamp": 1526388703.129901, 
        "translated": 155858
    }, 
    "ja": {
        "approved": 124295, 
        "pending_since_timestamp": 1526298740.825981, 
        "translated": 141913
    }, 
    "ka": {
        "approved": 259235, 
        "translated": 260915
    }, 
    "ki": {
        "approved": 0, 
        "translated": 37
    }, 
    "km": {
        "approved": 0, 
        "translated": 52
    }, 
    "kn": {
        "approved": 0, 
        "pending_since_timestamp": 1526276023.957965, 
        "translated": 9674
    }, 
    "ko": {
        "approved": 179034, 
        "translated": 193701
    }, 
    "ky": {
        "approved": 0, 
        "translated": 26
    }, 
    "lol": {
        "approved": -158, 
        "translated": 7938
    }, 
    "lt": {
        "approved": 0, 
        "translated": 1601
    }, 
    "lv": {
        "approved": 54767, 
        "translated": 54801
    }, 
    "mn": {
        "approved": 87433, 
        "translated": 115349
    }, 
    "mr": {
        "approved": 0, 
        "translated": 0
    }, 
    "ms": {
        "approved": 29, 
        "translated": 674
    }, 
    "my": {
        "approved": 0, 
        "pending_since_timestamp": 1526315239.791419, 
        "translated": 113
    }, 
    "nb": {
        "approved": 133859, 
        "pending_since_timestamp": 1526366440.780131, 
        "translated": 141019
    }, 
    "ne": {
        "approved": 0, 
        "translated": 1
    }, 
    "nl": {
        "approved": 117861, 
        "pending_since_timestamp": 1526366440.780131, 
        "translated": 137260
    }, 
    "nn": {
        "approved": 0, 
        "translated": 1655
    }, 
    "or": {
        "approved": 0, 
        "translated": 56
    }, 
    "pl": {
        "approved": 317501, 
        "pending_since_timestamp": 1526359164.571067, 
        "translated": 318006
    }, 
    "ps": {
        "approved": 0, 
        "translated": 24
    }, 
    "pt": {
        "approved": 345075, 
        "pending_since_timestamp": 1526388703.129901, 
        "translated": 394727
    }, 
    "pt-pt": {
        "approved": 143205, 
        "pending_since_timestamp": 1526298740.825981, 
        "translated": 175126
    }, 
    "ro": {
        "approved": 63342, 
        "pending_since_timestamp": 1526246961.721005, 
        "translated": 68015
    }, 
    "ru": {
        "approved": 97776, 
        "pending_since_timestamp": 1526366440.780131, 
        "translated": 120380
    }, 
    "rw": {
        "approved": 0, 
        "translated": 0
    }, 
    "si": {
        "approved": 0, 
        "translated": 202
    }, 
    "sk": {
        "approved": 0, 
        "translated": 2232
    }, 
    "sl": {
        "approved": 0, 
        "translated": 0
    }, 
    "sq": {
        "approved": 49780, 
        "translated": 66155
    }, 
    "sr": {
        "approved": 65624, 
        "translated": 82618
    }, 
    "sv": {
        "approved": 149300, 
        "pending_since_timestamp": 1526388703.129901, 
        "translated": 547101
    }, 
    "sw": {
        "approved": 0, 
        "translated": 0
    }, 
    "ta": {
        "approved": 41966, 
        "pending_since_timestamp": 1526363962.931134, 
        "translated": 60187
    }, 
    "te": {
        "approved": 16, 
        "translated": 227
    }, 
    "th": {
        "approved": 303, 
        "pending_since_timestamp": 1526388703.129901, 
        "translated": 130230
    }, 
    "tr": {
        "approved": 302820, 
        "pending_since_timestamp": 1526363962.931134, 
        "translated": 406098
    }, 
    "uk": {
        "approved": 98, 
        "translated": 2373
    }, 
    "ur": {
        "approved": 54706, 
        "translated": 57622
    }, 
    "uz": {
        "approved": 147, 
        "translated": 1442
    }, 
    "vi": {
        "approved": 2, 
        "translated": 1479
    }, 
    "xh": {
        "approved": 40, 
        "translated": 40
    }, 
    "zh-hans": {
        "approved": 73047, 
        "pending_since_timestamp": 1526343686.492334, 
        "translated": 99412
    }, 
    "zh-hant": {
        "approved": 9513, 
        "pending_since_timestamp": 1526281798.627156, 
        "translated": 68717
    }, 
    "zu": {
        "approved": 1, 
        "translated": 18
    }
}