{
    "af": {
        "approved": 19, 
        "translated": 1467
    }, 
    "am": {
        "approved": 0, 
        "translated": 0
    }, 
    "ar": {
        "approved": 103962, 
        "translated": 213453
    }, 
    "az": {
        "approved": 35846, 
        "translated": 37561
    }, 
    "bg": {
        "approved": 337414, 
        "pending_since_timestamp": 1549965917.610401, 
        "translated": 339656
    }, 
    "bn": {
        "approved": 148210, 
        "translated": 163319
    }, 
    "ca": {
        "approved": 3, 
        "translated": 1892
    }, 
    "cs": {
        "approved": 134343, 
        "pending_since_timestamp": 1549906164.353393, 
        "translated": 153640
    }, 
    "da": {
        "approved": 175269, 
        "pending_since_timestamp": 1549997090.271537, 
        "translated": 197734
    }, 
    "de": {
        "approved": 304071, 
        "translated": 537778
    }, 
    "el": {
        "approved": 78407, 
        "pending_since_timestamp": 1549839818.533921, 
        "translated": 94203
    }, 
    "es": {
        "approved": 431329, 
        "translated": 447757
    }, 
    "et": {
        "approved": 44899, 
        "translated": 46207
    }, 
    "fa": {
        "approved": 1, 
        "translated": 189
    }, 
    "fa-af": {
        "approved": 31, 
        "translated": 103
    }, 
    "fi": {
        "approved": 82165, 
        "translated": 84059
    }, 
    "fil": {
        "approved": 204, 
        "translated": 297
    }, 
    "fr": {
        "approved": 286699, 
        "pending_since_timestamp": 1550002621.68305, 
        "translated": 290216
    }, 
    "fv": {
        "approved": 85684, 
        "translated": 85685
    }, 
    "gu": {
        "approved": 103407, 
        "pending_since_timestamp": 1549906164.353393, 
        "translated": 146297
    }, 
    "he": {
        "approved": 8332, 
        "translated": 8335
    }, 
    "hi": {
        "approved": 166771, 
        "translated": 179137
    }, 
    "hr": {
        "approved": 10873, 
        "translated": 16472
    }, 
    "ht": {
        "approved": 1, 
        "translated": 5
    }, 
    "hu": {
        "approved": 95435, 
        "pending_since_timestamp": 1549963093.788246, 
        "translated": 114701
    }, 
    "hy": {
        "approved": 147849, 
        "translated": 169995
    }, 
    "id": {
        "approved": 87365, 
        "pending_since_timestamp": 1549992298.778146, 
        "translated": 91754
    }, 
    "it": {
        "approved": 155159, 
        "pending_since_timestamp": 1549999788.840018, 
        "translated": 173861
    }, 
    "ja": {
        "approved": 125618, 
        "pending_since_timestamp": 1549960192.33983, 
        "translated": 146953
    }, 
    "ka": {
        "approved": 282709, 
        "pending_since_timestamp": 1549992298.778146, 
        "translated": 286239
    }, 
    "ki": {
        "approved": 0, 
        "translated": 37
    }, 
    "kk": {
        "approved": 103, 
        "translated": 103
    }, 
    "km": {
        "approved": 0, 
        "translated": 52
    }, 
    "kn": {
        "approved": 34498, 
        "pending_since_timestamp": 1549992298.778146, 
        "translated": 40303
    }, 
    "ko": {
        "approved": 194253, 
        "translated": 219453
    }, 
    "ky": {
        "approved": 0, 
        "pending_since_timestamp": 1549906164.353393, 
        "translated": 237
    }, 
    "lol": {
        "approved": 66840, 
        "translated": 82019
    }, 
    "lt": {
        "approved": 80813, 
        "translated": 82772
    }, 
    "lv": {
        "approved": 54513, 
        "translated": 54946
    }, 
    "mn": {
        "approved": 82440, 
        "translated": 110325
    }, 
    "mr": {
        "approved": 0, 
        "translated": 0
    }, 
    "ms": {
        "approved": 29, 
        "translated": 606
    }, 
    "my": {
        "approved": 1, 
        "translated": 125
    }, 
    "nb": {
        "approved": 135569, 
        "translated": 143380
    }, 
    "ne": {
        "approved": 0, 
        "translated": 1
    }, 
    "nl": {
        "approved": 131963, 
        "pending_since_timestamp": 1550002621.68305, 
        "translated": 152718
    }, 
    "nn": {
        "approved": 0, 
        "translated": 1626
    }, 
    "or": {
        "approved": 0, 
        "translated": 52
    }, 
    "pl": {
        "approved": 345998, 
        "pending_since_timestamp": 1549965917.610401, 
        "translated": 346372
    }, 
    "ps": {
        "approved": 579, 
        "translated": 970
    }, 
    "pt": {
        "approved": 376484, 
        "pending_since_timestamp": 1549992298.778146, 
        "translated": 419006
    }, 
    "pt-pt": {
        "approved": 158228, 
        "pending_since_timestamp": 1549931404.097139, 
        "translated": 187713
    }, 
    "ro": {
        "approved": 63521, 
        "translated": 67791
    }, 
    "ru": {
        "approved": 101674, 
        "translated": 122191
    }, 
    "rw": {
        "approved": 0, 
        "translated": 0
    }, 
    "si": {
        "approved": 0, 
        "translated": 192
    }, 
    "sk": {
        "approved": 0, 
        "translated": 2138
    }, 
    "sl": {
        "approved": 0, 
        "translated": 33
    }, 
    "sq": {
        "approved": 98629, 
        "translated": 102888
    }, 
    "sr": {
        "approved": 62615, 
        "translated": 81459
    }, 
    "sv": {
        "approved": 171179, 
        "translated": 541742
    }, 
    "sw": {
        "approved": 0, 
        "translated": 0
    }, 
    "ta": {
        "approved": 58172, 
        "translated": 78774
    }, 
    "te": {
        "approved": 16, 
        "translated": 208
    }, 
    "th": {
        "approved": 299, 
        "translated": 134367
    }, 
    "tr": {
        "approved": 309551, 
        "pending_since_timestamp": 1549992298.778146, 
        "translated": 417925
    }, 
    "uk": {
        "approved": 70870, 
        "pending_since_timestamp": 1549906164.353393, 
        "translated": 92094
    }, 
    "ur": {
        "approved": 54498, 
        "translated": 57344
    }, 
    "uz": {
        "approved": 76632, 
        "pending_since_timestamp": 1549685773.092872, 
        "translated": 105925
    }, 
    "vi": {
        "approved": 2, 
        "translated": 1978
    }, 
    "xh": {
        "approved": 40, 
        "translated": 40
    }, 
    "zh-hans": {
        "approved": 194865, 
        "translated": 273322
    }, 
    "zh-hant": {
        "approved": 9915, 
        "translated": 74274
    }, 
    "zu": {
        "approved": 1, 
        "translated": 18
    }
}