{
    "ar": {
        "approved": 0, 
        "translated": 4635
    }, 
    "bg": {
        "approved": 170361, 
        "translated": 186780
    }, 
    "bn": {
        "approved": 73375, 
        "pending_since_timestamp": 1460683743.016996, 
        "translated": 121977
    }, 
    "cs": {
        "approved": 12765, 
        "translated": 29722
    }, 
    "da": {
        "approved": 40061, 
        "translated": 88546
    }, 
    "de": {
        "approved": 149275, 
        "pending_since_timestamp": 1460731512.809887, 
        "translated": 149593
    }, 
    "el": {
        "approved": 252, 
        "translated": 7247
    }, 
    "es": {
        "approved": 249930, 
        "pending_since_timestamp": 1460729815.91272, 
        "translated": 368121
    }, 
    "fa": {
        "approved": 0, 
        "translated": 211
    }, 
    "fa-af": {
        "approved": 0, 
        "translated": 72
    }, 
    "fr": {
        "approved": 147818, 
        "pending_since_timestamp": 1460728394.409953, 
        "translated": 155982
    }, 
    "he": {
        "approved": 9243, 
        "translated": 9258
    }, 
    "hi": {
        "approved": 69298, 
        "pending_since_timestamp": 1460734154.436701, 
        "translated": 87773
    }, 
    "hy": {
        "approved": 0, 
        "translated": 1608
    }, 
    "id": {
        "approved": 0, 
        "translated": 8154
    }, 
    "it": {
        "approved": 0, 
        "translated": 89838
    }, 
    "ja": {
        "approved": 26268, 
        "pending_since_timestamp": 1460729815.91272, 
        "translated": 58566
    }, 
    "ka": {
        "approved": 116087, 
        "pending_since_timestamp": 1460721375.647532, 
        "translated": 117815
    }, 
    "ko": {
        "approved": 110236, 
        "pending_since_timestamp": 1460714075.439105, 
        "translated": 134229
    }, 
    "lol": {
        "approved": 587, 
        "translated": 7586
    }, 
    "mn": {
        "approved": 75569, 
        "translated": 82628
    }, 
    "ms": {
        "approved": 0, 
        "translated": 750
    }, 
    "nb": {
        "approved": 88700, 
        "translated": 89741
    }, 
    "nl": {
        "approved": 54531, 
        "translated": 102889
    }, 
    "pl": {
        "approved": 185793, 
        "pending_since_timestamp": 1460732831.46885, 
        "translated": 188296
    }, 
    "pt": {
        "approved": 184403, 
        "pending_since_timestamp": 1460731512.809887, 
        "translated": 365270
    }, 
    "pt-pt": {
        "approved": 17458, 
        "pending_since_timestamp": 1460721375.647532, 
        "translated": 93677
    }, 
    "ru": {
        "approved": 1177, 
        "translated": 20876
    }, 
    "sr": {
        "approved": 47736, 
        "pending_since_timestamp": 1460721375.647532, 
        "translated": 364090
    }, 
    "sw": {
        "approved": 12156, 
        "translated": 35898
    }, 
    "te": {
        "approved": 0, 
        "translated": 216
    }, 
    "th": {
        "approved": 0, 
        "translated": 128665
    }, 
    "tr": {
        "approved": 170057, 
        "pending_since_timestamp": 1460728394.409953, 
        "translated": 273960
    }, 
    "uk": {
        "approved": 0, 
        "translated": 2580
    }, 
    "ur": {
        "approved": 0, 
        "translated": 1553
    }, 
    "xh": {
        "approved": 0, 
        "translated": 1
    }, 
    "zh-hans": {
        "approved": 0, 
        "translated": 4105
    }, 
    "zu": {
        "approved": 0, 
        "translated": 23
    }
}