{
    "ar": {
        "approved": 160, 
        "translated": 3658
    }, 
    "bg": {
        "approved": 198049, 
        "translated": 203408
    }, 
    "bn": {
        "approved": 122928, 
        "translated": 137299
    }, 
    "cs": {
        "approved": 12226, 
        "translated": 28971
    }, 
    "da": {
        "approved": 73831, 
        "translated": 81586
    }, 
    "de": {
        "approved": 201349, 
        "translated": 201500
    }, 
    "el": {
        "approved": 1001, 
        "pending_since_timestamp": 1484322117.682856, 
        "translated": 14036
    }, 
    "es": {
        "approved": 313432, 
        "pending_since_timestamp": 1484326852.809882, 
        "translated": 335496
    }, 
    "fa": {
        "approved": 1, 
        "translated": 103
    }, 
    "fa-af": {
        "approved": 31, 
        "translated": 104
    }, 
    "fr": {
        "approved": 209226, 
        "pending_since_timestamp": 1484342508.835198, 
        "translated": 220917
    }, 
    "he": {
        "approved": 6473, 
        "translated": 7017
    }, 
    "hi": {
        "approved": 97146, 
        "translated": 115813
    }, 
    "hy": {
        "approved": 6885, 
        "translated": 12224
    }, 
    "id": {
        "approved": 532, 
        "translated": 6307
    }, 
    "it": {
        "approved": 61289, 
        "pending_since_timestamp": 1484326852.809882, 
        "translated": 110799
    }, 
    "ja": {
        "approved": 99377, 
        "translated": 115861
    }, 
    "ka": {
        "approved": 188741, 
        "translated": 193463
    }, 
    "ko": {
        "approved": 151166, 
        "translated": 160435
    }, 
    "lol": {
        "approved": 397, 
        "translated": 8670
    }, 
    "mn": {
        "approved": 73575, 
        "translated": 81099
    }, 
    "ms": {
        "approved": 29, 
        "translated": 686
    }, 
    "nb": {
        "approved": 96131, 
        "translated": 99262
    }, 
    "nl": {
        "approved": 98184, 
        "translated": 123348
    }, 
    "pl": {
        "approved": 241998, 
        "pending_since_timestamp": 1484345616.357024, 
        "translated": 242280
    }, 
    "pt": {
        "approved": 248020, 
        "pending_since_timestamp": 1484347488.108527, 
        "translated": 284739
    }, 
    "pt-pt": {
        "approved": 65181, 
        "translated": 91025
    }, 
    "ru": {
        "approved": 1635, 
        "translated": 18112
    }, 
    "sr": {
        "approved": 50932, 
        "translated": 68888
    }, 
    "sw": {
        "approved": 11648, 
        "translated": 31759
    }, 
    "te": {
        "approved": 16, 
        "translated": 214
    }, 
    "th": {
        "approved": 316, 
        "translated": 117669
    }, 
    "tr": {
        "approved": 242633, 
        "translated": 324584
    }, 
    "uk": {
        "approved": 98, 
        "translated": 2481
    }, 
    "ur": {
        "approved": 92, 
        "translated": 1203
    }, 
    "xh": {
        "approved": 40, 
        "translated": 40
    }, 
    "zh-hans": {
        "approved": 128, 
        "translated": 5024
    }, 
    "zu": {
        "approved": 1, 
        "translated": 22
    }
}