{
    "ar": {
        "approved": 1277, 
        "translated": 4814
    }, 
    "bg": {
        "approved": 227998, 
        "pending_since_timestamp": 1479559620.874208, 
        "translated": 248186
    }, 
    "bn": {
        "approved": 127042, 
        "translated": 142033
    }, 
    "cs": {
        "approved": 13290, 
        "translated": 30465
    }, 
    "da": {
        "approved": 82253, 
        "pending_since_timestamp": 1479559620.874208, 
        "translated": 89927
    }, 
    "de": {
        "approved": 196819, 
        "pending_since_timestamp": 1479567441.906161, 
        "translated": 197176
    }, 
    "el": {
        "approved": 2576, 
        "pending_since_timestamp": 1479425574.885163, 
        "translated": 10438
    }, 
    "es": {
        "approved": 367257, 
        "pending_since_timestamp": 1479475170.022537, 
        "translated": 383571
    }, 
    "fa": {
        "approved": 2, 
        "pending_since_timestamp": 1479409244.748203, 
        "translated": 105
    }, 
    "fa-af": {
        "approved": 0, 
        "pending_since_timestamp": 1479409244.748203, 
        "translated": 72
    }, 
    "fr": {
        "approved": 208129, 
        "translated": 219680
    }, 
    "he": {
        "approved": 10153, 
        "pending_since_timestamp": 1479559620.874208, 
        "translated": 10718
    }, 
    "hi": {
        "approved": 95618, 
        "pending_since_timestamp": 1479559620.874208, 
        "translated": 116509
    }, 
    "hy": {
        "approved": 89, 
        "pending_since_timestamp": 1479496824.791817, 
        "translated": 5113
    }, 
    "id": {
        "approved": 2112, 
        "pending_since_timestamp": 1479559620.874208, 
        "translated": 8202
    }, 
    "it": {
        "approved": 66658, 
        "pending_since_timestamp": 1479475170.022537, 
        "translated": 118721
    }, 
    "ja": {
        "approved": 44931, 
        "pending_since_timestamp": 1479433094.461131, 
        "translated": 107378
    }, 
    "ka": {
        "approved": 187675, 
        "pending_since_timestamp": 1479559620.874208, 
        "translated": 193065
    }, 
    "ko": {
        "approved": 149005, 
        "pending_since_timestamp": 1479559620.874208, 
        "translated": 166720
    }, 
    "lol": {
        "approved": 595, 
        "translated": 8801
    }, 
    "mn": {
        "approved": 75196, 
        "pending_since_timestamp": 1479559620.874208, 
        "translated": 82786
    }, 
    "ms": {
        "approved": 392, 
        "translated": 1057
    }, 
    "nb": {
        "approved": 98204, 
        "pending_since_timestamp": 1479559620.874208, 
        "translated": 101290
    }, 
    "nl": {
        "approved": 99156, 
        "pending_since_timestamp": 1479552245.549868, 
        "translated": 125885
    }, 
    "pl": {
        "approved": 252806, 
        "pending_since_timestamp": 1479573636.151306, 
        "translated": 253415
    }, 
    "pt": {
        "approved": 247793, 
        "pending_since_timestamp": 1479552245.549868, 
        "translated": 289631
    }, 
    "pt-pt": {
        "approved": 62767, 
        "pending_since_timestamp": 1479475170.022537, 
        "translated": 90680
    }, 
    "ru": {
        "approved": 3669, 
        "translated": 20788
    }, 
    "sr": {
        "approved": 54070, 
        "pending_since_timestamp": 1479559620.874208, 
        "translated": 71893
    }, 
    "sw": {
        "approved": 12941, 
        "translated": 33859
    }, 
    "te": {
        "approved": 34, 
        "translated": 234
    }, 
    "th": {
        "approved": 1546, 
        "pending_since_timestamp": 1479559620.874208, 
        "translated": 119809
    }, 
    "tr": {
        "approved": 263416, 
        "translated": 344682
    }, 
    "uk": {
        "approved": 337, 
        "translated": 2722
    }, 
    "ur": {
        "approved": 480, 
        "translated": 1611
    }, 
    "xh": {
        "approved": 40, 
        "translated": 41
    }, 
    "zh-hans": {
        "approved": 744, 
        "translated": 5692
    }, 
    "zu": {
        "approved": 1, 
        "pending_since_timestamp": 1479409244.748203, 
        "translated": 22
    }
}