{
    "ar": {
        "approved": 0, 
        "translated": 4654
    }, 
    "bg": {
        "approved": 171647, 
        "pending_since_timestamp": 1459315383.323322, 
        "translated": 187624
    }, 
    "bn": {
        "approved": 71617, 
        "pending_since_timestamp": 1459328598.647729, 
        "translated": 120659
    }, 
    "cs": {
        "approved": 12800, 
        "translated": 29960
    }, 
    "da": {
        "approved": 39777, 
        "pending_since_timestamp": 1459323794.787828, 
        "translated": 76709
    }, 
    "de": {
        "approved": 148396, 
        "pending_since_timestamp": 1459327376.159831, 
        "translated": 148446
    }, 
    "el": {
        "approved": 252, 
        "translated": 7177
    }, 
    "es": {
        "approved": 234989, 
        "pending_since_timestamp": 1459330157.171084, 
        "translated": 361584
    }, 
    "fa": {
        "approved": 0, 
        "translated": 210
    }, 
    "fa-af": {
        "approved": 0, 
        "translated": 72
    }, 
    "fr": {
        "approved": 133547, 
        "pending_since_timestamp": 1459325027.596008, 
        "translated": 144166
    }, 
    "he": {
        "approved": 9291, 
        "translated": 9306
    }, 
    "hi": {
        "approved": 66495, 
        "translated": 80615
    }, 
    "hy": {
        "approved": 0, 
        "translated": 713
    }, 
    "id": {
        "approved": 0, 
        "translated": 8226
    }, 
    "it": {
        "approved": 0, 
        "translated": 87856
    }, 
    "ja": {
        "approved": 24662, 
        "pending_since_timestamp": 1459283463.663385, 
        "translated": 56554
    }, 
    "ka": {
        "approved": 102096, 
        "translated": 112053
    }, 
    "ko": {
        "approved": 107773, 
        "pending_since_timestamp": 1459316805.893237, 
        "translated": 127407
    }, 
    "lol": {
        "approved": 595, 
        "translated": 7789
    }, 
    "mn": {
        "approved": 76071, 
        "pending_since_timestamp": 1459328598.647729, 
        "translated": 82714
    }, 
    "ms": {
        "approved": 0, 
        "translated": 755
    }, 
    "nb": {
        "approved": 87165, 
        "pending_since_timestamp": 1459321533.988804, 
        "translated": 88118
    }, 
    "nl": {
        "approved": 49722, 
        "pending_since_timestamp": 1459322691.466449, 
        "translated": 99862
    }, 
    "pl": {
        "approved": 177487, 
        "pending_since_timestamp": 1459323794.787828, 
        "translated": 180894
    }, 
    "pt": {
        "approved": 172183, 
        "translated": 358738
    }, 
    "pt-pt": {
        "approved": 15736, 
        "pending_since_timestamp": 1459276376.886311, 
        "translated": 89253
    }, 
    "ru": {
        "approved": 1179, 
        "translated": 20793
    }, 
    "sr": {
        "approved": 47951, 
        "pending_since_timestamp": 1459316805.893237, 
        "translated": 357558
    }, 
    "sw": {
        "approved": 12190, 
        "translated": 36788
    }, 
    "te": {
        "approved": 0, 
        "translated": 220
    }, 
    "th": {
        "approved": 0, 
        "translated": 129774
    }, 
    "tr": {
        "approved": 171162, 
        "pending_since_timestamp": 1459330157.171084, 
        "translated": 269888
    }, 
    "uk": {
        "approved": 0, 
        "translated": 2594
    }, 
    "ur": {
        "approved": 0, 
        "translated": 1556
    }, 
    "xh": {
        "approved": 0, 
        "translated": 1
    }, 
    "zh-hans": {
        "approved": 0, 
        "translated": 4183
    }, 
    "zu": {
        "approved": 0, 
        "translated": 23
    }
}