{
    "ar": {
        "approved": 1047, 
        "translated": 4723
    }, 
    "bg": {
        "approved": 216865, 
        "translated": 236476
    }, 
    "bn": {
        "approved": 119196, 
        "translated": 136566
    }, 
    "cs": {
        "approved": 13083, 
        "translated": 30212
    }, 
    "da": {
        "approved": 79973, 
        "pending_since_timestamp": 1477341285.299465, 
        "translated": 87555
    }, 
    "de": {
        "approved": 188214, 
        "translated": 188225
    }, 
    "el": {
        "approved": 2074, 
        "translated": 9863
    }, 
    "es": {
        "approved": 331942, 
        "pending_since_timestamp": 1477365360.406514, 
        "translated": 432556
    }, 
    "fa": {
        "approved": 2, 
        "translated": 106
    }, 
    "fa-af": {
        "approved": 0, 
        "translated": 72
    }, 
    "fr": {
        "approved": 190865, 
        "pending_since_timestamp": 1477354717.143832, 
        "translated": 201773
    }, 
    "he": {
        "approved": 9060, 
        "translated": 9594
    }, 
    "hi": {
        "approved": 93494, 
        "translated": 116389
    }, 
    "hy": {
        "approved": 27, 
        "translated": 3017
    }, 
    "id": {
        "approved": 1518, 
        "translated": 7638
    }, 
    "it": {
        "approved": 46661, 
        "pending_since_timestamp": 1477322112.745135, 
        "translated": 113112
    }, 
    "ja": {
        "approved": 42061, 
        "translated": 85355
    }, 
    "ka": {
        "approved": 183591, 
        "pending_since_timestamp": 1477358855.909977, 
        "translated": 186388
    }, 
    "ko": {
        "approved": 141739, 
        "pending_since_timestamp": 1477358855.909977, 
        "translated": 159321
    }, 
    "lol": {
        "approved": 596, 
        "translated": 8802
    }, 
    "mn": {
        "approved": 75104, 
        "translated": 82683
    }, 
    "ms": {
        "approved": 357, 
        "translated": 1018
    }, 
    "nb": {
        "approved": 98075, 
        "translated": 101163
    }, 
    "nl": {
        "approved": 96923, 
        "translated": 122954
    }, 
    "pl": {
        "approved": 234858, 
        "translated": 235364
    }, 
    "pt": {
        "approved": 235709, 
        "pending_since_timestamp": 1477363294.494218, 
        "translated": 428181
    }, 
    "pt-pt": {
        "approved": 51644, 
        "pending_since_timestamp": 1477363294.494218, 
        "translated": 82390
    }, 
    "ru": {
        "approved": 3212, 
        "translated": 20008
    }, 
    "sr": {
        "approved": 53347, 
        "pending_since_timestamp": 1477338521.35447, 
        "translated": 425479
    }, 
    "sw": {
        "approved": 12790, 
        "translated": 33752
    }, 
    "te": {
        "approved": 17, 
        "translated": 217
    }, 
    "th": {
        "approved": 1189, 
        "translated": 119597
    }, 
    "tr": {
        "approved": 221604, 
        "translated": 324618
    }, 
    "uk": {
        "approved": 209, 
        "translated": 2590
    }, 
    "ur": {
        "approved": 369, 
        "translated": 1498
    }, 
    "xh": {
        "approved": 0, 
        "translated": 1
    }, 
    "zh-hans": {
        "approved": 594, 
        "translated": 5466
    }, 
    "zu": {
        "approved": 1, 
        "translated": 22
    }
}