{
    "ar": {
        "approved": 0, 
        "translated": 4691
    }, 
    "bg": {
        "approved": 172205, 
        "translated": 187866
    }, 
    "bn": {
        "approved": 66224, 
        "pending_since_timestamp": 1458712656.248367, 
        "translated": 111984
    }, 
    "cs": {
        "approved": 12846, 
        "translated": 30058
    }, 
    "da": {
        "approved": 39211, 
        "translated": 76887
    }, 
    "de": {
        "approved": 137837, 
        "pending_since_timestamp": 1458710377.067794, 
        "translated": 139168
    }, 
    "el": {
        "approved": 253, 
        "translated": 7187
    }, 
    "es": {
        "approved": 223501, 
        "translated": 357005
    }, 
    "fa": {
        "approved": 0, 
        "translated": 212
    }, 
    "fa-af": {
        "approved": 0, 
        "translated": 72
    }, 
    "fr": {
        "approved": 127873, 
        "pending_since_timestamp": 1458715067.575983, 
        "translated": 137266
    }, 
    "he": {
        "approved": 9303, 
        "translated": 9318
    }, 
    "hi": {
        "approved": 66368, 
        "translated": 79974
    }, 
    "hy": {
        "approved": 0, 
        "translated": 714
    }, 
    "id": {
        "approved": 0, 
        "pending_since_timestamp": 1458667971.238325, 
        "translated": 8255
    }, 
    "it": {
        "approved": 0, 
        "pending_since_timestamp": 1458693282.74621, 
        "translated": 83625
    }, 
    "ja": {
        "approved": 24380, 
        "translated": 56075
    }, 
    "ka": {
        "approved": 97701, 
        "pending_since_timestamp": 1458693282.74621, 
        "translated": 101316
    }, 
    "ko": {
        "approved": 94596, 
        "pending_since_timestamp": 1458693282.74621, 
        "translated": 114639
    }, 
    "lol": {
        "approved": 596, 
        "translated": 7832
    }, 
    "mn": {
        "approved": 69585, 
        "pending_since_timestamp": 1458686039.249324, 
        "translated": 80094
    }, 
    "ms": {
        "approved": 0, 
        "translated": 759
    }, 
    "nb": {
        "approved": 85803, 
        "translated": 86589
    }, 
    "nl": {
        "approved": 49838, 
        "pending_since_timestamp": 1458722922.438844, 
        "translated": 92805
    }, 
    "pl": {
        "approved": 169896, 
        "pending_since_timestamp": 1458712656.248367, 
        "translated": 173014
    }, 
    "pt": {
        "approved": 165846, 
        "translated": 354167
    }, 
    "pt-pt": {
        "approved": 15135, 
        "translated": 88027
    }, 
    "ru": {
        "approved": 1179, 
        "pending_since_timestamp": 1458667971.238325, 
        "translated": 20442
    }, 
    "sr": {
        "approved": 39559, 
        "pending_since_timestamp": 1458721791.942924, 
        "translated": 352990
    }, 
    "sw": {
        "approved": 12235, 
        "translated": 36791
    }, 
    "te": {
        "approved": 0, 
        "translated": 222
    }, 
    "th": {
        "approved": 0, 
        "translated": 130352
    }, 
    "tr": {
        "approved": 171418, 
        "translated": 264863
    }, 
    "uk": {
        "approved": 0, 
        "translated": 2597
    }, 
    "ur": {
        "approved": 0, 
        "translated": 1562
    }, 
    "xh": {
        "approved": 0, 
        "translated": 1
    }, 
    "zh-hans": {
        "approved": 0, 
        "pending_since_timestamp": 1458667971.238325, 
        "translated": 4206
    }, 
    "zu": {
        "approved": 0, 
        "translated": 26
    }
}