{
    "ar": {
        "approved": 0, 
        "translated": 4465
    }, 
    "bg": {
        "approved": 206050, 
        "pending_since_timestamp": 1473096395.884371, 
        "translated": 230529
    }, 
    "bn": {
        "approved": 115215, 
        "pending_since_timestamp": 1473159764.676124, 
        "translated": 132750
    }, 
    "cs": {
        "approved": 12087, 
        "translated": 30189
    }, 
    "da": {
        "approved": 75398, 
        "pending_since_timestamp": 1473247294.818415, 
        "translated": 84263
    }, 
    "de": {
        "approved": 173122, 
        "pending_since_timestamp": 1473247294.818415, 
        "translated": 173896
    }, 
    "el": {
        "approved": 372, 
        "translated": 7821
    }, 
    "es": {
        "approved": 304911, 
        "pending_since_timestamp": 1473127065.760687, 
        "translated": 414248
    }, 
    "fa": {
        "approved": 0, 
        "translated": 104
    }, 
    "fa-af": {
        "approved": 0, 
        "translated": 72
    }, 
    "fr": {
        "approved": 171703, 
        "pending_since_timestamp": 1473262834.597101, 
        "translated": 179707
    }, 
    "he": {
        "approved": 8371, 
        "pending_since_timestamp": 1473159764.676124, 
        "translated": 8686
    }, 
    "hi": {
        "approved": 91381, 
        "translated": 112863
    }, 
    "hy": {
        "approved": 0, 
        "translated": 3012
    }, 
    "id": {
        "approved": 0, 
        "translated": 7143
    }, 
    "it": {
        "approved": 39977, 
        "translated": 108072
    }, 
    "ja": {
        "approved": 36698, 
        "pending_since_timestamp": 1472978896.154408, 
        "translated": 81577
    }, 
    "ka": {
        "approved": 159286, 
        "pending_since_timestamp": 1473205020.164365, 
        "translated": 159949
    }, 
    "ko": {
        "approved": 132053, 
        "pending_since_timestamp": 1473127065.760687, 
        "translated": 153830
    }, 
    "lol": {
        "approved": 599, 
        "translated": 8810
    }, 
    "mn": {
        "approved": 74966, 
        "pending_since_timestamp": 1473159764.676124, 
        "translated": 82562
    }, 
    "ms": {
        "approved": 0, 
        "translated": 723
    }, 
    "nb": {
        "approved": 97695, 
        "translated": 100898
    }, 
    "nl": {
        "approved": 85412, 
        "translated": 118729
    }, 
    "pl": {
        "approved": 217646, 
        "pending_since_timestamp": 1473247294.818415, 
        "translated": 218146
    }, 
    "pt": {
        "approved": 209313, 
        "pending_since_timestamp": 1473275474.966312, 
        "translated": 409902
    }, 
    "pt-pt": {
        "approved": 38851, 
        "pending_since_timestamp": 1472978896.154408, 
        "translated": 74049
    }, 
    "ru": {
        "approved": 1190, 
        "translated": 19379
    }, 
    "sr": {
        "approved": 51970, 
        "pending_since_timestamp": 1473259712.192246, 
        "translated": 407700
    }, 
    "sw": {
        "approved": 11553, 
        "pending_since_timestamp": 1472978896.154408, 
        "translated": 33226
    }, 
    "te": {
        "approved": 0, 
        "translated": 212
    }, 
    "th": {
        "approved": 0, 
        "pending_since_timestamp": 1472978896.154408, 
        "translated": 119462
    }, 
    "tr": {
        "approved": 207182, 
        "pending_since_timestamp": 1473247294.818415, 
        "translated": 308821
    }, 
    "uk": {
        "approved": 0, 
        "pending_since_timestamp": 1473247294.818415, 
        "translated": 2518
    }, 
    "ur": {
        "approved": 0, 
        "pending_since_timestamp": 1473214348.404715, 
        "translated": 1421
    }, 
    "xh": {
        "approved": 0, 
        "translated": 1
    }, 
    "zh-hans": {
        "approved": 0, 
        "translated": 5113
    }, 
    "zu": {
        "approved": 0, 
        "pending_since_timestamp": 1470762331.56727, 
        "translated": 22
    }
}