{
    "ar": {
        "approved": 0, 
        "translated": 3687
    }, 
    "bg": {
        "approved": 168822, 
        "translated": 189753
    }, 
    "bn": {
        "approved": 110070, 
        "translated": 126849
    }, 
    "cs": {
        "approved": 12082, 
        "translated": 29265
    }, 
    "da": {
        "approved": 72733, 
        "translated": 80091
    }, 
    "de": {
        "approved": 168887, 
        "pending_since_timestamp": 1474912493.833977, 
        "translated": 169459
    }, 
    "el": {
        "approved": 417, 
        "translated": 8023
    }, 
    "es": {
        "approved": 256976, 
        "pending_since_timestamp": 1474895525.606126, 
        "translated": 348859
    }, 
    "fa": {
        "approved": 0, 
        "translated": 104
    }, 
    "fa-af": {
        "approved": 0, 
        "translated": 72
    }, 
    "fr": {
        "approved": 167682, 
        "pending_since_timestamp": 1474914579.325116, 
        "translated": 177004
    }, 
    "he": {
        "approved": 5721, 
        "translated": 6056
    }, 
    "hi": {
        "approved": 92271, 
        "translated": 113631
    }, 
    "hy": {
        "approved": 0, 
        "translated": 2988
    }, 
    "id": {
        "approved": 0, 
        "translated": 6149
    }, 
    "it": {
        "approved": 39846, 
        "pending_since_timestamp": 1474901968.073956, 
        "translated": 104112
    }, 
    "ja": {
        "approved": 36939, 
        "pending_since_timestamp": 1474882150.812529, 
        "translated": 79571
    }, 
    "ka": {
        "approved": 168123, 
        "pending_since_timestamp": 1474905214.612395, 
        "translated": 168844
    }, 
    "ko": {
        "approved": 122041, 
        "translated": 145892
    }, 
    "lol": {
        "approved": 599, 
        "translated": 8808
    }, 
    "mn": {
        "approved": 74542, 
        "pending_since_timestamp": 1474872867.889726, 
        "translated": 82125
    }, 
    "ms": {
        "approved": 0, 
        "translated": 665
    }, 
    "nb": {
        "approved": 97135, 
        "translated": 100220
    }, 
    "nl": {
        "approved": 86138, 
        "pending_since_timestamp": 1474910086.051944, 
        "translated": 115426
    }, 
    "pl": {
        "approved": 201832, 
        "pending_since_timestamp": 1474926001.206528, 
        "translated": 202388
    }, 
    "pt": {
        "approved": 204372, 
        "pending_since_timestamp": 1474923586.056807, 
        "translated": 348617
    }, 
    "pt-pt": {
        "approved": 44498, 
        "pending_since_timestamp": 1474895525.606126, 
        "translated": 76901
    }, 
    "ru": {
        "approved": 1150, 
        "translated": 18017
    }, 
    "sr": {
        "approved": 51418, 
        "translated": 348395
    }, 
    "sw": {
        "approved": 11550, 
        "translated": 32585
    }, 
    "te": {
        "approved": 0, 
        "translated": 198
    }, 
    "th": {
        "approved": 0, 
        "translated": 118511
    }, 
    "tr": {
        "approved": 198758, 
        "translated": 284034
    }, 
    "uk": {
        "approved": 0, 
        "translated": 2394
    }, 
    "ur": {
        "approved": 0, 
        "translated": 1129
    }, 
    "xh": {
        "approved": 0, 
        "translated": 1
    }, 
    "zh-hans": {
        "approved": 0, 
        "translated": 4879
    }, 
    "zu": {
        "approved": 0, 
        "translated": 21
    }
}