{
    "ar": {
        "approved": 0, 
        "pending_since_timestamp": 1469843184.452872, 
        "translated": 4287
    }, 
    "bg": {
        "approved": 196421, 
        "translated": 221318
    }, 
    "bn": {
        "approved": 107904, 
        "pending_since_timestamp": 1469866183.006146, 
        "translated": 129357
    }, 
    "cs": {
        "approved": 12227, 
        "pending_since_timestamp": 1469811942.743215, 
        "translated": 30362
    }, 
    "da": {
        "approved": 75644, 
        "translated": 84079
    }, 
    "de": {
        "approved": 157018, 
        "pending_since_timestamp": 1469843184.452872, 
        "translated": 158172
    }, 
    "el": {
        "approved": 370, 
        "pending_since_timestamp": 1469811942.743215, 
        "translated": 7494
    }, 
    "es": {
        "approved": 283677, 
        "pending_since_timestamp": 1469815381.034856, 
        "translated": 373446
    }, 
    "fa": {
        "approved": 0, 
        "translated": 106
    }, 
    "fa-af": {
        "approved": 0, 
        "translated": 72
    }, 
    "fr": {
        "approved": 166785, 
        "pending_since_timestamp": 1469868490.297752, 
        "translated": 174180
    }, 
    "he": {
        "approved": 8448, 
        "translated": 8685
    }, 
    "hi": {
        "approved": 68199, 
        "translated": 111666
    }, 
    "hy": {
        "approved": 0, 
        "pending_since_timestamp": 1469843184.452872, 
        "translated": 3012
    }, 
    "id": {
        "approved": 0, 
        "pending_since_timestamp": 1469843184.452872, 
        "translated": 6820
    }, 
    "it": {
        "approved": 15603, 
        "pending_since_timestamp": 1469802291.664493, 
        "translated": 107340
    }, 
    "ja": {
        "approved": 34279, 
        "pending_since_timestamp": 1469811942.743215, 
        "translated": 80212
    }, 
    "ka": {
        "approved": 145153, 
        "translated": 146648
    }, 
    "ko": {
        "approved": 125475, 
        "translated": 151051
    }, 
    "lol": {
        "approved": 599, 
        "translated": 8825
    }, 
    "mn": {
        "approved": 75375, 
        "pending_since_timestamp": 1469843184.452872, 
        "translated": 83029
    }, 
    "ms": {
        "approved": 0, 
        "pending_since_timestamp": 1469843184.452872, 
        "translated": 719
    }, 
    "nb": {
        "approved": 98233, 
        "translated": 101395
    }, 
    "nl": {
        "approved": 80387, 
        "translated": 117532
    }, 
    "pl": {
        "approved": 203548, 
        "pending_since_timestamp": 1469866183.006146, 
        "translated": 203880
    }, 
    "pt": {
        "approved": 204638, 
        "translated": 380734
    }, 
    "pt-pt": {
        "approved": 33249, 
        "pending_since_timestamp": 1469795904.977738, 
        "translated": 90709
    }, 
    "ru": {
        "approved": 1184, 
        "pending_since_timestamp": 1469811942.743215, 
        "translated": 19364
    }, 
    "sr": {
        "approved": 45698, 
        "translated": 379273
    }, 
    "sw": {
        "approved": 11695, 
        "pending_since_timestamp": 1469811942.743215, 
        "translated": 33187
    }, 
    "te": {
        "approved": 0, 
        "pending_since_timestamp": 1469843184.452872, 
        "translated": 202
    }, 
    "th": {
        "approved": 0, 
        "pending_since_timestamp": 1469811942.743215, 
        "translated": 120091
    }, 
    "tr": {
        "approved": 206048, 
        "pending_since_timestamp": 1469862918.026413, 
        "translated": 284226
    }, 
    "uk": {
        "approved": 0, 
        "pending_since_timestamp": 1469843184.452872, 
        "translated": 2513
    }, 
    "ur": {
        "approved": 0, 
        "pending_since_timestamp": 1469843184.452872, 
        "translated": 1237
    }, 
    "xh": {
        "approved": 0, 
        "translated": 1
    }, 
    "zh-hans": {
        "approved": 0, 
        "pending_since_timestamp": 1469843184.452872, 
        "translated": 5074
    }, 
    "zu": {
        "approved": 0, 
        "translated": 22
    }
}