{
    "ar": {
        "approved": 0, 
        "pending_since_timestamp": 1448365436.816835, 
        "translated": 3924
    }, 
    "bg": {
        "approved": 121062, 
        "pending_since_timestamp": 1448379529.034182, 
        "translated": 157402
    }, 
    "bn": {
        "approved": 33335, 
        "pending_since_timestamp": 1448393757.735577, 
        "translated": 65368
    }, 
    "cs": {
        "approved": 13601, 
        "translated": 25643
    }, 
    "da": {
        "approved": 22538, 
        "pending_since_timestamp": 1448383506.102332, 
        "translated": 65776
    }, 
    "de": {
        "approved": 106290, 
        "pending_since_timestamp": 1448386740.90469, 
        "translated": 106343
    }, 
    "el": {
        "approved": 0, 
        "translated": 6793
    }, 
    "es": {
        "approved": 196917, 
        "pending_since_timestamp": 1448389867.394814, 
        "translated": 296568
    }, 
    "fa": {
        "approved": 0, 
        "translated": 225
    }, 
    "fa-af": {
        "approved": 0, 
        "translated": 8
    }, 
    "fr": {
        "approved": 106279, 
        "translated": 112075
    }, 
    "he": {
        "approved": 8613, 
        "translated": 9138
    }, 
    "hi": {
        "approved": 40202, 
        "pending_since_timestamp": 1448392789.455211, 
        "translated": 66927
    }, 
    "hy": {
        "approved": 0, 
        "translated": 118
    }, 
    "id": {
        "approved": 0, 
        "pending_since_timestamp": 1448365436.816835, 
        "translated": 9212
    }, 
    "it": {
        "approved": 0, 
        "translated": 55895
    }, 
    "ja": {
        "approved": 19584, 
        "pending_since_timestamp": 1448365436.816835, 
        "translated": 53290
    }, 
    "ko": {
        "approved": 77598, 
        "pending_since_timestamp": 1448365436.816835, 
        "translated": 88375
    }, 
    "lol": {
        "approved": 705, 
        "translated": 5656
    }, 
    "mn": {
        "approved": 9910, 
        "pending_since_timestamp": 1448374437.836536, 
        "translated": 35848
    }, 
    "ms": {
        "approved": 0, 
        "translated": 798
    }, 
    "nb": {
        "approved": 87003, 
        "translated": 89216
    }, 
    "nl": {
        "approved": 45769, 
        "translated": 61339
    }, 
    "pl": {
        "approved": 115390, 
        "translated": 126013
    }, 
    "pt": {
        "approved": 152425, 
        "pending_since_timestamp": 1448387860.309658, 
        "translated": 293832
    }, 
    "pt-pt": {
        "approved": 13916, 
        "pending_since_timestamp": 1448388840.504157, 
        "translated": 78837
    }, 
    "ru": {
        "approved": 1227, 
        "translated": 13862
    }, 
    "sr": {
        "approved": 35917, 
        "pending_since_timestamp": 1448382526.224983, 
        "translated": 292649
    }, 
    "sw": {
        "approved": 13096, 
        "translated": 30838
    }, 
    "te": {
        "approved": 0, 
        "translated": 101
    }, 
    "th": {
        "approved": 0, 
        "pending_since_timestamp": 1448380524.316041, 
        "translated": 127950
    }, 
    "tr": {
        "approved": 174919, 
        "translated": 208807
    }, 
    "uk": {
        "approved": 0, 
        "translated": 1570
    }, 
    "ur": {
        "approved": 0, 
        "pending_since_timestamp": 1448365436.816835, 
        "translated": 1566
    }, 
    "xh": {
        "approved": 0, 
        "translated": 1
    }, 
    "zh-hans": {
        "approved": 0, 
        "translated": 4268
    }, 
    "zu": {
        "approved": 0, 
        "translated": 29
    }
}