{
    "ar": {
        "approved": 388, 
        "pending_since_timestamp": 1481062341.401838, 
        "translated": 3901
    }, 
    "bg": {
        "approved": 182664, 
        "translated": 202875
    }, 
    "bn": {
        "approved": 119848, 
        "pending_since_timestamp": 1481092543.894172, 
        "translated": 133739
    }, 
    "cs": {
        "approved": 12487, 
        "pending_since_timestamp": 1481062341.401838, 
        "translated": 29186
    }, 
    "da": {
        "approved": 73910, 
        "translated": 81554
    }, 
    "de": {
        "approved": 196196, 
        "translated": 196358
    }, 
    "el": {
        "approved": 873, 
        "translated": 8200
    }, 
    "es": {
        "approved": 301630, 
        "pending_since_timestamp": 1481081499.01239, 
        "translated": 320167
    }, 
    "fa": {
        "approved": 2, 
        "pending_since_timestamp": 1481062341.401838, 
        "translated": 104
    }, 
    "fa-af": {
        "approved": 62, 
        "pending_since_timestamp": 1481062341.401838, 
        "translated": 135
    }, 
    "fr": {
        "approved": 200272, 
        "translated": 213220
    }, 
    "he": {
        "approved": 6515, 
        "translated": 7059
    }, 
    "hi": {
        "approved": 96097, 
        "translated": 115421
    }, 
    "hy": {
        "approved": 1881, 
        "pending_since_timestamp": 1481055913.250895, 
        "translated": 8969
    }, 
    "id": {
        "approved": 1105, 
        "pending_since_timestamp": 1481062341.401838, 
        "translated": 6909
    }, 
    "it": {
        "approved": 62876, 
        "pending_since_timestamp": 1481046892.676544, 
        "translated": 111539
    }, 
    "ja": {
        "approved": 88464, 
        "pending_since_timestamp": 1481062341.401838, 
        "translated": 115516
    }, 
    "ka": {
        "approved": 186907, 
        "translated": 191733
    }, 
    "ko": {
        "approved": 138741, 
        "pending_since_timestamp": 1481094027.872865, 
        "translated": 155098
    }, 
    "lol": {
        "approved": 402, 
        "translated": 8677
    }, 
    "mn": {
        "approved": 73650, 
        "translated": 81228
    }, 
    "ms": {
        "approved": 63, 
        "pending_since_timestamp": 1481062341.401838, 
        "translated": 727
    }, 
    "nb": {
        "approved": 96254, 
        "translated": 99319
    }, 
    "nl": {
        "approved": 96305, 
        "translated": 120106
    }, 
    "pl": {
        "approved": 232374, 
        "translated": 233018
    }, 
    "pt": {
        "approved": 236349, 
        "translated": 275770
    }, 
    "pt-pt": {
        "approved": 66749, 
        "pending_since_timestamp": 1481048678.265776, 
        "translated": 94348
    }, 
    "ru": {
        "approved": 2074, 
        "pending_since_timestamp": 1481062341.401838, 
        "translated": 18615
    }, 
    "sr": {
        "approved": 51753, 
        "pending_since_timestamp": 1481062341.401838, 
        "translated": 69544
    }, 
    "sw": {
        "approved": 11855, 
        "pending_since_timestamp": 1481062341.401838, 
        "translated": 32021
    }, 
    "te": {
        "approved": 33, 
        "pending_since_timestamp": 1481062341.401838, 
        "translated": 231
    }, 
    "th": {
        "approved": 316, 
        "translated": 117780
    }, 
    "tr": {
        "approved": 231192, 
        "pending_since_timestamp": 1481094027.872865, 
        "translated": 315238
    }, 
    "uk": {
        "approved": 210, 
        "pending_since_timestamp": 1481062341.401838, 
        "translated": 2596
    }, 
    "ur": {
        "approved": 201, 
        "pending_since_timestamp": 1481062341.401838, 
        "translated": 1316
    }, 
    "xh": {
        "approved": 80, 
        "pending_since_timestamp": 1481062341.401838, 
        "translated": 81
    }, 
    "zh-hans": {
        "approved": 269, 
        "pending_since_timestamp": 1481062341.401838, 
        "translated": 5195
    }, 
    "zu": {
        "approved": 1, 
        "translated": 22
    }
}