{
    "ar": {
        "approved": 160, 
        "translated": 3668
    }, 
    "bg": {
        "approved": 197837, 
        "pending_since_timestamp": 1486038054.700708, 
        "translated": 208465
    }, 
    "bn": {
        "approved": 125761, 
        "translated": 138978
    }, 
    "cs": {
        "approved": 12206, 
        "pending_since_timestamp": 1486038054.700708, 
        "translated": 28902
    }, 
    "da": {
        "approved": 73782, 
        "pending_since_timestamp": 1486038054.700708, 
        "translated": 81496
    }, 
    "de": {
        "approved": 202116, 
        "pending_since_timestamp": 1486046128.371771, 
        "translated": 202245
    }, 
    "el": {
        "approved": 1063, 
        "translated": 15581
    }, 
    "es": {
        "approved": 322433, 
        "pending_since_timestamp": 1486047890.121885, 
        "translated": 343981
    }, 
    "fa": {
        "approved": 1, 
        "translated": 103
    }, 
    "fa-af": {
        "approved": 31, 
        "translated": 104
    }, 
    "fr": {
        "approved": 216010, 
        "pending_since_timestamp": 1486047890.121885, 
        "translated": 224901
    }, 
    "he": {
        "approved": 6495, 
        "translated": 7041
    }, 
    "hi": {
        "approved": 96817, 
        "pending_since_timestamp": 1486046128.371771, 
        "translated": 115490
    }, 
    "hy": {
        "approved": 7405, 
        "pending_since_timestamp": 1486038054.700708, 
        "translated": 12303
    }, 
    "id": {
        "approved": 532, 
        "translated": 6304
    }, 
    "it": {
        "approved": 61376, 
        "pending_since_timestamp": 1486038054.700708, 
        "translated": 112453
    }, 
    "ja": {
        "approved": 99822, 
        "pending_since_timestamp": 1486031898.502161, 
        "translated": 116078
    }, 
    "ka": {
        "approved": 189448, 
        "pending_since_timestamp": 1486030296.975987, 
        "translated": 194444
    }, 
    "ko": {
        "approved": 151176, 
        "pending_since_timestamp": 1486025564.451461, 
        "translated": 160564
    }, 
    "lol": {
        "approved": 397, 
        "translated": 8649
    }, 
    "mn": {
        "approved": 73253, 
        "pending_since_timestamp": 1486038054.700708, 
        "translated": 84716
    }, 
    "ms": {
        "approved": 29, 
        "translated": 684
    }, 
    "nb": {
        "approved": 95990, 
        "pending_since_timestamp": 1486038054.700708, 
        "translated": 99174
    }, 
    "nl": {
        "approved": 101092, 
        "pending_since_timestamp": 1486025564.451461, 
        "translated": 125590
    }, 
    "pl": {
        "approved": 247532, 
        "pending_since_timestamp": 1486046128.371771, 
        "translated": 247869
    }, 
    "pt": {
        "approved": 253144, 
        "pending_since_timestamp": 1486049524.932081, 
        "translated": 289795
    }, 
    "pt-pt": {
        "approved": 67058, 
        "pending_since_timestamp": 1486030296.975987, 
        "translated": 92605
    }, 
    "ru": {
        "approved": 1635, 
        "translated": 18074
    }, 
    "sr": {
        "approved": 50784, 
        "translated": 68701
    }, 
    "sw": {
        "approved": 11627, 
        "pending_since_timestamp": 1486038054.700708, 
        "translated": 31875
    }, 
    "te": {
        "approved": 16, 
        "translated": 214
    }, 
    "th": {
        "approved": 316, 
        "pending_since_timestamp": 1486038054.700708, 
        "translated": 121338
    }, 
    "tr": {
        "approved": 250023, 
        "translated": 327848
    }, 
    "uk": {
        "approved": 98, 
        "translated": 2479
    }, 
    "ur": {
        "approved": 92, 
        "translated": 1201
    }, 
    "xh": {
        "approved": 40, 
        "translated": 40
    }, 
    "zh-hans": {
        "approved": 136, 
        "translated": 5056
    }, 
    "zu": {
        "approved": 1, 
        "translated": 22
    }
}