{
    "ar": {
        "approved": 0, 
        "pending_since_timestamp": 1460988511.723074, 
        "translated": 4619
    }, 
    "bg": {
        "approved": 169603, 
        "translated": 188393
    }, 
    "bn": {
        "approved": 72570, 
        "translated": 121154
    }, 
    "cs": {
        "approved": 12730, 
        "pending_since_timestamp": 1461017887.018577, 
        "translated": 29978
    }, 
    "da": {
        "approved": 39317, 
        "pending_since_timestamp": 1461005314.999868, 
        "translated": 88120
    }, 
    "de": {
        "approved": 149393, 
        "pending_since_timestamp": 1461011334.919595, 
        "translated": 149654
    }, 
    "el": {
        "approved": 257, 
        "pending_since_timestamp": 1460995167.741361, 
        "translated": 7431
    }, 
    "es": {
        "approved": 251439, 
        "pending_since_timestamp": 1461015443.428076, 
        "translated": 368704
    }, 
    "fa": {
        "approved": 0, 
        "translated": 211
    }, 
    "fa-af": {
        "approved": 0, 
        "translated": 72
    }, 
    "fr": {
        "approved": 148575, 
        "translated": 156944
    }, 
    "he": {
        "approved": 9242, 
        "translated": 9257
    }, 
    "hi": {
        "approved": 69694, 
        "translated": 87806
    }, 
    "hy": {
        "approved": 0, 
        "translated": 2829
    }, 
    "id": {
        "approved": 0, 
        "translated": 8146
    }, 
    "it": {
        "approved": 0, 
        "translated": 93812
    }, 
    "ja": {
        "approved": 27000, 
        "translated": 58232
    }, 
    "ka": {
        "approved": 117320, 
        "pending_since_timestamp": 1461011334.919595, 
        "translated": 118477
    }, 
    "ko": {
        "approved": 109412, 
        "translated": 134843
    }, 
    "lol": {
        "approved": 587, 
        "translated": 7585
    }, 
    "mn": {
        "approved": 74861, 
        "pending_since_timestamp": 1460989789.041676, 
        "translated": 82288
    }, 
    "ms": {
        "approved": 0, 
        "translated": 750
    }, 
    "nb": {
        "approved": 87885, 
        "translated": 88911
    }, 
    "nl": {
        "approved": 55672, 
        "pending_since_timestamp": 1460987193.617306, 
        "translated": 103968
    }, 
    "pl": {
        "approved": 188137, 
        "pending_since_timestamp": 1461012640.809586, 
        "translated": 190380
    }, 
    "pt": {
        "approved": 184523, 
        "translated": 366006
    }, 
    "pt-pt": {
        "approved": 17592, 
        "pending_since_timestamp": 1460976901.304418, 
        "translated": 117579
    }, 
    "ru": {
        "approved": 1176, 
        "translated": 20799
    }, 
    "sr": {
        "approved": 46913, 
        "translated": 364648
    }, 
    "sw": {
        "approved": 12143, 
        "translated": 35354
    }, 
    "te": {
        "approved": 0, 
        "translated": 216
    }, 
    "th": {
        "approved": 0, 
        "translated": 127857
    }, 
    "tr": {
        "approved": 169313, 
        "translated": 274839
    }, 
    "uk": {
        "approved": 0, 
        "translated": 2580
    }, 
    "ur": {
        "approved": 0, 
        "translated": 1551
    }, 
    "xh": {
        "approved": 0, 
        "translated": 1
    }, 
    "zh-hans": {
        "approved": 0, 
        "translated": 4101
    }, 
    "zu": {
        "approved": 0, 
        "translated": 23
    }
}