{
    "ar": {
        "approved": 160, 
        "translated": 3664
    }, 
    "bg": {
        "approved": 197820, 
        "pending_since_timestamp": 1485594285.212374, 
        "translated": 206133
    }, 
    "bn": {
        "approved": 125446, 
        "translated": 138812
    }, 
    "cs": {
        "approved": 12210, 
        "translated": 28913
    }, 
    "da": {
        "approved": 73788, 
        "translated": 81507
    }, 
    "de": {
        "approved": 201320, 
        "pending_since_timestamp": 1485596364.114203, 
        "translated": 201721
    }, 
    "el": {
        "approved": 1024, 
        "translated": 15529
    }, 
    "es": {
        "approved": 319832, 
        "translated": 341239
    }, 
    "fa": {
        "approved": 1, 
        "translated": 103
    }, 
    "fa-af": {
        "approved": 31, 
        "translated": 104
    }, 
    "fr": {
        "approved": 214757, 
        "translated": 223607
    }, 
    "he": {
        "approved": 6471, 
        "translated": 7015
    }, 
    "hi": {
        "approved": 96801, 
        "translated": 115466
    }, 
    "hy": {
        "approved": 7379, 
        "translated": 12271
    }, 
    "id": {
        "approved": 532, 
        "translated": 6304
    }, 
    "it": {
        "approved": 61406, 
        "pending_since_timestamp": 1485597481.72969, 
        "translated": 112385
    }, 
    "ja": {
        "approved": 99795, 
        "translated": 115997
    }, 
    "ka": {
        "approved": 189022, 
        "translated": 194116
    }, 
    "ko": {
        "approved": 151022, 
        "pending_since_timestamp": 1485330077.613994, 
        "translated": 160489
    }, 
    "lol": {
        "approved": 397, 
        "translated": 8651
    }, 
    "mn": {
        "approved": 73258, 
        "translated": 80780
    }, 
    "ms": {
        "approved": 29, 
        "translated": 684
    }, 
    "nb": {
        "approved": 95996, 
        "translated": 99180
    }, 
    "nl": {
        "approved": 101068, 
        "translated": 125186
    }, 
    "pl": {
        "approved": 246458, 
        "pending_since_timestamp": 1485598720.840321, 
        "translated": 246710
    }, 
    "pt": {
        "approved": 250467, 
        "translated": 287652
    }, 
    "pt-pt": {
        "approved": 66796, 
        "translated": 92579
    }, 
    "ru": {
        "approved": 1635, 
        "pending_since_timestamp": 1485594285.212374, 
        "translated": 18065
    }, 
    "sr": {
        "approved": 50789, 
        "translated": 68724
    }, 
    "sw": {
        "approved": 11632, 
        "translated": 31886
    }, 
    "te": {
        "approved": 16, 
        "translated": 214
    }, 
    "th": {
        "approved": 316, 
        "translated": 120205
    }, 
    "tr": {
        "approved": 242339, 
        "pending_since_timestamp": 1485600046.497864, 
        "translated": 330810
    }, 
    "uk": {
        "approved": 98, 
        "translated": 2479
    }, 
    "ur": {
        "approved": 92, 
        "translated": 1201
    }, 
    "xh": {
        "approved": 40, 
        "translated": 40
    }, 
    "zh-hans": {
        "approved": 128, 
        "translated": 5021
    }, 
    "zu": {
        "approved": 1, 
        "translated": 22
    }
}