{
    "ar": {
        "approved": 0, 
        "translated": 4342
    }, 
    "bg": {
        "approved": 179166, 
        "translated": 197987
    }, 
    "bn": {
        "approved": 92701, 
        "pending_since_timestamp": 1465739591.992595, 
        "translated": 123149
    }, 
    "cs": {
        "approved": 12268, 
        "translated": 30678
    }, 
    "da": {
        "approved": 75582, 
        "translated": 84251
    }, 
    "de": {
        "approved": 152114, 
        "pending_since_timestamp": 1465739591.992595, 
        "translated": 152124
    }, 
    "el": {
        "approved": 323, 
        "translated": 7393
    }, 
    "es": {
        "approved": 275896, 
        "translated": 375693
    }, 
    "fa": {
        "approved": 0, 
        "translated": 107
    }, 
    "fa-af": {
        "approved": 0, 
        "translated": 72
    }, 
    "fr": {
        "approved": 161715, 
        "translated": 169169
    }, 
    "he": {
        "approved": 8590, 
        "translated": 8600
    }, 
    "hi": {
        "approved": 69876, 
        "pending_since_timestamp": 1465742507.881404, 
        "translated": 104946
    }, 
    "hy": {
        "approved": 0, 
        "translated": 3014
    }, 
    "id": {
        "approved": 0, 
        "translated": 7311
    }, 
    "it": {
        "approved": 0, 
        "pending_since_timestamp": 1465714942.316289, 
        "translated": 94869
    }, 
    "ja": {
        "approved": 29203, 
        "translated": 77780
    }, 
    "ka": {
        "approved": 132544, 
        "pending_since_timestamp": 1465736031.077257, 
        "translated": 135019
    }, 
    "ko": {
        "approved": 124880, 
        "translated": 141768
    }, 
    "lol": {
        "approved": 603, 
        "translated": 8850
    }, 
    "mn": {
        "approved": 74557, 
        "translated": 82743
    }, 
    "ms": {
        "approved": 0, 
        "pending_since_timestamp": 1465568490.645855, 
        "translated": 734
    }, 
    "nb": {
        "approved": 98577, 
        "pending_since_timestamp": 1465736031.077257, 
        "translated": 101561
    }, 
    "nl": {
        "approved": 80629, 
        "pending_since_timestamp": 1465733713.330364, 
        "translated": 115888
    }, 
    "pl": {
        "approved": 198338, 
        "pending_since_timestamp": 1465741614.703923, 
        "translated": 198965
    }, 
    "pt": {
        "approved": 198529, 
        "pending_since_timestamp": 1465735210.699626, 
        "translated": 372895
    }, 
    "pt-pt": {
        "approved": 18871, 
        "translated": 114413
    }, 
    "ru": {
        "approved": 1163, 
        "translated": 19739
    }, 
    "sr": {
        "approved": 44767, 
        "translated": 371679
    }, 
    "sw": {
        "approved": 11734, 
        "translated": 33592
    }, 
    "te": {
        "approved": 0, 
        "translated": 215
    }, 
    "th": {
        "approved": 0, 
        "translated": 120820
    }, 
    "tr": {
        "approved": 182953, 
        "translated": 276881
    }, 
    "uk": {
        "approved": 0, 
        "translated": 2562
    }, 
    "ur": {
        "approved": 0, 
        "translated": 1465
    }, 
    "xh": {
        "approved": 0, 
        "translated": 1
    }, 
    "zh-hans": {
        "approved": 0, 
        "translated": 5156
    }, 
    "zu": {
        "approved": 0, 
        "translated": 23
    }
}