{
    "ar": {
        "approved": 380, 
        "pending_since_timestamp": 1497594455.82073, 
        "translated": 4393
    }, 
    "bg": {
        "approved": 234089, 
        "translated": 239634
    }, 
    "bn": {
        "approved": 140806, 
        "pending_since_timestamp": 1497627308.395015, 
        "translated": 149458
    }, 
    "cs": {
        "approved": 43131, 
        "pending_since_timestamp": 1497614696.206982, 
        "translated": 66597
    }, 
    "da": {
        "approved": 71688, 
        "translated": 93406
    }, 
    "de": {
        "approved": 213755, 
        "pending_since_timestamp": 1497643013.632648, 
        "translated": 215857
    }, 
    "el": {
        "approved": 2157, 
        "pending_since_timestamp": 1497594455.82073, 
        "translated": 22130
    }, 
    "es": {
        "approved": 351204, 
        "pending_since_timestamp": 1497633128.244069, 
        "translated": 367410
    }, 
    "fa": {
        "approved": 1, 
        "translated": 148
    }, 
    "fa-af": {
        "approved": 31, 
        "translated": 104
    }, 
    "fr": {
        "approved": 238759, 
        "translated": 246536
    }, 
    "he": {
        "approved": 7142, 
        "translated": 7472
    }, 
    "hi": {
        "approved": 98264, 
        "translated": 114261
    }, 
    "hy": {
        "approved": 7403, 
        "translated": 12230
    }, 
    "id": {
        "approved": 531, 
        "translated": 6430
    }, 
    "it": {
        "approved": 93273, 
        "pending_since_timestamp": 1497614696.206982, 
        "translated": 126664
    }, 
    "ja": {
        "approved": 101155, 
        "pending_since_timestamp": 1497594455.82073, 
        "translated": 120817
    }, 
    "ka": {
        "approved": 202653, 
        "translated": 208381
    }, 
    "ko": {
        "approved": 162837, 
        "translated": 174449
    }, 
    "lol": {
        "approved": 382, 
        "translated": 8546
    }, 
    "mn": {
        "approved": 80700, 
        "pending_since_timestamp": 1497614696.206982, 
        "translated": 107528
    }, 
    "ms": {
        "approved": 29, 
        "pending_since_timestamp": 1497594455.82073, 
        "translated": 756
    }, 
    "nb": {
        "approved": 128517, 
        "translated": 133494
    }, 
    "nl": {
        "approved": 107610, 
        "translated": 129450
    }, 
    "pl": {
        "approved": 271783, 
        "pending_since_timestamp": 1497623830.651528, 
        "translated": 272561
    }, 
    "pt": {
        "approved": 289325, 
        "pending_since_timestamp": 1497633128.244069, 
        "translated": 327270
    }, 
    "pt-pt": {
        "approved": 90582, 
        "translated": 121067
    }, 
    "ru": {
        "approved": 1531, 
        "pending_since_timestamp": 1497594455.82073, 
        "translated": 18378
    }, 
    "sr": {
        "approved": 50359, 
        "translated": 68011
    }, 
    "sw": {
        "approved": 49077, 
        "pending_since_timestamp": 1497594455.82073, 
        "translated": 62629
    }, 
    "te": {
        "approved": 16, 
        "pending_since_timestamp": 1497594455.82073, 
        "translated": 241
    }, 
    "th": {
        "approved": 303, 
        "pending_since_timestamp": 1497594455.82073, 
        "translated": 132236
    }, 
    "tr": {
        "approved": 268305, 
        "pending_since_timestamp": 1497629265.461065, 
        "translated": 369075
    }, 
    "uk": {
        "approved": 98, 
        "translated": 2513
    }, 
    "ur": {
        "approved": 92, 
        "translated": 1157
    }, 
    "xh": {
        "approved": 40, 
        "translated": 40
    }, 
    "zh-hans": {
        "approved": 6142, 
        "pending_since_timestamp": 1497594455.82073, 
        "translated": 38041
    }, 
    "zu": {
        "approved": 1, 
        "translated": 20
    }
}