{
    "ar": {
        "approved": 0, 
        "pending_since_timestamp": 1457382599.15377, 
        "translated": 4805
    }, 
    "bg": {
        "approved": 173133, 
        "translated": 185565
    }, 
    "bn": {
        "approved": 59478, 
        "translated": 102387
    }, 
    "cs": {
        "approved": 12910, 
        "pending_since_timestamp": 1457373629.707752, 
        "translated": 30535
    }, 
    "da": {
        "approved": 38753, 
        "translated": 72576
    }, 
    "de": {
        "approved": 119616, 
        "translated": 120716
    }, 
    "el": {
        "approved": 3, 
        "pending_since_timestamp": 1457382599.15377, 
        "translated": 7308
    }, 
    "es": {
        "approved": 212444, 
        "pending_since_timestamp": 1457405115.440009, 
        "translated": 328565
    }, 
    "fa": {
        "approved": 0, 
        "pending_since_timestamp": 1457382599.15377, 
        "translated": 247
    }, 
    "fa-af": {
        "approved": 0, 
        "translated": 72
    }, 
    "fr": {
        "approved": 120932, 
        "pending_since_timestamp": 1457400931.228891, 
        "translated": 129748
    }, 
    "he": {
        "approved": 8392, 
        "translated": 9471
    }, 
    "hi": {
        "approved": 64958, 
        "translated": 79362
    }, 
    "hy": {
        "approved": 0, 
        "pending_since_timestamp": 1457382599.15377, 
        "translated": 140
    }, 
    "id": {
        "approved": 0, 
        "pending_since_timestamp": 1457382599.15377, 
        "translated": 8454
    }, 
    "it": {
        "approved": 0, 
        "translated": 77763
    }, 
    "ja": {
        "approved": 23692, 
        "translated": 55957
    }, 
    "ko": {
        "approved": 76388, 
        "pending_since_timestamp": 1457399683.998745, 
        "translated": 110117
    }, 
    "lol": {
        "approved": 596, 
        "translated": 7838
    }, 
    "mn": {
        "approved": 48594, 
        "pending_since_timestamp": 1457392086.33201, 
        "translated": 64816
    }, 
    "ms": {
        "approved": 0, 
        "pending_since_timestamp": 1457382599.15377, 
        "translated": 798
    }, 
    "nb": {
        "approved": 86137, 
        "translated": 87077
    }, 
    "nl": {
        "approved": 49531, 
        "translated": 85263
    }, 
    "pl": {
        "approved": 144873, 
        "translated": 147627
    }, 
    "pt": {
        "approved": 158077, 
        "pending_since_timestamp": 1457408149.567151, 
        "translated": 325662
    }, 
    "pt-pt": {
        "approved": 14331, 
        "translated": 85284
    }, 
    "ru": {
        "approved": 1242, 
        "pending_since_timestamp": 1457373629.707752, 
        "translated": 20818
    }, 
    "sr": {
        "approved": 35990, 
        "translated": 324523
    }, 
    "sw": {
        "approved": 12267, 
        "pending_since_timestamp": 1457373629.707752, 
        "translated": 36145
    }, 
    "te": {
        "approved": 0, 
        "pending_since_timestamp": 1457382599.15377, 
        "translated": 232
    }, 
    "th": {
        "approved": 0, 
        "translated": 126778
    }, 
    "tr": {
        "approved": 168613, 
        "translated": 238313
    }, 
    "uk": {
        "approved": 0, 
        "pending_since_timestamp": 1457382599.15377, 
        "translated": 2561
    }, 
    "ur": {
        "approved": 0, 
        "pending_since_timestamp": 1457382599.15377, 
        "translated": 1632
    }, 
    "xh": {
        "approved": 0, 
        "translated": 1
    }, 
    "zh-hans": {
        "approved": 0, 
        "pending_since_timestamp": 1457382599.15377, 
        "translated": 4358
    }, 
    "zu": {
        "approved": 0, 
        "pending_since_timestamp": 1457382599.15377, 
        "translated": 31
    }
}