{
    "ar": {
        "approved": 0, 
        "pending_since_timestamp": 1475540770.249586, 
        "translated": 3803
    }, 
    "bg": {
        "approved": 180520, 
        "pending_since_timestamp": 1475565163.952813, 
        "translated": 201437
    }, 
    "bn": {
        "approved": 118537, 
        "pending_since_timestamp": 1475603416.001505, 
        "translated": 135699
    }, 
    "cs": {
        "approved": 12086, 
        "pending_since_timestamp": 1475540770.249586, 
        "translated": 29466
    }, 
    "da": {
        "approved": 80073, 
        "translated": 87433
    }, 
    "de": {
        "approved": 181683, 
        "translated": 182470
    }, 
    "el": {
        "approved": 490, 
        "pending_since_timestamp": 1475540770.249586, 
        "translated": 8256
    }, 
    "es": {
        "approved": 259003, 
        "pending_since_timestamp": 1475534541.329504, 
        "translated": 417448
    }, 
    "fa": {
        "approved": 0, 
        "pending_since_timestamp": 1475540770.249586, 
        "translated": 104
    }, 
    "fa-af": {
        "approved": 0, 
        "translated": 72
    }, 
    "fr": {
        "approved": 180921, 
        "pending_since_timestamp": 1475610341.369419, 
        "translated": 190702
    }, 
    "he": {
        "approved": 9071, 
        "translated": 9406
    }, 
    "hi": {
        "approved": 92995, 
        "translated": 114599
    }, 
    "hy": {
        "approved": 0, 
        "pending_since_timestamp": 1475544207.471364, 
        "translated": 3012
    }, 
    "id": {
        "approved": 0, 
        "pending_since_timestamp": 1475540770.249586, 
        "translated": 6289
    }, 
    "it": {
        "approved": 39871, 
        "pending_since_timestamp": 1475506503.019665, 
        "translated": 104719
    }, 
    "ja": {
        "approved": 39405, 
        "pending_since_timestamp": 1475561699.537046, 
        "translated": 82764
    }, 
    "ka": {
        "approved": 173121, 
        "pending_since_timestamp": 1475561699.537046, 
        "translated": 175585
    }, 
    "ko": {
        "approved": 135592, 
        "pending_since_timestamp": 1475632504.683371, 
        "translated": 158347
    }, 
    "lol": {
        "approved": 599, 
        "translated": 8808
    }, 
    "mn": {
        "approved": 74803, 
        "pending_since_timestamp": 1475544207.471364, 
        "translated": 82390
    }, 
    "ms": {
        "approved": 0, 
        "pending_since_timestamp": 1475540770.249586, 
        "translated": 717
    }, 
    "nb": {
        "approved": 98182, 
        "translated": 101267
    }, 
    "nl": {
        "approved": 94553, 
        "pending_since_timestamp": 1475599344.611824, 
        "translated": 121562
    }, 
    "pl": {
        "approved": 228157, 
        "pending_since_timestamp": 1475610341.369419, 
        "translated": 228567
    }, 
    "pt": {
        "approved": 225366, 
        "pending_since_timestamp": 1475595978.395855, 
        "translated": 424577
    }, 
    "pt-pt": {
        "approved": 46149, 
        "pending_since_timestamp": 1475496490.499394, 
        "translated": 78385
    }, 
    "ru": {
        "approved": 1188, 
        "pending_since_timestamp": 1475544207.471364, 
        "translated": 18172
    }, 
    "sr": {
        "approved": 52586, 
        "pending_since_timestamp": 1475561699.537046, 
        "translated": 416502
    }, 
    "sw": {
        "approved": 11552, 
        "pending_since_timestamp": 1475544207.471364, 
        "translated": 32775
    }, 
    "te": {
        "approved": 0, 
        "pending_since_timestamp": 1475544207.471364, 
        "translated": 209
    }, 
    "th": {
        "approved": 0, 
        "pending_since_timestamp": 1475540770.249586, 
        "translated": 118690
    }, 
    "tr": {
        "approved": 221479, 
        "translated": 318269
    }, 
    "uk": {
        "approved": 0, 
        "pending_since_timestamp": 1475540770.249586, 
        "translated": 2466
    }, 
    "ur": {
        "approved": 0, 
        "pending_since_timestamp": 1475540770.249586, 
        "translated": 1199
    }, 
    "xh": {
        "approved": 0, 
        "translated": 1
    }, 
    "zh-hans": {
        "approved": 0, 
        "pending_since_timestamp": 1475544207.471364, 
        "translated": 4980
    }, 
    "zu": {
        "approved": 0, 
        "pending_since_timestamp": 1475540770.249586, 
        "translated": 22
    }
}