{
    "ar": {
        "approved": 0, 
        "pending_since_timestamp": 1465430879.365463, 
        "translated": 4343
    }, 
    "bg": {
        "approved": 179214, 
        "translated": 197438
    }, 
    "bn": {
        "approved": 91449, 
        "translated": 122636
    }, 
    "cs": {
        "approved": 12268, 
        "translated": 30697
    }, 
    "da": {
        "approved": 75667, 
        "pending_since_timestamp": 1465430879.365463, 
        "translated": 84338
    }, 
    "de": {
        "approved": 150836, 
        "translated": 150869
    }, 
    "el": {
        "approved": 323, 
        "pending_since_timestamp": 1465430879.365463, 
        "translated": 7388
    }, 
    "es": {
        "approved": 275518, 
        "pending_since_timestamp": 1465439671.054834, 
        "translated": 375573
    }, 
    "fa": {
        "approved": 0, 
        "translated": 107
    }, 
    "fa-af": {
        "approved": 0, 
        "translated": 72
    }, 
    "fr": {
        "approved": 161566, 
        "translated": 168679
    }, 
    "he": {
        "approved": 8597, 
        "translated": 8609
    }, 
    "hi": {
        "approved": 70011, 
        "translated": 102673
    }, 
    "hy": {
        "approved": 0, 
        "translated": 3014
    }, 
    "id": {
        "approved": 0, 
        "pending_since_timestamp": 1465430879.365463, 
        "translated": 7320
    }, 
    "it": {
        "approved": 0, 
        "pending_since_timestamp": 1465430879.365463, 
        "translated": 94885
    }, 
    "ja": {
        "approved": 29222, 
        "translated": 72827
    }, 
    "ka": {
        "approved": 131279, 
        "translated": 133705
    }, 
    "ko": {
        "approved": 124963, 
        "pending_since_timestamp": 1465430879.365463, 
        "translated": 141351
    }, 
    "lol": {
        "approved": 603, 
        "translated": 8862
    }, 
    "mn": {
        "approved": 74528, 
        "translated": 82705
    }, 
    "ms": {
        "approved": 0, 
        "translated": 735
    }, 
    "nb": {
        "approved": 98597, 
        "translated": 101475
    }, 
    "nl": {
        "approved": 77436, 
        "pending_since_timestamp": 1465430879.365463, 
        "translated": 112712
    }, 
    "pl": {
        "approved": 197411, 
        "pending_since_timestamp": 1465437842.511692, 
        "translated": 198267
    }, 
    "pt": {
        "approved": 197638, 
        "pending_since_timestamp": 1465436106.090638, 
        "translated": 372762
    }, 
    "pt-pt": {
        "approved": 18888, 
        "translated": 114504
    }, 
    "ru": {
        "approved": 1163, 
        "pending_since_timestamp": 1465430879.365463, 
        "translated": 19756
    }, 
    "sr": {
        "approved": 44754, 
        "translated": 371467
    }, 
    "sw": {
        "approved": 11734, 
        "translated": 33610
    }, 
    "te": {
        "approved": 0, 
        "translated": 215
    }, 
    "th": {
        "approved": 0, 
        "translated": 120853
    }, 
    "tr": {
        "approved": 183086, 
        "translated": 277058
    }, 
    "uk": {
        "approved": 0, 
        "translated": 2563
    }, 
    "ur": {
        "approved": 0, 
        "pending_since_timestamp": 1465430879.365463, 
        "translated": 1469
    }, 
    "xh": {
        "approved": 0, 
        "translated": 1
    }, 
    "zh-hans": {
        "approved": 0, 
        "translated": 5163
    }, 
    "zu": {
        "approved": 0, 
        "translated": 23
    }
}