{
    "ar": {
        "approved": 385, 
        "translated": 4399
    }, 
    "bg": {
        "approved": 196790, 
        "pending_since_timestamp": 1494487133.32936, 
        "translated": 230704
    }, 
    "bn": {
        "approved": 136682, 
        "pending_since_timestamp": 1494505305.887348, 
        "translated": 147114
    }, 
    "cs": {
        "approved": 11703, 
        "translated": 29334
    }, 
    "da": {
        "approved": 71810, 
        "pending_since_timestamp": 1494507548.403763, 
        "translated": 85093
    }, 
    "de": {
        "approved": 213353, 
        "pending_since_timestamp": 1494511799.146573, 
        "translated": 213971
    }, 
    "el": {
        "approved": 1844, 
        "pending_since_timestamp": 1494492920.132595, 
        "translated": 19289
    }, 
    "es": {
        "approved": 346342, 
        "pending_since_timestamp": 1494507548.403763, 
        "translated": 363260
    }, 
    "fa": {
        "approved": 1, 
        "translated": 100
    }, 
    "fa-af": {
        "approved": 31, 
        "translated": 104
    }, 
    "fr": {
        "approved": 232608, 
        "pending_since_timestamp": 1494511799.146573, 
        "translated": 240926
    }, 
    "he": {
        "approved": 7274, 
        "pending_since_timestamp": 1494505305.887348, 
        "translated": 7345
    }, 
    "hi": {
        "approved": 98409, 
        "translated": 114385
    }, 
    "hy": {
        "approved": 7403, 
        "translated": 12274
    }, 
    "id": {
        "approved": 531, 
        "translated": 6458
    }, 
    "it": {
        "approved": 93068, 
        "translated": 124105
    }, 
    "ja": {
        "approved": 100657, 
        "translated": 119521
    }, 
    "ka": {
        "approved": 193905, 
        "pending_since_timestamp": 1494505305.887348, 
        "translated": 203187
    }, 
    "ko": {
        "approved": 153763, 
        "pending_since_timestamp": 1494479751.748479, 
        "translated": 170206
    }, 
    "lol": {
        "approved": 382, 
        "translated": 8598
    }, 
    "mn": {
        "approved": 81312, 
        "translated": 104790
    }, 
    "ms": {
        "approved": 29, 
        "translated": 650
    }, 
    "nb": {
        "approved": 93028, 
        "translated": 98044
    }, 
    "nl": {
        "approved": 106533, 
        "pending_since_timestamp": 1494509603.609199, 
        "translated": 128474
    }, 
    "pl": {
        "approved": 266511, 
        "pending_since_timestamp": 1494492920.132595, 
        "translated": 266625
    }, 
    "pt": {
        "approved": 281519, 
        "pending_since_timestamp": 1494507548.403763, 
        "translated": 316941
    }, 
    "pt-pt": {
        "approved": 85372, 
        "pending_since_timestamp": 1494487133.32936, 
        "translated": 115818
    }, 
    "ru": {
        "approved": 1535, 
        "translated": 18462
    }, 
    "sr": {
        "approved": 50456, 
        "translated": 68185
    }, 
    "sw": {
        "approved": 41285, 
        "pending_since_timestamp": 1494485141.060622, 
        "translated": 58385
    }, 
    "te": {
        "approved": 16, 
        "translated": 241
    }, 
    "th": {
        "approved": 300, 
        "translated": 118500
    }, 
    "tr": {
        "approved": 263753, 
        "translated": 364273
    }, 
    "uk": {
        "approved": 98, 
        "translated": 2532
    }, 
    "ur": {
        "approved": 92, 
        "translated": 1157
    }, 
    "xh": {
        "approved": 40, 
        "translated": 40
    }, 
    "zh-hans": {
        "approved": 5065, 
        "pending_since_timestamp": 1494474739.640407, 
        "translated": 25095
    }, 
    "zu": {
        "approved": 1, 
        "translated": 20
    }
}