{
    "af": {
        "approved": 19, 
        "translated": 1516
    }, 
    "am": {
        "approved": 0, 
        "translated": 0
    }, 
    "ar": {
        "approved": 577, 
        "pending_since_timestamp": 1533558731.867598, 
        "translated": 31519
    }, 
    "az": {
        "approved": 35951, 
        "translated": 37720
    }, 
    "bg": {
        "approved": 307552, 
        "pending_since_timestamp": 1533542770.169738, 
        "translated": 308682
    }, 
    "bn": {
        "approved": 146491, 
        "translated": 156979
    }, 
    "ca": {
        "approved": 3, 
        "translated": 2060
    }, 
    "cs": {
        "approved": 101552, 
        "pending_since_timestamp": 1533558731.867598, 
        "translated": 119205
    }, 
    "da": {
        "approved": 151281, 
        "pending_since_timestamp": 1533558731.867598, 
        "translated": 173475
    }, 
    "de": {
        "approved": 288062, 
        "pending_since_timestamp": 1533558731.867598, 
        "translated": 529957
    }, 
    "el": {
        "approved": 77018, 
        "pending_since_timestamp": 1533504428.142127, 
        "translated": 92430
    }, 
    "es": {
        "approved": 409511, 
        "pending_since_timestamp": 1533542770.169738, 
        "translated": 431637
    }, 
    "et": {
        "approved": 45022, 
        "translated": 46345
    }, 
    "fa": {
        "approved": 1, 
        "translated": 192
    }, 
    "fa-af": {
        "approved": 31, 
        "translated": 103
    }, 
    "fi": {
        "approved": 82630, 
        "translated": 84320
    }, 
    "fil": {
        "approved": 210, 
        "translated": 303
    }, 
    "fr": {
        "approved": 276946, 
        "translated": 280707
    }, 
    "gu": {
        "approved": 35420, 
        "pending_since_timestamp": 1533558731.867598, 
        "translated": 114208
    }, 
    "he": {
        "approved": 8719, 
        "translated": 8722
    }, 
    "hi": {
        "approved": 167952, 
        "translated": 180331
    }, 
    "hr": {
        "approved": 10969, 
        "translated": 16658
    }, 
    "ht": {
        "approved": 1, 
        "translated": 5
    }, 
    "hu": {
        "approved": 89833, 
        "pending_since_timestamp": 1533449114.785663, 
        "translated": 108335
    }, 
    "hy": {
        "approved": 95350, 
        "pending_since_timestamp": 1533535616.765733, 
        "translated": 104731
    }, 
    "id": {
        "approved": 55399, 
        "pending_since_timestamp": 1533558731.867598, 
        "translated": 75515
    }, 
    "it": {
        "approved": 155987, 
        "pending_since_timestamp": 1533577556.475066, 
        "translated": 170992
    }, 
    "ja": {
        "approved": 124010, 
        "pending_since_timestamp": 1533563917.904841, 
        "translated": 141950
    }, 
    "ka": {
        "approved": 265354, 
        "pending_since_timestamp": 1533574857.467648, 
        "translated": 267515
    }, 
    "ki": {
        "approved": 0, 
        "translated": 37
    }, 
    "km": {
        "approved": 0, 
        "translated": 52
    }, 
    "kn": {
        "approved": 1752, 
        "pending_since_timestamp": 1533459783.191651, 
        "translated": 19725
    }, 
    "ko": {
        "approved": 178314, 
        "pending_since_timestamp": 1533569402.520755, 
        "translated": 203074
    }, 
    "ky": {
        "approved": 0, 
        "translated": 25
    }, 
    "lol": {
        "approved": 67082, 
        "translated": 82287
    }, 
    "lt": {
        "approved": 74031, 
        "translated": 75912
    }, 
    "lv": {
        "approved": 54664, 
        "translated": 55073
    }, 
    "mn": {
        "approved": 82738, 
        "translated": 110654
    }, 
    "mr": {
        "approved": 0, 
        "translated": 0
    }, 
    "ms": {
        "approved": 29, 
        "translated": 678
    }, 
    "my": {
        "approved": 1, 
        "translated": 116
    }, 
    "nb": {
        "approved": 130351, 
        "pending_since_timestamp": 1533558731.867598, 
        "translated": 137795
    }, 
    "ne": {
        "approved": 0, 
        "translated": 1
    }, 
    "nl": {
        "approved": 116528, 
        "pending_since_timestamp": 1533566548.962432, 
        "translated": 136416
    }, 
    "nn": {
        "approved": 0, 
        "translated": 1651
    }, 
    "or": {
        "approved": 0, 
        "translated": 54
    }, 
    "pl": {
        "approved": 325047, 
        "pending_since_timestamp": 1533569402.520755, 
        "translated": 326055
    }, 
    "ps": {
        "approved": 0, 
        "translated": 23
    }, 
    "pt": {
        "approved": 359472, 
        "translated": 399073
    }, 
    "pt-pt": {
        "approved": 142987, 
        "pending_since_timestamp": 1533558731.867598, 
        "translated": 172549
    }, 
    "ro": {
        "approved": 64029, 
        "pending_since_timestamp": 1533558731.867598, 
        "translated": 68217
    }, 
    "ru": {
        "approved": 100385, 
        "pending_since_timestamp": 1533558731.867598, 
        "translated": 121502
    }, 
    "rw": {
        "approved": 0, 
        "translated": 0
    }, 
    "si": {
        "approved": 0, 
        "translated": 199
    }, 
    "sk": {
        "approved": 0, 
        "translated": 2185
    }, 
    "sl": {
        "approved": 0, 
        "translated": 0
    }, 
    "sq": {
        "approved": 64207, 
        "translated": 69116
    }, 
    "sr": {
        "approved": 63242, 
        "translated": 81496
    }, 
    "sv": {
        "approved": 155779, 
        "translated": 544039
    }, 
    "sw": {
        "approved": 0, 
        "translated": 0
    }, 
    "ta": {
        "approved": 41354, 
        "translated": 58477
    }, 
    "te": {
        "approved": 16, 
        "translated": 227
    }, 
    "th": {
        "approved": 303, 
        "pending_since_timestamp": 1533538095.935559, 
        "translated": 133483
    }, 
    "tr": {
        "approved": 307520, 
        "pending_since_timestamp": 1533563917.904841, 
        "translated": 410737
    }, 
    "uk": {
        "approved": 98, 
        "pending_since_timestamp": 1533572026.207052, 
        "translated": 16199
    }, 
    "ur": {
        "approved": 54643, 
        "translated": 57547
    }, 
    "uz": {
        "approved": 141, 
        "translated": 1874
    }, 
    "vi": {
        "approved": 2, 
        "translated": 1986
    }, 
    "xh": {
        "approved": 40, 
        "translated": 40
    }, 
    "zh-hans": {
        "approved": 125828, 
        "pending_since_timestamp": 1533545484.519491, 
        "translated": 192258
    }, 
    "zh-hant": {
        "approved": 9583, 
        "pending_since_timestamp": 1533488873.082002, 
        "translated": 66070
    }, 
    "zu": {
        "approved": 1, 
        "translated": 18
    }
}