{
    "ar": {
        "approved": 1049, 
        "pending_since_timestamp": 1479409244.748203, 
        "translated": 4581
    }, 
    "bg": {
        "approved": 227895, 
        "pending_since_timestamp": 1479475170.022537, 
        "translated": 247627
    }, 
    "bn": {
        "approved": 125984, 
        "pending_since_timestamp": 1479475170.022537, 
        "translated": 141917
    }, 
    "cs": {
        "approved": 13035, 
        "pending_since_timestamp": 1479409244.748203, 
        "translated": 30193
    }, 
    "da": {
        "approved": 82248, 
        "pending_since_timestamp": 1479475170.022537, 
        "translated": 89712
    }, 
    "de": {
        "approved": 194554, 
        "pending_since_timestamp": 1479484860.85173, 
        "translated": 195034
    }, 
    "el": {
        "approved": 2576, 
        "pending_since_timestamp": 1479425574.885163, 
        "translated": 10438
    }, 
    "es": {
        "approved": 367257, 
        "pending_since_timestamp": 1479475170.022537, 
        "translated": 383574
    }, 
    "fa": {
        "approved": 2, 
        "pending_since_timestamp": 1479409244.748203, 
        "translated": 105
    }, 
    "fa-af": {
        "approved": 0, 
        "pending_since_timestamp": 1479409244.748203, 
        "translated": 72
    }, 
    "fr": {
        "approved": 207873, 
        "pending_since_timestamp": 1479465909.693146, 
        "translated": 219335
    }, 
    "he": {
        "approved": 10144, 
        "pending_since_timestamp": 1479475170.022537, 
        "translated": 10708
    }, 
    "hi": {
        "approved": 95544, 
        "pending_since_timestamp": 1479475170.022537, 
        "translated": 116508
    }, 
    "hy": {
        "approved": 73, 
        "pending_since_timestamp": 1479409244.748203, 
        "translated": 4343
    }, 
    "id": {
        "approved": 1537, 
        "pending_since_timestamp": 1479409244.748203, 
        "translated": 7622
    }, 
    "it": {
        "approved": 66658, 
        "pending_since_timestamp": 1479475170.022537, 
        "translated": 118722
    }, 
    "ja": {
        "approved": 44934, 
        "pending_since_timestamp": 1479433094.461131, 
        "translated": 107381
    }, 
    "ka": {
        "approved": 187009, 
        "pending_since_timestamp": 1479475170.022537, 
        "translated": 192925
    }, 
    "ko": {
        "approved": 148902, 
        "pending_since_timestamp": 1479475170.022537, 
        "translated": 166618
    }, 
    "lol": {
        "approved": 595, 
        "translated": 8801
    }, 
    "mn": {
        "approved": 75209, 
        "pending_since_timestamp": 1479475170.022537, 
        "translated": 82785
    }, 
    "ms": {
        "approved": 358, 
        "pending_since_timestamp": 1479409244.748203, 
        "translated": 1019
    }, 
    "nb": {
        "approved": 98203, 
        "pending_since_timestamp": 1479475170.022537, 
        "translated": 101289
    }, 
    "nl": {
        "approved": 99130, 
        "pending_since_timestamp": 1479459010.214342, 
        "translated": 125603
    }, 
    "pl": {
        "approved": 252406, 
        "translated": 252932
    }, 
    "pt": {
        "approved": 247018, 
        "pending_since_timestamp": 1479475170.022537, 
        "translated": 289150
    }, 
    "pt-pt": {
        "approved": 62767, 
        "pending_since_timestamp": 1479475170.022537, 
        "translated": 90680
    }, 
    "ru": {
        "approved": 3233, 
        "pending_since_timestamp": 1479409244.748203, 
        "translated": 20344
    }, 
    "sr": {
        "approved": 54000, 
        "pending_since_timestamp": 1479475170.022537, 
        "translated": 71728
    }, 
    "sw": {
        "approved": 12742, 
        "pending_since_timestamp": 1479409244.748203, 
        "translated": 33656
    }, 
    "te": {
        "approved": 34, 
        "translated": 234
    }, 
    "th": {
        "approved": 1207, 
        "pending_since_timestamp": 1479409244.748203, 
        "translated": 119462
    }, 
    "tr": {
        "approved": 262702, 
        "pending_since_timestamp": 1479475170.022537, 
        "translated": 344049
    }, 
    "uk": {
        "approved": 225, 
        "pending_since_timestamp": 1479409244.748203, 
        "translated": 2607
    }, 
    "ur": {
        "approved": 371, 
        "pending_since_timestamp": 1479409244.748203, 
        "translated": 1480
    }, 
    "xh": {
        "approved": 0, 
        "pending_since_timestamp": 1479409244.748203, 
        "translated": 1
    }, 
    "zh-hans": {
        "approved": 603, 
        "pending_since_timestamp": 1479409244.748203, 
        "translated": 5544
    }, 
    "zu": {
        "approved": 1, 
        "pending_since_timestamp": 1479409244.748203, 
        "translated": 22
    }
}