{
    "ar": {
        "approved": 1048, 
        "translated": 4586
    }, 
    "bg": {
        "approved": 216892, 
        "translated": 236828
    }, 
    "bn": {
        "approved": 121216, 
        "translated": 137717
    }, 
    "cs": {
        "approved": 13071, 
        "translated": 30257
    }, 
    "da": {
        "approved": 79782, 
        "translated": 87431
    }, 
    "de": {
        "approved": 189089, 
        "pending_since_timestamp": 1478543703.065857, 
        "translated": 189505
    }, 
    "el": {
        "approved": 2079, 
        "translated": 9939
    }, 
    "es": {
        "approved": 339497, 
        "pending_since_timestamp": 1478531755.497448, 
        "translated": 356272
    }, 
    "fa": {
        "approved": 2, 
        "translated": 106
    }, 
    "fa-af": {
        "approved": 0, 
        "translated": 72
    }, 
    "fr": {
        "approved": 200770, 
        "pending_since_timestamp": 1478539405.67408, 
        "translated": 212121
    }, 
    "he": {
        "approved": 9000, 
        "translated": 9563
    }, 
    "hi": {
        "approved": 93476, 
        "translated": 116359
    }, 
    "hy": {
        "approved": 27, 
        "pending_since_timestamp": 1478531755.497448, 
        "translated": 3061
    }, 
    "id": {
        "approved": 1521, 
        "pending_since_timestamp": 1478531755.497448, 
        "translated": 7605
    }, 
    "it": {
        "approved": 46668, 
        "pending_since_timestamp": 1478500319.796224, 
        "translated": 115013
    }, 
    "ja": {
        "approved": 43414, 
        "pending_since_timestamp": 1478546048.873744, 
        "translated": 85522
    }, 
    "ka": {
        "approved": 185732, 
        "pending_since_timestamp": 1478541479.941714, 
        "translated": 190249
    }, 
    "ko": {
        "approved": 143487, 
        "translated": 162540
    }, 
    "lol": {
        "approved": 595, 
        "translated": 8801
    }, 
    "mn": {
        "approved": 75042, 
        "translated": 82619
    }, 
    "ms": {
        "approved": 358, 
        "translated": 1019
    }, 
    "nb": {
        "approved": 97987, 
        "translated": 101073
    }, 
    "nl": {
        "approved": 96863, 
        "translated": 123113
    }, 
    "pl": {
        "approved": 238745, 
        "pending_since_timestamp": 1478548212.670891, 
        "translated": 239148
    }, 
    "pt": {
        "approved": 242484, 
        "pending_since_timestamp": 1478541479.941714, 
        "translated": 283618
    }, 
    "pt-pt": {
        "approved": 53661, 
        "pending_since_timestamp": 1478517409.851914, 
        "translated": 82644
    }, 
    "ru": {
        "approved": 3218, 
        "pending_since_timestamp": 1478531755.497448, 
        "translated": 20075
    }, 
    "sr": {
        "approved": 53292, 
        "translated": 70670
    }, 
    "sw": {
        "approved": 12779, 
        "translated": 33697
    }, 
    "te": {
        "approved": 17, 
        "translated": 217
    }, 
    "th": {
        "approved": 1190, 
        "translated": 119523
    }, 
    "tr": {
        "approved": 247616, 
        "pending_since_timestamp": 1478534751.891765, 
        "translated": 325563
    }, 
    "uk": {
        "approved": 209, 
        "translated": 2592
    }, 
    "ur": {
        "approved": 370, 
        "translated": 1499
    }, 
    "xh": {
        "approved": 0, 
        "translated": 1
    }, 
    "zh-hans": {
        "approved": 595, 
        "translated": 5532
    }, 
    "zu": {
        "approved": 1, 
        "translated": 22
    }
}