{
    "ar": {
        "approved": 0, 
        "translated": 4635
    }, 
    "bg": {
        "approved": 170473, 
        "translated": 186862
    }, 
    "bn": {
        "approved": 73431, 
        "translated": 122041
    }, 
    "cs": {
        "approved": 12785, 
        "translated": 29741
    }, 
    "da": {
        "approved": 40137, 
        "translated": 88338
    }, 
    "de": {
        "approved": 149068, 
        "translated": 149471
    }, 
    "el": {
        "approved": 252, 
        "translated": 7247
    }, 
    "es": {
        "approved": 249185, 
        "pending_since_timestamp": 1460621807.917177, 
        "translated": 367673
    }, 
    "fa": {
        "approved": 0, 
        "translated": 211
    }, 
    "fa-af": {
        "approved": 0, 
        "translated": 72
    }, 
    "fr": {
        "approved": 146801, 
        "pending_since_timestamp": 1460624195.835654, 
        "translated": 154908
    }, 
    "he": {
        "approved": 9249, 
        "translated": 9264
    }, 
    "hi": {
        "approved": 68973, 
        "pending_since_timestamp": 1460623033.763748, 
        "translated": 86553
    }, 
    "hy": {
        "approved": 0, 
        "translated": 1608
    }, 
    "id": {
        "approved": 0, 
        "translated": 8154
    }, 
    "it": {
        "approved": 0, 
        "pending_since_timestamp": 1460625669.695259, 
        "translated": 89874
    }, 
    "ja": {
        "approved": 26266, 
        "translated": 58013
    }, 
    "ka": {
        "approved": 115634, 
        "pending_since_timestamp": 1460624195.835654, 
        "translated": 117730
    }, 
    "ko": {
        "approved": 110258, 
        "pending_since_timestamp": 1460611461.268685, 
        "translated": 132346
    }, 
    "lol": {
        "approved": 595, 
        "translated": 7597
    }, 
    "mn": {
        "approved": 75637, 
        "pending_since_timestamp": 1460615399.451155, 
        "translated": 82612
    }, 
    "ms": {
        "approved": 0, 
        "translated": 750
    }, 
    "nb": {
        "approved": 88726, 
        "translated": 89715
    }, 
    "nl": {
        "approved": 54595, 
        "pending_since_timestamp": 1460615399.451155, 
        "translated": 102669
    }, 
    "pl": {
        "approved": 184046, 
        "translated": 186346
    }, 
    "pt": {
        "approved": 184083, 
        "pending_since_timestamp": 1460621807.917177, 
        "translated": 364819
    }, 
    "pt-pt": {
        "approved": 17360, 
        "pending_since_timestamp": 1460625669.695259, 
        "translated": 93358
    }, 
    "ru": {
        "approved": 1177, 
        "translated": 20911
    }, 
    "sr": {
        "approved": 47799, 
        "pending_since_timestamp": 1460621807.917177, 
        "translated": 363643
    }, 
    "sw": {
        "approved": 12175, 
        "translated": 35961
    }, 
    "te": {
        "approved": 0, 
        "translated": 216
    }, 
    "th": {
        "approved": 0, 
        "translated": 128729
    }, 
    "tr": {
        "approved": 170136, 
        "pending_since_timestamp": 1460626910.638265, 
        "translated": 273481
    }, 
    "uk": {
        "approved": 0, 
        "translated": 2580
    }, 
    "ur": {
        "approved": 0, 
        "translated": 1553
    }, 
    "xh": {
        "approved": 0, 
        "translated": 1
    }, 
    "zh-hans": {
        "approved": 0, 
        "translated": 4105
    }, 
    "zu": {
        "approved": 0, 
        "translated": 23
    }
}