{
    "ar": {
        "approved": 0, 
        "translated": 4475
    }, 
    "bg": {
        "approved": 203024, 
        "pending_since_timestamp": 1472664514.415954, 
        "translated": 229747
    }, 
    "bn": {
        "approved": 115045, 
        "translated": 132523
    }, 
    "cs": {
        "approved": 12088, 
        "translated": 30202
    }, 
    "da": {
        "approved": 75412, 
        "translated": 84276
    }, 
    "de": {
        "approved": 172403, 
        "translated": 172591
    }, 
    "el": {
        "approved": 373, 
        "pending_since_timestamp": 1472649780.757979, 
        "translated": 7717
    }, 
    "es": {
        "approved": 303763, 
        "pending_since_timestamp": 1472649780.757979, 
        "translated": 412334
    }, 
    "fa": {
        "approved": 0, 
        "translated": 104
    }, 
    "fa-af": {
        "approved": 0, 
        "translated": 72
    }, 
    "fr": {
        "approved": 170379, 
        "pending_since_timestamp": 1472675120.015857, 
        "translated": 177839
    }, 
    "he": {
        "approved": 8379, 
        "translated": 8694
    }, 
    "hi": {
        "approved": 91400, 
        "translated": 112878
    }, 
    "hy": {
        "approved": 0, 
        "translated": 3013
    }, 
    "id": {
        "approved": 0, 
        "translated": 7152
    }, 
    "it": {
        "approved": 39977, 
        "translated": 108078
    }, 
    "ja": {
        "approved": 36528, 
        "pending_since_timestamp": 1472649780.757979, 
        "translated": 81575
    }, 
    "ka": {
        "approved": 156714, 
        "pending_since_timestamp": 1472658845.690294, 
        "translated": 158820
    }, 
    "ko": {
        "approved": 131755, 
        "translated": 152829
    }, 
    "lol": {
        "approved": 599, 
        "translated": 8810
    }, 
    "mn": {
        "approved": 74925, 
        "pending_since_timestamp": 1472516375.490134, 
        "translated": 82538
    }, 
    "ms": {
        "approved": 0, 
        "translated": 726
    }, 
    "nb": {
        "approved": 97711, 
        "translated": 100914
    }, 
    "nl": {
        "approved": 83412, 
        "translated": 118162
    }, 
    "pl": {
        "approved": 215391, 
        "pending_since_timestamp": 1472677399.522502, 
        "translated": 215744
    }, 
    "pt": {
        "approved": 206961, 
        "pending_since_timestamp": 1472671599.273096, 
        "translated": 407861
    }, 
    "pt-pt": {
        "approved": 38512, 
        "pending_since_timestamp": 1472649780.757979, 
        "translated": 73705
    }, 
    "ru": {
        "approved": 1191, 
        "translated": 19394
    }, 
    "sr": {
        "approved": 51987, 
        "pending_since_timestamp": 1472664514.415954, 
        "translated": 406056
    }, 
    "sw": {
        "approved": 11553, 
        "pending_since_timestamp": 1472516375.490134, 
        "translated": 33240
    }, 
    "te": {
        "approved": 0, 
        "translated": 212
    }, 
    "th": {
        "approved": 0, 
        "pending_since_timestamp": 1472516375.490134, 
        "translated": 119480
    }, 
    "tr": {
        "approved": 205054, 
        "translated": 306154
    }, 
    "uk": {
        "approved": 0, 
        "translated": 2521
    }, 
    "ur": {
        "approved": 0, 
        "translated": 1421
    }, 
    "xh": {
        "approved": 0, 
        "translated": 1
    }, 
    "zh-hans": {
        "approved": 0, 
        "translated": 5123
    }, 
    "zu": {
        "approved": 0, 
        "pending_since_timestamp": 1470762331.56727, 
        "translated": 22
    }
}