{
    "ar": {
        "approved": 0, 
        "pending_since_timestamp": 1474469257.984705, 
        "translated": 4274
    }, 
    "bg": {
        "approved": 176325, 
        "translated": 198133
    }, 
    "bn": {
        "approved": 110864, 
        "pending_since_timestamp": 1474517517.461225, 
        "translated": 128053
    }, 
    "cs": {
        "approved": 12085, 
        "pending_since_timestamp": 1474469257.984705, 
        "translated": 29846
    }, 
    "da": {
        "approved": 73320, 
        "translated": 80372
    }, 
    "de": {
        "approved": 170221, 
        "translated": 170221
    }, 
    "el": {
        "approved": 351, 
        "translated": 8220
    }, 
    "es": {
        "approved": 267084, 
        "pending_since_timestamp": 1474500474.765943, 
        "translated": 363126
    }, 
    "fa": {
        "approved": 0, 
        "translated": 104
    }, 
    "fa-af": {
        "approved": 0, 
        "translated": 72
    }, 
    "fr": {
        "approved": 169147, 
        "translated": 178162
    }, 
    "he": {
        "approved": 6477, 
        "translated": 6818
    }, 
    "hi": {
        "approved": 91724, 
        "translated": 113296
    }, 
    "hy": {
        "approved": 0, 
        "pending_since_timestamp": 1474469257.984705, 
        "translated": 2998
    }, 
    "id": {
        "approved": 0, 
        "pending_since_timestamp": 1474469257.984705, 
        "translated": 6978
    }, 
    "it": {
        "approved": 39850, 
        "translated": 105116
    }, 
    "ja": {
        "approved": 36964, 
        "pending_since_timestamp": 1474469257.984705, 
        "translated": 81548
    }, 
    "ka": {
        "approved": 167031, 
        "translated": 168073
    }, 
    "ko": {
        "approved": 124554, 
        "pending_since_timestamp": 1474506685.194832, 
        "translated": 146659
    }, 
    "lol": {
        "approved": 599, 
        "translated": 8810
    }, 
    "mn": {
        "approved": 74613, 
        "pending_since_timestamp": 1474513605.216466, 
        "translated": 82200
    }, 
    "ms": {
        "approved": 0, 
        "pending_since_timestamp": 1474469257.984705, 
        "translated": 694
    }, 
    "nb": {
        "approved": 97218, 
        "translated": 100319
    }, 
    "nl": {
        "approved": 85018, 
        "translated": 115346
    }, 
    "pl": {
        "approved": 204873, 
        "translated": 205115
    }, 
    "pt": {
        "approved": 206379, 
        "translated": 362307
    }, 
    "pt-pt": {
        "approved": 43969, 
        "pending_since_timestamp": 1474469257.984705, 
        "translated": 78320
    }, 
    "ru": {
        "approved": 1170, 
        "pending_since_timestamp": 1474469257.984705, 
        "translated": 18900
    }, 
    "sr": {
        "approved": 51541, 
        "pending_since_timestamp": 1474508398.606442, 
        "translated": 362018
    }, 
    "sw": {
        "approved": 11551, 
        "pending_since_timestamp": 1474469257.984705, 
        "translated": 32964
    }, 
    "te": {
        "approved": 0, 
        "pending_since_timestamp": 1474469257.984705, 
        "translated": 209
    }, 
    "th": {
        "approved": 0, 
        "pending_since_timestamp": 1474469257.984705, 
        "translated": 119095
    }, 
    "tr": {
        "approved": 204786, 
        "translated": 290044
    }, 
    "uk": {
        "approved": 0, 
        "pending_since_timestamp": 1474469257.984705, 
        "translated": 2486
    }, 
    "ur": {
        "approved": 0, 
        "pending_since_timestamp": 1474469257.984705, 
        "translated": 1374
    }, 
    "xh": {
        "approved": 0, 
        "translated": 1
    }, 
    "zh-hans": {
        "approved": 0, 
        "pending_since_timestamp": 1474469257.984705, 
        "translated": 5014
    }, 
    "zu": {
        "approved": 0, 
        "translated": 21
    }
}