{
    "af": {
        "approved": 19, 
        "pending_since_timestamp": 1542057306.169735, 
        "translated": 1474
    }, 
    "am": {
        "approved": 0, 
        "translated": 0
    }, 
    "ar": {
        "approved": 103453, 
        "pending_since_timestamp": 1548791623.289747, 
        "translated": 213581
    }, 
    "az": {
        "approved": 35919, 
        "pending_since_timestamp": 1548791623.289747, 
        "translated": 37634
    }, 
    "bg": {
        "approved": 336351, 
        "translated": 339386
    }, 
    "bn": {
        "approved": 148187, 
        "translated": 162953
    }, 
    "ca": {
        "approved": 3, 
        "pending_since_timestamp": 1548791623.289747, 
        "translated": 1918
    }, 
    "cs": {
        "approved": 134432, 
        "pending_since_timestamp": 1548876194.653526, 
        "translated": 153363
    }, 
    "da": {
        "approved": 175393, 
        "pending_since_timestamp": 1548919397.546989, 
        "translated": 197590
    }, 
    "de": {
        "approved": 303131, 
        "translated": 537121
    }, 
    "el": {
        "approved": 78384, 
        "translated": 94202
    }, 
    "es": {
        "approved": 431457, 
        "translated": 447863
    }, 
    "et": {
        "approved": 44973, 
        "pending_since_timestamp": 1548791623.289747, 
        "translated": 46285
    }, 
    "fa": {
        "approved": 1, 
        "translated": 189
    }, 
    "fa-af": {
        "approved": 31, 
        "translated": 103
    }, 
    "fi": {
        "approved": 82266, 
        "pending_since_timestamp": 1548791623.289747, 
        "translated": 84160
    }, 
    "fil": {
        "approved": 204, 
        "translated": 297
    }, 
    "fr": {
        "approved": 286783, 
        "pending_since_timestamp": 1548954918.508008, 
        "translated": 290280
    }, 
    "fv": {
        "approved": 85685, 
        "translated": 85686
    }, 
    "gu": {
        "approved": 101028, 
        "pending_since_timestamp": 1548840109.468198, 
        "translated": 144866
    }, 
    "he": {
        "approved": 8417, 
        "pending_since_timestamp": 1548791623.289747, 
        "translated": 8420
    }, 
    "hi": {
        "approved": 166882, 
        "translated": 179248
    }, 
    "hr": {
        "approved": 10947, 
        "pending_since_timestamp": 1548791623.289747, 
        "translated": 16577
    }, 
    "ht": {
        "approved": 1, 
        "translated": 5
    }, 
    "hu": {
        "approved": 94619, 
        "pending_since_timestamp": 1548907324.02571, 
        "translated": 113870
    }, 
    "hy": {
        "approved": 140712, 
        "pending_since_timestamp": 1548954918.508008, 
        "translated": 162451
    }, 
    "id": {
        "approved": 84997, 
        "translated": 91632
    }, 
    "it": {
        "approved": 155265, 
        "pending_since_timestamp": 1548946017.465655, 
        "translated": 173550
    }, 
    "ja": {
        "approved": 125624, 
        "translated": 146621
    }, 
    "ka": {
        "approved": 282627, 
        "pending_since_timestamp": 1548927745.348891, 
        "translated": 285000
    }, 
    "ki": {
        "approved": 0, 
        "translated": 37
    }, 
    "kk": {
        "approved": 103, 
        "translated": 103
    }, 
    "km": {
        "approved": 0, 
        "translated": 52
    }, 
    "kn": {
        "approved": 34492, 
        "translated": 40347
    }, 
    "ko": {
        "approved": 194073, 
        "pending_since_timestamp": 1548951956.843336, 
        "translated": 218780
    }, 
    "ky": {
        "approved": 0, 
        "translated": 29
    }, 
    "lol": {
        "approved": 66840, 
        "translated": 82020
    }, 
    "lt": {
        "approved": 80897, 
        "pending_since_timestamp": 1548791623.289747, 
        "translated": 82864
    }, 
    "lv": {
        "approved": 54614, 
        "pending_since_timestamp": 1548791623.289747, 
        "translated": 55047
    }, 
    "mn": {
        "approved": 82544, 
        "translated": 110429
    }, 
    "mr": {
        "approved": 0, 
        "translated": 0
    }, 
    "ms": {
        "approved": 29, 
        "pending_since_timestamp": 1548791623.289747, 
        "translated": 634
    }, 
    "my": {
        "approved": 1, 
        "translated": 125
    }, 
    "nb": {
        "approved": 132946, 
        "translated": 143000
    }, 
    "ne": {
        "approved": 0, 
        "translated": 1
    }, 
    "nl": {
        "approved": 131972, 
        "pending_since_timestamp": 1548791623.289747, 
        "translated": 151684
    }, 
    "nn": {
        "approved": 0, 
        "translated": 1626
    }, 
    "or": {
        "approved": 0, 
        "translated": 52
    }, 
    "pl": {
        "approved": 345411, 
        "pending_since_timestamp": 1548907324.02571, 
        "translated": 345744
    }, 
    "ps": {
        "approved": 582, 
        "pending_since_timestamp": 1548561265.329479, 
        "translated": 951
    }, 
    "pt": {
        "approved": 375686, 
        "pending_since_timestamp": 1548940301.998471, 
        "translated": 417691
    }, 
    "pt-pt": {
        "approved": 157525, 
        "pending_since_timestamp": 1548965263.802196, 
        "translated": 186091
    }, 
    "ro": {
        "approved": 63673, 
        "pending_since_timestamp": 1548791623.289747, 
        "translated": 67943
    }, 
    "ru": {
        "approved": 101508, 
        "translated": 122230
    }, 
    "rw": {
        "approved": 0, 
        "translated": 0
    }, 
    "si": {
        "approved": 0, 
        "pending_since_timestamp": 1548791623.289747, 
        "translated": 196
    }, 
    "sk": {
        "approved": 0, 
        "translated": 2146
    }, 
    "sl": {
        "approved": 0, 
        "translated": 33
    }, 
    "sq": {
        "approved": 98719, 
        "pending_since_timestamp": 1548791623.289747, 
        "translated": 102929
    }, 
    "sr": {
        "approved": 62719, 
        "translated": 81522
    }, 
    "sv": {
        "approved": 169239, 
        "translated": 541603
    }, 
    "sw": {
        "approved": 0, 
        "translated": 0
    }, 
    "ta": {
        "approved": 56189, 
        "pending_since_timestamp": 1548791623.289747, 
        "translated": 78175
    }, 
    "te": {
        "approved": 16, 
        "translated": 208
    }, 
    "th": {
        "approved": 299, 
        "pending_since_timestamp": 1548791623.289747, 
        "translated": 134562
    }, 
    "tr": {
        "approved": 309684, 
        "pending_since_timestamp": 1548916141.551464, 
        "translated": 417877
    }, 
    "uk": {
        "approved": 70854, 
        "pending_since_timestamp": 1548791623.289747, 
        "translated": 92040
    }, 
    "ur": {
        "approved": 54603, 
        "pending_since_timestamp": 1548791623.289747, 
        "translated": 57478
    }, 
    "uz": {
        "approved": 76733, 
        "pending_since_timestamp": 1548642945.343534, 
        "translated": 100216
    }, 
    "vi": {
        "approved": 2, 
        "pending_since_timestamp": 1548791623.289747, 
        "translated": 1982
    }, 
    "xh": {
        "approved": 40, 
        "translated": 40
    }, 
    "zh-hans": {
        "approved": 190525, 
        "pending_since_timestamp": 1548940301.998471, 
        "translated": 269109
    }, 
    "zh-hant": {
        "approved": 10001, 
        "pending_since_timestamp": 1548791623.289747, 
        "translated": 74451
    }, 
    "zu": {
        "approved": 1, 
        "translated": 18
    }
}