{
    "ar": {
        "approved": 0, 
        "pending_since_timestamp": 1444164668.548889, 
        "translated": 3591
    }, 
    "bg": {
        "approved": 68959, 
        "translated": 138228
    }, 
    "bn": {
        "approved": 16101, 
        "pending_since_timestamp": 1443868435.828389, 
        "translated": 42769
    }, 
    "cs": {
        "approved": 0, 
        "translated": 3068
    }, 
    "da": {
        "approved": 22660, 
        "pending_since_timestamp": 1444164668.548889, 
        "translated": 67870
    }, 
    "de": {
        "approved": 91106, 
        "pending_since_timestamp": 1444164668.548889, 
        "translated": 99487
    }, 
    "el": {
        "approved": 0, 
        "pending_since_timestamp": 1444164668.548889, 
        "translated": 6270
    }, 
    "es": {
        "approved": 178708, 
        "pending_since_timestamp": 1444164668.548889, 
        "translated": 282764
    }, 
    "fa": {
        "approved": 0, 
        "pending_since_timestamp": 1444164668.548889, 
        "translated": 214
    }, 
    "fa-af": {
        "approved": 0, 
        "translated": 0
    }, 
    "fr": {
        "approved": 102916, 
        "translated": 106711
    }, 
    "he": {
        "approved": 8679, 
        "pending_since_timestamp": 1444164668.548889, 
        "translated": 9099
    }, 
    "hi": {
        "approved": 40522, 
        "translated": 61970
    }, 
    "hy": {
        "approved": 0, 
        "translated": 107
    }, 
    "id": {
        "approved": 0, 
        "pending_since_timestamp": 1444164668.548889, 
        "translated": 8816
    }, 
    "it": {
        "approved": 0, 
        "translated": 44607
    }, 
    "ja": {
        "approved": 16399, 
        "pending_since_timestamp": 1444164668.548889, 
        "translated": 51140
    }, 
    "ko": {
        "approved": 79855, 
        "pending_since_timestamp": 1443868435.828389, 
        "translated": 89534
    }, 
    "mn": {
        "approved": 0, 
        "pending_since_timestamp": 1443868435.828389, 
        "translated": 6308
    }, 
    "ms": {
        "approved": 0, 
        "pending_since_timestamp": 1444164668.548889, 
        "translated": 624
    }, 
    "nb": {
        "approved": 83706, 
        "pending_since_timestamp": 1444164668.548889, 
        "translated": 86611
    }, 
    "nl": {
        "approved": 28003, 
        "translated": 42848
    }, 
    "pl": {
        "approved": 110511, 
        "translated": 124595
    }, 
    "pt": {
        "approved": 146334, 
        "pending_since_timestamp": 1444164668.548889, 
        "translated": 280070
    }, 
    "pt-pt": {
        "approved": 13569, 
        "translated": 42865
    }, 
    "ru": {
        "approved": 0, 
        "pending_since_timestamp": 1444164668.548889, 
        "translated": 11421
    }, 
    "sr": {
        "approved": 32811, 
        "pending_since_timestamp": 1444164668.548889, 
        "translated": 278802
    }, 
    "sw": {
        "approved": 0, 
        "pending_since_timestamp": 1444164668.548889, 
        "translated": 13095
    }, 
    "te": {
        "approved": 0, 
        "translated": 101
    }, 
    "th": {
        "approved": 0, 
        "pending_since_timestamp": 1444164668.548889, 
        "translated": 109867
    }, 
    "tr": {
        "approved": 174976, 
        "pending_since_timestamp": 1444164668.548889, 
        "translated": 196971
    }, 
    "uk": {
        "approved": 0, 
        "pending_since_timestamp": 1444164668.548889, 
        "translated": 1510
    }, 
    "ur": {
        "approved": 0, 
        "pending_since_timestamp": 1444164668.548889, 
        "translated": 1404
    }, 
    "xh": {
        "approved": 0, 
        "translated": 1
    }, 
    "zh-hans": {
        "approved": 0, 
        "pending_since_timestamp": 1444164668.548889, 
        "translated": 4544
    }, 
    "zu": {
        "approved": 0, 
        "pending_since_timestamp": 1444177003.883777, 
        "translated": 27
    }
}