{
    "ar": {
        "approved": 0, 
        "translated": 3773
    }, 
    "bg": {
        "approved": 85892, 
        "pending_since_timestamp": 1445463343.932399, 
        "translated": 151675
    }, 
    "bn": {
        "approved": 17116, 
        "pending_since_timestamp": 1445464369.290045, 
        "translated": 51846
    }, 
    "cs": {
        "approved": 0, 
        "translated": 3068
    }, 
    "da": {
        "approved": 22728, 
        "pending_since_timestamp": 1445466999.563704, 
        "translated": 69151
    }, 
    "de": {
        "approved": 102221, 
        "pending_since_timestamp": 1445465576.144666, 
        "translated": 102989
    }, 
    "el": {
        "approved": 0, 
        "pending_since_timestamp": 1445466999.563704, 
        "translated": 6647
    }, 
    "es": {
        "approved": 190752, 
        "pending_since_timestamp": 1445465576.144666, 
        "translated": 286204
    }, 
    "fa": {
        "approved": 0, 
        "translated": 223
    }, 
    "fa-af": {
        "approved": 0, 
        "translated": 0
    }, 
    "fr": {
        "approved": 104006, 
        "pending_since_timestamp": 1445468190.899619, 
        "translated": 107900
    }, 
    "he": {
        "approved": 8742, 
        "pending_since_timestamp": 1445466999.563704, 
        "translated": 9259
    }, 
    "hi": {
        "approved": 40335, 
        "translated": 64289
    }, 
    "hy": {
        "approved": 0, 
        "translated": 107
    }, 
    "id": {
        "approved": 0, 
        "translated": 8985
    }, 
    "it": {
        "approved": 0, 
        "pending_since_timestamp": 1445466999.563704, 
        "translated": 52898
    }, 
    "ja": {
        "approved": 16720, 
        "pending_since_timestamp": 1445466999.563704, 
        "translated": 52235
    }, 
    "ko": {
        "approved": 79646, 
        "pending_since_timestamp": 1445466999.563704, 
        "translated": 90278
    }, 
    "lol": {
        "approved": 708, 
        "translated": 1319
    }, 
    "mn": {
        "approved": 0, 
        "translated": 12871
    }, 
    "ms": {
        "approved": 0, 
        "translated": 697
    }, 
    "nb": {
        "approved": 85927, 
        "pending_since_timestamp": 1445466999.563704, 
        "translated": 88919
    }, 
    "nl": {
        "approved": 33464, 
        "pending_since_timestamp": 1445466999.563704, 
        "translated": 46320
    }, 
    "pl": {
        "approved": 113916, 
        "pending_since_timestamp": 1445463343.932399, 
        "translated": 125359
    }, 
    "pt": {
        "approved": 150076, 
        "translated": 283364
    }, 
    "pt-pt": {
        "approved": 13800, 
        "pending_since_timestamp": 1445466999.563704, 
        "translated": 75747
    }, 
    "ru": {
        "approved": 579, 
        "pending_since_timestamp": 1445466999.563704, 
        "translated": 13347
    }, 
    "sr": {
        "approved": 35468, 
        "pending_since_timestamp": 1445465576.144666, 
        "translated": 282108
    }, 
    "sw": {
        "approved": 0, 
        "translated": 16899
    }, 
    "te": {
        "approved": 0, 
        "translated": 101
    }, 
    "th": {
        "approved": 0, 
        "pending_since_timestamp": 1445465576.144666, 
        "translated": 121397
    }, 
    "tr": {
        "approved": 176918, 
        "pending_since_timestamp": 1445466999.563704, 
        "translated": 201531
    }, 
    "uk": {
        "approved": 0, 
        "translated": 1565
    }, 
    "ur": {
        "approved": 0, 
        "translated": 1544
    }, 
    "xh": {
        "approved": 0, 
        "translated": 1
    }, 
    "zh-hans": {
        "approved": 0, 
        "translated": 4597
    }, 
    "zu": {
        "approved": 0, 
        "translated": 29
    }
}