{
    "af": {
        "approved": 19, 
        "translated": 1467
    }, 
    "am": {
        "approved": 0, 
        "translated": 0
    }, 
    "ar": {
        "approved": 104086, 
        "pending_since_timestamp": 1552147685.10488, 
        "translated": 213561
    }, 
    "az": {
        "approved": 35846, 
        "translated": 37558
    }, 
    "bg": {
        "approved": 337784, 
        "translated": 340059
    }, 
    "bn": {
        "approved": 148509, 
        "pending_since_timestamp": 1552110728.433893, 
        "translated": 164708
    }, 
    "ca": {
        "approved": 3, 
        "translated": 1882
    }, 
    "cs": {
        "approved": 138430, 
        "pending_since_timestamp": 1552154109.587383, 
        "translated": 154528
    }, 
    "da": {
        "approved": 175231, 
        "pending_since_timestamp": 1552122836.02228, 
        "translated": 198358
    }, 
    "de": {
        "approved": 305284, 
        "pending_since_timestamp": 1552095324.595217, 
        "translated": 538244
    }, 
    "el": {
        "approved": 79213, 
        "pending_since_timestamp": 1552095324.595217, 
        "translated": 94856
    }, 
    "es": {
        "approved": 431203, 
        "translated": 447683
    }, 
    "et": {
        "approved": 44899, 
        "translated": 46207
    }, 
    "fa": {
        "approved": 1, 
        "translated": 189
    }, 
    "fa-af": {
        "approved": 31, 
        "translated": 103
    }, 
    "fi": {
        "approved": 82165, 
        "translated": 84057
    }, 
    "fil": {
        "approved": 202, 
        "translated": 295
    }, 
    "fr": {
        "approved": 287246, 
        "translated": 290695
    }, 
    "fv": {
        "approved": 85684, 
        "translated": 85691
    }, 
    "gu": {
        "approved": 105667, 
        "pending_since_timestamp": 1552095324.595217, 
        "translated": 148791
    }, 
    "he": {
        "approved": 8305, 
        "translated": 8308
    }, 
    "hi": {
        "approved": 166754, 
        "translated": 179120
    }, 
    "hr": {
        "approved": 10873, 
        "translated": 16472
    }, 
    "ht": {
        "approved": 1, 
        "translated": 5
    }, 
    "hu": {
        "approved": 96639, 
        "pending_since_timestamp": 1552160053.119468, 
        "translated": 116169
    }, 
    "hy": {
        "approved": 159655, 
        "pending_since_timestamp": 1552122836.02228, 
        "translated": 178818
    }, 
    "id": {
        "approved": 88016, 
        "pending_since_timestamp": 1552104654.702243, 
        "translated": 91897
    }, 
    "it": {
        "approved": 155108, 
        "pending_since_timestamp": 1552160053.119468, 
        "translated": 174638
    }, 
    "ja": {
        "approved": 125820, 
        "pending_since_timestamp": 1552095324.595217, 
        "translated": 147024
    }, 
    "ka": {
        "approved": 284322, 
        "translated": 286604
    }, 
    "ki": {
        "approved": 0, 
        "translated": 37
    }, 
    "kk": {
        "approved": 103, 
        "translated": 103
    }, 
    "km": {
        "approved": 1, 
        "pending_since_timestamp": 1552029433.408006, 
        "translated": 1629
    }, 
    "kn": {
        "approved": 36460, 
        "translated": 41464
    }, 
    "ko": {
        "approved": 194632, 
        "pending_since_timestamp": 1552113846.533121, 
        "translated": 221608
    }, 
    "ky": {
        "approved": 497, 
        "pending_since_timestamp": 1551881240.245599, 
        "translated": 1304
    }, 
    "lol": {
        "approved": 66840, 
        "translated": 82019
    }, 
    "lt": {
        "approved": 80830, 
        "translated": 82786
    }, 
    "lv": {
        "approved": 54513, 
        "translated": 54946
    }, 
    "mn": {
        "approved": 82459, 
        "translated": 110341
    }, 
    "mr": {
        "approved": 0, 
        "translated": 0
    }, 
    "ms": {
        "approved": 29, 
        "translated": 606
    }, 
    "my": {
        "approved": 79333, 
        "pending_since_timestamp": 1552095324.595217, 
        "translated": 79461
    }, 
    "nb": {
        "approved": 135511, 
        "translated": 143299
    }, 
    "ne": {
        "approved": 0, 
        "translated": 1
    }, 
    "nl": {
        "approved": 133597, 
        "pending_since_timestamp": 1552147685.10488, 
        "translated": 156019
    }, 
    "nn": {
        "approved": 0, 
        "translated": 1626
    }, 
    "or": {
        "approved": 0, 
        "translated": 52
    }, 
    "pl": {
        "approved": 347536, 
        "pending_since_timestamp": 1552119542.243581, 
        "translated": 347955
    }, 
    "ps": {
        "approved": 579, 
        "pending_since_timestamp": 1551739120.313966, 
        "translated": 970
    }, 
    "pt": {
        "approved": 378743, 
        "pending_since_timestamp": 1552095324.595217, 
        "translated": 421810
    }, 
    "pt-pt": {
        "approved": 160922, 
        "translated": 190016
    }, 
    "ro": {
        "approved": 63489, 
        "translated": 67759
    }, 
    "ru": {
        "approved": 104182, 
        "translated": 122353
    }, 
    "rw": {
        "approved": 0, 
        "translated": 0
    }, 
    "si": {
        "approved": 0, 
        "translated": 192
    }, 
    "sk": {
        "approved": 0, 
        "translated": 2125
    }, 
    "sl": {
        "approved": 0, 
        "translated": 33
    }, 
    "sq": {
        "approved": 98629, 
        "translated": 102888
    }, 
    "sr": {
        "approved": 62591, 
        "translated": 81444
    }, 
    "sv": {
        "approved": 174588, 
        "translated": 544034
    }, 
    "sw": {
        "approved": 0, 
        "translated": 0
    }, 
    "ta": {
        "approved": 61749, 
        "translated": 80789
    }, 
    "te": {
        "approved": 16, 
        "translated": 216
    }, 
    "th": {
        "approved": 299, 
        "translated": 134296
    }, 
    "tr": {
        "approved": 309417, 
        "translated": 418088
    }, 
    "uk": {
        "approved": 70887, 
        "translated": 92151
    }, 
    "ur": {
        "approved": 54495, 
        "translated": 57338
    }, 
    "uz": {
        "approved": 76904, 
        "pending_since_timestamp": 1552017543.996131, 
        "translated": 126528
    }, 
    "vi": {
        "approved": 2, 
        "translated": 1969
    }, 
    "xh": {
        "approved": 40, 
        "translated": 40
    }, 
    "zh-hans": {
        "approved": 205585, 
        "pending_since_timestamp": 1552107699.014421, 
        "translated": 282959
    }, 
    "zh-hant": {
        "approved": 9913, 
        "pending_since_timestamp": 1551857798.73004, 
        "translated": 74140
    }, 
    "zu": {
        "approved": 1, 
        "translated": 18
    }
}