{
    "ar": {
        "approved": 0, 
        "translated": 4324
    }, 
    "bg": {
        "approved": 180963, 
        "pending_since_timestamp": 1463177611.388968, 
        "translated": 189057
    }, 
    "bn": {
        "approved": 79014, 
        "pending_since_timestamp": 1463184507.238889, 
        "translated": 120934
    }, 
    "cs": {
        "approved": 12408, 
        "translated": 30960
    }, 
    "da": {
        "approved": 73343, 
        "pending_since_timestamp": 1463184507.238889, 
        "translated": 84754
    }, 
    "de": {
        "approved": 148440, 
        "pending_since_timestamp": 1463184507.238889, 
        "translated": 148726
    }, 
    "el": {
        "approved": 281, 
        "translated": 7269
    }, 
    "es": {
        "approved": 262410, 
        "pending_since_timestamp": 1463185900.981336, 
        "translated": 370748
    }, 
    "fa": {
        "approved": 0, 
        "translated": 107
    }, 
    "fa-af": {
        "approved": 0, 
        "translated": 72
    }, 
    "fr": {
        "approved": 155110, 
        "translated": 162601
    }, 
    "he": {
        "approved": 8651, 
        "translated": 8664
    }, 
    "hi": {
        "approved": 66681, 
        "translated": 89441
    }, 
    "hy": {
        "approved": 0, 
        "translated": 3045
    }, 
    "id": {
        "approved": 0, 
        "translated": 7334
    }, 
    "it": {
        "approved": 0, 
        "translated": 93369
    }, 
    "ja": {
        "approved": 27916, 
        "translated": 58334
    }, 
    "ka": {
        "approved": 121146, 
        "pending_since_timestamp": 1463176254.174317, 
        "translated": 122205
    }, 
    "ko": {
        "approved": 117029, 
        "pending_since_timestamp": 1463184507.238889, 
        "translated": 139468
    }, 
    "lol": {
        "approved": 585, 
        "translated": 7531
    }, 
    "mn": {
        "approved": 73467, 
        "pending_since_timestamp": 1463184507.238889, 
        "translated": 81602
    }, 
    "ms": {
        "approved": 0, 
        "translated": 742
    }, 
    "nb": {
        "approved": 97531, 
        "translated": 101398
    }, 
    "nl": {
        "approved": 60150, 
        "translated": 107194
    }, 
    "pl": {
        "approved": 191401, 
        "translated": 191999
    }, 
    "pt": {
        "approved": 191899, 
        "pending_since_timestamp": 1463178987.754794, 
        "translated": 367601
    }, 
    "pt-pt": {
        "approved": 18593, 
        "pending_since_timestamp": 1463184507.238889, 
        "translated": 114853
    }, 
    "ru": {
        "approved": 1179, 
        "translated": 19930
    }, 
    "sr": {
        "approved": 44957, 
        "pending_since_timestamp": 1463177611.388968, 
        "translated": 366488
    }, 
    "sw": {
        "approved": 11870, 
        "translated": 33875
    }, 
    "te": {
        "approved": 0, 
        "translated": 215
    }, 
    "th": {
        "approved": 0, 
        "translated": 122016
    }, 
    "tr": {
        "approved": 184365, 
        "pending_since_timestamp": 1463184507.238889, 
        "translated": 274119
    }, 
    "uk": {
        "approved": 0, 
        "translated": 2536
    }, 
    "ur": {
        "approved": 0, 
        "translated": 1476
    }, 
    "xh": {
        "approved": 0, 
        "translated": 1
    }, 
    "zh-hans": {
        "approved": 0, 
        "translated": 5210
    }, 
    "zu": {
        "approved": 0, 
        "translated": 23
    }
}