{
    "ar": {
        "approved": 0, 
        "translated": 4274
    }, 
    "bg": {
        "approved": 194694, 
        "translated": 220080
    }, 
    "bn": {
        "approved": 114497, 
        "pending_since_timestamp": 1474257475.111785, 
        "translated": 131756
    }, 
    "cs": {
        "approved": 12085, 
        "translated": 29846
    }, 
    "da": {
        "approved": 74749, 
        "translated": 82747
    }, 
    "de": {
        "approved": 174844, 
        "pending_since_timestamp": 1474268254.940168, 
        "translated": 174845
    }, 
    "el": {
        "approved": 364, 
        "translated": 8808
    }, 
    "es": {
        "approved": 290609, 
        "pending_since_timestamp": 1474277522.396458, 
        "translated": 397105
    }, 
    "fa": {
        "approved": 0, 
        "translated": 104
    }, 
    "fa-af": {
        "approved": 0, 
        "translated": 72
    }, 
    "fr": {
        "approved": 173120, 
        "pending_since_timestamp": 1474307209.779711, 
        "translated": 182347
    }, 
    "he": {
        "approved": 7856, 
        "translated": 8207
    }, 
    "hi": {
        "approved": 91594, 
        "pending_since_timestamp": 1474304781.424232, 
        "translated": 113216
    }, 
    "hy": {
        "approved": 0, 
        "translated": 2998
    }, 
    "id": {
        "approved": 0, 
        "translated": 6978
    }, 
    "it": {
        "approved": 39943, 
        "pending_since_timestamp": 1474304781.424232, 
        "translated": 107115
    }, 
    "ja": {
        "approved": 36964, 
        "pending_since_timestamp": 1474219379.179377, 
        "translated": 81350
    }, 
    "ka": {
        "approved": 167082, 
        "pending_since_timestamp": 1474304781.424232, 
        "translated": 167899
    }, 
    "ko": {
        "approved": 129968, 
        "pending_since_timestamp": 1474248370.444268, 
        "translated": 151886
    }, 
    "lol": {
        "approved": 599, 
        "translated": 8810
    }, 
    "mn": {
        "approved": 74812, 
        "pending_since_timestamp": 1474268254.940168, 
        "translated": 82397
    }, 
    "ms": {
        "approved": 0, 
        "translated": 694
    }, 
    "nb": {
        "approved": 97465, 
        "translated": 100630
    }, 
    "nl": {
        "approved": 85215, 
        "pending_since_timestamp": 1474304781.424232, 
        "translated": 117846
    }, 
    "pl": {
        "approved": 214861, 
        "pending_since_timestamp": 1474279706.199184, 
        "translated": 215076
    }, 
    "pt": {
        "approved": 210955, 
        "pending_since_timestamp": 1474277522.396458, 
        "translated": 394782
    }, 
    "pt-pt": {
        "approved": 43338, 
        "pending_since_timestamp": 1474279706.199184, 
        "translated": 78078
    }, 
    "ru": {
        "approved": 1170, 
        "translated": 18900
    }, 
    "sr": {
        "approved": 51715, 
        "translated": 392852
    }, 
    "sw": {
        "approved": 11551, 
        "translated": 32964
    }, 
    "te": {
        "approved": 0, 
        "translated": 209
    }, 
    "th": {
        "approved": 0, 
        "translated": 119095
    }, 
    "tr": {
        "approved": 218522, 
        "translated": 303886
    }, 
    "uk": {
        "approved": 0, 
        "translated": 2486
    }, 
    "ur": {
        "approved": 0, 
        "translated": 1374
    }, 
    "xh": {
        "approved": 0, 
        "translated": 1
    }, 
    "zh-hans": {
        "approved": 0, 
        "translated": 5014
    }, 
    "zu": {
        "approved": 0, 
        "translated": 21
    }
}