{
    "ar": {
        "approved": 0, 
        "translated": 4327
    }, 
    "bg": {
        "approved": 179927, 
        "pending_since_timestamp": 1464682008.851015, 
        "translated": 195787
    }, 
    "bn": {
        "approved": 86210, 
        "pending_since_timestamp": 1464684688.639364, 
        "translated": 121922
    }, 
    "cs": {
        "approved": 12277, 
        "translated": 30743
    }, 
    "da": {
        "approved": 73426, 
        "translated": 84528
    }, 
    "de": {
        "approved": 149956, 
        "pending_since_timestamp": 1464691531.609117, 
        "translated": 149963
    }, 
    "el": {
        "approved": 324, 
        "translated": 7288
    }, 
    "es": {
        "approved": 270639, 
        "pending_since_timestamp": 1464697271.319808, 
        "translated": 373346
    }, 
    "fa": {
        "approved": 0, 
        "translated": 107
    }, 
    "fa-af": {
        "approved": 0, 
        "translated": 72
    }, 
    "fr": {
        "approved": 158961, 
        "pending_since_timestamp": 1464697271.319808, 
        "translated": 166381
    }, 
    "he": {
        "approved": 8595, 
        "translated": 8608
    }, 
    "hi": {
        "approved": 70100, 
        "translated": 98067
    }, 
    "hy": {
        "approved": 0, 
        "translated": 3014
    }, 
    "id": {
        "approved": 0, 
        "translated": 7312
    }, 
    "it": {
        "approved": 0, 
        "translated": 94768
    }, 
    "ja": {
        "approved": 28743, 
        "pending_since_timestamp": 1464697271.319808, 
        "translated": 61517
    }, 
    "ka": {
        "approved": 129776, 
        "pending_since_timestamp": 1464687632.723107, 
        "translated": 132029
    }, 
    "ko": {
        "approved": 123328, 
        "pending_since_timestamp": 1464682931.282516, 
        "translated": 141270
    }, 
    "lol": {
        "approved": 581, 
        "translated": 7508
    }, 
    "mn": {
        "approved": 74399, 
        "translated": 82307
    }, 
    "ms": {
        "approved": 0, 
        "translated": 731
    }, 
    "nb": {
        "approved": 98738, 
        "translated": 101618
    }, 
    "nl": {
        "approved": 77633, 
        "pending_since_timestamp": 1464684688.639364, 
        "translated": 111020
    }, 
    "pl": {
        "approved": 196274, 
        "pending_since_timestamp": 1464697271.319808, 
        "translated": 196765
    }, 
    "pt": {
        "approved": 196128, 
        "pending_since_timestamp": 1464697271.319808, 
        "translated": 370451
    }, 
    "pt-pt": {
        "approved": 18903, 
        "translated": 114627
    }, 
    "ru": {
        "approved": 1164, 
        "translated": 19800
    }, 
    "sr": {
        "approved": 44677, 
        "pending_since_timestamp": 1464691531.609117, 
        "translated": 369289
    }, 
    "sw": {
        "approved": 11742, 
        "translated": 33642
    }, 
    "te": {
        "approved": 0, 
        "translated": 215
    }, 
    "th": {
        "approved": 0, 
        "translated": 121270
    }, 
    "tr": {
        "approved": 182942, 
        "pending_since_timestamp": 1464691531.609117, 
        "translated": 276913
    }, 
    "uk": {
        "approved": 0, 
        "pending_since_timestamp": 1464697271.319808, 
        "translated": 2540
    }, 
    "ur": {
        "approved": 0, 
        "translated": 1464
    }, 
    "xh": {
        "approved": 0, 
        "translated": 1
    }, 
    "zh-hans": {
        "approved": 0, 
        "translated": 5164
    }, 
    "zu": {
        "approved": 0, 
        "translated": 23
    }
}