{
    "ar": {
        "approved": 0, 
        "pending_since_timestamp": 1447119793.055973, 
        "translated": 3823
    }, 
    "bg": {
        "approved": 91098, 
        "pending_since_timestamp": 1447137756.742171, 
        "translated": 156301
    }, 
    "bn": {
        "approved": 26987, 
        "pending_since_timestamp": 1447104932.349733, 
        "translated": 59748
    }, 
    "cs": {
        "approved": 0, 
        "pending_since_timestamp": 1447119793.055973, 
        "translated": 4682
    }, 
    "da": {
        "approved": 21781, 
        "translated": 66713
    }, 
    "de": {
        "approved": 104341, 
        "translated": 104878
    }, 
    "el": {
        "approved": 0, 
        "pending_since_timestamp": 1447119793.055973, 
        "translated": 6711
    }, 
    "es": {
        "approved": 195146, 
        "pending_since_timestamp": 1447135845.235028, 
        "translated": 292750
    }, 
    "fa": {
        "approved": 0, 
        "translated": 223
    }, 
    "fa-af": {
        "approved": 0, 
        "translated": 1
    }, 
    "fr": {
        "approved": 106270, 
        "pending_since_timestamp": 1447134810.790945, 
        "translated": 111076
    }, 
    "he": {
        "approved": 8664, 
        "translated": 9171
    }, 
    "hi": {
        "approved": 38292, 
        "pending_since_timestamp": 1447140622.095622, 
        "translated": 64537
    }, 
    "hy": {
        "approved": 0, 
        "translated": 117
    }, 
    "id": {
        "approved": 0, 
        "pending_since_timestamp": 1447119793.055973, 
        "translated": 9119
    }, 
    "it": {
        "approved": 0, 
        "pending_since_timestamp": 1447119793.055973, 
        "translated": 56295
    }, 
    "ja": {
        "approved": 19798, 
        "translated": 52733
    }, 
    "ko": {
        "approved": 78795, 
        "pending_since_timestamp": 1447119793.055973, 
        "translated": 89234
    }, 
    "lol": {
        "approved": 706, 
        "translated": 4125
    }, 
    "mn": {
        "approved": 0, 
        "pending_since_timestamp": 1447119793.055973, 
        "translated": 29450
    }, 
    "ms": {
        "approved": 0, 
        "translated": 801
    }, 
    "nb": {
        "approved": 86938, 
        "translated": 89227
    }, 
    "nl": {
        "approved": 42056, 
        "translated": 53385
    }, 
    "pl": {
        "approved": 115543, 
        "pending_since_timestamp": 1447139689.42959, 
        "translated": 125411
    }, 
    "pt": {
        "approved": 151113, 
        "pending_since_timestamp": 1447133843.665789, 
        "translated": 289834
    }, 
    "pt-pt": {
        "approved": 13766, 
        "translated": 74841
    }, 
    "ru": {
        "approved": 951, 
        "pending_since_timestamp": 1447119793.055973, 
        "translated": 13490
    }, 
    "sr": {
        "approved": 35716, 
        "translated": 288723
    }, 
    "sw": {
        "approved": 0, 
        "pending_since_timestamp": 1447119793.055973, 
        "translated": 18660
    }, 
    "te": {
        "approved": 0, 
        "translated": 101
    }, 
    "th": {
        "approved": 0, 
        "pending_since_timestamp": 1447127312.339426, 
        "translated": 128665
    }, 
    "tr": {
        "approved": 174037, 
        "translated": 205125
    }, 
    "uk": {
        "approved": 0, 
        "pending_since_timestamp": 1447119793.055973, 
        "translated": 1569
    }, 
    "ur": {
        "approved": 0, 
        "pending_since_timestamp": 1447119793.055973, 
        "translated": 1539
    }, 
    "xh": {
        "approved": 0, 
        "translated": 1
    }, 
    "zh-hans": {
        "approved": 0, 
        "pending_since_timestamp": 1447119793.055973, 
        "translated": 4339
    }, 
    "zu": {
        "approved": 0, 
        "translated": 29
    }
}