{
    "ar": {
        "approved": 0, 
        "translated": 4317
    }, 
    "bg": {
        "approved": 197911, 
        "pending_since_timestamp": 1467271532.817209, 
        "translated": 202140
    }, 
    "bn": {
        "approved": 98747, 
        "pending_since_timestamp": 1467307293.185812, 
        "translated": 127198
    }, 
    "cs": {
        "approved": 12229, 
        "translated": 30440
    }, 
    "da": {
        "approved": 75721, 
        "translated": 84331
    }, 
    "de": {
        "approved": 151927, 
        "translated": 152204
    }, 
    "el": {
        "approved": 322, 
        "pending_since_timestamp": 1467298267.068469, 
        "translated": 7336
    }, 
    "es": {
        "approved": 282008, 
        "pending_since_timestamp": 1467307293.185812, 
        "translated": 377404
    }, 
    "fa": {
        "approved": 0, 
        "translated": 106
    }, 
    "fa-af": {
        "approved": 0, 
        "translated": 72
    }, 
    "fr": {
        "approved": 163209, 
        "pending_since_timestamp": 1467292424.754039, 
        "translated": 170537
    }, 
    "he": {
        "approved": 8479, 
        "translated": 8489
    }, 
    "hi": {
        "approved": 68976, 
        "pending_since_timestamp": 1467307293.185812, 
        "translated": 108918
    }, 
    "hy": {
        "approved": 0, 
        "translated": 3012
    }, 
    "id": {
        "approved": 0, 
        "translated": 7239
    }, 
    "it": {
        "approved": 222, 
        "pending_since_timestamp": 1467292424.754039, 
        "translated": 98982
    }, 
    "ja": {
        "approved": 33967, 
        "pending_since_timestamp": 1467278873.568644, 
        "translated": 79974
    }, 
    "ka": {
        "approved": 135456, 
        "translated": 139427
    }, 
    "ko": {
        "approved": 125180, 
        "translated": 145130
    }, 
    "lol": {
        "approved": 603, 
        "translated": 8847
    }, 
    "mn": {
        "approved": 75285, 
        "pending_since_timestamp": 1467292424.754039, 
        "translated": 83049
    }, 
    "ms": {
        "approved": 0, 
        "translated": 730
    }, 
    "nb": {
        "approved": 98205, 
        "translated": 101284
    }, 
    "nl": {
        "approved": 80316, 
        "pending_since_timestamp": 1467276811.439137, 
        "translated": 116331
    }, 
    "pl": {
        "approved": 199496, 
        "pending_since_timestamp": 1467298267.068469, 
        "translated": 200240
    }, 
    "pt": {
        "approved": 200576, 
        "pending_since_timestamp": 1467292424.754039, 
        "translated": 374640
    }, 
    "pt-pt": {
        "approved": 21491, 
        "pending_since_timestamp": 1467285122.179877, 
        "translated": 114179
    }, 
    "ru": {
        "approved": 1163, 
        "translated": 19517
    }, 
    "sr": {
        "approved": 45180, 
        "pending_since_timestamp": 1467300867.228922, 
        "translated": 373329
    }, 
    "sw": {
        "approved": 11695, 
        "translated": 33429
    }, 
    "te": {
        "approved": 0, 
        "translated": 204
    }, 
    "th": {
        "approved": 0, 
        "translated": 120247
    }, 
    "tr": {
        "approved": 209246, 
        "pending_since_timestamp": 1467307293.185812, 
        "translated": 280694
    }, 
    "uk": {
        "approved": 0, 
        "translated": 2531
    }, 
    "ur": {
        "approved": 0, 
        "translated": 1448
    }, 
    "xh": {
        "approved": 0, 
        "translated": 1
    }, 
    "zh-hans": {
        "approved": 0, 
        "translated": 5113
    }, 
    "zu": {
        "approved": 0, 
        "translated": 22
    }
}