{
    "ar": {
        "approved": 0, 
        "translated": 4756
    }, 
    "bg": {
        "approved": 173111, 
        "pending_since_timestamp": 1457471786.289084, 
        "translated": 185542
    }, 
    "bn": {
        "approved": 59617, 
        "translated": 102536
    }, 
    "cs": {
        "approved": 12904, 
        "translated": 30257
    }, 
    "da": {
        "approved": 38753, 
        "pending_since_timestamp": 1457471786.289084, 
        "translated": 72573
    }, 
    "de": {
        "approved": 119613, 
        "pending_since_timestamp": 1457471786.289084, 
        "translated": 120713
    }, 
    "el": {
        "approved": 3, 
        "translated": 7266
    }, 
    "es": {
        "approved": 212974, 
        "pending_since_timestamp": 1457471786.289084, 
        "translated": 328516
    }, 
    "fa": {
        "approved": 0, 
        "translated": 241
    }, 
    "fa-af": {
        "approved": 0, 
        "translated": 72
    }, 
    "fr": {
        "approved": 121356, 
        "translated": 130207
    }, 
    "he": {
        "approved": 8392, 
        "translated": 9471
    }, 
    "hi": {
        "approved": 64958, 
        "pending_since_timestamp": 1457471786.289084, 
        "translated": 79362
    }, 
    "hy": {
        "approved": 0, 
        "translated": 138
    }, 
    "id": {
        "approved": 0, 
        "translated": 8409
    }, 
    "it": {
        "approved": 0, 
        "pending_since_timestamp": 1457476415.906351, 
        "translated": 77828
    }, 
    "ja": {
        "approved": 23692, 
        "pending_since_timestamp": 1457471786.289084, 
        "translated": 55957
    }, 
    "ko": {
        "approved": 79318, 
        "translated": 110343
    }, 
    "lol": {
        "approved": 596, 
        "translated": 7838
    }, 
    "mn": {
        "approved": 48968, 
        "pending_since_timestamp": 1457471786.289084, 
        "translated": 65147
    }, 
    "ms": {
        "approved": 0, 
        "translated": 784
    }, 
    "nb": {
        "approved": 86252, 
        "translated": 87192
    }, 
    "nl": {
        "approved": 49531, 
        "pending_since_timestamp": 1457471786.289084, 
        "translated": 85256
    }, 
    "pl": {
        "approved": 144931, 
        "pending_since_timestamp": 1457471786.289084, 
        "translated": 147686
    }, 
    "pt": {
        "approved": 158601, 
        "translated": 325772
    }, 
    "pt-pt": {
        "approved": 14331, 
        "translated": 85283
    }, 
    "ru": {
        "approved": 1228, 
        "translated": 20570
    }, 
    "sr": {
        "approved": 35990, 
        "pending_since_timestamp": 1457471786.289084, 
        "translated": 324523
    }, 
    "sw": {
        "approved": 12266, 
        "pending_since_timestamp": 1457471786.289084, 
        "translated": 35903
    }, 
    "te": {
        "approved": 0, 
        "translated": 230
    }, 
    "th": {
        "approved": 0, 
        "translated": 126777
    }, 
    "tr": {
        "approved": 168607, 
        "translated": 238488
    }, 
    "uk": {
        "approved": 0, 
        "translated": 2526
    }, 
    "ur": {
        "approved": 0, 
        "translated": 1608
    }, 
    "xh": {
        "approved": 0, 
        "translated": 1
    }, 
    "zh-hans": {
        "approved": 0, 
        "translated": 4321
    }, 
    "zu": {
        "approved": 0, 
        "translated": 30
    }
}