{
    "ar": {
        "approved": 160, 
        "translated": 3664
    }, 
    "bg": {
        "approved": 197847, 
        "pending_since_timestamp": 1485704663.224538, 
        "translated": 207019
    }, 
    "bn": {
        "approved": 125474, 
        "translated": 138876
    }, 
    "cs": {
        "approved": 12210, 
        "translated": 28907
    }, 
    "da": {
        "approved": 73789, 
        "translated": 81508
    }, 
    "de": {
        "approved": 201867, 
        "pending_since_timestamp": 1485702227.749365, 
        "translated": 202133
    }, 
    "el": {
        "approved": 1063, 
        "pending_since_timestamp": 1485698334.173998, 
        "translated": 15523
    }, 
    "es": {
        "approved": 320048, 
        "pending_since_timestamp": 1485704663.224538, 
        "translated": 341472
    }, 
    "fa": {
        "approved": 1, 
        "translated": 103
    }, 
    "fa-af": {
        "approved": 31, 
        "translated": 104
    }, 
    "fr": {
        "approved": 214816, 
        "translated": 223695
    }, 
    "he": {
        "approved": 6471, 
        "translated": 7015
    }, 
    "hi": {
        "approved": 96804, 
        "pending_since_timestamp": 1485707242.562217, 
        "translated": 115478
    }, 
    "hy": {
        "approved": 7379, 
        "pending_since_timestamp": 1485698334.173998, 
        "translated": 12271
    }, 
    "id": {
        "approved": 532, 
        "translated": 6304
    }, 
    "it": {
        "approved": 61406, 
        "pending_since_timestamp": 1485705949.89796, 
        "translated": 112420
    }, 
    "ja": {
        "approved": 99831, 
        "translated": 116092
    }, 
    "ka": {
        "approved": 189340, 
        "pending_since_timestamp": 1485698334.173998, 
        "translated": 194253
    }, 
    "ko": {
        "approved": 151014, 
        "pending_since_timestamp": 1485330077.613994, 
        "translated": 160476
    }, 
    "lol": {
        "approved": 397, 
        "translated": 8651
    }, 
    "mn": {
        "approved": 73260, 
        "pending_since_timestamp": 1485698334.173998, 
        "translated": 81317
    }, 
    "ms": {
        "approved": 29, 
        "translated": 684
    }, 
    "nb": {
        "approved": 95997, 
        "translated": 99181
    }, 
    "nl": {
        "approved": 101070, 
        "translated": 125225
    }, 
    "pl": {
        "approved": 246770, 
        "translated": 247029
    }, 
    "pt": {
        "approved": 250475, 
        "pending_since_timestamp": 1485702227.749365, 
        "translated": 287736
    }, 
    "pt-pt": {
        "approved": 66787, 
        "pending_since_timestamp": 1485699688.607669, 
        "translated": 92621
    }, 
    "ru": {
        "approved": 1635, 
        "translated": 18074
    }, 
    "sr": {
        "approved": 50788, 
        "translated": 68723
    }, 
    "sw": {
        "approved": 11632, 
        "translated": 31887
    }, 
    "te": {
        "approved": 16, 
        "translated": 214
    }, 
    "th": {
        "approved": 316, 
        "translated": 120208
    }, 
    "tr": {
        "approved": 242329, 
        "pending_since_timestamp": 1485705949.89796, 
        "translated": 326196
    }, 
    "uk": {
        "approved": 98, 
        "translated": 2479
    }, 
    "ur": {
        "approved": 92, 
        "translated": 1201
    }, 
    "xh": {
        "approved": 40, 
        "translated": 40
    }, 
    "zh-hans": {
        "approved": 128, 
        "translated": 5021
    }, 
    "zu": {
        "approved": 1, 
        "translated": 22
    }
}