{
    "ar": {
        "approved": 0, 
        "translated": 3591
    }, 
    "bg": {
        "approved": 69146, 
        "pending_since_timestamp": 1443864780.649789, 
        "translated": 136621
    }, 
    "bn": {
        "approved": 16173, 
        "pending_since_timestamp": 1443868435.828389, 
        "translated": 42980
    }, 
    "cs": {
        "approved": 0, 
        "pending_since_timestamp": 1443630744.308204, 
        "translated": 3010
    }, 
    "da": {
        "approved": 22668, 
        "translated": 68143
    }, 
    "de": {
        "approved": 91585, 
        "translated": 99966
    }, 
    "el": {
        "approved": 0, 
        "translated": 6272
    }, 
    "es": {
        "approved": 179192, 
        "translated": 282764
    }, 
    "fa": {
        "approved": 0, 
        "translated": 214
    }, 
    "fa-af": {
        "approved": 0, 
        "translated": 0
    }, 
    "fr": {
        "approved": 102174, 
        "pending_since_timestamp": 1443865699.379109, 
        "translated": 105989
    }, 
    "he": {
        "approved": 8679, 
        "translated": 9099
    }, 
    "hi": {
        "approved": 40818, 
        "pending_since_timestamp": 1443864780.649789, 
        "translated": 61645
    }, 
    "hy": {
        "approved": 0, 
        "pending_since_timestamp": 1443630744.308204, 
        "translated": 88
    }, 
    "id": {
        "approved": 0, 
        "translated": 8827
    }, 
    "it": {
        "approved": 0, 
        "pending_since_timestamp": 1443864780.649789, 
        "translated": 42545
    }, 
    "ja": {
        "approved": 16404, 
        "translated": 51266
    }, 
    "ko": {
        "approved": 80332, 
        "pending_since_timestamp": 1443868435.828389, 
        "translated": 90012
    }, 
    "mn": {
        "approved": 0, 
        "pending_since_timestamp": 1443868435.828389, 
        "translated": 6319
    }, 
    "ms": {
        "approved": 0, 
        "translated": 624
    }, 
    "nb": {
        "approved": 84182, 
        "translated": 87088
    }, 
    "nl": {
        "approved": 28008, 
        "pending_since_timestamp": 1443861140.062379, 
        "translated": 42085
    }, 
    "pl": {
        "approved": 109664, 
        "pending_since_timestamp": 1443868435.828389, 
        "translated": 123896
    }, 
    "pt": {
        "approved": 146736, 
        "translated": 280070
    }, 
    "pt-pt": {
        "approved": 13382, 
        "pending_since_timestamp": 1443822822.910974, 
        "translated": 40798
    }, 
    "ru": {
        "approved": 0, 
        "translated": 11421
    }, 
    "sr": {
        "approved": 33092, 
        "translated": 278802
    }, 
    "sw": {
        "approved": 0, 
        "translated": 13095
    }, 
    "te": {
        "approved": 0, 
        "pending_since_timestamp": 1443630744.308204, 
        "translated": 93
    }, 
    "th": {
        "approved": 0, 
        "translated": 110333
    }, 
    "tr": {
        "approved": 175454, 
        "translated": 197406
    }, 
    "uk": {
        "approved": 0, 
        "translated": 1510
    }, 
    "ur": {
        "approved": 0, 
        "translated": 1404
    }, 
    "xh": {
        "approved": 0, 
        "translated": 1
    }, 
    "zh-hans": {
        "approved": 0, 
        "translated": 4549
    }, 
    "zu": {
        "approved": 0, 
        "pending_since_timestamp": 1443630744.308204, 
        "translated": 21
    }
}