{
    "ar": {
        "approved": 0, 
        "translated": 3687
    }, 
    "bg": {
        "approved": 168827, 
        "translated": 189750
    }, 
    "bn": {
        "approved": 110166, 
        "pending_since_timestamp": 1474988271.341156, 
        "translated": 127021
    }, 
    "cs": {
        "approved": 12082, 
        "pending_since_timestamp": 1474980915.664574, 
        "translated": 29265
    }, 
    "da": {
        "approved": 72733, 
        "pending_since_timestamp": 1474980915.664574, 
        "translated": 80091
    }, 
    "de": {
        "approved": 168878, 
        "pending_since_timestamp": 1474990057.431803, 
        "translated": 169470
    }, 
    "el": {
        "approved": 414, 
        "translated": 8020
    }, 
    "es": {
        "approved": 257322, 
        "pending_since_timestamp": 1474962699.832566, 
        "translated": 348776
    }, 
    "fa": {
        "approved": 0, 
        "translated": 104
    }, 
    "fa-af": {
        "approved": 0, 
        "translated": 72
    }, 
    "fr": {
        "approved": 167812, 
        "pending_since_timestamp": 1474988271.341156, 
        "translated": 177328
    }, 
    "he": {
        "approved": 5721, 
        "translated": 6056
    }, 
    "hi": {
        "approved": 92271, 
        "pending_since_timestamp": 1474980915.664574, 
        "translated": 113631
    }, 
    "hy": {
        "approved": 0, 
        "translated": 2988
    }, 
    "id": {
        "approved": 0, 
        "translated": 6149
    }, 
    "it": {
        "approved": 39846, 
        "pending_since_timestamp": 1474980915.664574, 
        "translated": 104161
    }, 
    "ja": {
        "approved": 36938, 
        "translated": 79602
    }, 
    "ka": {
        "approved": 168210, 
        "translated": 169091
    }, 
    "ko": {
        "approved": 122255, 
        "translated": 145906
    }, 
    "lol": {
        "approved": 599, 
        "translated": 8808
    }, 
    "mn": {
        "approved": 74545, 
        "translated": 82129
    }, 
    "ms": {
        "approved": 0, 
        "translated": 665
    }, 
    "nb": {
        "approved": 97135, 
        "pending_since_timestamp": 1474980915.664574, 
        "translated": 100220
    }, 
    "nl": {
        "approved": 86138, 
        "pending_since_timestamp": 1474980915.664574, 
        "translated": 115525
    }, 
    "pl": {
        "approved": 202489, 
        "translated": 203062
    }, 
    "pt": {
        "approved": 204982, 
        "pending_since_timestamp": 1474980915.664574, 
        "translated": 348435
    }, 
    "pt-pt": {
        "approved": 44666, 
        "pending_since_timestamp": 1474958352.448445, 
        "translated": 76941
    }, 
    "ru": {
        "approved": 1150, 
        "pending_since_timestamp": 1474980915.664574, 
        "translated": 18017
    }, 
    "sr": {
        "approved": 51418, 
        "pending_since_timestamp": 1474980915.664574, 
        "translated": 348395
    }, 
    "sw": {
        "approved": 11550, 
        "pending_since_timestamp": 1474980915.664574, 
        "translated": 32585
    }, 
    "te": {
        "approved": 0, 
        "translated": 198
    }, 
    "th": {
        "approved": 0, 
        "pending_since_timestamp": 1474980915.664574, 
        "translated": 118511
    }, 
    "tr": {
        "approved": 199075, 
        "pending_since_timestamp": 1474980915.664574, 
        "translated": 284040
    }, 
    "uk": {
        "approved": 0, 
        "translated": 2394
    }, 
    "ur": {
        "approved": 0, 
        "translated": 1129
    }, 
    "xh": {
        "approved": 0, 
        "translated": 1
    }, 
    "zh-hans": {
        "approved": 0, 
        "pending_since_timestamp": 1474980915.664574, 
        "translated": 4879
    }, 
    "zu": {
        "approved": 0, 
        "translated": 21
    }
}