{
    "af": {
        "approved": 19, 
        "pending_since_timestamp": 1542057306.169735, 
        "translated": 1478
    }, 
    "am": {
        "approved": 0, 
        "translated": 0
    }, 
    "ar": {
        "approved": 90856, 
        "pending_since_timestamp": 1547363353.898256, 
        "translated": 213304
    }, 
    "az": {
        "approved": 35919, 
        "pending_since_timestamp": 1546885761.89424, 
        "translated": 37636
    }, 
    "bg": {
        "approved": 335364, 
        "pending_since_timestamp": 1547457358.988111, 
        "translated": 338950
    }, 
    "bn": {
        "approved": 147777, 
        "translated": 162523
    }, 
    "ca": {
        "approved": 3, 
        "pending_since_timestamp": 1546885761.89424, 
        "translated": 1925
    }, 
    "cs": {
        "approved": 133776, 
        "pending_since_timestamp": 1547331208.750104, 
        "translated": 152445
    }, 
    "da": {
        "approved": 175560, 
        "translated": 197129
    }, 
    "de": {
        "approved": 302985, 
        "pending_since_timestamp": 1547472645.494547, 
        "translated": 537221
    }, 
    "el": {
        "approved": 78404, 
        "pending_since_timestamp": 1547446874.995052, 
        "translated": 94175
    }, 
    "es": {
        "approved": 431662, 
        "translated": 448081
    }, 
    "et": {
        "approved": 44980, 
        "translated": 46293
    }, 
    "fa": {
        "approved": 1, 
        "translated": 189
    }, 
    "fa-af": {
        "approved": 31, 
        "translated": 103
    }, 
    "fi": {
        "approved": 82287, 
        "translated": 84182
    }, 
    "fil": {
        "approved": 204, 
        "translated": 297
    }, 
    "fr": {
        "approved": 286027, 
        "pending_since_timestamp": 1547446874.995052, 
        "translated": 289454
    }, 
    "fv": {
        "approved": 85805, 
        "translated": 85806
    }, 
    "gu": {
        "approved": 99548, 
        "pending_since_timestamp": 1547446874.995052, 
        "translated": 143093
    }, 
    "he": {
        "approved": 8436, 
        "translated": 8439
    }, 
    "hi": {
        "approved": 167081, 
        "translated": 179449
    }, 
    "hr": {
        "approved": 10947, 
        "translated": 16580
    }, 
    "ht": {
        "approved": 1, 
        "translated": 5
    }, 
    "hu": {
        "approved": 93835, 
        "pending_since_timestamp": 1547446874.995052, 
        "translated": 113435
    }, 
    "hy": {
        "approved": 132507, 
        "translated": 156109
    }, 
    "id": {
        "approved": 75123, 
        "translated": 91026
    }, 
    "it": {
        "approved": 155467, 
        "translated": 173427
    }, 
    "ja": {
        "approved": 125704, 
        "pending_since_timestamp": 1547446874.995052, 
        "translated": 146369
    }, 
    "ka": {
        "approved": 280530, 
        "pending_since_timestamp": 1547446874.995052, 
        "translated": 284553
    }, 
    "ki": {
        "approved": 0, 
        "translated": 37
    }, 
    "kk": {
        "approved": 103, 
        "translated": 103
    }, 
    "km": {
        "approved": 0, 
        "translated": 52
    }, 
    "kn": {
        "approved": 34552, 
        "translated": 40490
    }, 
    "ko": {
        "approved": 190656, 
        "translated": 216987
    }, 
    "ky": {
        "approved": 0, 
        "translated": 25
    }, 
    "lol": {
        "approved": 66861, 
        "translated": 82042
    }, 
    "lt": {
        "approved": 80823, 
        "pending_since_timestamp": 1546885761.89424, 
        "translated": 82771
    }, 
    "lv": {
        "approved": 54621, 
        "translated": 55054
    }, 
    "mn": {
        "approved": 82613, 
        "translated": 110516
    }, 
    "mr": {
        "approved": 0, 
        "translated": 0
    }, 
    "ms": {
        "approved": 29, 
        "translated": 636
    }, 
    "my": {
        "approved": 1, 
        "translated": 122
    }, 
    "nb": {
        "approved": 133129, 
        "translated": 143197
    }, 
    "ne": {
        "approved": 0, 
        "translated": 1
    }, 
    "nl": {
        "approved": 131474, 
        "pending_since_timestamp": 1547303562.320255, 
        "translated": 149584
    }, 
    "nn": {
        "approved": 0, 
        "translated": 1626
    }, 
    "or": {
        "approved": 0, 
        "translated": 52
    }, 
    "pl": {
        "approved": 343619, 
        "pending_since_timestamp": 1547446874.995052, 
        "translated": 343972
    }, 
    "ps": {
        "approved": 582, 
        "pending_since_timestamp": 1547446874.995052, 
        "translated": 944
    }, 
    "pt": {
        "approved": 373327, 
        "pending_since_timestamp": 1547472645.494547, 
        "translated": 414764
    }, 
    "pt-pt": {
        "approved": 153939, 
        "pending_since_timestamp": 1547321397.162898, 
        "translated": 182926
    }, 
    "ro": {
        "approved": 63701, 
        "pending_since_timestamp": 1546885761.89424, 
        "translated": 67971
    }, 
    "ru": {
        "approved": 100569, 
        "translated": 122288
    }, 
    "rw": {
        "approved": 0, 
        "translated": 0
    }, 
    "si": {
        "approved": 0, 
        "translated": 196
    }, 
    "sk": {
        "approved": 0, 
        "translated": 2153
    }, 
    "sl": {
        "approved": 0, 
        "pending_since_timestamp": 1546986890.045539, 
        "translated": 0
    }, 
    "sq": {
        "approved": 98727, 
        "translated": 102951
    }, 
    "sr": {
        "approved": 62803, 
        "translated": 81618
    }, 
    "sv": {
        "approved": 167347, 
        "pending_since_timestamp": 1547446874.995052, 
        "translated": 541460
    }, 
    "sw": {
        "approved": 0, 
        "translated": 0
    }, 
    "ta": {
        "approved": 54722, 
        "pending_since_timestamp": 1547366171.003067, 
        "translated": 77862
    }, 
    "te": {
        "approved": 16, 
        "translated": 208
    }, 
    "th": {
        "approved": 299, 
        "pending_since_timestamp": 1547478255.572143, 
        "translated": 134545
    }, 
    "tr": {
        "approved": 309912, 
        "translated": 417997
    }, 
    "uk": {
        "approved": 70574, 
        "pending_since_timestamp": 1547303562.320255, 
        "translated": 91473
    }, 
    "ur": {
        "approved": 54603, 
        "translated": 57480
    }, 
    "uz": {
        "approved": 76754, 
        "pending_since_timestamp": 1547303562.320255, 
        "translated": 94742
    }, 
    "vi": {
        "approved": 2, 
        "translated": 1982
    }, 
    "xh": {
        "approved": 40, 
        "translated": 40
    }, 
    "zh-hans": {
        "approved": 185026, 
        "pending_since_timestamp": 1547478255.572143, 
        "translated": 260342
    }, 
    "zh-hant": {
        "approved": 10005, 
        "translated": 74484
    }, 
    "zu": {
        "approved": 1, 
        "translated": 18
    }
}