{
    "af": {
        "approved": 19, 
        "translated": 1504
    }, 
    "am": {
        "approved": 0, 
        "translated": 0
    }, 
    "ar": {
        "approved": 14520, 
        "pending_since_timestamp": 1540420585.734084, 
        "translated": 64595
    }, 
    "az": {
        "approved": 35927, 
        "translated": 37658
    }, 
    "bg": {
        "approved": 318614, 
        "translated": 330802
    }, 
    "bn": {
        "approved": 147801, 
        "translated": 161021
    }, 
    "ca": {
        "approved": 3, 
        "pending_since_timestamp": 1540228584.940241, 
        "translated": 2017
    }, 
    "cs": {
        "approved": 124541, 
        "translated": 143579
    }, 
    "da": {
        "approved": 170449, 
        "translated": 188487
    }, 
    "de": {
        "approved": 299587, 
        "translated": 535248
    }, 
    "el": {
        "approved": 77050, 
        "translated": 92685
    }, 
    "es": {
        "approved": 422215, 
        "translated": 445429
    }, 
    "et": {
        "approved": 44986, 
        "pending_since_timestamp": 1540228584.940241, 
        "translated": 46301
    }, 
    "fa": {
        "approved": 1, 
        "translated": 190
    }, 
    "fa-af": {
        "approved": 31, 
        "translated": 103
    }, 
    "fi": {
        "approved": 82305, 
        "translated": 84023
    }, 
    "fil": {
        "approved": 204, 
        "translated": 297
    }, 
    "fr": {
        "approved": 283379, 
        "pending_since_timestamp": 1540575955.052965, 
        "translated": 286785
    }, 
    "fv": {
        "approved": 0, 
        "pending_since_timestamp": 1540420585.734084, 
        "translated": 67
    }, 
    "gu": {
        "approved": 95374, 
        "pending_since_timestamp": 1540529716.402274, 
        "translated": 138423
    }, 
    "he": {
        "approved": 8606, 
        "translated": 8639
    }, 
    "hi": {
        "approved": 167329, 
        "translated": 179698
    }, 
    "hr": {
        "approved": 10947, 
        "pending_since_timestamp": 1540228584.940241, 
        "translated": 16615
    }, 
    "ht": {
        "approved": 1, 
        "translated": 5
    }, 
    "hu": {
        "approved": 91790, 
        "pending_since_timestamp": 1540581340.230132, 
        "translated": 110455
    }, 
    "hy": {
        "approved": 102379, 
        "pending_since_timestamp": 1540508841.735674, 
        "translated": 125017
    }, 
    "id": {
        "approved": 72901, 
        "pending_since_timestamp": 1540590328.606135, 
        "translated": 89053
    }, 
    "it": {
        "approved": 155679, 
        "translated": 171327
    }, 
    "ja": {
        "approved": 124913, 
        "pending_since_timestamp": 1540620083.515019, 
        "translated": 144525
    }, 
    "ka": {
        "approved": 274258, 
        "pending_since_timestamp": 1540570507.963957, 
        "translated": 279071
    }, 
    "ki": {
        "approved": 0, 
        "translated": 37
    }, 
    "kk": {
        "approved": 103, 
        "translated": 103
    }, 
    "km": {
        "approved": 0, 
        "translated": 52
    }, 
    "kn": {
        "approved": 14535, 
        "translated": 21173
    }, 
    "ko": {
        "approved": 181878, 
        "pending_since_timestamp": 1540628439.901894, 
        "translated": 212941
    }, 
    "ky": {
        "approved": 0, 
        "translated": 25
    }, 
    "lol": {
        "approved": 66883, 
        "translated": 82082
    }, 
    "lt": {
        "approved": 73740, 
        "translated": 75587
    }, 
    "lv": {
        "approved": 54627, 
        "translated": 55062
    }, 
    "mn": {
        "approved": 82757, 
        "translated": 110667
    }, 
    "mr": {
        "approved": 0, 
        "translated": 0
    }, 
    "ms": {
        "approved": 29, 
        "translated": 663
    }, 
    "my": {
        "approved": 1, 
        "translated": 112
    }, 
    "nb": {
        "approved": 132141, 
        "pending_since_timestamp": 1540597903.63331, 
        "translated": 141854
    }, 
    "ne": {
        "approved": 0, 
        "translated": 1
    }, 
    "nl": {
        "approved": 125133, 
        "translated": 140980
    }, 
    "nn": {
        "approved": 0, 
        "translated": 1633
    }, 
    "or": {
        "approved": 0, 
        "translated": 52
    }, 
    "pl": {
        "approved": 337796, 
        "pending_since_timestamp": 1540620083.515019, 
        "translated": 338277
    }, 
    "ps": {
        "approved": 0, 
        "pending_since_timestamp": 1540330903.007457, 
        "translated": 23
    }, 
    "pt": {
        "approved": 367174, 
        "pending_since_timestamp": 1540590328.606135, 
        "translated": 407416
    }, 
    "pt-pt": {
        "approved": 147498, 
        "pending_since_timestamp": 1540559050.387882, 
        "translated": 177164
    }, 
    "ro": {
        "approved": 63880, 
        "pending_since_timestamp": 1540228584.940241, 
        "translated": 68162
    }, 
    "ru": {
        "approved": 100739, 
        "translated": 121977
    }, 
    "rw": {
        "approved": 0, 
        "translated": 0
    }, 
    "si": {
        "approved": 0, 
        "pending_since_timestamp": 1540228584.940241, 
        "translated": 198
    }, 
    "sk": {
        "approved": 0, 
        "pending_since_timestamp": 1540228584.940241, 
        "translated": 2174
    }, 
    "sl": {
        "approved": 0, 
        "translated": 0
    }, 
    "sq": {
        "approved": 98743, 
        "translated": 102967
    }, 
    "sr": {
        "approved": 63025, 
        "translated": 81561
    }, 
    "sv": {
        "approved": 161280, 
        "translated": 543609
    }, 
    "sw": {
        "approved": 0, 
        "translated": 0
    }, 
    "ta": {
        "approved": 47417, 
        "pending_since_timestamp": 1540594885.464484, 
        "translated": 66774
    }, 
    "te": {
        "approved": 16, 
        "translated": 210
    }, 
    "th": {
        "approved": 299, 
        "translated": 133320
    }, 
    "tr": {
        "approved": 309944, 
        "translated": 417179
    }, 
    "uk": {
        "approved": 70601, 
        "pending_since_timestamp": 1540559050.387882, 
        "translated": 90266
    }, 
    "ur": {
        "approved": 54614, 
        "translated": 57523
    }, 
    "uz": {
        "approved": 76775, 
        "translated": 80157
    }, 
    "vi": {
        "approved": 2, 
        "pending_since_timestamp": 1540228584.940241, 
        "translated": 2010
    }, 
    "xh": {
        "approved": 40, 
        "translated": 40
    }, 
    "zh-hans": {
        "approved": 164908, 
        "pending_since_timestamp": 1540573154.908463, 
        "translated": 231402
    }, 
    "zh-hant": {
        "approved": 10020, 
        "translated": 73660
    }, 
    "zu": {
        "approved": 1, 
        "translated": 18
    }
}