{
    "ar": {
        "approved": 0, 
        "translated": 4515
    }, 
    "bg": {
        "approved": 197534, 
        "pending_since_timestamp": 1468083576.383146, 
        "translated": 209519
    }, 
    "bn": {
        "approved": 99393, 
        "translated": 127637
    }, 
    "cs": {
        "approved": 12229, 
        "translated": 30499
    }, 
    "da": {
        "approved": 77037, 
        "pending_since_timestamp": 1468054737.859651, 
        "translated": 87045
    }, 
    "de": {
        "approved": 155599, 
        "pending_since_timestamp": 1468054737.859651, 
        "translated": 155796
    }, 
    "el": {
        "approved": 324, 
        "translated": 7475
    }, 
    "es": {
        "approved": 313082, 
        "pending_since_timestamp": 1468054737.859651, 
        "translated": 416320
    }, 
    "fa": {
        "approved": 0, 
        "translated": 106
    }, 
    "fa-af": {
        "approved": 0, 
        "translated": 72
    }, 
    "fr": {
        "approved": 165893, 
        "translated": 173084
    }, 
    "he": {
        "approved": 9904, 
        "pending_since_timestamp": 1468054737.859651, 
        "translated": 10156
    }, 
    "hi": {
        "approved": 68739, 
        "pending_since_timestamp": 1468077204.619668, 
        "translated": 110600
    }, 
    "hy": {
        "approved": 0, 
        "translated": 3014
    }, 
    "id": {
        "approved": 0, 
        "translated": 7274
    }, 
    "it": {
        "approved": 7722, 
        "pending_since_timestamp": 1468081717.228233, 
        "translated": 102851
    }, 
    "ja": {
        "approved": 34069, 
        "translated": 80374
    }, 
    "ka": {
        "approved": 138805, 
        "pending_since_timestamp": 1468054737.859651, 
        "translated": 141589
    }, 
    "ko": {
        "approved": 125554, 
        "translated": 149590
    }, 
    "lol": {
        "approved": 603, 
        "translated": 8847
    }, 
    "mn": {
        "approved": 75687, 
        "pending_since_timestamp": 1468054737.859651, 
        "translated": 83407
    }, 
    "ms": {
        "approved": 0, 
        "translated": 742
    }, 
    "nb": {
        "approved": 98364, 
        "translated": 101537
    }, 
    "nl": {
        "approved": 80673, 
        "pending_since_timestamp": 1468054737.859651, 
        "translated": 119701
    }, 
    "pl": {
        "approved": 202139, 
        "pending_since_timestamp": 1468072054.812358, 
        "translated": 202441
    }, 
    "pt": {
        "approved": 202994, 
        "pending_since_timestamp": 1468073496.957947, 
        "translated": 375803
    }, 
    "pt-pt": {
        "approved": 23224, 
        "translated": 87153
    }, 
    "ru": {
        "approved": 1191, 
        "translated": 19608
    }, 
    "sr": {
        "approved": 45882, 
        "pending_since_timestamp": 1468054737.859651, 
        "translated": 375425
    }, 
    "sw": {
        "approved": 11695, 
        "translated": 33492
    }, 
    "te": {
        "approved": 0, 
        "pending_since_timestamp": 1468054737.859651, 
        "translated": 214
    }, 
    "th": {
        "approved": 0, 
        "translated": 120297
    }, 
    "tr": {
        "approved": 207646, 
        "pending_since_timestamp": 1468074863.342706, 
        "translated": 282418
    }, 
    "uk": {
        "approved": 0, 
        "translated": 2549
    }, 
    "ur": {
        "approved": 0, 
        "translated": 1466
    }, 
    "xh": {
        "approved": 0, 
        "translated": 1
    }, 
    "zh-hans": {
        "approved": 0, 
        "translated": 5148
    }, 
    "zu": {
        "approved": 0, 
        "pending_since_timestamp": 1468054737.859651, 
        "translated": 23
    }
}