{
    "af": {
        "approved": 19, 
        "pending_since_timestamp": 1542057306.169735, 
        "translated": 1478
    }, 
    "am": {
        "approved": 0, 
        "translated": 0
    }, 
    "ar": {
        "approved": 75466, 
        "pending_since_timestamp": 1545376921.121752, 
        "translated": 212140
    }, 
    "az": {
        "approved": 35926, 
        "pending_since_timestamp": 1545420491.294458, 
        "translated": 37643
    }, 
    "bg": {
        "approved": 332355, 
        "pending_since_timestamp": 1545622471.86512, 
        "translated": 337067
    }, 
    "bn": {
        "approved": 147692, 
        "pending_since_timestamp": 1545537571.00774, 
        "translated": 161633
    }, 
    "ca": {
        "approved": 3, 
        "pending_since_timestamp": 1545420491.294458, 
        "translated": 1943
    }, 
    "cs": {
        "approved": 130627, 
        "pending_since_timestamp": 1545622471.86512, 
        "translated": 149630
    }, 
    "da": {
        "approved": 174978, 
        "pending_since_timestamp": 1545622471.86512, 
        "translated": 193230
    }, 
    "de": {
        "approved": 301513, 
        "pending_since_timestamp": 1545622471.86512, 
        "translated": 537177
    }, 
    "el": {
        "approved": 77910, 
        "pending_since_timestamp": 1545622471.86512, 
        "translated": 93665
    }, 
    "es": {
        "approved": 431730, 
        "pending_since_timestamp": 1545622471.86512, 
        "translated": 448153
    }, 
    "et": {
        "approved": 44984, 
        "translated": 46297
    }, 
    "fa": {
        "approved": 1, 
        "translated": 190
    }, 
    "fa-af": {
        "approved": 31, 
        "translated": 103
    }, 
    "fi": {
        "approved": 82291, 
        "translated": 84186
    }, 
    "fil": {
        "approved": 204, 
        "translated": 297
    }, 
    "fr": {
        "approved": 285804, 
        "pending_since_timestamp": 1545622471.86512, 
        "translated": 289241
    }, 
    "fv": {
        "approved": 85296, 
        "pending_since_timestamp": 1545473997.75703, 
        "translated": 85494
    }, 
    "gu": {
        "approved": 96789, 
        "translated": 140687
    }, 
    "he": {
        "approved": 8443, 
        "translated": 8446
    }, 
    "hi": {
        "approved": 167155, 
        "pending_since_timestamp": 1545622471.86512, 
        "translated": 179524
    }, 
    "hr": {
        "approved": 10947, 
        "pending_since_timestamp": 1545420491.294458, 
        "translated": 16549
    }, 
    "ht": {
        "approved": 1, 
        "translated": 5
    }, 
    "hu": {
        "approved": 93030, 
        "pending_since_timestamp": 1545410832.335488, 
        "translated": 112975
    }, 
    "hy": {
        "approved": 127943, 
        "pending_since_timestamp": 1545473997.75703, 
        "translated": 151060
    }, 
    "id": {
        "approved": 74196, 
        "pending_since_timestamp": 1545622471.86512, 
        "translated": 91090
    }, 
    "it": {
        "approved": 155545, 
        "pending_since_timestamp": 1545622471.86512, 
        "translated": 173411
    }, 
    "ja": {
        "approved": 125469, 
        "pending_since_timestamp": 1545516136.589217, 
        "translated": 146007
    }, 
    "ka": {
        "approved": 279221, 
        "pending_since_timestamp": 1545518890.13317, 
        "translated": 283238
    }, 
    "ki": {
        "approved": 0, 
        "translated": 37
    }, 
    "kk": {
        "approved": 103, 
        "translated": 103
    }, 
    "km": {
        "approved": 0, 
        "translated": 52
    }, 
    "kn": {
        "approved": 33391, 
        "pending_since_timestamp": 1545487272.730768, 
        "translated": 39840
    }, 
    "ko": {
        "approved": 187217, 
        "pending_since_timestamp": 1545622471.86512, 
        "translated": 216135
    }, 
    "ky": {
        "approved": 0, 
        "translated": 25
    }, 
    "lol": {
        "approved": 66865, 
        "translated": 82046
    }, 
    "lt": {
        "approved": 80827, 
        "pending_since_timestamp": 1545327502.472289, 
        "translated": 82780
    }, 
    "lv": {
        "approved": 54625, 
        "translated": 55058
    }, 
    "mn": {
        "approved": 82646, 
        "pending_since_timestamp": 1545622471.86512, 
        "translated": 110549
    }, 
    "mr": {
        "approved": 0, 
        "translated": 0
    }, 
    "ms": {
        "approved": 29, 
        "pending_since_timestamp": 1545420491.294458, 
        "translated": 639
    }, 
    "my": {
        "approved": 1, 
        "pending_since_timestamp": 1545327502.472289, 
        "translated": 112
    }, 
    "nb": {
        "approved": 133204, 
        "pending_since_timestamp": 1545622471.86512, 
        "translated": 143273
    }, 
    "ne": {
        "approved": 0, 
        "translated": 1
    }, 
    "nl": {
        "approved": 129206, 
        "pending_since_timestamp": 1545622471.86512, 
        "translated": 144499
    }, 
    "nn": {
        "approved": 0, 
        "translated": 1626
    }, 
    "or": {
        "approved": 0, 
        "translated": 52
    }, 
    "pl": {
        "approved": 342341, 
        "pending_since_timestamp": 1545622471.86512, 
        "translated": 342719
    }, 
    "ps": {
        "approved": 582, 
        "translated": 923
    }, 
    "pt": {
        "approved": 372917, 
        "translated": 413904
    }, 
    "pt-pt": {
        "approved": 150011, 
        "pending_since_timestamp": 1545622471.86512, 
        "translated": 180742
    }, 
    "ro": {
        "approved": 63710, 
        "pending_since_timestamp": 1545420491.294458, 
        "translated": 67980
    }, 
    "ru": {
        "approved": 100581, 
        "pending_since_timestamp": 1545622471.86512, 
        "translated": 121901
    }, 
    "rw": {
        "approved": 0, 
        "translated": 0
    }, 
    "si": {
        "approved": 0, 
        "translated": 196
    }, 
    "sk": {
        "approved": 0, 
        "pending_since_timestamp": 1545420491.294458, 
        "translated": 2154
    }, 
    "sl": {
        "approved": 0, 
        "translated": 0
    }, 
    "sq": {
        "approved": 98737, 
        "pending_since_timestamp": 1545420491.294458, 
        "translated": 102961
    }, 
    "sr": {
        "approved": 62874, 
        "pending_since_timestamp": 1545622471.86512, 
        "translated": 81560
    }, 
    "sv": {
        "approved": 166869, 
        "pending_since_timestamp": 1545622471.86512, 
        "translated": 541379
    }, 
    "sw": {
        "approved": 0, 
        "translated": 0
    }, 
    "ta": {
        "approved": 52566, 
        "pending_since_timestamp": 1545622471.86512, 
        "translated": 77092
    }, 
    "te": {
        "approved": 16, 
        "translated": 208
    }, 
    "th": {
        "approved": 299, 
        "pending_since_timestamp": 1545622471.86512, 
        "translated": 134496
    }, 
    "tr": {
        "approved": 309946, 
        "pending_since_timestamp": 1545622471.86512, 
        "translated": 417767
    }, 
    "uk": {
        "approved": 70581, 
        "pending_since_timestamp": 1545420491.294458, 
        "translated": 91092
    }, 
    "ur": {
        "approved": 54613, 
        "pending_since_timestamp": 1545420491.294458, 
        "translated": 57500
    }, 
    "uz": {
        "approved": 76758, 
        "pending_since_timestamp": 1545235055.806598, 
        "translated": 89834
    }, 
    "vi": {
        "approved": 2, 
        "translated": 1982
    }, 
    "xh": {
        "approved": 40, 
        "translated": 40
    }, 
    "zh-hans": {
        "approved": 183690, 
        "pending_since_timestamp": 1545510890.760899, 
        "translated": 253100
    }, 
    "zh-hant": {
        "approved": 10007, 
        "pending_since_timestamp": 1545327502.472289, 
        "translated": 74568
    }, 
    "zu": {
        "approved": 1, 
        "translated": 18
    }
}