{
    "ar": {
        "approved": 0, 
        "translated": 4654
    }, 
    "bg": {
        "approved": 171653, 
        "pending_since_timestamp": 1459231075.220603, 
        "translated": 187613
    }, 
    "bn": {
        "approved": 71597, 
        "pending_since_timestamp": 1459228478.436153, 
        "translated": 120006
    }, 
    "cs": {
        "approved": 12800, 
        "pending_since_timestamp": 1459228478.436153, 
        "translated": 29957
    }, 
    "da": {
        "approved": 39188, 
        "pending_since_timestamp": 1459276376.886311, 
        "translated": 76657
    }, 
    "de": {
        "approved": 148273, 
        "pending_since_timestamp": 1459243149.330788, 
        "translated": 148343
    }, 
    "el": {
        "approved": 252, 
        "translated": 7177
    }, 
    "es": {
        "approved": 234932, 
        "pending_since_timestamp": 1459289053.488071, 
        "translated": 361305
    }, 
    "fa": {
        "approved": 0, 
        "translated": 210
    }, 
    "fa-af": {
        "approved": 0, 
        "translated": 72
    }, 
    "fr": {
        "approved": 133285, 
        "pending_since_timestamp": 1459283463.663385, 
        "translated": 143566
    }, 
    "he": {
        "approved": 9291, 
        "translated": 9306
    }, 
    "hi": {
        "approved": 66499, 
        "translated": 80548
    }, 
    "hy": {
        "approved": 0, 
        "translated": 713
    }, 
    "id": {
        "approved": 0, 
        "translated": 8226
    }, 
    "it": {
        "approved": 0, 
        "pending_since_timestamp": 1459238206.880704, 
        "translated": 87585
    }, 
    "ja": {
        "approved": 24663, 
        "pending_since_timestamp": 1459283463.663385, 
        "translated": 56556
    }, 
    "ka": {
        "approved": 102097, 
        "pending_since_timestamp": 1459276376.886311, 
        "translated": 112045
    }, 
    "ko": {
        "approved": 105834, 
        "pending_since_timestamp": 1459233452.280221, 
        "translated": 127351
    }, 
    "lol": {
        "approved": 595, 
        "translated": 7789
    }, 
    "mn": {
        "approved": 75300, 
        "pending_since_timestamp": 1459244455.354138, 
        "translated": 82544
    }, 
    "ms": {
        "approved": 0, 
        "translated": 755
    }, 
    "nb": {
        "approved": 85254, 
        "pending_since_timestamp": 1459276376.886311, 
        "translated": 86178
    }, 
    "nl": {
        "approved": 49723, 
        "pending_since_timestamp": 1459241881.298854, 
        "translated": 99718
    }, 
    "pl": {
        "approved": 176856, 
        "pending_since_timestamp": 1459276376.886311, 
        "translated": 180121
    }, 
    "pt": {
        "approved": 172135, 
        "pending_since_timestamp": 1459286647.94963, 
        "translated": 358329
    }, 
    "pt-pt": {
        "approved": 15736, 
        "pending_since_timestamp": 1459276376.886311, 
        "translated": 89256
    }, 
    "ru": {
        "approved": 1179, 
        "translated": 20793
    }, 
    "sr": {
        "approved": 47720, 
        "pending_since_timestamp": 1459244455.354138, 
        "translated": 356955
    }, 
    "sw": {
        "approved": 12190, 
        "pending_since_timestamp": 1459235869.290014, 
        "translated": 36671
    }, 
    "te": {
        "approved": 0, 
        "translated": 220
    }, 
    "th": {
        "approved": 0, 
        "translated": 129780
    }, 
    "tr": {
        "approved": 171079, 
        "translated": 269494
    }, 
    "uk": {
        "approved": 0, 
        "translated": 2594
    }, 
    "ur": {
        "approved": 0, 
        "pending_since_timestamp": 1459228478.436153, 
        "translated": 1555
    }, 
    "xh": {
        "approved": 0, 
        "translated": 1
    }, 
    "zh-hans": {
        "approved": 0, 
        "pending_since_timestamp": 1459228478.436153, 
        "translated": 4182
    }, 
    "zu": {
        "approved": 0, 
        "translated": 23
    }
}