{
    "af": {
        "approved": 19, 
        "pending_since_timestamp": 1542057306.169735, 
        "translated": 1478
    }, 
    "am": {
        "approved": 0, 
        "translated": 0
    }, 
    "ar": {
        "approved": 79474, 
        "pending_since_timestamp": 1545655779.476683, 
        "translated": 212980
    }, 
    "az": {
        "approved": 35926, 
        "pending_since_timestamp": 1545420491.294458, 
        "translated": 37643
    }, 
    "bg": {
        "approved": 332355, 
        "pending_since_timestamp": 1545622471.86512, 
        "translated": 337066
    }, 
    "bn": {
        "approved": 147672, 
        "pending_since_timestamp": 1545631512.641724, 
        "translated": 161605
    }, 
    "ca": {
        "approved": 3, 
        "pending_since_timestamp": 1545420491.294458, 
        "translated": 1943
    }, 
    "cs": {
        "approved": 130626, 
        "pending_since_timestamp": 1545622471.86512, 
        "translated": 149629
    }, 
    "da": {
        "approved": 174975, 
        "translated": 193847
    }, 
    "de": {
        "approved": 301512, 
        "pending_since_timestamp": 1545622471.86512, 
        "translated": 537176
    }, 
    "el": {
        "approved": 77910, 
        "pending_since_timestamp": 1545622471.86512, 
        "translated": 93665
    }, 
    "es": {
        "approved": 431729, 
        "pending_since_timestamp": 1545622471.86512, 
        "translated": 448152
    }, 
    "et": {
        "approved": 44984, 
        "translated": 46297
    }, 
    "fa": {
        "approved": 1, 
        "translated": 190
    }, 
    "fa-af": {
        "approved": 31, 
        "translated": 103
    }, 
    "fi": {
        "approved": 82291, 
        "translated": 84186
    }, 
    "fil": {
        "approved": 204, 
        "translated": 297
    }, 
    "fr": {
        "approved": 285803, 
        "pending_since_timestamp": 1545622471.86512, 
        "translated": 289240
    }, 
    "fv": {
        "approved": 85296, 
        "pending_since_timestamp": 1545473997.75703, 
        "translated": 85494
    }, 
    "gu": {
        "approved": 96789, 
        "pending_since_timestamp": 1545655779.476683, 
        "translated": 140686
    }, 
    "he": {
        "approved": 8443, 
        "translated": 8446
    }, 
    "hi": {
        "approved": 167155, 
        "pending_since_timestamp": 1545622471.86512, 
        "translated": 179524
    }, 
    "hr": {
        "approved": 10947, 
        "pending_since_timestamp": 1545420491.294458, 
        "translated": 16549
    }, 
    "ht": {
        "approved": 1, 
        "translated": 5
    }, 
    "hu": {
        "approved": 93030, 
        "pending_since_timestamp": 1545410832.335488, 
        "translated": 112975
    }, 
    "hy": {
        "approved": 128299, 
        "pending_since_timestamp": 1545639684.503625, 
        "translated": 151314
    }, 
    "id": {
        "approved": 74372, 
        "translated": 91077
    }, 
    "it": {
        "approved": 155517, 
        "translated": 173383
    }, 
    "ja": {
        "approved": 125531, 
        "pending_since_timestamp": 1545856092.580932, 
        "translated": 146063
    }, 
    "ka": {
        "approved": 279210, 
        "pending_since_timestamp": 1545639684.503625, 
        "translated": 283257
    }, 
    "ki": {
        "approved": 0, 
        "translated": 37
    }, 
    "kk": {
        "approved": 103, 
        "translated": 103
    }, 
    "km": {
        "approved": 0, 
        "translated": 52
    }, 
    "kn": {
        "approved": 33483, 
        "pending_since_timestamp": 1545644618.481686, 
        "translated": 39851
    }, 
    "ko": {
        "approved": 188688, 
        "pending_since_timestamp": 1545668613.646083, 
        "translated": 216127
    }, 
    "ky": {
        "approved": 0, 
        "translated": 25
    }, 
    "lol": {
        "approved": 66865, 
        "translated": 82046
    }, 
    "lt": {
        "approved": 80827, 
        "pending_since_timestamp": 1545327502.472289, 
        "translated": 82780
    }, 
    "lv": {
        "approved": 54625, 
        "translated": 55058
    }, 
    "mn": {
        "approved": 82646, 
        "pending_since_timestamp": 1545622471.86512, 
        "translated": 110549
    }, 
    "mr": {
        "approved": 0, 
        "translated": 0
    }, 
    "ms": {
        "approved": 29, 
        "translated": 637
    }, 
    "my": {
        "approved": 1, 
        "pending_since_timestamp": 1545327502.472289, 
        "translated": 112
    }, 
    "nb": {
        "approved": 133177, 
        "translated": 143246
    }, 
    "ne": {
        "approved": 0, 
        "translated": 1
    }, 
    "nl": {
        "approved": 129251, 
        "translated": 145085
    }, 
    "nn": {
        "approved": 0, 
        "translated": 1626
    }, 
    "or": {
        "approved": 0, 
        "translated": 52
    }, 
    "pl": {
        "approved": 342637, 
        "pending_since_timestamp": 1545865478.054787, 
        "translated": 343015
    }, 
    "ps": {
        "approved": 582, 
        "pending_since_timestamp": 1545856092.580932, 
        "translated": 923
    }, 
    "pt": {
        "approved": 372916, 
        "pending_since_timestamp": 1545856092.580932, 
        "translated": 413903
    }, 
    "pt-pt": {
        "approved": 150010, 
        "pending_since_timestamp": 1545622471.86512, 
        "translated": 180741
    }, 
    "ro": {
        "approved": 63710, 
        "pending_since_timestamp": 1545420491.294458, 
        "translated": 67980
    }, 
    "ru": {
        "approved": 100581, 
        "translated": 121968
    }, 
    "rw": {
        "approved": 0, 
        "translated": 0
    }, 
    "si": {
        "approved": 0, 
        "translated": 196
    }, 
    "sk": {
        "approved": 0, 
        "pending_since_timestamp": 1545420491.294458, 
        "translated": 2154
    }, 
    "sl": {
        "approved": 0, 
        "translated": 0
    }, 
    "sq": {
        "approved": 98737, 
        "pending_since_timestamp": 1545420491.294458, 
        "translated": 102961
    }, 
    "sr": {
        "approved": 62874, 
        "pending_since_timestamp": 1545622471.86512, 
        "translated": 81559
    }, 
    "sv": {
        "approved": 167360, 
        "pending_since_timestamp": 1545856092.580932, 
        "translated": 541353
    }, 
    "sw": {
        "approved": 0, 
        "translated": 0
    }, 
    "ta": {
        "approved": 52566, 
        "pending_since_timestamp": 1545622471.86512, 
        "translated": 77092
    }, 
    "te": {
        "approved": 16, 
        "translated": 208
    }, 
    "th": {
        "approved": 299, 
        "pending_since_timestamp": 1545622471.86512, 
        "translated": 134496
    }, 
    "tr": {
        "approved": 309946, 
        "pending_since_timestamp": 1545622471.86512, 
        "translated": 417766
    }, 
    "uk": {
        "approved": 70581, 
        "pending_since_timestamp": 1545856092.580932, 
        "translated": 91118
    }, 
    "ur": {
        "approved": 54607, 
        "translated": 57488
    }, 
    "uz": {
        "approved": 76758, 
        "pending_since_timestamp": 1545235055.806598, 
        "translated": 89834
    }, 
    "vi": {
        "approved": 2, 
        "translated": 1982
    }, 
    "xh": {
        "approved": 40, 
        "translated": 40
    }, 
    "zh-hans": {
        "approved": 183783, 
        "pending_since_timestamp": 1545628687.678407, 
        "translated": 253301
    }, 
    "zh-hant": {
        "approved": 10007, 
        "pending_since_timestamp": 1545327502.472289, 
        "translated": 74568
    }, 
    "zu": {
        "approved": 1, 
        "translated": 18
    }
}