{
    "ar": {
        "approved": 160, 
        "translated": 3796
    }, 
    "bg": {
        "approved": 197924, 
        "pending_since_timestamp": 1487168379.472409, 
        "translated": 211506
    }, 
    "bn": {
        "approved": 126508, 
        "translated": 139337
    }, 
    "cs": {
        "approved": 12206, 
        "translated": 28902
    }, 
    "da": {
        "approved": 73773, 
        "translated": 81488
    }, 
    "de": {
        "approved": 203069, 
        "translated": 203236
    }, 
    "el": {
        "approved": 1079, 
        "translated": 16049
    }, 
    "es": {
        "approved": 328010, 
        "pending_since_timestamp": 1487172586.741088, 
        "translated": 346853
    }, 
    "fa": {
        "approved": 1, 
        "translated": 103
    }, 
    "fa-af": {
        "approved": 31, 
        "translated": 104
    }, 
    "fr": {
        "approved": 219794, 
        "pending_since_timestamp": 1487168379.472409, 
        "translated": 227371
    }, 
    "he": {
        "approved": 6413, 
        "pending_since_timestamp": 1487160746.222954, 
        "translated": 7039
    }, 
    "hi": {
        "approved": 96777, 
        "translated": 115518
    }, 
    "hy": {
        "approved": 7405, 
        "translated": 12321
    }, 
    "id": {
        "approved": 532, 
        "translated": 6327
    }, 
    "it": {
        "approved": 66982, 
        "pending_since_timestamp": 1487146977.739172, 
        "translated": 114281
    }, 
    "ja": {
        "approved": 99915, 
        "translated": 116745
    }, 
    "ka": {
        "approved": 189313, 
        "pending_since_timestamp": 1487172586.741088, 
        "translated": 194537
    }, 
    "ko": {
        "approved": 152618, 
        "translated": 162856
    }, 
    "lol": {
        "approved": 397, 
        "translated": 8647
    }, 
    "mn": {
        "approved": 73246, 
        "translated": 88923
    }, 
    "ms": {
        "approved": 29, 
        "translated": 682
    }, 
    "nb": {
        "approved": 95985, 
        "translated": 99169
    }, 
    "nl": {
        "approved": 102692, 
        "pending_since_timestamp": 1487149678.262915, 
        "translated": 126874
    }, 
    "pl": {
        "approved": 250786, 
        "pending_since_timestamp": 1487172586.741088, 
        "translated": 251139
    }, 
    "pt": {
        "approved": 254519, 
        "pending_since_timestamp": 1487160746.222954, 
        "translated": 292520
    }, 
    "pt-pt": {
        "approved": 69606, 
        "pending_since_timestamp": 1487160746.222954, 
        "translated": 99110
    }, 
    "ru": {
        "approved": 1634, 
        "translated": 18311
    }, 
    "sr": {
        "approved": 50791, 
        "translated": 68715
    }, 
    "sw": {
        "approved": 11627, 
        "translated": 31876
    }, 
    "te": {
        "approved": 16, 
        "translated": 214
    }, 
    "th": {
        "approved": 316, 
        "translated": 122098
    }, 
    "tr": {
        "approved": 249907, 
        "pending_since_timestamp": 1487169882.404191, 
        "translated": 330298
    }, 
    "uk": {
        "approved": 98, 
        "translated": 2477
    }, 
    "ur": {
        "approved": 92, 
        "translated": 1200
    }, 
    "xh": {
        "approved": 40, 
        "translated": 40
    }, 
    "zh-hans": {
        "approved": 142, 
        "translated": 5387
    }, 
    "zu": {
        "approved": 1, 
        "translated": 22
    }
}