{
    "af": {
        "approved": 19, 
        "translated": 1519
    }, 
    "am": {
        "approved": 0, 
        "translated": 0
    }, 
    "ar": {
        "approved": 579, 
        "pending_since_timestamp": 1526531343.380079, 
        "translated": 24216
    }, 
    "az": {
        "approved": 36014, 
        "translated": 37791
    }, 
    "bg": {
        "approved": 299334, 
        "pending_since_timestamp": 1526568105.519972, 
        "translated": 299526
    }, 
    "bn": {
        "approved": 150362, 
        "pending_since_timestamp": 1526581116.938644, 
        "translated": 158445
    }, 
    "ca": {
        "approved": 3, 
        "translated": 2080
    }, 
    "cs": {
        "approved": 86245, 
        "translated": 113592
    }, 
    "da": {
        "approved": 93617, 
        "pending_since_timestamp": 1526547669.465324, 
        "translated": 118036
    }, 
    "de": {
        "approved": 279075, 
        "pending_since_timestamp": 1526573173.360943, 
        "translated": 530113
    }, 
    "el": {
        "approved": 5433, 
        "pending_since_timestamp": 1526587768.701196, 
        "translated": 24354
    }, 
    "es": {
        "approved": 392088, 
        "translated": 414808
    }, 
    "et": {
        "approved": 45119, 
        "translated": 46450
    }, 
    "fa": {
        "approved": 1, 
        "translated": 192
    }, 
    "fa-af": {
        "approved": 31, 
        "translated": 103
    }, 
    "fi": {
        "approved": 82670, 
        "translated": 84798
    }, 
    "fil": {
        "approved": 210, 
        "translated": 303
    }, 
    "fr": {
        "approved": 276734, 
        "translated": 280545
    }, 
    "gu": {
        "approved": 33585, 
        "pending_since_timestamp": 1526539954.094777, 
        "translated": 39309
    }, 
    "he": {
        "approved": 7275, 
        "translated": 8855
    }, 
    "hi": {
        "approved": 169139, 
        "translated": 181991
    }, 
    "hr": {
        "approved": 11024, 
        "translated": 16770
    }, 
    "ht": {
        "approved": 1, 
        "translated": 5
    }, 
    "hu": {
        "approved": 89126, 
        "pending_since_timestamp": 1526424870.685485, 
        "translated": 107007
    }, 
    "hy": {
        "approved": 86695, 
        "pending_since_timestamp": 1526544582.202386, 
        "translated": 94983
    }, 
    "id": {
        "approved": 39167, 
        "pending_since_timestamp": 1526473667.41765, 
        "translated": 52386
    }, 
    "it": {
        "approved": 135665, 
        "translated": 155848
    }, 
    "ja": {
        "approved": 124446, 
        "translated": 142131
    }, 
    "ka": {
        "approved": 259272, 
        "translated": 260963
    }, 
    "ki": {
        "approved": 0, 
        "translated": 37
    }, 
    "km": {
        "approved": 0, 
        "translated": 52
    }, 
    "kn": {
        "approved": 323, 
        "translated": 11146
    }, 
    "ko": {
        "approved": 179095, 
        "pending_since_timestamp": 1526612171.533542, 
        "translated": 194277
    }, 
    "ky": {
        "approved": 0, 
        "translated": 26
    }, 
    "lol": {
        "approved": -166, 
        "translated": 7930
    }, 
    "lt": {
        "approved": 0, 
        "translated": 1601
    }, 
    "lv": {
        "approved": 54767, 
        "translated": 54801
    }, 
    "mn": {
        "approved": 87431, 
        "translated": 115347
    }, 
    "mr": {
        "approved": 0, 
        "translated": 0
    }, 
    "ms": {
        "approved": 29, 
        "translated": 674
    }, 
    "my": {
        "approved": 0, 
        "pending_since_timestamp": 1526315239.791419, 
        "translated": 113
    }, 
    "nb": {
        "approved": 133859, 
        "translated": 141016
    }, 
    "ne": {
        "approved": 0, 
        "translated": 1
    }, 
    "nl": {
        "approved": 117850, 
        "translated": 137247
    }, 
    "nn": {
        "approved": 0, 
        "translated": 1655
    }, 
    "or": {
        "approved": 0, 
        "translated": 56
    }, 
    "pl": {
        "approved": 317602, 
        "pending_since_timestamp": 1526590900.831051, 
        "translated": 318123
    }, 
    "ps": {
        "approved": 0, 
        "translated": 24
    }, 
    "pt": {
        "approved": 345891, 
        "translated": 395175
    }, 
    "pt-pt": {
        "approved": 143193, 
        "translated": 175126
    }, 
    "ro": {
        "approved": 63334, 
        "translated": 68029
    }, 
    "ru": {
        "approved": 97872, 
        "translated": 120383
    }, 
    "rw": {
        "approved": 0, 
        "translated": 0
    }, 
    "si": {
        "approved": 0, 
        "translated": 202
    }, 
    "sk": {
        "approved": 0, 
        "translated": 2232
    }, 
    "sl": {
        "approved": 0, 
        "translated": 0
    }, 
    "sq": {
        "approved": 49780, 
        "translated": 66155
    }, 
    "sr": {
        "approved": 65624, 
        "translated": 82729
    }, 
    "sv": {
        "approved": 150577, 
        "pending_since_timestamp": 1526595647.678218, 
        "translated": 547148
    }, 
    "sw": {
        "approved": 0, 
        "translated": 0
    }, 
    "ta": {
        "approved": 42008, 
        "pending_since_timestamp": 1526593480.865142, 
        "translated": 60267
    }, 
    "te": {
        "approved": 16, 
        "translated": 227
    }, 
    "th": {
        "approved": 303, 
        "pending_since_timestamp": 1526612171.533542, 
        "translated": 130669
    }, 
    "tr": {
        "approved": 303262, 
        "pending_since_timestamp": 1526590900.831051, 
        "translated": 406301
    }, 
    "uk": {
        "approved": 98, 
        "pending_since_timestamp": 1526584411.256097, 
        "translated": 2373
    }, 
    "ur": {
        "approved": 54705, 
        "translated": 57621
    }, 
    "uz": {
        "approved": 147, 
        "translated": 1442
    }, 
    "vi": {
        "approved": 2, 
        "translated": 1479
    }, 
    "xh": {
        "approved": 40, 
        "translated": 40
    }, 
    "zh-hans": {
        "approved": 73035, 
        "pending_since_timestamp": 1526577657.24273, 
        "translated": 99655
    }, 
    "zh-hant": {
        "approved": 9600, 
        "translated": 68749
    }, 
    "zu": {
        "approved": 1, 
        "translated": 18
    }
}