{
    "af": {
        "approved": 19, 
        "translated": 1524
    }, 
    "am": {
        "approved": 0, 
        "translated": 0
    }, 
    "ar": {
        "approved": 588, 
        "pending_since_timestamp": 1519017389.757287, 
        "translated": 18539
    }, 
    "az": {
        "approved": 36018, 
        "pending_since_timestamp": 1518884074.650704, 
        "translated": 37556
    }, 
    "bg": {
        "approved": 276391, 
        "pending_since_timestamp": 1519026110.244079, 
        "translated": 277035
    }, 
    "bn": {
        "approved": 149453, 
        "pending_since_timestamp": 1519173346.72708, 
        "translated": 156804
    }, 
    "ca": {
        "approved": 3, 
        "translated": 2105
    }, 
    "cs": {
        "approved": 64767, 
        "pending_since_timestamp": 1518969491.646473, 
        "translated": 95775
    }, 
    "da": {
        "approved": 77572, 
        "pending_since_timestamp": 1519173346.72708, 
        "translated": 108262
    }, 
    "de": {
        "approved": 265073, 
        "pending_since_timestamp": 1519173346.72708, 
        "translated": 514052
    }, 
    "el": {
        "approved": 4502, 
        "pending_since_timestamp": 1518969491.646473, 
        "translated": 22793
    }, 
    "es": {
        "approved": 383747, 
        "pending_since_timestamp": 1518999313.275556, 
        "translated": 402965
    }, 
    "et": {
        "approved": 45125, 
        "translated": 46466
    }, 
    "fa": {
        "approved": 1, 
        "translated": 195
    }, 
    "fa-af": {
        "approved": 31, 
        "translated": 104
    }, 
    "fi": {
        "approved": 12361, 
        "translated": 13399
    }, 
    "fil": {
        "approved": 0, 
        "translated": 1
    }, 
    "fr": {
        "approved": 271956, 
        "pending_since_timestamp": 1519033740.022806, 
        "translated": 275349
    }, 
    "gu": {
        "approved": 33640, 
        "translated": 36381
    }, 
    "he": {
        "approved": 7341, 
        "translated": 7343
    }, 
    "hi": {
        "approved": 160854, 
        "pending_since_timestamp": 1519014447.501028, 
        "translated": 174729
    }, 
    "hr": {
        "approved": 11030, 
        "translated": 16789
    }, 
    "ht": {
        "approved": 1, 
        "translated": 5
    }, 
    "hu": {
        "approved": 88201, 
        "pending_since_timestamp": 1518811754.369006, 
        "translated": 105628
    }, 
    "hy": {
        "approved": 83250, 
        "pending_since_timestamp": 1518947592.740347, 
        "translated": 91208
    }, 
    "id": {
        "approved": 21151, 
        "pending_since_timestamp": 1518884074.650704, 
        "translated": 31368
    }, 
    "it": {
        "approved": 135966, 
        "pending_since_timestamp": 1519173346.72708, 
        "translated": 152512
    }, 
    "ja": {
        "approved": 120047, 
        "pending_since_timestamp": 1519173346.72708, 
        "translated": 139621
    }, 
    "ka": {
        "approved": 246669, 
        "pending_since_timestamp": 1519173346.72708, 
        "translated": 251963
    }, 
    "ki": {
        "approved": 0, 
        "translated": 37
    }, 
    "kn": {
        "approved": 0, 
        "translated": 153
    }, 
    "ko": {
        "approved": 179175, 
        "translated": 190245
    }, 
    "ky": {
        "approved": 0, 
        "translated": 26
    }, 
    "lol": {
        "approved": -93, 
        "translated": 8006
    }, 
    "lt": {
        "approved": 0, 
        "translated": 1601
    }, 
    "lv": {
        "approved": 54773, 
        "translated": 54801
    }, 
    "mn": {
        "approved": 86233, 
        "translated": 115556
    }, 
    "mr": {
        "approved": 0, 
        "translated": 0
    }, 
    "ms": {
        "approved": 29, 
        "translated": 681
    }, 
    "my": {
        "approved": 0, 
        "translated": 117
    }, 
    "nb": {
        "approved": 133839, 
        "translated": 140656
    }, 
    "nl": {
        "approved": 117155, 
        "pending_since_timestamp": 1519173346.72708, 
        "translated": 135515
    }, 
    "nn": {
        "approved": 0, 
        "translated": 1659
    }, 
    "or": {
        "approved": 0, 
        "translated": 58
    }, 
    "pl": {
        "approved": 310032, 
        "pending_since_timestamp": 1519173346.72708, 
        "translated": 310670
    }, 
    "pt": {
        "approved": 327059, 
        "pending_since_timestamp": 1519173346.72708, 
        "translated": 379247
    }, 
    "pt-pt": {
        "approved": 141227, 
        "pending_since_timestamp": 1519173346.72708, 
        "translated": 172139
    }, 
    "ro": {
        "approved": 62230, 
        "pending_since_timestamp": 1518940300.870212, 
        "translated": 68028
    }, 
    "ru": {
        "approved": 1911, 
        "pending_since_timestamp": 1519029838.775258, 
        "translated": 22731
    }, 
    "rw": {
        "approved": 0, 
        "translated": 0
    }, 
    "si": {
        "approved": 0, 
        "translated": 204
    }, 
    "sk": {
        "approved": 0, 
        "translated": 2249
    }, 
    "sl": {
        "approved": 0, 
        "translated": 0
    }, 
    "sq": {
        "approved": 49788, 
        "pending_since_timestamp": 1518733307.335708, 
        "translated": 65923
    }, 
    "sr": {
        "approved": 62204, 
        "translated": 78744
    }, 
    "sv": {
        "approved": 145846, 
        "translated": 544387
    }, 
    "sw": {
        "approved": 0, 
        "translated": 0
    }, 
    "ta": {
        "approved": 39274, 
        "translated": 53761
    }, 
    "te": {
        "approved": 16, 
        "translated": 230
    }, 
    "th": {
        "approved": 303, 
        "pending_since_timestamp": 1518884074.650704, 
        "translated": 130556
    }, 
    "tr": {
        "approved": 295871, 
        "pending_since_timestamp": 1519026110.244079, 
        "translated": 400657
    }, 
    "uk": {
        "approved": 98, 
        "translated": 2390
    }, 
    "ur": {
        "approved": 54718, 
        "translated": 57646
    }, 
    "uz": {
        "approved": 149, 
        "translated": 1443
    }, 
    "vi": {
        "approved": 2, 
        "translated": 1480
    }, 
    "xh": {
        "approved": 40, 
        "translated": 40
    }, 
    "zh-hans": {
        "approved": 72810, 
        "translated": 98919
    }, 
    "zh-hant": {
        "approved": 8032, 
        "pending_since_timestamp": 1518711823.92459, 
        "translated": 67117
    }, 
    "zu": {
        "approved": 1, 
        "translated": 18
    }
}