{
    "af": {
        "approved": 19, 
        "translated": 1516
    }, 
    "am": {
        "approved": 0, 
        "translated": 0
    }, 
    "ar": {
        "approved": 578, 
        "pending_since_timestamp": 1531377647.910236, 
        "translated": 29267
    }, 
    "az": {
        "approved": 35981, 
        "translated": 37750
    }, 
    "bg": {
        "approved": 302936, 
        "translated": 303528
    }, 
    "bn": {
        "approved": 151016, 
        "translated": 161510
    }, 
    "ca": {
        "approved": 3, 
        "translated": 2062
    }, 
    "cs": {
        "approved": 89306, 
        "translated": 118037
    }, 
    "da": {
        "approved": 147603, 
        "pending_since_timestamp": 1531311054.140445, 
        "translated": 171416
    }, 
    "de": {
        "approved": 289619, 
        "translated": 533875
    }, 
    "el": {
        "approved": 77844, 
        "translated": 96823
    }, 
    "es": {
        "approved": 406518, 
        "pending_since_timestamp": 1531316199.928304, 
        "translated": 427504
    }, 
    "et": {
        "approved": 45054, 
        "translated": 46380
    }, 
    "fa": {
        "approved": 1, 
        "translated": 192
    }, 
    "fa-af": {
        "approved": 31, 
        "translated": 103
    }, 
    "fi": {
        "approved": 82954, 
        "translated": 84649
    }, 
    "fil": {
        "approved": 210, 
        "translated": 303
    }, 
    "fr": {
        "approved": 280481, 
        "translated": 284176
    }, 
    "gu": {
        "approved": 34191, 
        "pending_since_timestamp": 1531294116.165033, 
        "translated": 104852
    }, 
    "he": {
        "approved": 8795, 
        "translated": 8798
    }, 
    "hi": {
        "approved": 169282, 
        "pending_since_timestamp": 1531380203.051302, 
        "translated": 182077
    }, 
    "hr": {
        "approved": 10999, 
        "translated": 16688
    }, 
    "ht": {
        "approved": 1, 
        "translated": 5
    }, 
    "hu": {
        "approved": 89374, 
        "pending_since_timestamp": 1531377647.910236, 
        "translated": 107834
    }, 
    "hy": {
        "approved": 94233, 
        "pending_since_timestamp": 1531292004.274203, 
        "translated": 101546
    }, 
    "id": {
        "approved": 48486, 
        "pending_since_timestamp": 1531377647.910236, 
        "translated": 71070
    }, 
    "it": {
        "approved": 135374, 
        "pending_since_timestamp": 1531377647.910236, 
        "translated": 155946
    }, 
    "ja": {
        "approved": 128062, 
        "pending_since_timestamp": 1531266278.004475, 
        "translated": 145328
    }, 
    "ka": {
        "approved": 264801, 
        "pending_since_timestamp": 1531316199.928304, 
        "translated": 266611
    }, 
    "ki": {
        "approved": 0, 
        "translated": 37
    }, 
    "km": {
        "approved": 0, 
        "translated": 52
    }, 
    "kn": {
        "approved": 1491, 
        "pending_since_timestamp": 1531113177.937865, 
        "translated": 21490
    }, 
    "ko": {
        "approved": 180388, 
        "translated": 201419
    }, 
    "ky": {
        "approved": 0, 
        "translated": 25
    }, 
    "lol": {
        "approved": 67337, 
        "translated": 82542
    }, 
    "lt": {
        "approved": 74293, 
        "translated": 76180
    }, 
    "lv": {
        "approved": 54702, 
        "translated": 55111
    }, 
    "mn": {
        "approved": 87245, 
        "translated": 115161
    }, 
    "mr": {
        "approved": 0, 
        "translated": 0
    }, 
    "ms": {
        "approved": 29, 
        "translated": 678
    }, 
    "my": {
        "approved": 1, 
        "translated": 116
    }, 
    "nb": {
        "approved": 134979, 
        "translated": 142470
    }, 
    "ne": {
        "approved": 0, 
        "translated": 1
    }, 
    "nl": {
        "approved": 119125, 
        "translated": 139115
    }, 
    "nn": {
        "approved": 0, 
        "translated": 1652
    }, 
    "or": {
        "approved": 0, 
        "translated": 54
    }, 
    "pl": {
        "approved": 323281, 
        "pending_since_timestamp": 1531385314.725013, 
        "translated": 323985
    }, 
    "ps": {
        "approved": 0, 
        "translated": 23
    }, 
    "pt": {
        "approved": 358592, 
        "pending_since_timestamp": 1531313541.29533, 
        "translated": 398466
    }, 
    "pt-pt": {
        "approved": 143296, 
        "pending_since_timestamp": 1531323171.718139, 
        "translated": 176656
    }, 
    "ro": {
        "approved": 64075, 
        "translated": 68203
    }, 
    "ru": {
        "approved": 100752, 
        "translated": 122825
    }, 
    "rw": {
        "approved": 0, 
        "translated": 0
    }, 
    "si": {
        "approved": 0, 
        "translated": 199
    }, 
    "sk": {
        "approved": 0, 
        "translated": 2223
    }, 
    "sl": {
        "approved": 0, 
        "translated": 0
    }, 
    "sq": {
        "approved": 64247, 
        "translated": 69352
    }, 
    "sr": {
        "approved": 65438, 
        "translated": 83363
    }, 
    "sv": {
        "approved": 155100, 
        "translated": 547996
    }, 
    "sw": {
        "approved": 0, 
        "translated": 0
    }, 
    "ta": {
        "approved": 46107, 
        "translated": 63029
    }, 
    "te": {
        "approved": 16, 
        "translated": 227
    }, 
    "th": {
        "approved": 303, 
        "pending_since_timestamp": 1531377647.910236, 
        "translated": 137075
    }, 
    "tr": {
        "approved": 307499, 
        "pending_since_timestamp": 1531387899.682159, 
        "translated": 410221
    }, 
    "uk": {
        "approved": 98, 
        "pending_since_timestamp": 1531377647.910236, 
        "translated": 3327
    }, 
    "ur": {
        "approved": 54679, 
        "translated": 57583
    }, 
    "uz": {
        "approved": 142, 
        "translated": 1796
    }, 
    "vi": {
        "approved": 2, 
        "translated": 1974
    }, 
    "xh": {
        "approved": 40, 
        "translated": 40
    }, 
    "zh-hans": {
        "approved": 125252, 
        "pending_since_timestamp": 1531325491.554021, 
        "translated": 180714
    }, 
    "zh-hant": {
        "approved": 9588, 
        "pending_since_timestamp": 1531149735.468066, 
        "translated": 68735
    }, 
    "zu": {
        "approved": 1, 
        "translated": 18
    }
}