{
    "ar": {
        "approved": 1046, 
        "pending_since_timestamp": 1475761799.75253, 
        "translated": 4734
    }, 
    "bg": {
        "approved": 214834, 
        "pending_since_timestamp": 1475850636.521432, 
        "translated": 235807
    }, 
    "bn": {
        "approved": 118812, 
        "translated": 135962
    }, 
    "cs": {
        "approved": 13087, 
        "pending_since_timestamp": 1475761799.75253, 
        "translated": 30255
    }, 
    "da": {
        "approved": 80077, 
        "pending_since_timestamp": 1475850636.521432, 
        "translated": 87437
    }, 
    "de": {
        "approved": 183053, 
        "pending_since_timestamp": 1475874312.845999, 
        "translated": 183277
    }, 
    "el": {
        "approved": 2054, 
        "pending_since_timestamp": 1475761799.75253, 
        "translated": 9700
    }, 
    "es": {
        "approved": 327976, 
        "pending_since_timestamp": 1475850636.521432, 
        "translated": 429767
    }, 
    "fa": {
        "approved": 2, 
        "translated": 106
    }, 
    "fa-af": {
        "approved": 0, 
        "translated": 72
    }, 
    "fr": {
        "approved": 183389, 
        "pending_since_timestamp": 1475856283.905722, 
        "translated": 193111
    }, 
    "he": {
        "approved": 9073, 
        "pending_since_timestamp": 1475850636.521432, 
        "translated": 9612
    }, 
    "hi": {
        "approved": 93188, 
        "translated": 114876
    }, 
    "hy": {
        "approved": 27, 
        "translated": 3015
    }, 
    "id": {
        "approved": 1501, 
        "pending_since_timestamp": 1475761799.75253, 
        "translated": 7654
    }, 
    "it": {
        "approved": 45305, 
        "pending_since_timestamp": 1475749235.424675, 
        "translated": 110174
    }, 
    "ja": {
        "approved": 41435, 
        "pending_since_timestamp": 1475850636.521432, 
        "translated": 84789
    }, 
    "ka": {
        "approved": 174259, 
        "pending_since_timestamp": 1475850636.521432, 
        "translated": 177357
    }, 
    "ko": {
        "approved": 136935, 
        "pending_since_timestamp": 1475824050.975622, 
        "translated": 158520
    }, 
    "lol": {
        "approved": 598, 
        "translated": 8807
    }, 
    "mn": {
        "approved": 75137, 
        "translated": 82720
    }, 
    "ms": {
        "approved": 356, 
        "pending_since_timestamp": 1475761799.75253, 
        "translated": 1021
    }, 
    "nb": {
        "approved": 98181, 
        "translated": 101266
    }, 
    "nl": {
        "approved": 95684, 
        "pending_since_timestamp": 1475850636.521432, 
        "translated": 122380
    }, 
    "pl": {
        "approved": 230793, 
        "translated": 231433
    }, 
    "pt": {
        "approved": 228494, 
        "pending_since_timestamp": 1475863813.887059, 
        "translated": 425451
    }, 
    "pt-pt": {
        "approved": 50088, 
        "translated": 81572
    }, 
    "ru": {
        "approved": 3217, 
        "pending_since_timestamp": 1475850636.521432, 
        "translated": 20047
    }, 
    "sr": {
        "approved": 53275, 
        "pending_since_timestamp": 1475850636.521432, 
        "translated": 422601
    }, 
    "sw": {
        "approved": 12800, 
        "translated": 33825
    }, 
    "te": {
        "approved": 16, 
        "translated": 216
    }, 
    "th": {
        "approved": 1176, 
        "pending_since_timestamp": 1475761799.75253, 
        "translated": 119666
    }, 
    "tr": {
        "approved": 221559, 
        "pending_since_timestamp": 1475859867.345892, 
        "translated": 320461
    }, 
    "uk": {
        "approved": 210, 
        "translated": 2604
    }, 
    "ur": {
        "approved": 351, 
        "pending_since_timestamp": 1475850636.521432, 
        "translated": 1484
    }, 
    "xh": {
        "approved": 0, 
        "translated": 1
    }, 
    "zh-hans": {
        "approved": 606, 
        "translated": 5488
    }, 
    "zu": {
        "approved": 1, 
        "translated": 22
    }
}