{
    "af": {
        "approved": 19, 
        "pending_since_timestamp": 1542057306.169735, 
        "translated": 1479
    }, 
    "am": {
        "approved": 0, 
        "translated": 0
    }, 
    "ar": {
        "approved": 62366, 
        "pending_since_timestamp": 1544264620.713044, 
        "translated": 181957
    }, 
    "az": {
        "approved": 35927, 
        "translated": 37644
    }, 
    "bg": {
        "approved": 323622, 
        "pending_since_timestamp": 1544192356.738616, 
        "translated": 335379
    }, 
    "bn": {
        "approved": 147814, 
        "translated": 161328
    }, 
    "ca": {
        "approved": 3, 
        "translated": 1948
    }, 
    "cs": {
        "approved": 129974, 
        "pending_since_timestamp": 1544166146.611311, 
        "translated": 147364
    }, 
    "da": {
        "approved": 174447, 
        "translated": 192259
    }, 
    "de": {
        "approved": 301040, 
        "pending_since_timestamp": 1544264620.713044, 
        "translated": 537126
    }, 
    "el": {
        "approved": 77615, 
        "pending_since_timestamp": 1544240893.800571, 
        "translated": 93216
    }, 
    "es": {
        "approved": 431785, 
        "pending_since_timestamp": 1544192356.738616, 
        "translated": 448169
    }, 
    "et": {
        "approved": 44984, 
        "pending_since_timestamp": 1543761530.519465, 
        "translated": 46298
    }, 
    "fa": {
        "approved": 1, 
        "translated": 190
    }, 
    "fa-af": {
        "approved": 31, 
        "translated": 103
    }, 
    "fi": {
        "approved": 82291, 
        "translated": 84148
    }, 
    "fil": {
        "approved": 204, 
        "translated": 297
    }, 
    "fr": {
        "approved": 285374, 
        "pending_since_timestamp": 1544249350.798444, 
        "translated": 288837
    }, 
    "fv": {
        "approved": 564, 
        "pending_since_timestamp": 1543565036.333137, 
        "translated": 5533
    }, 
    "gu": {
        "approved": 96509, 
        "pending_since_timestamp": 1544245157.677259, 
        "translated": 140282
    }, 
    "he": {
        "approved": 8464, 
        "translated": 8467
    }, 
    "hi": {
        "approved": 167250, 
        "translated": 179623
    }, 
    "hr": {
        "approved": 10947, 
        "translated": 16551
    }, 
    "ht": {
        "approved": 1, 
        "translated": 5
    }, 
    "hu": {
        "approved": 92641, 
        "pending_since_timestamp": 1543901507.424269, 
        "translated": 112490
    }, 
    "hy": {
        "approved": 124154, 
        "pending_since_timestamp": 1544240893.800571, 
        "translated": 144969
    }, 
    "id": {
        "approved": 72674, 
        "translated": 91192
    }, 
    "it": {
        "approved": 155671, 
        "pending_since_timestamp": 1544240893.800571, 
        "translated": 173097
    }, 
    "ja": {
        "approved": 125390, 
        "pending_since_timestamp": 1544240893.800571, 
        "translated": 145681
    }, 
    "ka": {
        "approved": 277545, 
        "pending_since_timestamp": 1544261558.235752, 
        "translated": 283118
    }, 
    "ki": {
        "approved": 0, 
        "translated": 37
    }, 
    "kk": {
        "approved": 103, 
        "translated": 103
    }, 
    "km": {
        "approved": 0, 
        "translated": 52
    }, 
    "kn": {
        "approved": 33249, 
        "translated": 39607
    }, 
    "ko": {
        "approved": 186798, 
        "translated": 216234
    }, 
    "ky": {
        "approved": 0, 
        "translated": 25
    }, 
    "lol": {
        "approved": 66865, 
        "translated": 82047
    }, 
    "lt": {
        "approved": 73954, 
        "pending_since_timestamp": 1543585127.665734, 
        "translated": 75737
    }, 
    "lv": {
        "approved": 54625, 
        "translated": 55058
    }, 
    "mn": {
        "approved": 82738, 
        "translated": 110645
    }, 
    "mr": {
        "approved": 0, 
        "translated": 0
    }, 
    "ms": {
        "approved": 29, 
        "translated": 639
    }, 
    "my": {
        "approved": 1, 
        "translated": 112
    }, 
    "nb": {
        "approved": 133339, 
        "translated": 143409
    }, 
    "ne": {
        "approved": 0, 
        "translated": 1
    }, 
    "nl": {
        "approved": 129341, 
        "translated": 144102
    }, 
    "nn": {
        "approved": 0, 
        "translated": 1629
    }, 
    "or": {
        "approved": 0, 
        "translated": 52
    }, 
    "pl": {
        "approved": 341499, 
        "pending_since_timestamp": 1544261558.235752, 
        "translated": 341892
    }, 
    "ps": {
        "approved": 211, 
        "pending_since_timestamp": 1543632918.318371, 
        "translated": 287
    }, 
    "pt": {
        "approved": 370907, 
        "translated": 411672
    }, 
    "pt-pt": {
        "approved": 149731, 
        "pending_since_timestamp": 1544134217.74496, 
        "translated": 180128
    }, 
    "ro": {
        "approved": 63723, 
        "pending_since_timestamp": 1543761530.519465, 
        "translated": 67994
    }, 
    "ru": {
        "approved": 100610, 
        "translated": 121929
    }, 
    "rw": {
        "approved": 0, 
        "translated": 0
    }, 
    "si": {
        "approved": 0, 
        "translated": 196
    }, 
    "sk": {
        "approved": 0, 
        "translated": 2155
    }, 
    "sl": {
        "approved": 0, 
        "translated": 0
    }, 
    "sq": {
        "approved": 98738, 
        "translated": 102962
    }, 
    "sr": {
        "approved": 63013, 
        "translated": 81699
    }, 
    "sv": {
        "approved": 165732, 
        "translated": 540549
    }, 
    "sw": {
        "approved": 0, 
        "translated": 0
    }, 
    "ta": {
        "approved": 50510, 
        "pending_since_timestamp": 1544158035.365109, 
        "translated": 72133
    }, 
    "te": {
        "approved": 16, 
        "translated": 208
    }, 
    "th": {
        "approved": 299, 
        "pending_since_timestamp": 1544163146.745871, 
        "translated": 133116
    }, 
    "tr": {
        "approved": 310055, 
        "pending_since_timestamp": 1544192356.738616, 
        "translated": 417835
    }, 
    "uk": {
        "approved": 70582, 
        "pending_since_timestamp": 1544177871.474817, 
        "translated": 90518
    }, 
    "ur": {
        "approved": 54614, 
        "translated": 57504
    }, 
    "uz": {
        "approved": 76758, 
        "pending_since_timestamp": 1543898205.83156, 
        "translated": 84689
    }, 
    "vi": {
        "approved": 2, 
        "translated": 1982
    }, 
    "xh": {
        "approved": 40, 
        "translated": 40
    }, 
    "zh-hans": {
        "approved": 177966, 
        "pending_since_timestamp": 1544258278.012517, 
        "translated": 247033
    }, 
    "zh-hant": {
        "approved": 10011, 
        "pending_since_timestamp": 1543761530.519465, 
        "translated": 74544
    }, 
    "zu": {
        "approved": 1, 
        "translated": 18
    }
}