{
    "ar": {
        "approved": 0, 
        "translated": 4342
    }, 
    "bg": {
        "approved": 179166, 
        "pending_since_timestamp": 1465771212.507396, 
        "translated": 197987
    }, 
    "bn": {
        "approved": 93587, 
        "pending_since_timestamp": 1465774845.883436, 
        "translated": 123169
    }, 
    "cs": {
        "approved": 12268, 
        "pending_since_timestamp": 1465774845.883436, 
        "translated": 30678
    }, 
    "da": {
        "approved": 75582, 
        "pending_since_timestamp": 1465774845.883436, 
        "translated": 84251
    }, 
    "de": {
        "approved": 152114, 
        "pending_since_timestamp": 1465774845.883436, 
        "translated": 152129
    }, 
    "el": {
        "approved": 323, 
        "translated": 7393
    }, 
    "es": {
        "approved": 276017, 
        "pending_since_timestamp": 1465770302.246802, 
        "translated": 375688
    }, 
    "fa": {
        "approved": 0, 
        "translated": 107
    }, 
    "fa-af": {
        "approved": 0, 
        "translated": 72
    }, 
    "fr": {
        "approved": 161715, 
        "pending_since_timestamp": 1465774845.883436, 
        "translated": 169169
    }, 
    "he": {
        "approved": 8590, 
        "translated": 8600
    }, 
    "hi": {
        "approved": 69857, 
        "pending_since_timestamp": 1465776278.701478, 
        "translated": 105132
    }, 
    "hy": {
        "approved": 0, 
        "translated": 3014
    }, 
    "id": {
        "approved": 0, 
        "translated": 7311
    }, 
    "it": {
        "approved": 0, 
        "pending_since_timestamp": 1465774845.883436, 
        "translated": 94954
    }, 
    "ja": {
        "approved": 29203, 
        "pending_since_timestamp": 1465774845.883436, 
        "translated": 77780
    }, 
    "ka": {
        "approved": 132650, 
        "pending_since_timestamp": 1465767481.08446, 
        "translated": 135141
    }, 
    "ko": {
        "approved": 124880, 
        "pending_since_timestamp": 1465774845.883436, 
        "translated": 141768
    }, 
    "lol": {
        "approved": 603, 
        "translated": 8850
    }, 
    "mn": {
        "approved": 74557, 
        "pending_since_timestamp": 1465767481.08446, 
        "translated": 82743
    }, 
    "ms": {
        "approved": 0, 
        "pending_since_timestamp": 1465568490.645855, 
        "translated": 734
    }, 
    "nb": {
        "approved": 98577, 
        "pending_since_timestamp": 1465774845.883436, 
        "translated": 101570
    }, 
    "nl": {
        "approved": 80629, 
        "pending_since_timestamp": 1465774845.883436, 
        "translated": 115983
    }, 
    "pl": {
        "approved": 198446, 
        "translated": 199005
    }, 
    "pt": {
        "approved": 198780, 
        "pending_since_timestamp": 1465776278.701478, 
        "translated": 372927
    }, 
    "pt-pt": {
        "approved": 18871, 
        "pending_since_timestamp": 1465774845.883436, 
        "translated": 114413
    }, 
    "ru": {
        "approved": 1163, 
        "pending_since_timestamp": 1465774845.883436, 
        "translated": 19739
    }, 
    "sr": {
        "approved": 44902, 
        "pending_since_timestamp": 1465774845.883436, 
        "translated": 371646
    }, 
    "sw": {
        "approved": 11734, 
        "pending_since_timestamp": 1465774845.883436, 
        "translated": 33592
    }, 
    "te": {
        "approved": 0, 
        "translated": 215
    }, 
    "th": {
        "approved": 0, 
        "pending_since_timestamp": 1465774845.883436, 
        "translated": 120820
    }, 
    "tr": {
        "approved": 182953, 
        "pending_since_timestamp": 1465774845.883436, 
        "translated": 277137
    }, 
    "uk": {
        "approved": 0, 
        "translated": 2562
    }, 
    "ur": {
        "approved": 0, 
        "translated": 1465
    }, 
    "xh": {
        "approved": 0, 
        "translated": 1
    }, 
    "zh-hans": {
        "approved": 0, 
        "translated": 5156
    }, 
    "zu": {
        "approved": 0, 
        "translated": 23
    }
}