{
    "ar": {
        "approved": 388, 
        "pending_since_timestamp": 1481062341.401838, 
        "translated": 3901
    }, 
    "bg": {
        "approved": 193670, 
        "pending_since_timestamp": 1481038118.501742, 
        "translated": 213900
    }, 
    "bn": {
        "approved": 119886, 
        "pending_since_timestamp": 1481069615.695745, 
        "translated": 133778
    }, 
    "cs": {
        "approved": 12487, 
        "pending_since_timestamp": 1481062341.401838, 
        "translated": 29186
    }, 
    "da": {
        "approved": 73910, 
        "translated": 81554
    }, 
    "de": {
        "approved": 200493, 
        "pending_since_timestamp": 1481062341.401838, 
        "translated": 200637
    }, 
    "el": {
        "approved": 1316, 
        "pending_since_timestamp": 1481027129.266597, 
        "translated": 8597
    }, 
    "es": {
        "approved": 301630, 
        "translated": 320167
    }, 
    "fa": {
        "approved": 2, 
        "pending_since_timestamp": 1481062341.401838, 
        "translated": 104
    }, 
    "fa-af": {
        "approved": 62, 
        "pending_since_timestamp": 1481062341.401838, 
        "translated": 135
    }, 
    "fr": {
        "approved": 200272, 
        "translated": 213220
    }, 
    "he": {
        "approved": 6515, 
        "translated": 7059
    }, 
    "hi": {
        "approved": 96097, 
        "pending_since_timestamp": 1481069615.695745, 
        "translated": 115424
    }, 
    "hy": {
        "approved": 1881, 
        "pending_since_timestamp": 1481055913.250895, 
        "translated": 8969
    }, 
    "id": {
        "approved": 1105, 
        "pending_since_timestamp": 1481062341.401838, 
        "translated": 6909
    }, 
    "it": {
        "approved": 62876, 
        "pending_since_timestamp": 1481046892.676544, 
        "translated": 111539
    }, 
    "ja": {
        "approved": 88464, 
        "pending_since_timestamp": 1481062341.401838, 
        "translated": 115516
    }, 
    "ka": {
        "approved": 186907, 
        "translated": 191733
    }, 
    "ko": {
        "approved": 142480, 
        "pending_since_timestamp": 1481062341.401838, 
        "translated": 158944
    }, 
    "lol": {
        "approved": 402, 
        "translated": 8677
    }, 
    "mn": {
        "approved": 73650, 
        "translated": 81228
    }, 
    "ms": {
        "approved": 63, 
        "pending_since_timestamp": 1481062341.401838, 
        "translated": 727
    }, 
    "nb": {
        "approved": 96537, 
        "pending_since_timestamp": 1481062341.401838, 
        "translated": 99602
    }, 
    "nl": {
        "approved": 98538, 
        "pending_since_timestamp": 1481062341.401838, 
        "translated": 122359
    }, 
    "pl": {
        "approved": 232374, 
        "translated": 233018
    }, 
    "pt": {
        "approved": 236262, 
        "pending_since_timestamp": 1481067617.686355, 
        "translated": 275500
    }, 
    "pt-pt": {
        "approved": 66749, 
        "pending_since_timestamp": 1481048678.265776, 
        "translated": 94348
    }, 
    "ru": {
        "approved": 2074, 
        "pending_since_timestamp": 1481062341.401838, 
        "translated": 18615
    }, 
    "sr": {
        "approved": 51753, 
        "pending_since_timestamp": 1481062341.401838, 
        "translated": 69544
    }, 
    "sw": {
        "approved": 11855, 
        "pending_since_timestamp": 1481062341.401838, 
        "translated": 32021
    }, 
    "te": {
        "approved": 33, 
        "pending_since_timestamp": 1481062341.401838, 
        "translated": 231
    }, 
    "th": {
        "approved": 655, 
        "pending_since_timestamp": 1481027129.266597, 
        "translated": 118127
    }, 
    "tr": {
        "approved": 231192, 
        "translated": 315238
    }, 
    "uk": {
        "approved": 210, 
        "pending_since_timestamp": 1481062341.401838, 
        "translated": 2596
    }, 
    "ur": {
        "approved": 201, 
        "pending_since_timestamp": 1481062341.401838, 
        "translated": 1316
    }, 
    "xh": {
        "approved": 80, 
        "pending_since_timestamp": 1481062341.401838, 
        "translated": 81
    }, 
    "zh-hans": {
        "approved": 269, 
        "pending_since_timestamp": 1481062341.401838, 
        "translated": 5195
    }, 
    "zu": {
        "approved": 1, 
        "translated": 22
    }
}