{
    "af": {
        "approved": 19, 
        "pending_since_timestamp": 1542057306.169735, 
        "translated": 1478
    }, 
    "am": {
        "approved": 0, 
        "translated": 0
    }, 
    "ar": {
        "approved": 84113, 
        "pending_since_timestamp": 1546416729.672982, 
        "translated": 213161
    }, 
    "az": {
        "approved": 35920, 
        "translated": 37637
    }, 
    "bg": {
        "approved": 334979, 
        "pending_since_timestamp": 1546563233.587388, 
        "translated": 338478
    }, 
    "bn": {
        "approved": 147641, 
        "translated": 161947
    }, 
    "ca": {
        "approved": 3, 
        "translated": 1927
    }, 
    "cs": {
        "approved": 131284, 
        "pending_since_timestamp": 1546563233.587388, 
        "translated": 150236
    }, 
    "da": {
        "approved": 175197, 
        "pending_since_timestamp": 1546461542.887154, 
        "translated": 196044
    }, 
    "de": {
        "approved": 302308, 
        "pending_since_timestamp": 1546452165.049696, 
        "translated": 537205
    }, 
    "el": {
        "approved": 78395, 
        "pending_since_timestamp": 1546471220.298091, 
        "translated": 94135
    }, 
    "es": {
        "approved": 431664, 
        "translated": 448087
    }, 
    "et": {
        "approved": 44980, 
        "translated": 46293
    }, 
    "fa": {
        "approved": 1, 
        "translated": 190
    }, 
    "fa-af": {
        "approved": 31, 
        "translated": 103
    }, 
    "fi": {
        "approved": 82287, 
        "translated": 84182
    }, 
    "fil": {
        "approved": 204, 
        "translated": 297
    }, 
    "fr": {
        "approved": 285805, 
        "pending_since_timestamp": 1546458859.874393, 
        "translated": 289242
    }, 
    "fv": {
        "approved": 85754, 
        "translated": 85754
    }, 
    "gu": {
        "approved": 97940, 
        "pending_since_timestamp": 1546407890.911501, 
        "translated": 141426
    }, 
    "he": {
        "approved": 8443, 
        "pending_since_timestamp": 1546458859.874393, 
        "translated": 8446
    }, 
    "hi": {
        "approved": 167124, 
        "pending_since_timestamp": 1546458859.874393, 
        "translated": 179493
    }, 
    "hr": {
        "approved": 10947, 
        "pending_since_timestamp": 1546563233.587388, 
        "translated": 16547
    }, 
    "ht": {
        "approved": 1, 
        "translated": 5
    }, 
    "hu": {
        "approved": 93328, 
        "pending_since_timestamp": 1546437636.896889, 
        "translated": 113126
    }, 
    "hy": {
        "approved": 129219, 
        "pending_since_timestamp": 1546410875.785473, 
        "translated": 152049
    }, 
    "id": {
        "approved": 74806, 
        "pending_since_timestamp": 1546458859.874393, 
        "translated": 91077
    }, 
    "it": {
        "approved": 155473, 
        "translated": 173346
    }, 
    "ja": {
        "approved": 125758, 
        "pending_since_timestamp": 1546437636.896889, 
        "translated": 146403
    }, 
    "ka": {
        "approved": 279211, 
        "pending_since_timestamp": 1546563233.587388, 
        "translated": 283807
    }, 
    "ki": {
        "approved": 0, 
        "translated": 37
    }, 
    "kk": {
        "approved": 103, 
        "translated": 103
    }, 
    "km": {
        "approved": 0, 
        "translated": 52
    }, 
    "kn": {
        "approved": 34323, 
        "pending_since_timestamp": 1546563233.587388, 
        "translated": 40300
    }, 
    "ko": {
        "approved": 190428, 
        "pending_since_timestamp": 1546458859.874393, 
        "translated": 216385
    }, 
    "ky": {
        "approved": 0, 
        "translated": 25
    }, 
    "lol": {
        "approved": 66861, 
        "translated": 82042
    }, 
    "lt": {
        "approved": 80823, 
        "translated": 82771
    }, 
    "lv": {
        "approved": 54621, 
        "translated": 55054
    }, 
    "mn": {
        "approved": 82633, 
        "pending_since_timestamp": 1546458859.874393, 
        "translated": 110536
    }, 
    "mr": {
        "approved": 0, 
        "translated": 0
    }, 
    "ms": {
        "approved": 29, 
        "translated": 637
    }, 
    "my": {
        "approved": 1, 
        "translated": 122
    }, 
    "nb": {
        "approved": 133133, 
        "translated": 143202
    }, 
    "ne": {
        "approved": 0, 
        "translated": 1
    }, 
    "nl": {
        "approved": 130113, 
        "pending_since_timestamp": 1546467257.120271, 
        "translated": 146160
    }, 
    "nn": {
        "approved": 0, 
        "translated": 1626
    }, 
    "or": {
        "approved": 0, 
        "translated": 52
    }, 
    "pl": {
        "approved": 343172, 
        "translated": 343461
    }, 
    "ps": {
        "approved": 582, 
        "translated": 944
    }, 
    "pt": {
        "approved": 373011, 
        "pending_since_timestamp": 1546452165.049696, 
        "translated": 413980
    }, 
    "pt-pt": {
        "approved": 150630, 
        "pending_since_timestamp": 1546423456.378588, 
        "translated": 181411
    }, 
    "ro": {
        "approved": 63703, 
        "translated": 67973
    }, 
    "ru": {
        "approved": 100577, 
        "pending_since_timestamp": 1546458859.874393, 
        "translated": 122060
    }, 
    "rw": {
        "approved": 0, 
        "translated": 0
    }, 
    "si": {
        "approved": 0, 
        "translated": 196
    }, 
    "sk": {
        "approved": 0, 
        "translated": 2153
    }, 
    "sl": {
        "approved": 0, 
        "translated": 0
    }, 
    "sq": {
        "approved": 98727, 
        "translated": 102951
    }, 
    "sr": {
        "approved": 62847, 
        "pending_since_timestamp": 1546458859.874393, 
        "translated": 81551
    }, 
    "sv": {
        "approved": 167356, 
        "pending_since_timestamp": 1546458859.874393, 
        "translated": 541492
    }, 
    "sw": {
        "approved": 0, 
        "translated": 0
    }, 
    "ta": {
        "approved": 54074, 
        "pending_since_timestamp": 1546563233.587388, 
        "translated": 77431
    }, 
    "te": {
        "approved": 16, 
        "translated": 208
    }, 
    "th": {
        "approved": 299, 
        "pending_since_timestamp": 1546377224.566462, 
        "translated": 134525
    }, 
    "tr": {
        "approved": 309927, 
        "pending_since_timestamp": 1546458859.874393, 
        "translated": 417994
    }, 
    "uk": {
        "approved": 70577, 
        "pending_since_timestamp": 1546377224.566462, 
        "translated": 91214
    }, 
    "ur": {
        "approved": 54603, 
        "pending_since_timestamp": 1546458859.874393, 
        "translated": 57484
    }, 
    "uz": {
        "approved": 76754, 
        "pending_since_timestamp": 1546377224.566462, 
        "translated": 92554
    }, 
    "vi": {
        "approved": 2, 
        "translated": 1982
    }, 
    "xh": {
        "approved": 40, 
        "translated": 40
    }, 
    "zh-hans": {
        "approved": 183900, 
        "pending_since_timestamp": 1546563233.587388, 
        "translated": 253853
    }, 
    "zh-hant": {
        "approved": 10005, 
        "pending_since_timestamp": 1546458859.874393, 
        "translated": 74511
    }, 
    "zu": {
        "approved": 1, 
        "translated": 18
    }
}