{
    "ar": {
        "approved": 0, 
        "translated": 4635
    }, 
    "bg": {
        "approved": 170480, 
        "translated": 186869
    }, 
    "bn": {
        "approved": 73153, 
        "pending_since_timestamp": 1460534607.753708, 
        "translated": 122030
    }, 
    "cs": {
        "approved": 12789, 
        "translated": 29745
    }, 
    "da": {
        "approved": 40138, 
        "translated": 88339
    }, 
    "de": {
        "approved": 148970, 
        "pending_since_timestamp": 1460535876.791601, 
        "translated": 149222
    }, 
    "el": {
        "approved": 252, 
        "translated": 7247
    }, 
    "es": {
        "approved": 247862, 
        "pending_since_timestamp": 1460538651.225745, 
        "translated": 367548
    }, 
    "fa": {
        "approved": 0, 
        "translated": 211
    }, 
    "fa-af": {
        "approved": 0, 
        "translated": 72
    }, 
    "fr": {
        "approved": 146740, 
        "translated": 154829
    }, 
    "he": {
        "approved": 9249, 
        "translated": 9264
    }, 
    "hi": {
        "approved": 68850, 
        "pending_since_timestamp": 1460538651.225745, 
        "translated": 85325
    }, 
    "hy": {
        "approved": 0, 
        "translated": 1608
    }, 
    "id": {
        "approved": 0, 
        "translated": 8154
    }, 
    "it": {
        "approved": 0, 
        "translated": 89660
    }, 
    "ja": {
        "approved": 26266, 
        "translated": 57803
    }, 
    "ka": {
        "approved": 114726, 
        "pending_since_timestamp": 1460551252.662708, 
        "translated": 117588
    }, 
    "ko": {
        "approved": 110270, 
        "translated": 131886
    }, 
    "lol": {
        "approved": 595, 
        "translated": 7597
    }, 
    "mn": {
        "approved": 75649, 
        "translated": 82624
    }, 
    "ms": {
        "approved": 0, 
        "translated": 750
    }, 
    "nb": {
        "approved": 88736, 
        "translated": 89725
    }, 
    "nl": {
        "approved": 54603, 
        "pending_since_timestamp": 1460535876.791601, 
        "translated": 102620
    }, 
    "pl": {
        "approved": 183881, 
        "pending_since_timestamp": 1460551252.662708, 
        "translated": 186060
    }, 
    "pt": {
        "approved": 182177, 
        "pending_since_timestamp": 1460545645.855454, 
        "translated": 364669
    }, 
    "pt-pt": {
        "approved": 17298, 
        "pending_since_timestamp": 1460545645.855454, 
        "translated": 92498
    }, 
    "ru": {
        "approved": 1177, 
        "translated": 20912
    }, 
    "sr": {
        "approved": 47808, 
        "pending_since_timestamp": 1460545645.855454, 
        "translated": 363493
    }, 
    "sw": {
        "approved": 12179, 
        "translated": 35965
    }, 
    "te": {
        "approved": 0, 
        "translated": 216
    }, 
    "th": {
        "approved": 0, 
        "translated": 128739
    }, 
    "tr": {
        "approved": 170146, 
        "pending_since_timestamp": 1460537182.699819, 
        "translated": 272526
    }, 
    "uk": {
        "approved": 0, 
        "translated": 2580
    }, 
    "ur": {
        "approved": 0, 
        "translated": 1553
    }, 
    "xh": {
        "approved": 0, 
        "translated": 1
    }, 
    "zh-hans": {
        "approved": 0, 
        "translated": 4105
    }, 
    "zu": {
        "approved": 0, 
        "translated": 23
    }
}