{
    "ar": {
        "approved": 0, 
        "translated": 4316
    }, 
    "bg": {
        "approved": 180684, 
        "pending_since_timestamp": 1463418647.545675, 
        "translated": 190256
    }, 
    "bn": {
        "approved": 80711, 
        "pending_since_timestamp": 1463396939.069681, 
        "translated": 121034
    }, 
    "cs": {
        "approved": 12326, 
        "translated": 30866
    }, 
    "da": {
        "approved": 73221, 
        "translated": 84356
    }, 
    "de": {
        "approved": 148519, 
        "pending_since_timestamp": 1463403932.911121, 
        "translated": 148634
    }, 
    "el": {
        "approved": 281, 
        "translated": 7286
    }, 
    "es": {
        "approved": 261941, 
        "pending_since_timestamp": 1463412643.545197, 
        "translated": 371098
    }, 
    "fa": {
        "approved": 0, 
        "translated": 107
    }, 
    "fa-af": {
        "approved": 0, 
        "translated": 72
    }, 
    "fr": {
        "approved": 154948, 
        "pending_since_timestamp": 1463408701.876217, 
        "translated": 162486
    }, 
    "he": {
        "approved": 8643, 
        "translated": 8656
    }, 
    "hi": {
        "approved": 66648, 
        "pending_since_timestamp": 1463409971.562473, 
        "translated": 90032
    }, 
    "hy": {
        "approved": 0, 
        "translated": 3044
    }, 
    "id": {
        "approved": 0, 
        "translated": 7325
    }, 
    "it": {
        "approved": 0, 
        "pending_since_timestamp": 1463389479.457869, 
        "translated": 93539
    }, 
    "ja": {
        "approved": 28042, 
        "translated": 58338
    }, 
    "ka": {
        "approved": 121603, 
        "translated": 123701
    }, 
    "ko": {
        "approved": 117867, 
        "translated": 139571
    }, 
    "lol": {
        "approved": 585, 
        "translated": 7531
    }, 
    "mn": {
        "approved": 73819, 
        "translated": 81902
    }, 
    "ms": {
        "approved": 0, 
        "translated": 734
    }, 
    "nb": {
        "approved": 97516, 
        "pending_since_timestamp": 1463418647.545675, 
        "translated": 101381
    }, 
    "nl": {
        "approved": 74140, 
        "pending_since_timestamp": 1463406330.402597, 
        "translated": 108352
    }, 
    "pl": {
        "approved": 191737, 
        "pending_since_timestamp": 1463413877.690244, 
        "translated": 192413
    }, 
    "pt": {
        "approved": 192431, 
        "pending_since_timestamp": 1463411377.368861, 
        "translated": 368277
    }, 
    "pt-pt": {
        "approved": 18586, 
        "pending_since_timestamp": 1463406330.402597, 
        "translated": 114875
    }, 
    "ru": {
        "approved": 1171, 
        "translated": 19910
    }, 
    "sr": {
        "approved": 44950, 
        "pending_since_timestamp": 1463396939.069681, 
        "translated": 366992
    }, 
    "sw": {
        "approved": 11870, 
        "pending_since_timestamp": 1463418647.545675, 
        "translated": 33872
    }, 
    "te": {
        "approved": 0, 
        "translated": 215
    }, 
    "th": {
        "approved": 0, 
        "pending_since_timestamp": 1463418647.545675, 
        "translated": 122003
    }, 
    "tr": {
        "approved": 184008, 
        "pending_since_timestamp": 1463412643.545197, 
        "translated": 274479
    }, 
    "uk": {
        "approved": 0, 
        "translated": 2525
    }, 
    "ur": {
        "approved": 0, 
        "translated": 1468
    }, 
    "xh": {
        "approved": 0, 
        "translated": 1
    }, 
    "zh-hans": {
        "approved": 0, 
        "translated": 5200
    }, 
    "zu": {
        "approved": 0, 
        "translated": 23
    }
}