{
    "ar": {
        "approved": 384, 
        "translated": 4370
    }, 
    "bg": {
        "approved": 198679, 
        "pending_since_timestamp": 1493207272.644284, 
        "translated": 229795
    }, 
    "bn": {
        "approved": 133893, 
        "pending_since_timestamp": 1493213670.521425, 
        "translated": 144840
    }, 
    "cs": {
        "approved": 11794, 
        "pending_since_timestamp": 1493160484.878326, 
        "translated": 29201
    }, 
    "da": {
        "approved": 72861, 
        "pending_since_timestamp": 1493207272.644284, 
        "translated": 85821
    }, 
    "de": {
        "approved": 212495, 
        "translated": 213834
    }, 
    "el": {
        "approved": 1670, 
        "pending_since_timestamp": 1493168149.466132, 
        "translated": 17967
    }, 
    "es": {
        "approved": 345146, 
        "pending_since_timestamp": 1493229767.174436, 
        "translated": 364258
    }, 
    "fa": {
        "approved": 1, 
        "pending_since_timestamp": 1493160484.878326, 
        "translated": 99
    }, 
    "fa-af": {
        "approved": 31, 
        "translated": 104
    }, 
    "fr": {
        "approved": 232246, 
        "translated": 241058
    }, 
    "he": {
        "approved": 6329, 
        "pending_since_timestamp": 1493214954.040839, 
        "translated": 7301
    }, 
    "hi": {
        "approved": 99460, 
        "pending_since_timestamp": 1493214954.040839, 
        "translated": 115127
    }, 
    "hy": {
        "approved": 7403, 
        "pending_since_timestamp": 1493160484.878326, 
        "translated": 12271
    }, 
    "id": {
        "approved": 531, 
        "pending_since_timestamp": 1493160484.878326, 
        "translated": 6459
    }, 
    "it": {
        "approved": 93166, 
        "translated": 123656
    }, 
    "ja": {
        "approved": 101717, 
        "translated": 120136
    }, 
    "ka": {
        "approved": 193963, 
        "pending_since_timestamp": 1493194140.342524, 
        "translated": 202634
    }, 
    "ko": {
        "approved": 152960, 
        "pending_since_timestamp": 1493194140.342524, 
        "translated": 169651
    }, 
    "lol": {
        "approved": 382, 
        "translated": 8624
    }, 
    "mn": {
        "approved": 81415, 
        "translated": 101253
    }, 
    "ms": {
        "approved": 29, 
        "pending_since_timestamp": 1493160484.878326, 
        "translated": 637
    }, 
    "nb": {
        "approved": 93612, 
        "translated": 98638
    }, 
    "nl": {
        "approved": 105380, 
        "translated": 128426
    }, 
    "pl": {
        "approved": 267072, 
        "pending_since_timestamp": 1493231615.905879, 
        "translated": 267174
    }, 
    "pt": {
        "approved": 277128, 
        "pending_since_timestamp": 1493225498.416937, 
        "translated": 313976
    }, 
    "pt-pt": {
        "approved": 83655, 
        "pending_since_timestamp": 1493207272.644284, 
        "translated": 114686
    }, 
    "ru": {
        "approved": 1533, 
        "pending_since_timestamp": 1493160484.878326, 
        "translated": 18459
    }, 
    "sr": {
        "approved": 50568, 
        "translated": 68298
    }, 
    "sw": {
        "approved": 39417, 
        "translated": 56862
    }, 
    "te": {
        "approved": 16, 
        "translated": 241
    }, 
    "th": {
        "approved": 301, 
        "pending_since_timestamp": 1493160484.878326, 
        "translated": 121370
    }, 
    "tr": {
        "approved": 266856, 
        "translated": 363615
    }, 
    "uk": {
        "approved": 98, 
        "pending_since_timestamp": 1493160484.878326, 
        "translated": 2529
    }, 
    "ur": {
        "approved": 92, 
        "pending_since_timestamp": 1493160484.878326, 
        "translated": 1155
    }, 
    "xh": {
        "approved": 40, 
        "translated": 40
    }, 
    "zh-hans": {
        "approved": 2481, 
        "pending_since_timestamp": 1493217990.568545, 
        "translated": 15733
    }, 
    "zu": {
        "approved": 1, 
        "translated": 20
    }
}