{
    "ar": {
        "approved": 381, 
        "translated": 4331
    }, 
    "bg": {
        "approved": 196454, 
        "translated": 227815
    }, 
    "bn": {
        "approved": 130738, 
        "translated": 141435
    }, 
    "cs": {
        "approved": 11819, 
        "translated": 29275
    }, 
    "da": {
        "approved": 72900, 
        "pending_since_timestamp": 1492166581.205883, 
        "translated": 83799
    }, 
    "de": {
        "approved": 206317, 
        "pending_since_timestamp": 1492166581.205883, 
        "translated": 212064
    }, 
    "el": {
        "approved": 1544, 
        "translated": 17181
    }, 
    "es": {
        "approved": 343166, 
        "translated": 358570
    }, 
    "fa": {
        "approved": 1, 
        "translated": 99
    }, 
    "fa-af": {
        "approved": 31, 
        "translated": 104
    }, 
    "fr": {
        "approved": 228903, 
        "pending_since_timestamp": 1492175554.7403, 
        "translated": 237733
    }, 
    "he": {
        "approved": 6340, 
        "translated": 7197
    }, 
    "hi": {
        "approved": 99514, 
        "translated": 115082
    }, 
    "hy": {
        "approved": 7403, 
        "translated": 12285
    }, 
    "id": {
        "approved": 531, 
        "translated": 6414
    }, 
    "it": {
        "approved": 88833, 
        "pending_since_timestamp": 1492173766.037594, 
        "translated": 118146
    }, 
    "ja": {
        "approved": 99826, 
        "translated": 117419
    }, 
    "ka": {
        "approved": 192749, 
        "pending_since_timestamp": 1492173766.037594, 
        "translated": 200932
    }, 
    "ko": {
        "approved": 151897, 
        "pending_since_timestamp": 1492166581.205883, 
        "translated": 164656
    }, 
    "lol": {
        "approved": 385, 
        "translated": 8629
    }, 
    "mn": {
        "approved": 81422, 
        "translated": 100677
    }, 
    "ms": {
        "approved": 29, 
        "translated": 640
    }, 
    "nb": {
        "approved": 93635, 
        "translated": 98659
    }, 
    "nl": {
        "approved": 104795, 
        "translated": 127967
    }, 
    "pl": {
        "approved": 264432, 
        "pending_since_timestamp": 1492170148.304043, 
        "translated": 264733
    }, 
    "pt": {
        "approved": 269818, 
        "translated": 308643
    }, 
    "pt-pt": {
        "approved": 81498, 
        "translated": 113377
    }, 
    "ru": {
        "approved": 1537, 
        "translated": 18481
    }, 
    "sr": {
        "approved": 50583, 
        "translated": 68362
    }, 
    "sw": {
        "approved": 34220, 
        "translated": 51963
    }, 
    "te": {
        "approved": 15, 
        "translated": 205
    }, 
    "th": {
        "approved": 301, 
        "translated": 121478
    }, 
    "tr": {
        "approved": 266955, 
        "pending_since_timestamp": 1492171655.055417, 
        "translated": 359805
    }, 
    "uk": {
        "approved": 98, 
        "translated": 2514
    }, 
    "ur": {
        "approved": 92, 
        "translated": 1160
    }, 
    "xh": {
        "approved": 40, 
        "translated": 40
    }, 
    "zh-hans": {
        "approved": 925, 
        "pending_since_timestamp": 1492147383.204895, 
        "translated": 11775
    }, 
    "zu": {
        "approved": 1, 
        "translated": 20
    }
}