{
    "ar": {
        "approved": 385, 
        "translated": 4399
    }, 
    "bg": {
        "approved": 196691, 
        "pending_since_timestamp": 1494416154.997284, 
        "translated": 230511
    }, 
    "bn": {
        "approved": 136528, 
        "translated": 146997
    }, 
    "cs": {
        "approved": 11703, 
        "translated": 29334
    }, 
    "da": {
        "approved": 71810, 
        "translated": 85100
    }, 
    "de": {
        "approved": 213379, 
        "pending_since_timestamp": 1494416154.997284, 
        "translated": 213923
    }, 
    "el": {
        "approved": 1844, 
        "pending_since_timestamp": 1494401028.090471, 
        "translated": 19225
    }, 
    "es": {
        "approved": 346246, 
        "translated": 363064
    }, 
    "fa": {
        "approved": 1, 
        "translated": 100
    }, 
    "fa-af": {
        "approved": 31, 
        "translated": 104
    }, 
    "fr": {
        "approved": 232087, 
        "pending_since_timestamp": 1494420197.102014, 
        "translated": 240526
    }, 
    "he": {
        "approved": 7274, 
        "translated": 7337
    }, 
    "hi": {
        "approved": 98409, 
        "translated": 114387
    }, 
    "hy": {
        "approved": 7403, 
        "translated": 12274
    }, 
    "id": {
        "approved": 531, 
        "translated": 6460
    }, 
    "it": {
        "approved": 93070, 
        "pending_since_timestamp": 1494399215.987837, 
        "translated": 124107
    }, 
    "ja": {
        "approved": 100659, 
        "translated": 119523
    }, 
    "ka": {
        "approved": 193195, 
        "pending_since_timestamp": 1494408221.705947, 
        "translated": 203114
    }, 
    "ko": {
        "approved": 153552, 
        "translated": 170231
    }, 
    "lol": {
        "approved": 382, 
        "translated": 8598
    }, 
    "mn": {
        "approved": 81313, 
        "translated": 104806
    }, 
    "ms": {
        "approved": 29, 
        "translated": 650
    }, 
    "nb": {
        "approved": 93028, 
        "translated": 98044
    }, 
    "nl": {
        "approved": 106533, 
        "translated": 128475
    }, 
    "pl": {
        "approved": 266243, 
        "pending_since_timestamp": 1494416154.997284, 
        "translated": 266345
    }, 
    "pt": {
        "approved": 280744, 
        "pending_since_timestamp": 1494416154.997284, 
        "translated": 316686
    }, 
    "pt-pt": {
        "approved": 85357, 
        "pending_since_timestamp": 1494421923.535846, 
        "translated": 115810
    }, 
    "ru": {
        "approved": 1535, 
        "translated": 18464
    }, 
    "sr": {
        "approved": 50456, 
        "translated": 68180
    }, 
    "sw": {
        "approved": 40947, 
        "pending_since_timestamp": 1494399215.987837, 
        "translated": 58288
    }, 
    "te": {
        "approved": 16, 
        "translated": 241
    }, 
    "th": {
        "approved": 300, 
        "translated": 118500
    }, 
    "tr": {
        "approved": 263759, 
        "pending_since_timestamp": 1494418116.50174, 
        "translated": 363835
    }, 
    "uk": {
        "approved": 98, 
        "translated": 2532
    }, 
    "ur": {
        "approved": 92, 
        "translated": 1157
    }, 
    "xh": {
        "approved": 40, 
        "translated": 40
    }, 
    "zh-hans": {
        "approved": 5065, 
        "translated": 24609
    }, 
    "zu": {
        "approved": 1, 
        "translated": 20
    }
}