{
    "ar": {
        "approved": 0, 
        "translated": 4389
    }, 
    "bg": {
        "approved": 113489, 
        "pending_since_timestamp": 1452351390.576113, 
        "translated": 166209
    }, 
    "bn": {
        "approved": 41379, 
        "pending_since_timestamp": 1452295321.053902, 
        "translated": 80862
    }, 
    "cs": {
        "approved": 13180, 
        "pending_since_timestamp": 1452351390.576113, 
        "translated": 29805
    }, 
    "da": {
        "approved": 39096, 
        "pending_since_timestamp": 1452289942.997137, 
        "translated": 70187
    }, 
    "de": {
        "approved": 112958, 
        "pending_since_timestamp": 1452294322.849819, 
        "translated": 113031
    }, 
    "el": {
        "approved": 0, 
        "translated": 6862
    }, 
    "es": {
        "approved": 200053, 
        "pending_since_timestamp": 1452351390.576113, 
        "translated": 314234
    }, 
    "fa": {
        "approved": 0, 
        "translated": 249
    }, 
    "fa-af": {
        "approved": 0, 
        "translated": 74
    }, 
    "fr": {
        "approved": 107242, 
        "pending_since_timestamp": 1452351390.576113, 
        "translated": 114114
    }, 
    "he": {
        "approved": 8544, 
        "translated": 9349
    }, 
    "hi": {
        "approved": 66590, 
        "pending_since_timestamp": 1452351390.576113, 
        "translated": 73117
    }, 
    "hy": {
        "approved": 0, 
        "translated": 132
    }, 
    "id": {
        "approved": 0, 
        "translated": 8788
    }, 
    "it": {
        "approved": 0, 
        "pending_since_timestamp": 1452288878.91883, 
        "translated": 67698
    }, 
    "ja": {
        "approved": 23477, 
        "pending_since_timestamp": 1452287861.401702, 
        "translated": 52175
    }, 
    "ko": {
        "approved": 73864, 
        "translated": 87482
    }, 
    "lol": {
        "approved": 612, 
        "translated": 5265
    }, 
    "mn": {
        "approved": 28642, 
        "pending_since_timestamp": 1452351390.576113, 
        "translated": 51487
    }, 
    "ms": {
        "approved": 0, 
        "translated": 805
    }, 
    "nb": {
        "approved": 83796, 
        "translated": 84338
    }, 
    "nl": {
        "approved": 48077, 
        "pending_since_timestamp": 1452284822.437512, 
        "translated": 78365
    }, 
    "pl": {
        "approved": 122205, 
        "pending_since_timestamp": 1452296329.93117, 
        "translated": 130471
    }, 
    "pt": {
        "approved": 155778, 
        "translated": 311412
    }, 
    "pt-pt": {
        "approved": 13646, 
        "pending_since_timestamp": 1452278446.88427, 
        "translated": 76486
    }, 
    "ru": {
        "approved": 1229, 
        "pending_since_timestamp": 1452351390.576113, 
        "translated": 14571
    }, 
    "sr": {
        "approved": 34475, 
        "pending_since_timestamp": 1452351390.576113, 
        "translated": 310172
    }, 
    "sw": {
        "approved": 12552, 
        "translated": 33606
    }, 
    "te": {
        "approved": 0, 
        "translated": 226
    }, 
    "th": {
        "approved": 0, 
        "pending_since_timestamp": 1452282839.440298, 
        "translated": 128254
    }, 
    "tr": {
        "approved": 171750, 
        "pending_since_timestamp": 1452293239.706712, 
        "translated": 222762
    }, 
    "uk": {
        "approved": 0, 
        "translated": 2696
    }, 
    "ur": {
        "approved": 0, 
        "translated": 1622
    }, 
    "xh": {
        "approved": 0, 
        "translated": 1
    }, 
    "zh-hans": {
        "approved": 0, 
        "translated": 4293
    }, 
    "zu": {
        "approved": 0, 
        "translated": 29
    }
}