{
    "af": {
        "approved": 19, 
        "translated": 1504
    }, 
    "am": {
        "approved": 0, 
        "translated": 0
    }, 
    "ar": {
        "approved": 8920, 
        "pending_since_timestamp": 1539796326.786587, 
        "translated": 56408
    }, 
    "az": {
        "approved": 35927, 
        "translated": 37662
    }, 
    "bg": {
        "approved": 318372, 
        "pending_since_timestamp": 1540022389.642854, 
        "translated": 329719
    }, 
    "bn": {
        "approved": 147873, 
        "pending_since_timestamp": 1539976900.418843, 
        "translated": 161054
    }, 
    "ca": {
        "approved": 3, 
        "translated": 2018
    }, 
    "cs": {
        "approved": 124273, 
        "pending_since_timestamp": 1540042851.737557, 
        "translated": 143260
    }, 
    "da": {
        "approved": 169830, 
        "translated": 188035
    }, 
    "de": {
        "approved": 299377, 
        "translated": 535107
    }, 
    "el": {
        "approved": 77111, 
        "pending_since_timestamp": 1539980048.05137, 
        "translated": 92815
    }, 
    "es": {
        "approved": 420178, 
        "pending_since_timestamp": 1540005425.970793, 
        "translated": 444171
    }, 
    "et": {
        "approved": 44986, 
        "translated": 46303
    }, 
    "fa": {
        "approved": 1, 
        "translated": 191
    }, 
    "fa-af": {
        "approved": 31, 
        "translated": 103
    }, 
    "fi": {
        "approved": 82402, 
        "pending_since_timestamp": 1539980048.05137, 
        "translated": 84121
    }, 
    "fil": {
        "approved": 204, 
        "translated": 297
    }, 
    "fr": {
        "approved": 282211, 
        "pending_since_timestamp": 1540022389.642854, 
        "translated": 285791
    }, 
    "gu": {
        "approved": 95251, 
        "pending_since_timestamp": 1540022389.642854, 
        "translated": 138223
    }, 
    "he": {
        "approved": 8628, 
        "translated": 8661
    }, 
    "hi": {
        "approved": 167439, 
        "pending_since_timestamp": 1539996644.569058, 
        "translated": 179808
    }, 
    "hr": {
        "approved": 10947, 
        "translated": 16615
    }, 
    "ht": {
        "approved": 1, 
        "translated": 5
    }, 
    "hu": {
        "approved": 91629, 
        "pending_since_timestamp": 1539629046.547118, 
        "translated": 110235
    }, 
    "hy": {
        "approved": 101767, 
        "pending_since_timestamp": 1540040066.177992, 
        "translated": 122732
    }, 
    "id": {
        "approved": 72958, 
        "translated": 87843
    }, 
    "it": {
        "approved": 155725, 
        "translated": 171154
    }, 
    "ja": {
        "approved": 124814, 
        "translated": 144270
    }, 
    "ka": {
        "approved": 273631, 
        "pending_since_timestamp": 1539996644.569058, 
        "translated": 277737
    }, 
    "ki": {
        "approved": 0, 
        "translated": 37
    }, 
    "kk": {
        "approved": 103, 
        "translated": 103
    }, 
    "km": {
        "approved": 0, 
        "translated": 52
    }, 
    "kn": {
        "approved": 14041, 
        "pending_since_timestamp": 1539629046.547118, 
        "translated": 21144
    }, 
    "ko": {
        "approved": 181650, 
        "pending_since_timestamp": 1540040066.177992, 
        "translated": 212911
    }, 
    "ky": {
        "approved": 0, 
        "translated": 25
    }, 
    "lol": {
        "approved": 66883, 
        "translated": 82082
    }, 
    "lt": {
        "approved": 73823, 
        "pending_since_timestamp": 1539980048.05137, 
        "translated": 75705
    }, 
    "lv": {
        "approved": 54627, 
        "translated": 55062
    }, 
    "mn": {
        "approved": 82580, 
        "pending_since_timestamp": 1539996644.569058, 
        "translated": 110493
    }, 
    "mr": {
        "approved": 0, 
        "translated": 0
    }, 
    "ms": {
        "approved": 29, 
        "translated": 667
    }, 
    "my": {
        "approved": 1, 
        "translated": 112
    }, 
    "nb": {
        "approved": 132061, 
        "translated": 139790
    }, 
    "ne": {
        "approved": 0, 
        "translated": 1
    }, 
    "nl": {
        "approved": 125195, 
        "translated": 140918
    }, 
    "nn": {
        "approved": 0, 
        "translated": 1633
    }, 
    "or": {
        "approved": 0, 
        "translated": 52
    }, 
    "pl": {
        "approved": 337534, 
        "pending_since_timestamp": 1539974000.704158, 
        "translated": 337948
    }, 
    "ps": {
        "approved": 0, 
        "translated": 23
    }, 
    "pt": {
        "approved": 364992, 
        "pending_since_timestamp": 1539970360.565811, 
        "translated": 405726
    }, 
    "pt-pt": {
        "approved": 146910, 
        "pending_since_timestamp": 1539866916.80557, 
        "translated": 176991
    }, 
    "ro": {
        "approved": 63899, 
        "translated": 68181
    }, 
    "ru": {
        "approved": 100884, 
        "pending_since_timestamp": 1539980048.05137, 
        "translated": 122211
    }, 
    "rw": {
        "approved": 0, 
        "translated": 0
    }, 
    "si": {
        "approved": 0, 
        "translated": 198
    }, 
    "sk": {
        "approved": 0, 
        "translated": 2174
    }, 
    "sl": {
        "approved": 0, 
        "translated": 0
    }, 
    "sq": {
        "approved": 98747, 
        "pending_since_timestamp": 1539980048.05137, 
        "translated": 102971
    }, 
    "sr": {
        "approved": 63079, 
        "translated": 81615
    }, 
    "sv": {
        "approved": 161320, 
        "translated": 543679
    }, 
    "sw": {
        "approved": 0, 
        "translated": 0
    }, 
    "ta": {
        "approved": 47144, 
        "pending_since_timestamp": 1540022389.642854, 
        "translated": 66141
    }, 
    "te": {
        "approved": 16, 
        "translated": 227
    }, 
    "th": {
        "approved": 299, 
        "pending_since_timestamp": 1539976900.418843, 
        "translated": 133387
    }, 
    "tr": {
        "approved": 310126, 
        "pending_since_timestamp": 1539980048.05137, 
        "translated": 417419
    }, 
    "uk": {
        "approved": 70636, 
        "pending_since_timestamp": 1539970360.565811, 
        "translated": 90195
    }, 
    "ur": {
        "approved": 54614, 
        "translated": 57544
    }, 
    "uz": {
        "approved": 76873, 
        "pending_since_timestamp": 1539976900.418843, 
        "translated": 79695
    }, 
    "vi": {
        "approved": 2, 
        "translated": 2010
    }, 
    "xh": {
        "approved": 40, 
        "translated": 40
    }, 
    "zh-hans": {
        "approved": 162038, 
        "pending_since_timestamp": 1540002031.198752, 
        "translated": 228387
    }, 
    "zh-hant": {
        "approved": 10033, 
        "pending_since_timestamp": 1539720500.042796, 
        "translated": 73147
    }, 
    "zu": {
        "approved": 1, 
        "translated": 18
    }
}