{
    "af": {
        "approved": 19, 
        "translated": 1516
    }, 
    "am": {
        "approved": 0, 
        "translated": 0
    }, 
    "ar": {
        "approved": 579, 
        "pending_since_timestamp": 1529445028.08248, 
        "translated": 27384
    }, 
    "az": {
        "approved": 35988, 
        "translated": 37763
    }, 
    "bg": {
        "approved": 300542, 
        "pending_since_timestamp": 1529480776.637717, 
        "translated": 300948
    }, 
    "bn": {
        "approved": 150628, 
        "pending_since_timestamp": 1529503214.995681, 
        "translated": 160898
    }, 
    "ca": {
        "approved": 3, 
        "translated": 2077
    }, 
    "cs": {
        "approved": 88300, 
        "translated": 116860
    }, 
    "da": {
        "approved": 145755, 
        "translated": 169147
    }, 
    "de": {
        "approved": 289026, 
        "translated": 533327
    }, 
    "el": {
        "approved": 5514, 
        "pending_since_timestamp": 1529397415.691742, 
        "translated": 24437
    }, 
    "es": {
        "approved": 401960, 
        "pending_since_timestamp": 1529498251.435181, 
        "translated": 423450
    }, 
    "et": {
        "approved": 45080, 
        "translated": 46408
    }, 
    "fa": {
        "approved": 1, 
        "translated": 192
    }, 
    "fa-af": {
        "approved": 31, 
        "translated": 103
    }, 
    "fi": {
        "approved": 82554, 
        "pending_since_timestamp": 1529472433.382866, 
        "translated": 84679
    }, 
    "fil": {
        "approved": 210, 
        "translated": 303
    }, 
    "fr": {
        "approved": 279421, 
        "pending_since_timestamp": 1529483104.09179, 
        "translated": 282906
    }, 
    "gu": {
        "approved": 34177, 
        "pending_since_timestamp": 1529458527.797282, 
        "translated": 60838
    }, 
    "he": {
        "approved": 7268, 
        "translated": 8873
    }, 
    "hi": {
        "approved": 169208, 
        "pending_since_timestamp": 1529477548.564088, 
        "translated": 182044
    }, 
    "hr": {
        "approved": 10999, 
        "translated": 16742
    }, 
    "ht": {
        "approved": 1, 
        "translated": 5
    }, 
    "hu": {
        "approved": 89029, 
        "pending_since_timestamp": 1529483104.09179, 
        "translated": 107056
    }, 
    "hy": {
        "approved": 91250, 
        "pending_since_timestamp": 1529474665.879291, 
        "translated": 99063
    }, 
    "id": {
        "approved": 43943, 
        "translated": 63657
    }, 
    "it": {
        "approved": 135524, 
        "pending_since_timestamp": 1529483104.09179, 
        "translated": 155970
    }, 
    "ja": {
        "approved": 127933, 
        "pending_since_timestamp": 1529486496.971694, 
        "translated": 144956
    }, 
    "ka": {
        "approved": 263275, 
        "pending_since_timestamp": 1529498251.435181, 
        "translated": 264965
    }, 
    "ki": {
        "approved": 0, 
        "translated": 37
    }, 
    "km": {
        "approved": 0, 
        "translated": 52
    }, 
    "kn": {
        "approved": 821, 
        "pending_since_timestamp": 1529328878.806206, 
        "translated": 15801
    }, 
    "ko": {
        "approved": 180346, 
        "pending_since_timestamp": 1529480776.637717, 
        "translated": 198673
    }, 
    "ky": {
        "approved": 0, 
        "translated": 25
    }, 
    "lol": {
        "approved": 67364, 
        "translated": 82570
    }, 
    "lt": {
        "approved": 74269, 
        "pending_since_timestamp": 1529419481.831649, 
        "translated": 76198
    }, 
    "lv": {
        "approved": 54728, 
        "pending_since_timestamp": 1529480776.637717, 
        "translated": 55097
    }, 
    "mn": {
        "approved": 87387, 
        "translated": 115303
    }, 
    "mr": {
        "approved": 0, 
        "translated": 0
    }, 
    "ms": {
        "approved": 29, 
        "translated": 671
    }, 
    "my": {
        "approved": 1, 
        "translated": 117
    }, 
    "nb": {
        "approved": 135132, 
        "pending_since_timestamp": 1529503214.995681, 
        "translated": 142617
    }, 
    "ne": {
        "approved": 0, 
        "translated": 1
    }, 
    "nl": {
        "approved": 118387, 
        "translated": 137553
    }, 
    "nn": {
        "approved": 0, 
        "translated": 1653
    }, 
    "or": {
        "approved": 0, 
        "translated": 54
    }, 
    "pl": {
        "approved": 320894, 
        "pending_since_timestamp": 1529477548.564088, 
        "translated": 321515
    }, 
    "ps": {
        "approved": 0, 
        "translated": 24
    }, 
    "pt": {
        "approved": 357152, 
        "pending_since_timestamp": 1529505746.995636, 
        "translated": 397595
    }, 
    "pt-pt": {
        "approved": 143189, 
        "pending_since_timestamp": 1529498251.435181, 
        "translated": 175381
    }, 
    "ro": {
        "approved": 64185, 
        "translated": 68270
    }, 
    "ru": {
        "approved": 98417, 
        "pending_since_timestamp": 1529498251.435181, 
        "translated": 122599
    }, 
    "rw": {
        "approved": 0, 
        "translated": 0
    }, 
    "si": {
        "approved": 0, 
        "translated": 200
    }, 
    "sk": {
        "approved": 0, 
        "translated": 2228
    }, 
    "sl": {
        "approved": 0, 
        "translated": 0
    }, 
    "sq": {
        "approved": 49739, 
        "pending_since_timestamp": 1529480776.637717, 
        "translated": 66129
    }, 
    "sr": {
        "approved": 65561, 
        "translated": 83131
    }, 
    "sv": {
        "approved": 154964, 
        "translated": 548043
    }, 
    "sw": {
        "approved": 0, 
        "translated": 0
    }, 
    "ta": {
        "approved": 46165, 
        "translated": 63038
    }, 
    "te": {
        "approved": 16, 
        "translated": 227
    }, 
    "th": {
        "approved": 303, 
        "pending_since_timestamp": 1529477548.564088, 
        "translated": 135448
    }, 
    "tr": {
        "approved": 305244, 
        "translated": 408082
    }, 
    "uk": {
        "approved": 98, 
        "translated": 2499
    }, 
    "ur": {
        "approved": 54677, 
        "translated": 57587
    }, 
    "uz": {
        "approved": 143, 
        "pending_since_timestamp": 1529328878.806206, 
        "translated": 1477
    }, 
    "vi": {
        "approved": 2, 
        "pending_since_timestamp": 1529291234.077497, 
        "translated": 1845
    }, 
    "xh": {
        "approved": 40, 
        "translated": 40
    }, 
    "zh-hans": {
        "approved": 75674, 
        "pending_since_timestamp": 1529474665.879291, 
        "translated": 125201
    }, 
    "zh-hant": {
        "approved": 9595, 
        "translated": 68821
    }, 
    "zu": {
        "approved": 1, 
        "translated": 18
    }
}