{
    "ar": {
        "approved": 380, 
        "translated": 4396
    }, 
    "bg": {
        "approved": 235256, 
        "translated": 238705
    }, 
    "bn": {
        "approved": 140986, 
        "translated": 149271
    }, 
    "cs": {
        "approved": 43110, 
        "translated": 66589
    }, 
    "da": {
        "approved": 71727, 
        "translated": 93451
    }, 
    "de": {
        "approved": 215228, 
        "translated": 215886
    }, 
    "el": {
        "approved": 2157, 
        "translated": 22040
    }, 
    "es": {
        "approved": 350704, 
        "pending_since_timestamp": 1497421581.604116, 
        "translated": 366598
    }, 
    "fa": {
        "approved": 1, 
        "translated": 148
    }, 
    "fa-af": {
        "approved": 31, 
        "translated": 104
    }, 
    "fr": {
        "approved": 238468, 
        "pending_since_timestamp": 1497424930.946374, 
        "translated": 246228
    }, 
    "he": {
        "approved": 7246, 
        "translated": 7477
    }, 
    "hi": {
        "approved": 98299, 
        "translated": 114296
    }, 
    "hy": {
        "approved": 7403, 
        "translated": 12239
    }, 
    "id": {
        "approved": 531, 
        "translated": 6433
    }, 
    "it": {
        "approved": 93276, 
        "translated": 126220
    }, 
    "ja": {
        "approved": 101204, 
        "translated": 121264
    }, 
    "ka": {
        "approved": 203108, 
        "pending_since_timestamp": 1497427370.903121, 
        "translated": 208067
    }, 
    "ko": {
        "approved": 161865, 
        "pending_since_timestamp": 1497415872.897612, 
        "translated": 174485
    }, 
    "lol": {
        "approved": 382, 
        "translated": 8548
    }, 
    "mn": {
        "approved": 81177, 
        "translated": 108023
    }, 
    "ms": {
        "approved": 29, 
        "translated": 759
    }, 
    "nb": {
        "approved": 125954, 
        "pending_since_timestamp": 1497421581.604116, 
        "translated": 129969
    }, 
    "nl": {
        "approved": 107649, 
        "translated": 129486
    }, 
    "pl": {
        "approved": 272272, 
        "pending_since_timestamp": 1497427370.903121, 
        "translated": 272478
    }, 
    "pt": {
        "approved": 289179, 
        "translated": 327149
    }, 
    "pt-pt": {
        "approved": 89773, 
        "pending_since_timestamp": 1497427370.903121, 
        "translated": 120294
    }, 
    "ru": {
        "approved": 1533, 
        "translated": 18416
    }, 
    "sr": {
        "approved": 50395, 
        "translated": 68047
    }, 
    "sw": {
        "approved": 49059, 
        "translated": 62583
    }, 
    "te": {
        "approved": 16, 
        "translated": 241
    }, 
    "th": {
        "approved": 303, 
        "translated": 132765
    }, 
    "tr": {
        "approved": 268622, 
        "pending_since_timestamp": 1497424930.946374, 
        "translated": 367859
    }, 
    "uk": {
        "approved": 98, 
        "translated": 2516
    }, 
    "ur": {
        "approved": 92, 
        "translated": 1161
    }, 
    "xh": {
        "approved": 40, 
        "translated": 40
    }, 
    "zh-hans": {
        "approved": 5817, 
        "translated": 37861
    }, 
    "zu": {
        "approved": 1, 
        "translated": 20
    }
}