{
    "ar": {
        "approved": 0, 
        "translated": 4459
    }, 
    "bg": {
        "approved": 197778, 
        "pending_since_timestamp": 1470671748.569131, 
        "translated": 223565
    }, 
    "bn": {
        "approved": 110641, 
        "pending_since_timestamp": 1470676991.175309, 
        "translated": 130637
    }, 
    "cs": {
        "approved": 12229, 
        "translated": 30498
    }, 
    "da": {
        "approved": 75572, 
        "pending_since_timestamp": 1470676991.175309, 
        "translated": 84020
    }, 
    "de": {
        "approved": 164475, 
        "pending_since_timestamp": 1470655508.632086, 
        "translated": 165284
    }, 
    "el": {
        "approved": 371, 
        "translated": 7734
    }, 
    "es": {
        "approved": 290646, 
        "pending_since_timestamp": 1470618532.579295, 
        "translated": 392426
    }, 
    "fa": {
        "approved": 0, 
        "translated": 104
    }, 
    "fa-af": {
        "approved": 0, 
        "translated": 72
    }, 
    "fr": {
        "approved": 167475, 
        "pending_since_timestamp": 1470664042.805, 
        "translated": 174206
    }, 
    "he": {
        "approved": 8430, 
        "translated": 8668
    }, 
    "hi": {
        "approved": 91729, 
        "pending_since_timestamp": 1470676991.175309, 
        "translated": 112037
    }, 
    "hy": {
        "approved": 0, 
        "translated": 3015
    }, 
    "id": {
        "approved": 0, 
        "translated": 7214
    }, 
    "it": {
        "approved": 15549, 
        "pending_since_timestamp": 1470664042.805, 
        "translated": 107949
    }, 
    "ja": {
        "approved": 34166, 
        "pending_since_timestamp": 1470676991.175309, 
        "translated": 80835
    }, 
    "ka": {
        "approved": 147905, 
        "pending_since_timestamp": 1470655508.632086, 
        "translated": 149342
    }, 
    "ko": {
        "approved": 126313, 
        "translated": 151497
    }, 
    "lol": {
        "approved": 599, 
        "translated": 8825
    }, 
    "mn": {
        "approved": 75449, 
        "pending_since_timestamp": 1470676991.175309, 
        "translated": 83069
    }, 
    "ms": {
        "approved": 0, 
        "translated": 728
    }, 
    "nb": {
        "approved": 98143, 
        "pending_since_timestamp": 1470676991.175309, 
        "translated": 101308
    }, 
    "nl": {
        "approved": 80765, 
        "pending_since_timestamp": 1470676991.175309, 
        "translated": 117722
    }, 
    "pl": {
        "approved": 205488, 
        "pending_since_timestamp": 1470666064.266324, 
        "translated": 205773
    }, 
    "pt": {
        "approved": 204974, 
        "pending_since_timestamp": 1470679740.947097, 
        "translated": 388884
    }, 
    "pt-pt": {
        "approved": 36453, 
        "pending_since_timestamp": 1470649627.360805, 
        "translated": 71753
    }, 
    "ru": {
        "approved": 1191, 
        "pending_since_timestamp": 1470676991.175309, 
        "translated": 19519
    }, 
    "sr": {
        "approved": 48771, 
        "translated": 387420
    }, 
    "sw": {
        "approved": 11695, 
        "pending_since_timestamp": 1470676991.175309, 
        "translated": 33411
    }, 
    "te": {
        "approved": 0, 
        "translated": 212
    }, 
    "th": {
        "approved": 0, 
        "pending_since_timestamp": 1470676991.175309, 
        "translated": 119860
    }, 
    "tr": {
        "approved": 206246, 
        "pending_since_timestamp": 1470664042.805, 
        "translated": 291448
    }, 
    "uk": {
        "approved": 0, 
        "translated": 2524
    }, 
    "ur": {
        "approved": 0, 
        "translated": 1424
    }, 
    "xh": {
        "approved": 0, 
        "translated": 1
    }, 
    "zh-hans": {
        "approved": 0, 
        "translated": 5138
    }, 
    "zu": {
        "approved": 0, 
        "translated": 22
    }
}