{
    "af": {
        "approved": 19, 
        "translated": 1467
    }, 
    "am": {
        "approved": 0, 
        "translated": 0
    }, 
    "ar": {
        "approved": 103962, 
        "translated": 213444
    }, 
    "az": {
        "approved": 35846, 
        "translated": 37560
    }, 
    "bg": {
        "approved": 337547, 
        "pending_since_timestamp": 1550135744.307232, 
        "translated": 339533
    }, 
    "bn": {
        "approved": 148194, 
        "translated": 163534
    }, 
    "ca": {
        "approved": 3, 
        "translated": 1890
    }, 
    "cs": {
        "approved": 134964, 
        "pending_since_timestamp": 1550067982.977277, 
        "translated": 153617
    }, 
    "da": {
        "approved": 175256, 
        "pending_since_timestamp": 1550124332.760637, 
        "translated": 197683
    }, 
    "de": {
        "approved": 303948, 
        "pending_since_timestamp": 1550165847.730827, 
        "translated": 537655
    }, 
    "el": {
        "approved": 78867, 
        "translated": 94620
    }, 
    "es": {
        "approved": 431206, 
        "translated": 447634
    }, 
    "et": {
        "approved": 44899, 
        "translated": 46207
    }, 
    "fa": {
        "approved": 1, 
        "translated": 189
    }, 
    "fa-af": {
        "approved": 31, 
        "translated": 103
    }, 
    "fi": {
        "approved": 82165, 
        "translated": 84057
    }, 
    "fil": {
        "approved": 202, 
        "translated": 295
    }, 
    "fr": {
        "approved": 286631, 
        "pending_since_timestamp": 1550138695.915562, 
        "translated": 290177
    }, 
    "fv": {
        "approved": 85684, 
        "translated": 85691
    }, 
    "gu": {
        "approved": 103542, 
        "pending_since_timestamp": 1550052298.97379, 
        "translated": 146466
    }, 
    "he": {
        "approved": 8329, 
        "translated": 8332
    }, 
    "hi": {
        "approved": 166766, 
        "translated": 179132
    }, 
    "hr": {
        "approved": 10873, 
        "translated": 16472
    }, 
    "ht": {
        "approved": 1, 
        "translated": 5
    }, 
    "hu": {
        "approved": 95492, 
        "pending_since_timestamp": 1550109287.565667, 
        "translated": 114845
    }, 
    "hy": {
        "approved": 147727, 
        "pending_since_timestamp": 1550043439.074367, 
        "translated": 169900
    }, 
    "id": {
        "approved": 87313, 
        "pending_since_timestamp": 1550109287.565667, 
        "translated": 91695
    }, 
    "it": {
        "approved": 155147, 
        "translated": 173844
    }, 
    "ja": {
        "approved": 125511, 
        "pending_since_timestamp": 1550085077.088902, 
        "translated": 146832
    }, 
    "ka": {
        "approved": 282707, 
        "pending_since_timestamp": 1550138695.915562, 
        "translated": 286261
    }, 
    "ki": {
        "approved": 0, 
        "translated": 37
    }, 
    "kk": {
        "approved": 103, 
        "translated": 103
    }, 
    "km": {
        "approved": 0, 
        "translated": 52
    }, 
    "kn": {
        "approved": 34387, 
        "pending_since_timestamp": 1550127032.909842, 
        "translated": 40199
    }, 
    "ko": {
        "approved": 194243, 
        "pending_since_timestamp": 1550154167.510408, 
        "translated": 219448
    }, 
    "ky": {
        "approved": 0, 
        "pending_since_timestamp": 1549906164.353393, 
        "translated": 237
    }, 
    "lol": {
        "approved": 66840, 
        "translated": 82019
    }, 
    "lt": {
        "approved": 80813, 
        "translated": 82766
    }, 
    "lv": {
        "approved": 54513, 
        "translated": 54946
    }, 
    "mn": {
        "approved": 82427, 
        "translated": 110312
    }, 
    "mr": {
        "approved": 0, 
        "translated": 0
    }, 
    "ms": {
        "approved": 29, 
        "translated": 606
    }, 
    "my": {
        "approved": 1, 
        "translated": 125
    }, 
    "nb": {
        "approved": 135449, 
        "translated": 143260
    }, 
    "ne": {
        "approved": 0, 
        "translated": 1
    }, 
    "nl": {
        "approved": 131840, 
        "pending_since_timestamp": 1550129914.280068, 
        "translated": 153149
    }, 
    "nn": {
        "approved": 0, 
        "translated": 1626
    }, 
    "or": {
        "approved": 0, 
        "translated": 52
    }, 
    "pl": {
        "approved": 345992, 
        "pending_since_timestamp": 1550138695.915562, 
        "translated": 346383
    }, 
    "ps": {
        "approved": 579, 
        "translated": 970
    }, 
    "pt": {
        "approved": 376618, 
        "pending_since_timestamp": 1550135744.307232, 
        "translated": 419273
    }, 
    "pt-pt": {
        "approved": 158654, 
        "pending_since_timestamp": 1550085077.088902, 
        "translated": 187768
    }, 
    "ro": {
        "approved": 63516, 
        "translated": 67786
    }, 
    "ru": {
        "approved": 101672, 
        "translated": 122175
    }, 
    "rw": {
        "approved": 0, 
        "translated": 0
    }, 
    "si": {
        "approved": 0, 
        "translated": 192
    }, 
    "sk": {
        "approved": 0, 
        "translated": 2135
    }, 
    "sl": {
        "approved": 0, 
        "translated": 33
    }, 
    "sq": {
        "approved": 98629, 
        "translated": 102888
    }, 
    "sr": {
        "approved": 62612, 
        "pending_since_timestamp": 1550109287.565667, 
        "translated": 81456
    }, 
    "sv": {
        "approved": 171431, 
        "translated": 541740
    }, 
    "sw": {
        "approved": 0, 
        "translated": 0
    }, 
    "ta": {
        "approved": 58604, 
        "translated": 78930
    }, 
    "te": {
        "approved": 16, 
        "translated": 208
    }, 
    "th": {
        "approved": 299, 
        "translated": 134354
    }, 
    "tr": {
        "approved": 309428, 
        "pending_since_timestamp": 1550165847.730827, 
        "translated": 417839
    }, 
    "uk": {
        "approved": 70868, 
        "translated": 92115
    }, 
    "ur": {
        "approved": 54495, 
        "translated": 57340
    }, 
    "uz": {
        "approved": 76635, 
        "pending_since_timestamp": 1550085077.088902, 
        "translated": 108694
    }, 
    "vi": {
        "approved": 2, 
        "translated": 1969
    }, 
    "xh": {
        "approved": 40, 
        "translated": 40
    }, 
    "zh-hans": {
        "approved": 195218, 
        "pending_since_timestamp": 1550165847.730827, 
        "translated": 273527
    }, 
    "zh-hant": {
        "approved": 9913, 
        "translated": 74191
    }, 
    "zu": {
        "approved": 1, 
        "translated": 18
    }
}