{
    "ar": {
        "approved": 0, 
        "pending_since_timestamp": 1463625431.131303, 
        "translated": 4126
    }, 
    "bg": {
        "approved": 180659, 
        "pending_since_timestamp": 1463662350.003882, 
        "translated": 191603
    }, 
    "bn": {
        "approved": 81910, 
        "translated": 121231
    }, 
    "cs": {
        "approved": 12326, 
        "pending_since_timestamp": 1463625431.131303, 
        "translated": 30750
    }, 
    "da": {
        "approved": 73632, 
        "translated": 84382
    }, 
    "de": {
        "approved": 148461, 
        "translated": 148704
    }, 
    "el": {
        "approved": 277, 
        "pending_since_timestamp": 1463625431.131303, 
        "translated": 7190
    }, 
    "es": {
        "approved": 264428, 
        "pending_since_timestamp": 1463691270.443958, 
        "translated": 372464
    }, 
    "fa": {
        "approved": 0, 
        "translated": 107
    }, 
    "fa-af": {
        "approved": 0, 
        "translated": 72
    }, 
    "fr": {
        "approved": 157021, 
        "translated": 164109
    }, 
    "he": {
        "approved": 8640, 
        "translated": 8653
    }, 
    "hi": {
        "approved": 66424, 
        "translated": 93266
    }, 
    "hy": {
        "approved": 0, 
        "pending_since_timestamp": 1463625431.131303, 
        "translated": 3043
    }, 
    "id": {
        "approved": 0, 
        "pending_since_timestamp": 1463625431.131303, 
        "translated": 7160
    }, 
    "it": {
        "approved": 0, 
        "translated": 93911
    }, 
    "ja": {
        "approved": 28223, 
        "translated": 58393
    }, 
    "ka": {
        "approved": 121706, 
        "pending_since_timestamp": 1463670037.667233, 
        "translated": 125835
    }, 
    "ko": {
        "approved": 120984, 
        "translated": 140255
    }, 
    "lol": {
        "approved": 582, 
        "translated": 7527
    }, 
    "mn": {
        "approved": 74117, 
        "translated": 82351
    }, 
    "ms": {
        "approved": 0, 
        "pending_since_timestamp": 1463625431.131303, 
        "translated": 714
    }, 
    "nb": {
        "approved": 98442, 
        "translated": 101174
    }, 
    "nl": {
        "approved": 74326, 
        "pending_since_timestamp": 1463671333.589252, 
        "translated": 109412
    }, 
    "pl": {
        "approved": 192273, 
        "pending_since_timestamp": 1463679963.78791, 
        "translated": 193113
    }, 
    "pt": {
        "approved": 193174, 
        "pending_since_timestamp": 1463681539.320891, 
        "translated": 369535
    }, 
    "pt-pt": {
        "approved": 18965, 
        "translated": 114867
    }, 
    "ru": {
        "approved": 1171, 
        "translated": 19904
    }, 
    "sr": {
        "approved": 44905, 
        "pending_since_timestamp": 1463684237.813933, 
        "translated": 368376
    }, 
    "sw": {
        "approved": 11789, 
        "pending_since_timestamp": 1463625431.131303, 
        "translated": 33740
    }, 
    "te": {
        "approved": 0, 
        "pending_since_timestamp": 1463625431.131303, 
        "translated": 212
    }, 
    "th": {
        "approved": 0, 
        "translated": 121748
    }, 
    "tr": {
        "approved": 183964, 
        "translated": 275901
    }, 
    "uk": {
        "approved": 0, 
        "pending_since_timestamp": 1463625431.131303, 
        "translated": 2504
    }, 
    "ur": {
        "approved": 0, 
        "pending_since_timestamp": 1463625431.131303, 
        "translated": 1447
    }, 
    "xh": {
        "approved": 0, 
        "translated": 1
    }, 
    "zh-hans": {
        "approved": 0, 
        "pending_since_timestamp": 1463625431.131303, 
        "translated": 5164
    }, 
    "zu": {
        "approved": 0, 
        "translated": 23
    }
}