{
    "ar": {
        "approved": 0, 
        "pending_since_timestamp": 1443673035.426252, 
        "translated": 3766
    }, 
    "bg": {
        "approved": 69636, 
        "pending_since_timestamp": 1443673035.426252, 
        "translated": 137120
    }, 
    "bn": {
        "approved": 15991, 
        "pending_since_timestamp": 1443651705.824792, 
        "translated": 41814
    }, 
    "cs": {
        "approved": 0, 
        "pending_since_timestamp": 1443630744.308204, 
        "translated": 3010
    }, 
    "da": {
        "approved": 22783, 
        "pending_since_timestamp": 1443673035.426252, 
        "translated": 68857
    }, 
    "de": {
        "approved": 92063, 
        "pending_since_timestamp": 1443673035.426252, 
        "translated": 100623
    }, 
    "el": {
        "approved": 0, 
        "pending_since_timestamp": 1443673035.426252, 
        "translated": 6457
    }, 
    "es": {
        "approved": 178298, 
        "translated": 282785
    }, 
    "fa": {
        "approved": 0, 
        "pending_since_timestamp": 1443673035.426252, 
        "translated": 223
    }, 
    "fa-af": {
        "approved": 0, 
        "translated": 0
    }, 
    "fr": {
        "approved": 102112, 
        "pending_since_timestamp": 1443673035.426252, 
        "translated": 105773
    }, 
    "he": {
        "approved": 8762, 
        "pending_since_timestamp": 1443673035.426252, 
        "translated": 9213
    }, 
    "hi": {
        "approved": 40548, 
        "pending_since_timestamp": 1443667367.696897, 
        "translated": 61746
    }, 
    "hy": {
        "approved": 0, 
        "pending_since_timestamp": 1443630744.308204, 
        "translated": 88
    }, 
    "id": {
        "approved": 0, 
        "pending_since_timestamp": 1443673035.426252, 
        "translated": 9034
    }, 
    "it": {
        "approved": 0, 
        "pending_since_timestamp": 1443673035.426252, 
        "translated": 41845
    }, 
    "ja": {
        "approved": 16471, 
        "pending_since_timestamp": 1443663653.03226, 
        "translated": 51491
    }, 
    "ko": {
        "approved": 81132, 
        "pending_since_timestamp": 1443665534.735803, 
        "translated": 89805
    }, 
    "mn": {
        "approved": 0, 
        "pending_since_timestamp": 1443673035.426252, 
        "translated": 6398
    }, 
    "ms": {
        "approved": 0, 
        "pending_since_timestamp": 1443673035.426252, 
        "translated": 697
    }, 
    "nb": {
        "approved": 84777, 
        "pending_since_timestamp": 1443673035.426252, 
        "translated": 87633
    }, 
    "nl": {
        "approved": 28141, 
        "pending_since_timestamp": 1443673035.426252, 
        "translated": 42312
    }, 
    "pl": {
        "approved": 110569, 
        "pending_since_timestamp": 1443673035.426252, 
        "translated": 124756
    }, 
    "pt": {
        "approved": 145992, 
        "translated": 282785
    }, 
    "pt-pt": {
        "approved": 13502, 
        "pending_since_timestamp": 1443673035.426252, 
        "translated": 41208
    }, 
    "ru": {
        "approved": 0, 
        "pending_since_timestamp": 1443673035.426252, 
        "translated": 11226
    }, 
    "sr": {
        "approved": 33265, 
        "pending_since_timestamp": 1443673035.426252, 
        "translated": 278427
    }, 
    "sw": {
        "approved": 0, 
        "pending_since_timestamp": 1443673035.426252, 
        "translated": 13347
    }, 
    "te": {
        "approved": 0, 
        "pending_since_timestamp": 1443630744.308204, 
        "translated": 93
    }, 
    "th": {
        "approved": 0, 
        "pending_since_timestamp": 1443663653.03226, 
        "translated": 108805
    }, 
    "tr": {
        "approved": 176315, 
        "pending_since_timestamp": 1443673035.426252, 
        "translated": 198646
    }, 
    "uk": {
        "approved": 0, 
        "pending_since_timestamp": 1443673035.426252, 
        "translated": 1569
    }, 
    "ur": {
        "approved": 0, 
        "pending_since_timestamp": 1443673035.426252, 
        "translated": 1515
    }, 
    "xh": {
        "approved": 0, 
        "translated": 1
    }, 
    "zh-hans": {
        "approved": 0, 
        "pending_since_timestamp": 1443673035.426252, 
        "translated": 4631
    }, 
    "zu": {
        "approved": 0, 
        "pending_since_timestamp": 1443630744.308204, 
        "translated": 21
    }
}