{
    "ar": {
        "approved": 0, 
        "pending_since_timestamp": 1443630744.308204, 
        "translated": 3592
    }, 
    "bg": {
        "approved": 69636, 
        "pending_since_timestamp": 1443638952.198077, 
        "translated": 137058
    }, 
    "bn": {
        "approved": 15907, 
        "pending_since_timestamp": 1443619209.498549, 
        "translated": 41368
    }, 
    "cs": {
        "approved": 0, 
        "pending_since_timestamp": 1443630744.308204, 
        "translated": 3010
    }, 
    "da": {
        "approved": 22695, 
        "pending_since_timestamp": 1443630744.308204, 
        "translated": 68219
    }, 
    "de": {
        "approved": 91761, 
        "pending_since_timestamp": 1443630744.308204, 
        "translated": 100131
    }, 
    "el": {
        "approved": 0, 
        "pending_since_timestamp": 1443627603.883688, 
        "translated": 6270
    }, 
    "es": {
        "approved": 178183, 
        "pending_since_timestamp": 1443632902.893039, 
        "translated": 282448
    }, 
    "fa": {
        "approved": 0, 
        "translated": 223
    }, 
    "fa-af": {
        "approved": 0, 
        "translated": 0
    }, 
    "fr": {
        "approved": 102372, 
        "pending_since_timestamp": 1443636025.652306, 
        "translated": 106022
    }, 
    "he": {
        "approved": 8679, 
        "pending_since_timestamp": 1443630744.308204, 
        "translated": 9103
    }, 
    "hi": {
        "approved": 40374, 
        "pending_since_timestamp": 1443627603.883688, 
        "translated": 61503
    }, 
    "hy": {
        "approved": 0, 
        "pending_since_timestamp": 1443630744.308204, 
        "translated": 88
    }, 
    "id": {
        "approved": 0, 
        "pending_since_timestamp": 1443630744.308204, 
        "translated": 8835
    }, 
    "it": {
        "approved": 0, 
        "pending_since_timestamp": 1443630744.308204, 
        "translated": 41382
    }, 
    "ja": {
        "approved": 16077, 
        "pending_since_timestamp": 1443630744.308204, 
        "translated": 51087
    }, 
    "ko": {
        "approved": 80519, 
        "pending_since_timestamp": 1443630744.308204, 
        "translated": 89157
    }, 
    "mn": {
        "approved": 0, 
        "pending_since_timestamp": 1443618286.463993, 
        "translated": 6054
    }, 
    "ms": {
        "approved": 0, 
        "pending_since_timestamp": 1443630744.308204, 
        "translated": 624
    }, 
    "nb": {
        "approved": 84778, 
        "translated": 87634
    }, 
    "nl": {
        "approved": 28046, 
        "pending_since_timestamp": 1443630744.308204, 
        "translated": 42045
    }, 
    "pl": {
        "approved": 110600, 
        "translated": 124751
    }, 
    "pt": {
        "approved": 146427, 
        "pending_since_timestamp": 1443638952.198077, 
        "translated": 279692
    }, 
    "pt-pt": {
        "approved": 13408, 
        "pending_since_timestamp": 1443623500.001784, 
        "translated": 40777
    }, 
    "ru": {
        "approved": 0, 
        "translated": 11226
    }, 
    "sr": {
        "approved": 33141, 
        "pending_since_timestamp": 1443626526.01914, 
        "translated": 278433
    }, 
    "sw": {
        "approved": 0, 
        "pending_since_timestamp": 1443630744.308204, 
        "translated": 12943
    }, 
    "te": {
        "approved": 0, 
        "pending_since_timestamp": 1443630744.308204, 
        "translated": 93
    }, 
    "th": {
        "approved": 0, 
        "pending_since_timestamp": 1443630744.308204, 
        "translated": 107660
    }, 
    "tr": {
        "approved": 176585, 
        "translated": 198930
    }, 
    "uk": {
        "approved": 0, 
        "pending_since_timestamp": 1443618286.463993, 
        "translated": 1504
    }, 
    "ur": {
        "approved": 0, 
        "pending_since_timestamp": 1443630744.308204, 
        "translated": 1412
    }, 
    "xh": {
        "approved": 0, 
        "translated": 1
    }, 
    "zh-hans": {
        "approved": 0, 
        "pending_since_timestamp": 1443630744.308204, 
        "translated": 4550
    }, 
    "zu": {
        "approved": 0, 
        "pending_since_timestamp": 1443630744.308204, 
        "translated": 21
    }
}