{
    "ar": {
        "approved": 0, 
        "translated": 4653
    }, 
    "bg": {
        "approved": 171552, 
        "translated": 187826
    }, 
    "bn": {
        "approved": 72153, 
        "pending_since_timestamp": 1459530811.268798, 
        "translated": 121310
    }, 
    "cs": {
        "approved": 12800, 
        "translated": 29886
    }, 
    "da": {
        "approved": 39777, 
        "translated": 79793
    }, 
    "de": {
        "approved": 148406, 
        "pending_since_timestamp": 1459521975.219977, 
        "translated": 148647
    }, 
    "el": {
        "approved": 252, 
        "translated": 7156
    }, 
    "es": {
        "approved": 238632, 
        "translated": 363388
    }, 
    "fa": {
        "approved": 0, 
        "translated": 210
    }, 
    "fa-af": {
        "approved": 0, 
        "translated": 72
    }, 
    "fr": {
        "approved": 136375, 
        "pending_since_timestamp": 1459518247.31473, 
        "translated": 148186
    }, 
    "he": {
        "approved": 9286, 
        "translated": 9301
    }, 
    "hi": {
        "approved": 66963, 
        "pending_since_timestamp": 1459530811.268798, 
        "translated": 80721
    }, 
    "hy": {
        "approved": 0, 
        "translated": 738
    }, 
    "id": {
        "approved": 0, 
        "translated": 8196
    }, 
    "it": {
        "approved": 0, 
        "translated": 88107
    }, 
    "ja": {
        "approved": 24867, 
        "translated": 56687
    }, 
    "ka": {
        "approved": 102201, 
        "pending_since_timestamp": 1459530811.268798, 
        "translated": 113387
    }, 
    "ko": {
        "approved": 109885, 
        "pending_since_timestamp": 1459503339.559684, 
        "translated": 127658
    }, 
    "lol": {
        "approved": 595, 
        "translated": 7722
    }, 
    "mn": {
        "approved": 76011, 
        "pending_since_timestamp": 1459515740.269345, 
        "translated": 82660
    }, 
    "ms": {
        "approved": 0, 
        "translated": 752
    }, 
    "nb": {
        "approved": 87864, 
        "translated": 88806
    }, 
    "nl": {
        "approved": 49651, 
        "pending_since_timestamp": 1459500887.881876, 
        "translated": 100434
    }, 
    "pl": {
        "approved": 178102, 
        "pending_since_timestamp": 1459525902.094502, 
        "translated": 181695
    }, 
    "pt": {
        "approved": 175050, 
        "pending_since_timestamp": 1459523471.871614, 
        "translated": 361230
    }, 
    "pt-pt": {
        "approved": 15905, 
        "translated": 90715
    }, 
    "ru": {
        "approved": 1179, 
        "translated": 20720
    }, 
    "sr": {
        "approved": 48154, 
        "pending_since_timestamp": 1459514444.542533, 
        "translated": 359368
    }, 
    "sw": {
        "approved": 12190, 
        "translated": 36716
    }, 
    "te": {
        "approved": 0, 
        "translated": 216
    }, 
    "th": {
        "approved": 0, 
        "translated": 129702
    }, 
    "tr": {
        "approved": 171182, 
        "translated": 271751
    }, 
    "uk": {
        "approved": 0, 
        "pending_since_timestamp": 1459504565.450663, 
        "translated": 2600
    }, 
    "ur": {
        "approved": 0, 
        "translated": 1556
    }, 
    "xh": {
        "approved": 0, 
        "translated": 1
    }, 
    "zh-hans": {
        "approved": 0, 
        "translated": 4150
    }, 
    "zu": {
        "approved": 0, 
        "translated": 23
    }
}