{
    "ar": {
        "approved": 0, 
        "translated": 4324
    }, 
    "bg": {
        "approved": 180968, 
        "pending_since_timestamp": 1463128033.619158, 
        "translated": 187907
    }, 
    "bn": {
        "approved": 79014, 
        "translated": 120928
    }, 
    "cs": {
        "approved": 12408, 
        "translated": 30960
    }, 
    "da": {
        "approved": 73343, 
        "translated": 84754
    }, 
    "de": {
        "approved": 148442, 
        "pending_since_timestamp": 1463133097.819566, 
        "translated": 148688
    }, 
    "el": {
        "approved": 281, 
        "pending_since_timestamp": 1463130589.856421, 
        "translated": 7263
    }, 
    "es": {
        "approved": 262156, 
        "pending_since_timestamp": 1463143641.490857, 
        "translated": 370518
    }, 
    "fa": {
        "approved": 0, 
        "translated": 107
    }, 
    "fa-af": {
        "approved": 0, 
        "translated": 72
    }, 
    "fr": {
        "approved": 155111, 
        "translated": 162498
    }, 
    "he": {
        "approved": 8651, 
        "translated": 8664
    }, 
    "hi": {
        "approved": 66681, 
        "translated": 89435
    }, 
    "hy": {
        "approved": 0, 
        "translated": 3045
    }, 
    "id": {
        "approved": 0, 
        "translated": 7334
    }, 
    "it": {
        "approved": 0, 
        "pending_since_timestamp": 1463143641.490857, 
        "translated": 93209
    }, 
    "ja": {
        "approved": 27916, 
        "translated": 58334
    }, 
    "ka": {
        "approved": 121146, 
        "pending_since_timestamp": 1463137378.219092, 
        "translated": 122074
    }, 
    "ko": {
        "approved": 117004, 
        "pending_since_timestamp": 1463133097.819566, 
        "translated": 139384
    }, 
    "lol": {
        "approved": 585, 
        "translated": 7531
    }, 
    "mn": {
        "approved": 73467, 
        "translated": 81602
    }, 
    "ms": {
        "approved": 0, 
        "translated": 742
    }, 
    "nb": {
        "approved": 96845, 
        "pending_since_timestamp": 1463133097.819566, 
        "translated": 100228
    }, 
    "nl": {
        "approved": 60007, 
        "pending_since_timestamp": 1463143641.490857, 
        "translated": 107190
    }, 
    "pl": {
        "approved": 190927, 
        "pending_since_timestamp": 1463137378.219092, 
        "translated": 191613
    }, 
    "pt": {
        "approved": 191352, 
        "pending_since_timestamp": 1463137378.219092, 
        "translated": 367591
    }, 
    "pt-pt": {
        "approved": 18593, 
        "translated": 114849
    }, 
    "ru": {
        "approved": 1179, 
        "translated": 19930
    }, 
    "sr": {
        "approved": 44957, 
        "pending_since_timestamp": 1463137378.219092, 
        "translated": 366453
    }, 
    "sw": {
        "approved": 11870, 
        "translated": 33875
    }, 
    "te": {
        "approved": 0, 
        "translated": 215
    }, 
    "th": {
        "approved": 0, 
        "translated": 122016
    }, 
    "tr": {
        "approved": 184403, 
        "pending_since_timestamp": 1463143641.490857, 
        "translated": 274015
    }, 
    "uk": {
        "approved": 0, 
        "translated": 2536
    }, 
    "ur": {
        "approved": 0, 
        "translated": 1476
    }, 
    "xh": {
        "approved": 0, 
        "translated": 1
    }, 
    "zh-hans": {
        "approved": 0, 
        "translated": 5210
    }, 
    "zu": {
        "approved": 0, 
        "translated": 23
    }
}