{
    "ar": {
        "approved": 0, 
        "translated": 4664
    }, 
    "bg": {
        "approved": 206068, 
        "translated": 230526
    }, 
    "bn": {
        "approved": 107871, 
        "pending_since_timestamp": 1469684685.836631, 
        "translated": 130118
    }, 
    "cs": {
        "approved": 12231, 
        "translated": 30648
    }, 
    "da": {
        "approved": 76714, 
        "translated": 85522
    }, 
    "de": {
        "approved": 158771, 
        "pending_since_timestamp": 1469684685.836631, 
        "translated": 158911
    }, 
    "el": {
        "approved": 374, 
        "pending_since_timestamp": 1469661191.192114, 
        "translated": 7929
    }, 
    "es": {
        "approved": 295349, 
        "pending_since_timestamp": 1469684685.836631, 
        "translated": 396639
    }, 
    "fa": {
        "approved": 0, 
        "translated": 106
    }, 
    "fa-af": {
        "approved": 0, 
        "translated": 72
    }, 
    "fr": {
        "approved": 168330, 
        "pending_since_timestamp": 1469689828.799614, 
        "translated": 175944
    }, 
    "he": {
        "approved": 8492, 
        "translated": 8731
    }, 
    "hi": {
        "approved": 68501, 
        "pending_since_timestamp": 1469688522.618134, 
        "translated": 111957
    }, 
    "hy": {
        "approved": 0, 
        "translated": 3018
    }, 
    "id": {
        "approved": 0, 
        "translated": 7630
    }, 
    "it": {
        "approved": 15607, 
        "translated": 108107
    }, 
    "ja": {
        "approved": 34336, 
        "translated": 81578
    }, 
    "ka": {
        "approved": 145402, 
        "pending_since_timestamp": 1469677450.546881, 
        "translated": 146675
    }, 
    "ko": {
        "approved": 127097, 
        "pending_since_timestamp": 1469685479.643349, 
        "translated": 153037
    }, 
    "lol": {
        "approved": 603, 
        "translated": 8847
    }, 
    "mn": {
        "approved": 75561, 
        "translated": 83216
    }, 
    "ms": {
        "approved": 0, 
        "translated": 734
    }, 
    "nb": {
        "approved": 98530, 
        "translated": 101742
    }, 
    "nl": {
        "approved": 80587, 
        "translated": 118548
    }, 
    "pl": {
        "approved": 206644, 
        "translated": 206963
    }, 
    "pt": {
        "approved": 207454, 
        "pending_since_timestamp": 1469688522.618134, 
        "translated": 384772
    }, 
    "pt-pt": {
        "approved": 33004, 
        "translated": 91625
    }, 
    "ru": {
        "approved": 1197, 
        "translated": 19699
    }, 
    "sr": {
        "approved": 45768, 
        "translated": 381947
    }, 
    "sw": {
        "approved": 11695, 
        "translated": 33706
    }, 
    "te": {
        "approved": 0, 
        "translated": 210
    }, 
    "th": {
        "approved": 0, 
        "translated": 120457
    }, 
    "tr": {
        "approved": 212255, 
        "translated": 291913
    }, 
    "uk": {
        "approved": 0, 
        "translated": 2540
    }, 
    "ur": {
        "approved": 0, 
        "translated": 1634
    }, 
    "xh": {
        "approved": 0, 
        "translated": 1
    }, 
    "zh-hans": {
        "approved": 0, 
        "translated": 5206
    }, 
    "zu": {
        "approved": 0, 
        "translated": 22
    }
}