{
    "ar": {
        "approved": 381, 
        "translated": 4331
    }, 
    "bg": {
        "approved": 196460, 
        "pending_since_timestamp": 1492068955.352297, 
        "translated": 227754
    }, 
    "bn": {
        "approved": 130746, 
        "pending_since_timestamp": 1492070423.924994, 
        "translated": 141443
    }, 
    "cs": {
        "approved": 11819, 
        "translated": 29278
    }, 
    "da": {
        "approved": 72902, 
        "pending_since_timestamp": 1492070423.924994, 
        "translated": 83594
    }, 
    "de": {
        "approved": 206287, 
        "pending_since_timestamp": 1492070423.924994, 
        "translated": 211830
    }, 
    "el": {
        "approved": 1483, 
        "translated": 17181
    }, 
    "es": {
        "approved": 343091, 
        "translated": 358512
    }, 
    "fa": {
        "approved": 1, 
        "translated": 99
    }, 
    "fa-af": {
        "approved": 31, 
        "translated": 104
    }, 
    "fr": {
        "approved": 228378, 
        "pending_since_timestamp": 1492070423.924994, 
        "translated": 237090
    }, 
    "he": {
        "approved": 6340, 
        "translated": 7197
    }, 
    "hi": {
        "approved": 99516, 
        "translated": 115048
    }, 
    "hy": {
        "approved": 7403, 
        "translated": 12285
    }, 
    "id": {
        "approved": 531, 
        "translated": 6415
    }, 
    "it": {
        "approved": 88835, 
        "translated": 118134
    }, 
    "ja": {
        "approved": 99824, 
        "translated": 117423
    }, 
    "ka": {
        "approved": 192755, 
        "pending_since_timestamp": 1492072337.255472, 
        "translated": 200742
    }, 
    "ko": {
        "approved": 151874, 
        "translated": 164080
    }, 
    "lol": {
        "approved": 385, 
        "translated": 8629
    }, 
    "mn": {
        "approved": 81422, 
        "translated": 100677
    }, 
    "ms": {
        "approved": 29, 
        "translated": 640
    }, 
    "nb": {
        "approved": 93637, 
        "translated": 98661
    }, 
    "nl": {
        "approved": 104800, 
        "translated": 127973
    }, 
    "pl": {
        "approved": 264129, 
        "translated": 264398
    }, 
    "pt": {
        "approved": 269656, 
        "translated": 307688
    }, 
    "pt-pt": {
        "approved": 80916, 
        "pending_since_timestamp": 1492072337.255472, 
        "translated": 113075
    }, 
    "ru": {
        "approved": 1537, 
        "translated": 18482
    }, 
    "sr": {
        "approved": 50583, 
        "translated": 68363
    }, 
    "sw": {
        "approved": 34221, 
        "pending_since_timestamp": 1492064683.182263, 
        "translated": 51965
    }, 
    "te": {
        "approved": 15, 
        "translated": 205
    }, 
    "th": {
        "approved": 301, 
        "translated": 121481
    }, 
    "tr": {
        "approved": 266968, 
        "pending_since_timestamp": 1492068955.352297, 
        "translated": 359483
    }, 
    "uk": {
        "approved": 98, 
        "translated": 2513
    }, 
    "ur": {
        "approved": 92, 
        "translated": 1160
    }, 
    "xh": {
        "approved": 40, 
        "translated": 40
    }, 
    "zh-hans": {
        "approved": 925, 
        "pending_since_timestamp": 1492063188.732448, 
        "translated": 11537
    }, 
    "zu": {
        "approved": 1, 
        "translated": 20
    }
}