{
    "ar": {
        "approved": 0, 
        "translated": 3592
    }, 
    "bg": {
        "approved": 69379, 
        "pending_since_timestamp": 1443709086.479048, 
        "translated": 136115
    }, 
    "bn": {
        "approved": 15912, 
        "pending_since_timestamp": 1443676230.601586, 
        "translated": 41683
    }, 
    "cs": {
        "approved": 0, 
        "pending_since_timestamp": 1443630744.308204, 
        "translated": 3010
    }, 
    "da": {
        "approved": 22694, 
        "translated": 68271
    }, 
    "de": {
        "approved": 91735, 
        "translated": 100128
    }, 
    "el": {
        "approved": 0, 
        "translated": 6280
    }, 
    "es": {
        "approved": 178774, 
        "pending_since_timestamp": 1443714111.170228, 
        "translated": 282787
    }, 
    "fa": {
        "approved": 0, 
        "pending_since_timestamp": 1443673035.426252, 
        "translated": 223
    }, 
    "fa-af": {
        "approved": 0, 
        "translated": 0
    }, 
    "fr": {
        "approved": 101741, 
        "pending_since_timestamp": 1443707171.154681, 
        "translated": 105527
    }, 
    "he": {
        "approved": 8679, 
        "translated": 9103
    }, 
    "hi": {
        "approved": 40454, 
        "pending_since_timestamp": 1443695922.101518, 
        "translated": 61643
    }, 
    "hy": {
        "approved": 0, 
        "pending_since_timestamp": 1443630744.308204, 
        "translated": 88
    }, 
    "id": {
        "approved": 0, 
        "translated": 8835
    }, 
    "it": {
        "approved": 0, 
        "translated": 41760
    }, 
    "ja": {
        "approved": 16418, 
        "pending_since_timestamp": 1443690498.503332, 
        "translated": 51335
    }, 
    "ko": {
        "approved": 80519, 
        "translated": 89706
    }, 
    "mn": {
        "approved": 0, 
        "translated": 6313
    }, 
    "ms": {
        "approved": 0, 
        "pending_since_timestamp": 1443673035.426252, 
        "translated": 697
    }, 
    "nb": {
        "approved": 84418, 
        "translated": 87301
    }, 
    "nl": {
        "approved": 28046, 
        "translated": 42072
    }, 
    "pl": {
        "approved": 109831, 
        "pending_since_timestamp": 1443701430.463966, 
        "translated": 123885
    }, 
    "pt": {
        "approved": 146030, 
        "pending_since_timestamp": 1443710185.97834, 
        "translated": 282785
    }, 
    "pt-pt": {
        "approved": 13407, 
        "translated": 40777
    }, 
    "ru": {
        "approved": 0, 
        "translated": 11016
    }, 
    "sr": {
        "approved": 33194, 
        "pending_since_timestamp": 1443714111.170228, 
        "translated": 282785
    }, 
    "sw": {
        "approved": 0, 
        "pending_since_timestamp": 1443701430.463966, 
        "translated": 13116
    }, 
    "te": {
        "approved": 0, 
        "pending_since_timestamp": 1443630744.308204, 
        "translated": 93
    }, 
    "th": {
        "approved": 0, 
        "pending_since_timestamp": 1443701430.463966, 
        "translated": 108602
    }, 
    "tr": {
        "approved": 175354, 
        "translated": 197586
    }, 
    "uk": {
        "approved": 0, 
        "pending_since_timestamp": 1443673035.426252, 
        "translated": 1569
    }, 
    "ur": {
        "approved": 0, 
        "translated": 1412
    }, 
    "xh": {
        "approved": 0, 
        "translated": 1
    }, 
    "zh-hans": {
        "approved": 0, 
        "pending_since_timestamp": 1443673035.426252, 
        "translated": 4631
    }, 
    "zu": {
        "approved": 0, 
        "pending_since_timestamp": 1443630744.308204, 
        "translated": 21
    }
}