{
    "ar": {
        "approved": 0, 
        "pending_since_timestamp": 1462801047.330566, 
        "translated": 4597
    }, 
    "bg": {
        "approved": 185838, 
        "pending_since_timestamp": 1462831385.172658, 
        "translated": 189657
    }, 
    "bn": {
        "approved": 76185, 
        "pending_since_timestamp": 1462841341.947326, 
        "translated": 123474
    }, 
    "cs": {
        "approved": 12485, 
        "translated": 31522
    }, 
    "da": {
        "approved": 76891, 
        "translated": 88614
    }, 
    "de": {
        "approved": 151806, 
        "translated": 152228
    }, 
    "el": {
        "approved": 281, 
        "pending_since_timestamp": 1462801047.330566, 
        "translated": 7659
    }, 
    "es": {
        "approved": 264864, 
        "pending_since_timestamp": 1462840153.149, 
        "translated": 374321
    }, 
    "fa": {
        "approved": 0, 
        "translated": 211
    }, 
    "fa-af": {
        "approved": 0, 
        "translated": 72
    }, 
    "fr": {
        "approved": 158109, 
        "pending_since_timestamp": 1462846198.550558, 
        "translated": 165172
    }, 
    "he": {
        "approved": 8913, 
        "translated": 8926
    }, 
    "hi": {
        "approved": 68736, 
        "translated": 90129
    }, 
    "hy": {
        "approved": 0, 
        "translated": 3048
    }, 
    "id": {
        "approved": 0, 
        "translated": 8053
    }, 
    "it": {
        "approved": 0, 
        "translated": 94989
    }, 
    "ja": {
        "approved": 28540, 
        "translated": 60114
    }, 
    "ka": {
        "approved": 123084, 
        "translated": 124022
    }, 
    "ko": {
        "approved": 116356, 
        "pending_since_timestamp": 1462842698.801447, 
        "translated": 141968
    }, 
    "lol": {
        "approved": 587, 
        "translated": 7555
    }, 
    "mn": {
        "approved": 75093, 
        "pending_since_timestamp": 1462838951.540186, 
        "translated": 83194
    }, 
    "ms": {
        "approved": 0, 
        "translated": 743
    }, 
    "nb": {
        "approved": 100445, 
        "translated": 103842
    }, 
    "nl": {
        "approved": 55614, 
        "translated": 109105
    }, 
    "pl": {
        "approved": 194907, 
        "pending_since_timestamp": 1462841341.947326, 
        "translated": 195690
    }, 
    "pt": {
        "approved": 195458, 
        "pending_since_timestamp": 1462838951.540186, 
        "translated": 371459
    }, 
    "pt-pt": {
        "approved": 18892, 
        "translated": 117813
    }, 
    "ru": {
        "approved": 1179, 
        "translated": 20382
    }, 
    "sr": {
        "approved": 46595, 
        "pending_since_timestamp": 1462835333.146184, 
        "translated": 370214
    }, 
    "sw": {
        "approved": 11947, 
        "translated": 34712
    }, 
    "te": {
        "approved": 0, 
        "translated": 215
    }, 
    "th": {
        "approved": 0, 
        "translated": 126235
    }, 
    "tr": {
        "approved": 166600, 
        "translated": 278086
    }, 
    "uk": {
        "approved": 0, 
        "pending_since_timestamp": 1462801047.330566, 
        "translated": 2584
    }, 
    "ur": {
        "approved": 0, 
        "pending_since_timestamp": 1462801047.330566, 
        "translated": 1516
    }, 
    "xh": {
        "approved": 0, 
        "translated": 1
    }, 
    "zh-hans": {
        "approved": 0, 
        "pending_since_timestamp": 1462801047.330566, 
        "translated": 5401
    }, 
    "zu": {
        "approved": 0, 
        "translated": 23
    }
}