{
    "ar": {
        "approved": 0, 
        "translated": 3591
    }, 
    "bg": {
        "approved": 69354, 
        "pending_since_timestamp": 1443800506.24293, 
        "translated": 136367
    }, 
    "bn": {
        "approved": 16078, 
        "pending_since_timestamp": 1443810172.322244, 
        "translated": 42477
    }, 
    "cs": {
        "approved": 0, 
        "pending_since_timestamp": 1443630744.308204, 
        "translated": 3010
    }, 
    "da": {
        "approved": 22669, 
        "pending_since_timestamp": 1443803307.392981, 
        "translated": 68246
    }, 
    "de": {
        "approved": 91719, 
        "pending_since_timestamp": 1443803307.392981, 
        "translated": 100127
    }, 
    "el": {
        "approved": 0, 
        "pending_since_timestamp": 1443808283.455528, 
        "translated": 6271
    }, 
    "es": {
        "approved": 179193, 
        "translated": 282930
    }, 
    "fa": {
        "approved": 0, 
        "translated": 214
    }, 
    "fa-af": {
        "approved": 0, 
        "translated": 0
    }, 
    "fr": {
        "approved": 102344, 
        "pending_since_timestamp": 1443811072.67306, 
        "translated": 106113
    }, 
    "he": {
        "approved": 8679, 
        "pending_since_timestamp": 1443809222.4114, 
        "translated": 9095
    }, 
    "hi": {
        "approved": 40334, 
        "pending_since_timestamp": 1443813179.861784, 
        "translated": 61795
    }, 
    "hy": {
        "approved": 0, 
        "pending_since_timestamp": 1443630744.308204, 
        "translated": 88
    }, 
    "id": {
        "approved": 0, 
        "translated": 8827
    }, 
    "it": {
        "approved": 0, 
        "pending_since_timestamp": 1443803307.392981, 
        "translated": 41739
    }, 
    "ja": {
        "approved": 16404, 
        "translated": 51316
    }, 
    "ko": {
        "approved": 80494, 
        "translated": 90016
    }, 
    "mn": {
        "approved": 0, 
        "translated": 6313
    }, 
    "ms": {
        "approved": 0, 
        "translated": 624
    }, 
    "nb": {
        "approved": 84393, 
        "pending_since_timestamp": 1443807321.707934, 
        "translated": 87276
    }, 
    "nl": {
        "approved": 28036, 
        "translated": 42067
    }, 
    "pl": {
        "approved": 109814, 
        "pending_since_timestamp": 1443809222.4114, 
        "translated": 123982
    }, 
    "pt": {
        "approved": 146750, 
        "pending_since_timestamp": 1443812236.134243, 
        "translated": 282895
    }, 
    "pt-pt": {
        "approved": 13382, 
        "pending_since_timestamp": 1443798593.629176, 
        "translated": 40752
    }, 
    "ru": {
        "approved": 0, 
        "pending_since_timestamp": 1443803307.392981, 
        "translated": 11192
    }, 
    "sr": {
        "approved": 33183, 
        "pending_since_timestamp": 1443812236.134243, 
        "translated": 282877
    }, 
    "sw": {
        "approved": 0, 
        "translated": 13095
    }, 
    "te": {
        "approved": 0, 
        "pending_since_timestamp": 1443630744.308204, 
        "translated": 93
    }, 
    "th": {
        "approved": 0, 
        "pending_since_timestamp": 1443808283.455528, 
        "translated": 109507
    }, 
    "tr": {
        "approved": 175676, 
        "translated": 197642
    }, 
    "uk": {
        "approved": 0, 
        "translated": 1510
    }, 
    "ur": {
        "approved": 0, 
        "translated": 1404
    }, 
    "xh": {
        "approved": 0, 
        "translated": 1
    }, 
    "zh-hans": {
        "approved": 0, 
        "translated": 4550
    }, 
    "zu": {
        "approved": 0, 
        "pending_since_timestamp": 1443630744.308204, 
        "translated": 21
    }
}