{
    "ar": {
        "approved": 0, 
        "translated": 4465
    }, 
    "bg": {
        "approved": 206973, 
        "pending_since_timestamp": 1473970373.358169, 
        "translated": 233903
    }, 
    "bn": {
        "approved": 115993, 
        "pending_since_timestamp": 1473924973.165042, 
        "translated": 133168
    }, 
    "cs": {
        "approved": 12087, 
        "translated": 30189
    }, 
    "da": {
        "approved": 75396, 
        "translated": 84378
    }, 
    "de": {
        "approved": 175721, 
        "pending_since_timestamp": 1473962399.751015, 
        "translated": 176338
    }, 
    "el": {
        "approved": 374, 
        "pending_since_timestamp": 1473932744.500435, 
        "translated": 7995
    }, 
    "es": {
        "approved": 307196, 
        "pending_since_timestamp": 1473962399.751015, 
        "translated": 417406
    }, 
    "fa": {
        "approved": 0, 
        "translated": 104
    }, 
    "fa-af": {
        "approved": 0, 
        "translated": 72
    }, 
    "fr": {
        "approved": 174064, 
        "pending_since_timestamp": 1473973010.470237, 
        "translated": 183442
    }, 
    "he": {
        "approved": 8371, 
        "translated": 8739
    }, 
    "hi": {
        "approved": 91591, 
        "pending_since_timestamp": 1473970373.358169, 
        "translated": 113182
    }, 
    "hy": {
        "approved": 0, 
        "translated": 3012
    }, 
    "id": {
        "approved": 0, 
        "translated": 7266
    }, 
    "it": {
        "approved": 39984, 
        "pending_since_timestamp": 1473924973.165042, 
        "translated": 108250
    }, 
    "ja": {
        "approved": 37127, 
        "pending_since_timestamp": 1473962399.751015, 
        "translated": 81995
    }, 
    "ka": {
        "approved": 164971, 
        "pending_since_timestamp": 1473918540.466139, 
        "translated": 165640
    }, 
    "ko": {
        "approved": 132931, 
        "translated": 154896
    }, 
    "lol": {
        "approved": 599, 
        "translated": 8810
    }, 
    "mn": {
        "approved": 75041, 
        "translated": 82638
    }, 
    "ms": {
        "approved": 0, 
        "translated": 723
    }, 
    "nb": {
        "approved": 97693, 
        "translated": 100896
    }, 
    "nl": {
        "approved": 85415, 
        "pending_since_timestamp": 1473929473.611915, 
        "translated": 119590
    }, 
    "pl": {
        "approved": 219937, 
        "pending_since_timestamp": 1473980254.402422, 
        "translated": 220209
    }, 
    "pt": {
        "approved": 212457, 
        "pending_since_timestamp": 1473962399.751015, 
        "translated": 413392
    }, 
    "pt-pt": {
        "approved": 40713, 
        "translated": 78626
    }, 
    "ru": {
        "approved": 1190, 
        "translated": 19378
    }, 
    "sr": {
        "approved": 51969, 
        "pending_since_timestamp": 1473962399.751015, 
        "translated": 410413
    }, 
    "sw": {
        "approved": 11553, 
        "translated": 33226
    }, 
    "te": {
        "approved": 0, 
        "translated": 212
    }, 
    "th": {
        "approved": 0, 
        "translated": 119462
    }, 
    "tr": {
        "approved": 207281, 
        "pending_since_timestamp": 1473962399.751015, 
        "translated": 311480
    }, 
    "uk": {
        "approved": 0, 
        "translated": 2532
    }, 
    "ur": {
        "approved": 0, 
        "translated": 1420
    }, 
    "xh": {
        "approved": 0, 
        "translated": 1
    }, 
    "zh-hans": {
        "approved": 0, 
        "translated": 5113
    }, 
    "zu": {
        "approved": 0, 
        "pending_since_timestamp": 1470762331.56727, 
        "translated": 22
    }
}