{
    "ar": {
        "approved": 160, 
        "translated": 3828
    }, 
    "bg": {
        "approved": 197924, 
        "pending_since_timestamp": 1487438598.235853, 
        "translated": 211590
    }, 
    "bn": {
        "approved": 126547, 
        "translated": 139944
    }, 
    "cs": {
        "approved": 12206, 
        "translated": 28903
    }, 
    "da": {
        "approved": 73773, 
        "translated": 81575
    }, 
    "de": {
        "approved": 203066, 
        "pending_since_timestamp": 1487438598.235853, 
        "translated": 203351
    }, 
    "el": {
        "approved": 1207, 
        "pending_since_timestamp": 1487437373.026779, 
        "translated": 16092
    }, 
    "es": {
        "approved": 330208, 
        "pending_since_timestamp": 1487430952.049767, 
        "translated": 348447
    }, 
    "fa": {
        "approved": 1, 
        "translated": 103
    }, 
    "fa-af": {
        "approved": 31, 
        "translated": 104
    }, 
    "fr": {
        "approved": 220205, 
        "pending_since_timestamp": 1487442793.727452, 
        "translated": 227779
    }, 
    "he": {
        "approved": 6492, 
        "translated": 7038
    }, 
    "hi": {
        "approved": 96801, 
        "translated": 115575
    }, 
    "hy": {
        "approved": 7405, 
        "translated": 12321
    }, 
    "id": {
        "approved": 532, 
        "pending_since_timestamp": 1487427195.247147, 
        "translated": 6331
    }, 
    "it": {
        "approved": 66981, 
        "pending_since_timestamp": 1487439567.846823, 
        "translated": 114325
    }, 
    "ja": {
        "approved": 99915, 
        "translated": 116916
    }, 
    "ka": {
        "approved": 190368, 
        "translated": 195640
    }, 
    "ko": {
        "approved": 152834, 
        "translated": 162879
    }, 
    "lol": {
        "approved": 397, 
        "translated": 8647
    }, 
    "mn": {
        "approved": 73247, 
        "translated": 89224
    }, 
    "ms": {
        "approved": 29, 
        "translated": 682
    }, 
    "nb": {
        "approved": 95985, 
        "translated": 99169
    }, 
    "nl": {
        "approved": 103427, 
        "translated": 127015
    }, 
    "pl": {
        "approved": 251676, 
        "pending_since_timestamp": 1487442793.727452, 
        "translated": 251920
    }, 
    "pt": {
        "approved": 255141, 
        "pending_since_timestamp": 1487439567.846823, 
        "translated": 293211
    }, 
    "pt-pt": {
        "approved": 70071, 
        "translated": 100378
    }, 
    "ru": {
        "approved": 1634, 
        "translated": 18311
    }, 
    "sr": {
        "approved": 50791, 
        "translated": 68715
    }, 
    "sw": {
        "approved": 11627, 
        "translated": 31877
    }, 
    "te": {
        "approved": 16, 
        "translated": 214
    }, 
    "th": {
        "approved": 316, 
        "translated": 122098
    }, 
    "tr": {
        "approved": 249907, 
        "translated": 330790
    }, 
    "uk": {
        "approved": 98, 
        "translated": 2479
    }, 
    "ur": {
        "approved": 92, 
        "translated": 1200
    }, 
    "xh": {
        "approved": 40, 
        "translated": 40
    }, 
    "zh-hans": {
        "approved": 142, 
        "translated": 5436
    }, 
    "zu": {
        "approved": 1, 
        "translated": 22
    }
}