{
    "af": {
        "approved": 19, 
        "pending_since_timestamp": 1542057306.169735, 
        "translated": 1476
    }, 
    "am": {
        "approved": 0, 
        "translated": 0
    }, 
    "ar": {
        "approved": 103470, 
        "translated": 213600
    }, 
    "az": {
        "approved": 35919, 
        "translated": 37634
    }, 
    "bg": {
        "approved": 336157, 
        "pending_since_timestamp": 1548596911.014225, 
        "translated": 339487
    }, 
    "bn": {
        "approved": 147849, 
        "pending_since_timestamp": 1548649264.148572, 
        "translated": 162831
    }, 
    "ca": {
        "approved": 3, 
        "translated": 1919
    }, 
    "cs": {
        "approved": 133715, 
        "pending_since_timestamp": 1548561265.329479, 
        "translated": 153122
    }, 
    "da": {
        "approved": 175522, 
        "pending_since_timestamp": 1548655452.066128, 
        "translated": 197702
    }, 
    "de": {
        "approved": 303169, 
        "translated": 537192
    }, 
    "el": {
        "approved": 78410, 
        "pending_since_timestamp": 1548561265.329479, 
        "translated": 94209
    }, 
    "es": {
        "approved": 431599, 
        "translated": 448005
    }, 
    "et": {
        "approved": 44976, 
        "translated": 46288
    }, 
    "fa": {
        "approved": 1, 
        "translated": 189
    }, 
    "fa-af": {
        "approved": 31, 
        "translated": 103
    }, 
    "fi": {
        "approved": 82283, 
        "translated": 84177
    }, 
    "fil": {
        "approved": 204, 
        "translated": 297
    }, 
    "fr": {
        "approved": 286705, 
        "pending_since_timestamp": 1548662003.30962, 
        "translated": 290193
    }, 
    "fv": {
        "approved": 85802, 
        "translated": 85803
    }, 
    "gu": {
        "approved": 100993, 
        "pending_since_timestamp": 1548668780.817704, 
        "translated": 144877
    }, 
    "he": {
        "approved": 8419, 
        "translated": 8422
    }, 
    "hi": {
        "approved": 167026, 
        "translated": 179393
    }, 
    "hr": {
        "approved": 10947, 
        "translated": 16579
    }, 
    "ht": {
        "approved": 1, 
        "translated": 5
    }, 
    "hu": {
        "approved": 94737, 
        "translated": 114005
    }, 
    "hy": {
        "approved": 139635, 
        "pending_since_timestamp": 1548618600.795871, 
        "translated": 161781
    }, 
    "id": {
        "approved": 85039, 
        "translated": 91674
    }, 
    "it": {
        "approved": 155410, 
        "translated": 173695
    }, 
    "ja": {
        "approved": 125730, 
        "pending_since_timestamp": 1548618600.795871, 
        "translated": 146743
    }, 
    "ka": {
        "approved": 282701, 
        "pending_since_timestamp": 1548664853.629027, 
        "translated": 285103
    }, 
    "ki": {
        "approved": 0, 
        "translated": 37
    }, 
    "kk": {
        "approved": 103, 
        "translated": 103
    }, 
    "km": {
        "approved": 0, 
        "translated": 52
    }, 
    "kn": {
        "approved": 34597, 
        "translated": 40453
    }, 
    "ko": {
        "approved": 193428, 
        "pending_since_timestamp": 1548655452.066128, 
        "translated": 218440
    }, 
    "ky": {
        "approved": 0, 
        "pending_since_timestamp": 1548269765.09342, 
        "translated": 25
    }, 
    "lol": {
        "approved": 66857, 
        "translated": 82037
    }, 
    "lt": {
        "approved": 80819, 
        "pending_since_timestamp": 1548269765.09342, 
        "translated": 82763
    }, 
    "lv": {
        "approved": 54617, 
        "translated": 55050
    }, 
    "mn": {
        "approved": 82653, 
        "translated": 110555
    }, 
    "mr": {
        "approved": 0, 
        "translated": 0
    }, 
    "ms": {
        "approved": 29, 
        "translated": 636
    }, 
    "my": {
        "approved": 1, 
        "pending_since_timestamp": 1548144617.70946, 
        "translated": 122
    }, 
    "nb": {
        "approved": 133073, 
        "translated": 143131
    }, 
    "ne": {
        "approved": 0, 
        "translated": 1
    }, 
    "nl": {
        "approved": 131988, 
        "translated": 151700
    }, 
    "nn": {
        "approved": 0, 
        "translated": 1626
    }, 
    "or": {
        "approved": 0, 
        "translated": 52
    }, 
    "pl": {
        "approved": 344730, 
        "pending_since_timestamp": 1548664853.629027, 
        "translated": 345054
    }, 
    "ps": {
        "approved": 582, 
        "pending_since_timestamp": 1548561265.329479, 
        "translated": 951
    }, 
    "pt": {
        "approved": 375482, 
        "translated": 417487
    }, 
    "pt-pt": {
        "approved": 155715, 
        "pending_since_timestamp": 1548615099.23155, 
        "translated": 184810
    }, 
    "ro": {
        "approved": 63678, 
        "translated": 67948
    }, 
    "ru": {
        "approved": 100673, 
        "translated": 122336
    }, 
    "rw": {
        "approved": 0, 
        "translated": 0
    }, 
    "si": {
        "approved": 0, 
        "translated": 196
    }, 
    "sk": {
        "approved": 0, 
        "translated": 2148
    }, 
    "sl": {
        "approved": 0, 
        "translated": 33
    }, 
    "sq": {
        "approved": 98722, 
        "translated": 102946
    }, 
    "sr": {
        "approved": 62748, 
        "translated": 81562
    }, 
    "sv": {
        "approved": 168610, 
        "pending_since_timestamp": 1548596911.014225, 
        "translated": 541535
    }, 
    "sw": {
        "approved": 0, 
        "translated": 0
    }, 
    "ta": {
        "approved": 56191, 
        "pending_since_timestamp": 1548615099.23155, 
        "translated": 78148
    }, 
    "te": {
        "approved": 16, 
        "translated": 208
    }, 
    "th": {
        "approved": 299, 
        "translated": 134562
    }, 
    "tr": {
        "approved": 309831, 
        "translated": 417950
    }, 
    "uk": {
        "approved": 70868, 
        "pending_since_timestamp": 1548339449.407052, 
        "translated": 91953
    }, 
    "ur": {
        "approved": 54603, 
        "translated": 57478
    }, 
    "uz": {
        "approved": 76750, 
        "pending_since_timestamp": 1548642945.343534, 
        "translated": 100216
    }, 
    "vi": {
        "approved": 2, 
        "translated": 1982
    }, 
    "xh": {
        "approved": 40, 
        "translated": 40
    }, 
    "zh-hans": {
        "approved": 190269, 
        "pending_since_timestamp": 1548580608.702911, 
        "translated": 267875
    }, 
    "zh-hant": {
        "approved": 10004, 
        "translated": 74455
    }, 
    "zu": {
        "approved": 1, 
        "translated": 18
    }
}