{
    "ar": {
        "approved": 260, 
        "translated": 4092
    }, 
    "bg": {
        "approved": 198086, 
        "pending_since_timestamp": 1488905802.281526, 
        "translated": 218498
    }, 
    "bn": {
        "approved": 128268, 
        "translated": 140928
    }, 
    "cs": {
        "approved": 12206, 
        "translated": 28919
    }, 
    "da": {
        "approved": 74402, 
        "translated": 81616
    }, 
    "de": {
        "approved": 203586, 
        "pending_since_timestamp": 1488911992.670394, 
        "translated": 203954
    }, 
    "el": {
        "approved": 1284, 
        "translated": 16413
    }, 
    "es": {
        "approved": 335884, 
        "translated": 352309
    }, 
    "fa": {
        "approved": 1, 
        "translated": 103
    }, 
    "fa-af": {
        "approved": 31, 
        "translated": 104
    }, 
    "fr": {
        "approved": 223421, 
        "pending_since_timestamp": 1488913291.118703, 
        "translated": 231250
    }, 
    "he": {
        "approved": 6499, 
        "translated": 7045
    }, 
    "hi": {
        "approved": 100326, 
        "pending_since_timestamp": 1488907434.566131, 
        "translated": 115668
    }, 
    "hy": {
        "approved": 7405, 
        "translated": 12321
    }, 
    "id": {
        "approved": 532, 
        "translated": 6443
    }, 
    "it": {
        "approved": 68583, 
        "pending_since_timestamp": 1488887014.721656, 
        "translated": 115679
    }, 
    "ja": {
        "approved": 100090, 
        "pending_since_timestamp": 1488882034.371311, 
        "translated": 117202
    }, 
    "ka": {
        "approved": 192385, 
        "translated": 197787
    }, 
    "ko": {
        "approved": 154036, 
        "translated": 162998
    }, 
    "lol": {
        "approved": 397, 
        "translated": 8647
    }, 
    "mn": {
        "approved": 79852, 
        "translated": 91754
    }, 
    "ms": {
        "approved": 29, 
        "translated": 684
    }, 
    "nb": {
        "approved": 96040, 
        "translated": 99248
    }, 
    "nl": {
        "approved": 104396, 
        "translated": 127214
    }, 
    "pl": {
        "approved": 255251, 
        "pending_since_timestamp": 1488907434.566131, 
        "translated": 255617
    }, 
    "pt": {
        "approved": 259526, 
        "pending_since_timestamp": 1488908874.257833, 
        "translated": 297592
    }, 
    "pt-pt": {
        "approved": 72749, 
        "pending_since_timestamp": 1488908874.257833, 
        "translated": 108693
    }, 
    "ru": {
        "approved": 1634, 
        "translated": 18388
    }, 
    "sr": {
        "approved": 50795, 
        "translated": 68722
    }, 
    "sw": {
        "approved": 11628, 
        "pending_since_timestamp": 1488887014.721656, 
        "translated": 33615
    }, 
    "te": {
        "approved": 16, 
        "translated": 214
    }, 
    "th": {
        "approved": 316, 
        "pending_since_timestamp": 1488887014.721656, 
        "translated": 122123
    }, 
    "tr": {
        "approved": 249977, 
        "pending_since_timestamp": 1488905802.281526, 
        "translated": 335098
    }, 
    "uk": {
        "approved": 98, 
        "translated": 2516
    }, 
    "ur": {
        "approved": 92, 
        "translated": 1200
    }, 
    "xh": {
        "approved": 40, 
        "translated": 40
    }, 
    "zh-hans": {
        "approved": 143, 
        "pending_since_timestamp": 1488887014.721656, 
        "translated": 5577
    }, 
    "zu": {
        "approved": 1, 
        "translated": 22
    }
}