{
    "ar": {
        "approved": 1278, 
        "translated": 4796
    }, 
    "bg": {
        "approved": 229122, 
        "translated": 249474
    }, 
    "bn": {
        "approved": 128263, 
        "translated": 142167
    }, 
    "cs": {
        "approved": 13326, 
        "translated": 30037
    }, 
    "da": {
        "approved": 81455, 
        "translated": 89095
    }, 
    "de": {
        "approved": 207288, 
        "translated": 208028
    }, 
    "el": {
        "approved": 2612, 
        "pending_since_timestamp": 1480524523.459279, 
        "translated": 10059
    }, 
    "es": {
        "approved": 370979, 
        "pending_since_timestamp": 1480553587.843366, 
        "translated": 389578
    }, 
    "fa": {
        "approved": 3, 
        "translated": 106
    }, 
    "fa-af": {
        "approved": 31, 
        "translated": 104
    }, 
    "fr": {
        "approved": 210836, 
        "pending_since_timestamp": 1480540759.360178, 
        "translated": 223496
    }, 
    "he": {
        "approved": 10000, 
        "translated": 10554
    }, 
    "hi": {
        "approved": 96685, 
        "translated": 116024
    }, 
    "hy": {
        "approved": 1078, 
        "translated": 8732
    }, 
    "id": {
        "approved": 2147, 
        "pending_since_timestamp": 1480509005.291717, 
        "translated": 7962
    }, 
    "it": {
        "approved": 66697, 
        "pending_since_timestamp": 1480509005.291717, 
        "translated": 118439
    }, 
    "ja": {
        "approved": 89357, 
        "translated": 118410
    }, 
    "ka": {
        "approved": 188466, 
        "translated": 193414
    }, 
    "ko": {
        "approved": 150099, 
        "translated": 167600
    }, 
    "lol": {
        "approved": 516, 
        "translated": 8801
    }, 
    "mn": {
        "approved": 74440, 
        "translated": 82019
    }, 
    "ms": {
        "approved": 394, 
        "translated": 1060
    }, 
    "nb": {
        "approved": 97420, 
        "translated": 100488
    }, 
    "nl": {
        "approved": 102618, 
        "pending_since_timestamp": 1480533917.584851, 
        "translated": 126247
    }, 
    "pl": {
        "approved": 256501, 
        "pending_since_timestamp": 1480551001.928907, 
        "translated": 257015
    }, 
    "pt": {
        "approved": 257011, 
        "pending_since_timestamp": 1480543572.12255, 
        "translated": 300104
    }, 
    "pt-pt": {
        "approved": 62941, 
        "pending_since_timestamp": 1480509005.291717, 
        "translated": 90660
    }, 
    "ru": {
        "approved": 3702, 
        "translated": 20271
    }, 
    "sr": {
        "approved": 53296, 
        "translated": 71108
    }, 
    "sw": {
        "approved": 12977, 
        "translated": 33153
    }, 
    "te": {
        "approved": 38, 
        "translated": 240
    }, 
    "th": {
        "approved": 1582, 
        "translated": 119073
    }, 
    "tr": {
        "approved": 263044, 
        "translated": 345639
    }, 
    "uk": {
        "approved": 339, 
        "translated": 2723
    }, 
    "ur": {
        "approved": 480, 
        "translated": 1600
    }, 
    "xh": {
        "approved": 40, 
        "translated": 41
    }, 
    "zh-hans": {
        "approved": 778, 
        "pending_since_timestamp": 1480509005.291717, 
        "translated": 5724
    }, 
    "zu": {
        "approved": 2, 
        "translated": 23
    }
}