{
    "ar": {
        "approved": 0, 
        "pending_since_timestamp": 1462801047.330566, 
        "translated": 4597
    }, 
    "bg": {
        "approved": 185838, 
        "pending_since_timestamp": 1462831385.172658, 
        "translated": 189657
    }, 
    "bn": {
        "approved": 76185, 
        "translated": 123474
    }, 
    "cs": {
        "approved": 12501, 
        "pending_since_timestamp": 1462801047.330566, 
        "translated": 31535
    }, 
    "da": {
        "approved": 77146, 
        "pending_since_timestamp": 1462801047.330566, 
        "translated": 88873
    }, 
    "de": {
        "approved": 152012, 
        "pending_since_timestamp": 1462801047.330566, 
        "translated": 152446
    }, 
    "el": {
        "approved": 281, 
        "pending_since_timestamp": 1462801047.330566, 
        "translated": 7659
    }, 
    "es": {
        "approved": 264560, 
        "pending_since_timestamp": 1462827501.730503, 
        "translated": 374287
    }, 
    "fa": {
        "approved": 0, 
        "translated": 211
    }, 
    "fa-af": {
        "approved": 0, 
        "translated": 72
    }, 
    "fr": {
        "approved": 158109, 
        "translated": 165172
    }, 
    "he": {
        "approved": 9201, 
        "pending_since_timestamp": 1462801047.330566, 
        "translated": 9214
    }, 
    "hi": {
        "approved": 68736, 
        "translated": 90129
    }, 
    "hy": {
        "approved": 0, 
        "translated": 3048
    }, 
    "id": {
        "approved": 0, 
        "pending_since_timestamp": 1462801047.330566, 
        "translated": 8067
    }, 
    "it": {
        "approved": 0, 
        "pending_since_timestamp": 1462801047.330566, 
        "translated": 94879
    }, 
    "ja": {
        "approved": 28599, 
        "pending_since_timestamp": 1462801047.330566, 
        "translated": 59766
    }, 
    "ka": {
        "approved": 123145, 
        "pending_since_timestamp": 1462801047.330566, 
        "translated": 123866
    }, 
    "ko": {
        "approved": 116356, 
        "translated": 141968
    }, 
    "lol": {
        "approved": 587, 
        "translated": 7555
    }, 
    "mn": {
        "approved": 75093, 
        "translated": 83194
    }, 
    "ms": {
        "approved": 0, 
        "translated": 743
    }, 
    "nb": {
        "approved": 100445, 
        "translated": 103842
    }, 
    "nl": {
        "approved": 55733, 
        "pending_since_timestamp": 1462801047.330566, 
        "translated": 109055
    }, 
    "pl": {
        "approved": 194907, 
        "pending_since_timestamp": 1462827501.730503, 
        "translated": 195649
    }, 
    "pt": {
        "approved": 195294, 
        "pending_since_timestamp": 1462826111.709699, 
        "translated": 371839
    }, 
    "pt-pt": {
        "approved": 18921, 
        "pending_since_timestamp": 1462801047.330566, 
        "translated": 117955
    }, 
    "ru": {
        "approved": 1179, 
        "pending_since_timestamp": 1462801047.330566, 
        "translated": 20394
    }, 
    "sr": {
        "approved": 46595, 
        "translated": 370214
    }, 
    "sw": {
        "approved": 11947, 
        "pending_since_timestamp": 1462801047.330566, 
        "translated": 34759
    }, 
    "te": {
        "approved": 0, 
        "translated": 215
    }, 
    "th": {
        "approved": 0, 
        "pending_since_timestamp": 1462801047.330566, 
        "translated": 126320
    }, 
    "tr": {
        "approved": 166600, 
        "translated": 278086
    }, 
    "uk": {
        "approved": 0, 
        "pending_since_timestamp": 1462801047.330566, 
        "translated": 2584
    }, 
    "ur": {
        "approved": 0, 
        "pending_since_timestamp": 1462801047.330566, 
        "translated": 1516
    }, 
    "xh": {
        "approved": 0, 
        "translated": 1
    }, 
    "zh-hans": {
        "approved": 0, 
        "pending_since_timestamp": 1462801047.330566, 
        "translated": 5401
    }, 
    "zu": {
        "approved": 0, 
        "translated": 23
    }
}