{
    "ar": {
        "approved": 0, 
        "translated": 4473
    }, 
    "bg": {
        "approved": 196600, 
        "pending_since_timestamp": 1470312314.915282, 
        "translated": 222002
    }, 
    "bn": {
        "approved": 109727, 
        "pending_since_timestamp": 1470305753.766726, 
        "translated": 130278
    }, 
    "cs": {
        "approved": 12229, 
        "translated": 30507
    }, 
    "da": {
        "approved": 75668, 
        "translated": 84107
    }, 
    "de": {
        "approved": 160546, 
        "pending_since_timestamp": 1470301778.634737, 
        "translated": 160741
    }, 
    "el": {
        "approved": 372, 
        "pending_since_timestamp": 1470301778.634737, 
        "translated": 7763
    }, 
    "es": {
        "approved": 289862, 
        "translated": 384887
    }, 
    "fa": {
        "approved": 0, 
        "translated": 106
    }, 
    "fa-af": {
        "approved": 0, 
        "translated": 72
    }, 
    "fr": {
        "approved": 167781, 
        "translated": 174518
    }, 
    "he": {
        "approved": 8449, 
        "translated": 8686
    }, 
    "hi": {
        "approved": 89761, 
        "pending_since_timestamp": 1470314056.234038, 
        "translated": 112114
    }, 
    "hy": {
        "approved": 0, 
        "translated": 3014
    }, 
    "id": {
        "approved": 0, 
        "translated": 7233
    }, 
    "it": {
        "approved": 15477, 
        "translated": 107937
    }, 
    "ja": {
        "approved": 34263, 
        "translated": 80850
    }, 
    "ka": {
        "approved": 146405, 
        "pending_since_timestamp": 1470301778.634737, 
        "translated": 147820
    }, 
    "ko": {
        "approved": 126499, 
        "translated": 151852
    }, 
    "lol": {
        "approved": 599, 
        "translated": 8825
    }, 
    "mn": {
        "approved": 75433, 
        "pending_since_timestamp": 1470298681.597535, 
        "translated": 83055
    }, 
    "ms": {
        "approved": 0, 
        "translated": 727
    }, 
    "nb": {
        "approved": 98252, 
        "translated": 101416
    }, 
    "nl": {
        "approved": 80392, 
        "pending_since_timestamp": 1470314056.234038, 
        "translated": 117603
    }, 
    "pl": {
        "approved": 204654, 
        "pending_since_timestamp": 1470312314.915282, 
        "translated": 204862
    }, 
    "pt": {
        "approved": 205079, 
        "pending_since_timestamp": 1470315884.230236, 
        "translated": 381992
    }, 
    "pt-pt": {
        "approved": 33604, 
        "pending_since_timestamp": 1470303352.535947, 
        "translated": 69529
    }, 
    "ru": {
        "approved": 1191, 
        "translated": 19536
    }, 
    "sr": {
        "approved": 45826, 
        "pending_since_timestamp": 1470315884.230236, 
        "translated": 380215
    }, 
    "sw": {
        "approved": 11695, 
        "translated": 33453
    }, 
    "te": {
        "approved": 0, 
        "translated": 211
    }, 
    "th": {
        "approved": 0, 
        "translated": 119944
    }, 
    "tr": {
        "approved": 206482, 
        "translated": 285728
    }, 
    "uk": {
        "approved": 0, 
        "translated": 2527
    }, 
    "ur": {
        "approved": 0, 
        "translated": 1446
    }, 
    "xh": {
        "approved": 0, 
        "translated": 1
    }, 
    "zh-hans": {
        "approved": 0, 
        "translated": 5151
    }, 
    "zu": {
        "approved": 0, 
        "translated": 22
    }
}