{
    "ar": {
        "approved": 160, 
        "translated": 3668
    }, 
    "bg": {
        "approved": 197842, 
        "translated": 208819
    }, 
    "bn": {
        "approved": 125761, 
        "translated": 138978
    }, 
    "cs": {
        "approved": 12206, 
        "pending_since_timestamp": 1486038054.700708, 
        "translated": 28902
    }, 
    "da": {
        "approved": 73783, 
        "translated": 81496
    }, 
    "de": {
        "approved": 202117, 
        "pending_since_timestamp": 1486060724.743444, 
        "translated": 202296
    }, 
    "el": {
        "approved": 1063, 
        "pending_since_timestamp": 1486067250.898768, 
        "translated": 15581
    }, 
    "es": {
        "approved": 322433, 
        "pending_since_timestamp": 1486047890.121885, 
        "translated": 343981
    }, 
    "fa": {
        "approved": 1, 
        "translated": 103
    }, 
    "fa-af": {
        "approved": 31, 
        "translated": 104
    }, 
    "fr": {
        "approved": 216026, 
        "pending_since_timestamp": 1486064384.476572, 
        "translated": 225022
    }, 
    "he": {
        "approved": 6495, 
        "translated": 7041
    }, 
    "hi": {
        "approved": 96817, 
        "translated": 115491
    }, 
    "hy": {
        "approved": 7405, 
        "pending_since_timestamp": 1486038054.700708, 
        "translated": 12303
    }, 
    "id": {
        "approved": 532, 
        "translated": 6304
    }, 
    "it": {
        "approved": 61376, 
        "pending_since_timestamp": 1486038054.700708, 
        "translated": 112453
    }, 
    "ja": {
        "approved": 99822, 
        "pending_since_timestamp": 1486031898.502161, 
        "translated": 116078
    }, 
    "ka": {
        "approved": 189449, 
        "translated": 194481
    }, 
    "ko": {
        "approved": 151176, 
        "pending_since_timestamp": 1486025564.451461, 
        "translated": 160564
    }, 
    "lol": {
        "approved": 397, 
        "translated": 8649
    }, 
    "mn": {
        "approved": 73254, 
        "translated": 84717
    }, 
    "ms": {
        "approved": 29, 
        "translated": 684
    }, 
    "nb": {
        "approved": 95991, 
        "translated": 99175
    }, 
    "nl": {
        "approved": 101661, 
        "pending_since_timestamp": 1486054147.295674, 
        "translated": 126236
    }, 
    "pl": {
        "approved": 247612, 
        "pending_since_timestamp": 1486060724.743444, 
        "translated": 247874
    }, 
    "pt": {
        "approved": 253144, 
        "pending_since_timestamp": 1486065887.660946, 
        "translated": 289848
    }, 
    "pt-pt": {
        "approved": 67058, 
        "pending_since_timestamp": 1486055785.907146, 
        "translated": 92805
    }, 
    "ru": {
        "approved": 1635, 
        "translated": 18074
    }, 
    "sr": {
        "approved": 50784, 
        "translated": 68701
    }, 
    "sw": {
        "approved": 11627, 
        "pending_since_timestamp": 1486038054.700708, 
        "translated": 31875
    }, 
    "te": {
        "approved": 16, 
        "translated": 214
    }, 
    "th": {
        "approved": 316, 
        "pending_since_timestamp": 1486038054.700708, 
        "translated": 121338
    }, 
    "tr": {
        "approved": 250023, 
        "pending_since_timestamp": 1486057192.577715, 
        "translated": 327848
    }, 
    "uk": {
        "approved": 98, 
        "translated": 2479
    }, 
    "ur": {
        "approved": 92, 
        "translated": 1201
    }, 
    "xh": {
        "approved": 40, 
        "translated": 40
    }, 
    "zh-hans": {
        "approved": 136, 
        "translated": 5056
    }, 
    "zu": {
        "approved": 1, 
        "translated": 22
    }
}