{
    "ar": {
        "approved": 380, 
        "translated": 4396
    }, 
    "bg": {
        "approved": 235248, 
        "translated": 238938
    }, 
    "bn": {
        "approved": 140996, 
        "translated": 149341
    }, 
    "cs": {
        "approved": 43110, 
        "translated": 66587
    }, 
    "da": {
        "approved": 71725, 
        "translated": 93445
    }, 
    "de": {
        "approved": 215222, 
        "translated": 215888
    }, 
    "el": {
        "approved": 2157, 
        "pending_since_timestamp": 1497459205.796607, 
        "translated": 22034
    }, 
    "es": {
        "approved": 350716, 
        "pending_since_timestamp": 1497470027.497567, 
        "translated": 366683
    }, 
    "fa": {
        "approved": 1, 
        "translated": 148
    }, 
    "fa-af": {
        "approved": 31, 
        "translated": 104
    }, 
    "fr": {
        "approved": 238525, 
        "translated": 246324
    }, 
    "he": {
        "approved": 7244, 
        "translated": 7475
    }, 
    "hi": {
        "approved": 98297, 
        "translated": 114293
    }, 
    "hy": {
        "approved": 7403, 
        "translated": 12239
    }, 
    "id": {
        "approved": 531, 
        "translated": 6433
    }, 
    "it": {
        "approved": 93273, 
        "pending_since_timestamp": 1497462886.528759, 
        "translated": 126215
    }, 
    "ja": {
        "approved": 101199, 
        "translated": 121258
    }, 
    "ka": {
        "approved": 203101, 
        "pending_since_timestamp": 1497470027.497567, 
        "translated": 208093
    }, 
    "ko": {
        "approved": 162446, 
        "translated": 174482
    }, 
    "lol": {
        "approved": 382, 
        "translated": 8546
    }, 
    "mn": {
        "approved": 81175, 
        "translated": 108021
    }, 
    "ms": {
        "approved": 29, 
        "translated": 759
    }, 
    "nb": {
        "approved": 126016, 
        "pending_since_timestamp": 1497462886.528759, 
        "translated": 130040
    }, 
    "nl": {
        "approved": 107645, 
        "translated": 129482
    }, 
    "pl": {
        "approved": 272271, 
        "pending_since_timestamp": 1497459205.796607, 
        "translated": 272482
    }, 
    "pt": {
        "approved": 289211, 
        "pending_since_timestamp": 1497462886.528759, 
        "translated": 327123
    }, 
    "pt-pt": {
        "approved": 90299, 
        "translated": 120804
    }, 
    "ru": {
        "approved": 1533, 
        "translated": 18413
    }, 
    "sr": {
        "approved": 50392, 
        "translated": 68044
    }, 
    "sw": {
        "approved": 49058, 
        "pending_since_timestamp": 1497445491.063522, 
        "translated": 62580
    }, 
    "te": {
        "approved": 16, 
        "translated": 241
    }, 
    "th": {
        "approved": 303, 
        "translated": 132762
    }, 
    "tr": {
        "approved": 268551, 
        "translated": 368842
    }, 
    "uk": {
        "approved": 98, 
        "translated": 2516
    }, 
    "ur": {
        "approved": 92, 
        "translated": 1161
    }, 
    "xh": {
        "approved": 40, 
        "translated": 40
    }, 
    "zh-hans": {
        "approved": 5817, 
        "translated": 37861
    }, 
    "zu": {
        "approved": 1, 
        "translated": 20
    }
}