{
    "ar": {
        "approved": 0, 
        "pending_since_timestamp": 1470361982.796963, 
        "translated": 4473
    }, 
    "bg": {
        "approved": 197170, 
        "pending_since_timestamp": 1470419013.63621, 
        "translated": 222611
    }, 
    "bn": {
        "approved": 109696, 
        "translated": 130154
    }, 
    "cs": {
        "approved": 12229, 
        "pending_since_timestamp": 1470361982.796963, 
        "translated": 30507
    }, 
    "da": {
        "approved": 75560, 
        "pending_since_timestamp": 1470419013.63621, 
        "translated": 84004
    }, 
    "de": {
        "approved": 160753, 
        "pending_since_timestamp": 1470442576.567525, 
        "translated": 161016
    }, 
    "el": {
        "approved": 371, 
        "translated": 7732
    }, 
    "es": {
        "approved": 289784, 
        "pending_since_timestamp": 1470375230.504864, 
        "translated": 389648
    }, 
    "fa": {
        "approved": 0, 
        "pending_since_timestamp": 1470361982.796963, 
        "translated": 106
    }, 
    "fa-af": {
        "approved": 0, 
        "translated": 72
    }, 
    "fr": {
        "approved": 167385, 
        "translated": 174119
    }, 
    "he": {
        "approved": 8430, 
        "translated": 8667
    }, 
    "hi": {
        "approved": 91727, 
        "translated": 112017
    }, 
    "hy": {
        "approved": 0, 
        "pending_since_timestamp": 1470361982.796963, 
        "translated": 3014
    }, 
    "id": {
        "approved": 0, 
        "translated": 7210
    }, 
    "it": {
        "approved": 15476, 
        "translated": 107808
    }, 
    "ja": {
        "approved": 34162, 
        "translated": 80733
    }, 
    "ka": {
        "approved": 146871, 
        "pending_since_timestamp": 1470430533.570523, 
        "translated": 148341
    }, 
    "ko": {
        "approved": 126256, 
        "translated": 151430
    }, 
    "lol": {
        "approved": 599, 
        "translated": 8825
    }, 
    "mn": {
        "approved": 75396, 
        "pending_since_timestamp": 1470419013.63621, 
        "translated": 83016
    }, 
    "ms": {
        "approved": 0, 
        "pending_since_timestamp": 1470361982.796963, 
        "translated": 727
    }, 
    "nb": {
        "approved": 98136, 
        "translated": 101301
    }, 
    "nl": {
        "approved": 80331, 
        "pending_since_timestamp": 1470419013.63621, 
        "translated": 117702
    }, 
    "pl": {
        "approved": 204390, 
        "translated": 204660
    }, 
    "pt": {
        "approved": 204965, 
        "pending_since_timestamp": 1470432483.691216, 
        "translated": 385845
    }, 
    "pt-pt": {
        "approved": 36453, 
        "translated": 71597
    }, 
    "ru": {
        "approved": 1191, 
        "translated": 19513
    }, 
    "sr": {
        "approved": 48657, 
        "translated": 385490
    }, 
    "sw": {
        "approved": 11695, 
        "translated": 33404
    }, 
    "te": {
        "approved": 0, 
        "pending_since_timestamp": 1470361982.796963, 
        "translated": 211
    }, 
    "th": {
        "approved": 0, 
        "translated": 119852
    }, 
    "tr": {
        "approved": 206150, 
        "pending_since_timestamp": 1470453378.366825, 
        "translated": 290092
    }, 
    "uk": {
        "approved": 0, 
        "pending_since_timestamp": 1470361982.796963, 
        "translated": 2527
    }, 
    "ur": {
        "approved": 0, 
        "pending_since_timestamp": 1470361982.796963, 
        "translated": 1446
    }, 
    "xh": {
        "approved": 0, 
        "translated": 1
    }, 
    "zh-hans": {
        "approved": 0, 
        "pending_since_timestamp": 1470361982.796963, 
        "translated": 5151
    }, 
    "zu": {
        "approved": 0, 
        "translated": 22
    }
}