{
    "ar": {
        "approved": 0, 
        "pending_since_timestamp": 1452647647.056026, 
        "translated": 4412
    }, 
    "bg": {
        "approved": 112331, 
        "pending_since_timestamp": 1452658183.147132, 
        "translated": 166569
    }, 
    "bn": {
        "approved": 43894, 
        "pending_since_timestamp": 1452656246.736891, 
        "translated": 82567
    }, 
    "cs": {
        "approved": 13077, 
        "translated": 29874
    }, 
    "da": {
        "approved": 38750, 
        "pending_since_timestamp": 1452643826.447246, 
        "translated": 69628
    }, 
    "de": {
        "approved": 113236, 
        "pending_since_timestamp": 1452643826.447246, 
        "translated": 113797
    }, 
    "el": {
        "approved": 0, 
        "pending_since_timestamp": 1452647647.056026, 
        "translated": 6863
    }, 
    "es": {
        "approved": 200084, 
        "translated": 315019
    }, 
    "fa": {
        "approved": 0, 
        "translated": 249
    }, 
    "fa-af": {
        "approved": 0, 
        "translated": 74
    }, 
    "fr": {
        "approved": 107858, 
        "translated": 114960
    }, 
    "he": {
        "approved": 8544, 
        "pending_since_timestamp": 1452647647.056026, 
        "translated": 9348
    }, 
    "hi": {
        "approved": 66137, 
        "translated": 73691
    }, 
    "hy": {
        "approved": 0, 
        "translated": 132
    }, 
    "id": {
        "approved": 0, 
        "pending_since_timestamp": 1452647647.056026, 
        "translated": 8785
    }, 
    "it": {
        "approved": 0, 
        "pending_since_timestamp": 1452643826.447246, 
        "translated": 68811
    }, 
    "ja": {
        "approved": 23385, 
        "pending_since_timestamp": 1452643826.447246, 
        "translated": 52130
    }, 
    "ko": {
        "approved": 73148, 
        "translated": 86834
    }, 
    "lol": {
        "approved": 612, 
        "translated": 5252
    }, 
    "mn": {
        "approved": 36148, 
        "translated": 52482
    }, 
    "ms": {
        "approved": 0, 
        "translated": 805
    }, 
    "nb": {
        "approved": 83395, 
        "translated": 84025
    }, 
    "nl": {
        "approved": 47855, 
        "pending_since_timestamp": 1452643826.447246, 
        "translated": 78457
    }, 
    "pl": {
        "approved": 122217, 
        "translated": 130388
    }, 
    "pt": {
        "approved": 154316, 
        "translated": 312206
    }, 
    "pt-pt": {
        "approved": 13645, 
        "pending_since_timestamp": 1452643826.447246, 
        "translated": 76385
    }, 
    "ru": {
        "approved": 1230, 
        "translated": 15557
    }, 
    "sr": {
        "approved": 34373, 
        "pending_since_timestamp": 1452647647.056026, 
        "translated": 310886
    }, 
    "sw": {
        "approved": 12451, 
        "translated": 33800
    }, 
    "te": {
        "approved": 0, 
        "translated": 226
    }, 
    "th": {
        "approved": 0, 
        "pending_since_timestamp": 1452643826.447246, 
        "translated": 127520
    }, 
    "tr": {
        "approved": 170576, 
        "translated": 224125
    }, 
    "uk": {
        "approved": 0, 
        "translated": 2695
    }, 
    "ur": {
        "approved": 0, 
        "pending_since_timestamp": 1452647647.056026, 
        "translated": 1622
    }, 
    "xh": {
        "approved": 0, 
        "translated": 1
    }, 
    "zh-hans": {
        "approved": 0, 
        "pending_since_timestamp": 1452647647.056026, 
        "translated": 4290
    }, 
    "zu": {
        "approved": 0, 
        "translated": 29
    }
}