{
    "ar": {
        "approved": 0, 
        "pending_since_timestamp": 1448910757.645491, 
        "translated": 3943
    }, 
    "bg": {
        "approved": 120773, 
        "translated": 158453
    }, 
    "bn": {
        "approved": 37372, 
        "pending_since_timestamp": 1448910757.645491, 
        "translated": 68169
    }, 
    "cs": {
        "approved": 13548, 
        "translated": 25990
    }, 
    "da": {
        "approved": 29308, 
        "pending_since_timestamp": 1448911772.35013, 
        "translated": 69248
    }, 
    "de": {
        "approved": 106385, 
        "translated": 106523
    }, 
    "el": {
        "approved": 0, 
        "translated": 6863
    }, 
    "es": {
        "approved": 197388, 
        "pending_since_timestamp": 1448912748.743752, 
        "translated": 297714
    }, 
    "fa": {
        "approved": 0, 
        "translated": 225
    }, 
    "fa-af": {
        "approved": 0, 
        "translated": 8
    }, 
    "fr": {
        "approved": 106629, 
        "pending_since_timestamp": 1448912748.743752, 
        "translated": 113034
    }, 
    "he": {
        "approved": 8604, 
        "pending_since_timestamp": 1448907322.788871, 
        "translated": 9131
    }, 
    "hi": {
        "approved": 70017, 
        "pending_since_timestamp": 1448909023.887109, 
        "translated": 70927
    }, 
    "hy": {
        "approved": 0, 
        "translated": 118
    }, 
    "id": {
        "approved": 0, 
        "translated": 9213
    }, 
    "it": {
        "approved": 0, 
        "translated": 55957
    }, 
    "ja": {
        "approved": 21025, 
        "translated": 53982
    }, 
    "ko": {
        "approved": 77798, 
        "translated": 88147
    }, 
    "lol": {
        "approved": 705, 
        "translated": 5654
    }, 
    "mn": {
        "approved": 17033, 
        "pending_since_timestamp": 1448915278.081521, 
        "translated": 38506
    }, 
    "ms": {
        "approved": 0, 
        "translated": 798
    }, 
    "nb": {
        "approved": 86687, 
        "translated": 89062
    }, 
    "nl": {
        "approved": 45768, 
        "pending_since_timestamp": 1448911772.35013, 
        "translated": 63560
    }, 
    "pl": {
        "approved": 116502, 
        "pending_since_timestamp": 1448909023.887109, 
        "translated": 126808
    }, 
    "pt": {
        "approved": 156464, 
        "pending_since_timestamp": 1448911772.35013, 
        "translated": 295156
    }, 
    "pt-pt": {
        "approved": 13908, 
        "pending_since_timestamp": 1448909023.887109, 
        "translated": 78986
    }, 
    "ru": {
        "approved": 1227, 
        "translated": 13993
    }, 
    "sr": {
        "approved": 35905, 
        "translated": 293638
    }, 
    "sw": {
        "approved": 13043, 
        "translated": 30855
    }, 
    "te": {
        "approved": 0, 
        "translated": 101
    }, 
    "th": {
        "approved": 0, 
        "translated": 128268
    }, 
    "tr": {
        "approved": 174713, 
        "translated": 209193
    }, 
    "uk": {
        "approved": 0, 
        "translated": 1603
    }, 
    "ur": {
        "approved": 0, 
        "translated": 1567
    }, 
    "xh": {
        "approved": 0, 
        "translated": 1
    }, 
    "zh-hans": {
        "approved": 0, 
        "translated": 4290
    }, 
    "zu": {
        "approved": 0, 
        "translated": 29
    }
}