{
    "ar": {
        "approved": 380, 
        "translated": 4287
    }, 
    "bg": {
        "approved": 196599, 
        "pending_since_timestamp": 1491247005.941493, 
        "translated": 226539
    }, 
    "bn": {
        "approved": 128793, 
        "translated": 141126
    }, 
    "cs": {
        "approved": 11912, 
        "translated": 29090
    }, 
    "da": {
        "approved": 73026, 
        "pending_since_timestamp": 1491242244.444464, 
        "translated": 83289
    }, 
    "de": {
        "approved": 203760, 
        "pending_since_timestamp": 1491251443.092269, 
        "translated": 206215
    }, 
    "el": {
        "approved": 1458, 
        "translated": 16995
    }, 
    "es": {
        "approved": 340116, 
        "translated": 355886
    }, 
    "fa": {
        "approved": 1, 
        "translated": 99
    }, 
    "fa-af": {
        "approved": 31, 
        "translated": 104
    }, 
    "fr": {
        "approved": 227334, 
        "translated": 235897
    }, 
    "he": {
        "approved": 6342, 
        "translated": 6986
    }, 
    "hi": {
        "approved": 99845, 
        "translated": 115369
    }, 
    "hy": {
        "approved": 7403, 
        "translated": 12288
    }, 
    "id": {
        "approved": 531, 
        "pending_since_timestamp": 1491216207.51405, 
        "translated": 6413
    }, 
    "it": {
        "approved": 89043, 
        "pending_since_timestamp": 1491244034.450454, 
        "translated": 118080
    }, 
    "ja": {
        "approved": 100006, 
        "translated": 117626
    }, 
    "ka": {
        "approved": 193124, 
        "pending_since_timestamp": 1491248687.120581, 
        "translated": 199859
    }, 
    "ko": {
        "approved": 152082, 
        "translated": 162753
    }, 
    "lol": {
        "approved": 392, 
        "translated": 8630
    }, 
    "mn": {
        "approved": 79764, 
        "translated": 97486
    }, 
    "ms": {
        "approved": 29, 
        "translated": 640
    }, 
    "nb": {
        "approved": 93663, 
        "translated": 98690
    }, 
    "nl": {
        "approved": 104465, 
        "pending_since_timestamp": 1491248687.120581, 
        "translated": 127721
    }, 
    "pl": {
        "approved": 259993, 
        "translated": 260148
    }, 
    "pt": {
        "approved": 268114, 
        "pending_since_timestamp": 1491244034.450454, 
        "translated": 305625
    }, 
    "pt-pt": {
        "approved": 80204, 
        "pending_since_timestamp": 1491238903.186575, 
        "translated": 111187
    }, 
    "ru": {
        "approved": 1537, 
        "pending_since_timestamp": 1491247005.941493, 
        "translated": 18429
    }, 
    "sr": {
        "approved": 50745, 
        "translated": 68520
    }, 
    "sw": {
        "approved": 32746, 
        "translated": 50811
    }, 
    "te": {
        "approved": 15, 
        "translated": 205
    }, 
    "th": {
        "approved": 301, 
        "translated": 121619
    }, 
    "tr": {
        "approved": 253976, 
        "translated": 340985
    }, 
    "uk": {
        "approved": 98, 
        "translated": 2515
    }, 
    "ur": {
        "approved": 92, 
        "translated": 1160
    }, 
    "xh": {
        "approved": 40, 
        "translated": 40
    }, 
    "zh-hans": {
        "approved": 336, 
        "pending_since_timestamp": 1491226370.951376, 
        "translated": 9382
    }, 
    "zu": {
        "approved": 1, 
        "translated": 20
    }
}