{
    "ar": {
        "approved": 0, 
        "translated": 4316
    }, 
    "bg": {
        "approved": 180927, 
        "translated": 190506
    }, 
    "bn": {
        "approved": 80711, 
        "pending_since_timestamp": 1463396939.069681, 
        "translated": 121195
    }, 
    "cs": {
        "approved": 12407, 
        "translated": 30947
    }, 
    "da": {
        "approved": 73339, 
        "translated": 84475
    }, 
    "de": {
        "approved": 148673, 
        "pending_since_timestamp": 1463403932.911121, 
        "translated": 148788
    }, 
    "el": {
        "approved": 281, 
        "translated": 7286
    }, 
    "es": {
        "approved": 262204, 
        "pending_since_timestamp": 1463396939.069681, 
        "translated": 371011
    }, 
    "fa": {
        "approved": 0, 
        "translated": 107
    }, 
    "fa-af": {
        "approved": 0, 
        "translated": 72
    }, 
    "fr": {
        "approved": 155212, 
        "pending_since_timestamp": 1463408701.876217, 
        "translated": 162745
    }, 
    "he": {
        "approved": 8643, 
        "translated": 8656
    }, 
    "hi": {
        "approved": 66648, 
        "translated": 90272
    }, 
    "hy": {
        "approved": 0, 
        "translated": 3044
    }, 
    "id": {
        "approved": 0, 
        "translated": 7325
    }, 
    "it": {
        "approved": 0, 
        "pending_since_timestamp": 1463389479.457869, 
        "translated": 93539
    }, 
    "ja": {
        "approved": 28063, 
        "translated": 58402
    }, 
    "ka": {
        "approved": 121697, 
        "pending_since_timestamp": 1463388263.439565, 
        "translated": 123806
    }, 
    "ko": {
        "approved": 117306, 
        "pending_since_timestamp": 1463388263.439565, 
        "translated": 139608
    }, 
    "lol": {
        "approved": 585, 
        "translated": 7531
    }, 
    "mn": {
        "approved": 73819, 
        "translated": 81902
    }, 
    "ms": {
        "approved": 0, 
        "translated": 734
    }, 
    "nb": {
        "approved": 97516, 
        "translated": 101381
    }, 
    "nl": {
        "approved": 74140, 
        "pending_since_timestamp": 1463406330.402597, 
        "translated": 108352
    }, 
    "pl": {
        "approved": 191963, 
        "pending_since_timestamp": 1463396939.069681, 
        "translated": 192571
    }, 
    "pt": {
        "approved": 192186, 
        "pending_since_timestamp": 1463396939.069681, 
        "translated": 368135
    }, 
    "pt-pt": {
        "approved": 18586, 
        "pending_since_timestamp": 1463406330.402597, 
        "translated": 114875
    }, 
    "ru": {
        "approved": 1171, 
        "translated": 19910
    }, 
    "sr": {
        "approved": 44950, 
        "pending_since_timestamp": 1463396939.069681, 
        "translated": 366992
    }, 
    "sw": {
        "approved": 11870, 
        "translated": 33872
    }, 
    "te": {
        "approved": 0, 
        "translated": 215
    }, 
    "th": {
        "approved": 0, 
        "translated": 122003
    }, 
    "tr": {
        "approved": 184251, 
        "translated": 274743
    }, 
    "uk": {
        "approved": 0, 
        "translated": 2525
    }, 
    "ur": {
        "approved": 0, 
        "translated": 1468
    }, 
    "xh": {
        "approved": 0, 
        "translated": 1
    }, 
    "zh-hans": {
        "approved": 0, 
        "translated": 5200
    }, 
    "zu": {
        "approved": 0, 
        "translated": 23
    }
}