{
    "ar": {
        "approved": 160, 
        "pending_since_timestamp": 1487082250.640922, 
        "translated": 3769
    }, 
    "bg": {
        "approved": 197913, 
        "pending_since_timestamp": 1487082250.640922, 
        "translated": 211451
    }, 
    "bn": {
        "approved": 126490, 
        "translated": 139358
    }, 
    "cs": {
        "approved": 12206, 
        "translated": 28902
    }, 
    "da": {
        "approved": 73777, 
        "translated": 81488
    }, 
    "de": {
        "approved": 203076, 
        "translated": 203243
    }, 
    "el": {
        "approved": 1079, 
        "translated": 16049
    }, 
    "es": {
        "approved": 327163, 
        "pending_since_timestamp": 1487082250.640922, 
        "translated": 346642
    }, 
    "fa": {
        "approved": 1, 
        "translated": 103
    }, 
    "fa-af": {
        "approved": 31, 
        "translated": 104
    }, 
    "fr": {
        "approved": 219248, 
        "pending_since_timestamp": 1487082250.640922, 
        "translated": 226948
    }, 
    "he": {
        "approved": 6493, 
        "translated": 7039
    }, 
    "hi": {
        "approved": 96824, 
        "translated": 115560
    }, 
    "hy": {
        "approved": 7405, 
        "translated": 12321
    }, 
    "id": {
        "approved": 532, 
        "pending_since_timestamp": 1487060629.332385, 
        "translated": 6322
    }, 
    "it": {
        "approved": 66987, 
        "translated": 114290
    }, 
    "ja": {
        "approved": 99922, 
        "pending_since_timestamp": 1487082250.640922, 
        "translated": 116656
    }, 
    "ka": {
        "approved": 189386, 
        "pending_since_timestamp": 1487082250.640922, 
        "translated": 194512
    }, 
    "ko": {
        "approved": 152617, 
        "translated": 162906
    }, 
    "lol": {
        "approved": 397, 
        "translated": 8647
    }, 
    "mn": {
        "approved": 73246, 
        "translated": 88923
    }, 
    "ms": {
        "approved": 29, 
        "translated": 682
    }, 
    "nb": {
        "approved": 95987, 
        "translated": 99171
    }, 
    "nl": {
        "approved": 102571, 
        "translated": 126864
    }, 
    "pl": {
        "approved": 250744, 
        "pending_since_timestamp": 1487090422.836908, 
        "translated": 251047
    }, 
    "pt": {
        "approved": 254559, 
        "pending_since_timestamp": 1487087375.551661, 
        "translated": 292331
    }, 
    "pt-pt": {
        "approved": 69598, 
        "translated": 99048
    }, 
    "ru": {
        "approved": 1634, 
        "translated": 18311
    }, 
    "sr": {
        "approved": 50796, 
        "translated": 68720
    }, 
    "sw": {
        "approved": 11627, 
        "translated": 31876
    }, 
    "te": {
        "approved": 16, 
        "translated": 214
    }, 
    "th": {
        "approved": 316, 
        "translated": 122104
    }, 
    "tr": {
        "approved": 249996, 
        "pending_since_timestamp": 1487088819.351929, 
        "translated": 330086
    }, 
    "uk": {
        "approved": 98, 
        "translated": 2477
    }, 
    "ur": {
        "approved": 92, 
        "translated": 1200
    }, 
    "xh": {
        "approved": 40, 
        "translated": 40
    }, 
    "zh-hans": {
        "approved": 142, 
        "translated": 5387
    }, 
    "zu": {
        "approved": 1, 
        "translated": 22
    }
}