{
    "ar": {
        "approved": 1277, 
        "pending_since_timestamp": 1480336058.851304, 
        "translated": 4795
    }, 
    "bg": {
        "approved": 228900, 
        "translated": 249295
    }, 
    "bn": {
        "approved": 128140, 
        "translated": 142099
    }, 
    "cs": {
        "approved": 13290, 
        "pending_since_timestamp": 1480336058.851304, 
        "translated": 30011
    }, 
    "da": {
        "approved": 81451, 
        "pending_since_timestamp": 1480336058.851304, 
        "translated": 89092
    }, 
    "de": {
        "approved": 207286, 
        "pending_since_timestamp": 1480336058.851304, 
        "translated": 207437
    }, 
    "el": {
        "approved": 2576, 
        "pending_since_timestamp": 1480336058.851304, 
        "translated": 10022
    }, 
    "es": {
        "approved": 369888, 
        "pending_since_timestamp": 1480311055.570587, 
        "translated": 387217
    }, 
    "fa": {
        "approved": 3, 
        "translated": 106
    }, 
    "fa-af": {
        "approved": 31, 
        "translated": 104
    }, 
    "fr": {
        "approved": 210414, 
        "pending_since_timestamp": 1480345959.990099, 
        "translated": 222772
    }, 
    "he": {
        "approved": 9995, 
        "pending_since_timestamp": 1480336058.851304, 
        "translated": 10549
    }, 
    "hi": {
        "approved": 96683, 
        "pending_since_timestamp": 1480336058.851304, 
        "translated": 116021
    }, 
    "hy": {
        "approved": 798, 
        "pending_since_timestamp": 1480336058.851304, 
        "translated": 7768
    }, 
    "id": {
        "approved": 2112, 
        "pending_since_timestamp": 1480336058.851304, 
        "translated": 7925
    }, 
    "it": {
        "approved": 66661, 
        "pending_since_timestamp": 1480330794.535017, 
        "translated": 118348
    }, 
    "ja": {
        "approved": 89349, 
        "pending_since_timestamp": 1480328189.596582, 
        "translated": 118264
    }, 
    "ka": {
        "approved": 188036, 
        "pending_since_timestamp": 1480336058.851304, 
        "translated": 193141
    }, 
    "ko": {
        "approved": 149291, 
        "pending_since_timestamp": 1480323901.600758, 
        "translated": 167572
    }, 
    "lol": {
        "approved": 595, 
        "translated": 8801
    }, 
    "mn": {
        "approved": 74433, 
        "pending_since_timestamp": 1480336058.851304, 
        "translated": 82012
    }, 
    "ms": {
        "approved": 392, 
        "pending_since_timestamp": 1480336058.851304, 
        "translated": 1056
    }, 
    "nb": {
        "approved": 97416, 
        "pending_since_timestamp": 1480336058.851304, 
        "translated": 100484
    }, 
    "nl": {
        "approved": 99538, 
        "translated": 126110
    }, 
    "pl": {
        "approved": 255521, 
        "pending_since_timestamp": 1480336058.851304, 
        "translated": 256023
    }, 
    "pt": {
        "approved": 250528, 
        "translated": 292465
    }, 
    "pt-pt": {
        "approved": 62619, 
        "pending_since_timestamp": 1480330794.535017, 
        "translated": 90405
    }, 
    "ru": {
        "approved": 3668, 
        "pending_since_timestamp": 1480336058.851304, 
        "translated": 20257
    }, 
    "sr": {
        "approved": 53292, 
        "pending_since_timestamp": 1480336058.851304, 
        "translated": 71101
    }, 
    "sw": {
        "approved": 12941, 
        "pending_since_timestamp": 1480336058.851304, 
        "translated": 33148
    }, 
    "te": {
        "approved": 34, 
        "pending_since_timestamp": 1480336058.851304, 
        "translated": 234
    }, 
    "th": {
        "approved": 1546, 
        "pending_since_timestamp": 1480336058.851304, 
        "translated": 119069
    }, 
    "tr": {
        "approved": 262931, 
        "pending_since_timestamp": 1480336058.851304, 
        "translated": 345094
    }, 
    "uk": {
        "approved": 337, 
        "pending_since_timestamp": 1480336058.851304, 
        "translated": 2721
    }, 
    "ur": {
        "approved": 480, 
        "translated": 1600
    }, 
    "xh": {
        "approved": 40, 
        "translated": 41
    }, 
    "zh-hans": {
        "approved": 744, 
        "pending_since_timestamp": 1480336058.851304, 
        "translated": 5688
    }, 
    "zu": {
        "approved": 2, 
        "translated": 23
    }
}