{
    "ar": {
        "approved": 0, 
        "translated": 4465
    }, 
    "bg": {
        "approved": 206051, 
        "pending_since_timestamp": 1473321989.477167, 
        "translated": 230893
    }, 
    "bn": {
        "approved": 115422, 
        "pending_since_timestamp": 1473316009.686527, 
        "translated": 132773
    }, 
    "cs": {
        "approved": 12087, 
        "translated": 30189
    }, 
    "da": {
        "approved": 75397, 
        "translated": 84350
    }, 
    "de": {
        "approved": 173121, 
        "pending_since_timestamp": 1473362054.139083, 
        "translated": 174166
    }, 
    "el": {
        "approved": 372, 
        "translated": 7821
    }, 
    "es": {
        "approved": 306101, 
        "translated": 415401
    }, 
    "fa": {
        "approved": 0, 
        "translated": 104
    }, 
    "fa-af": {
        "approved": 0, 
        "translated": 72
    }, 
    "fr": {
        "approved": 172378, 
        "pending_since_timestamp": 1473365751.045394, 
        "translated": 180458
    }, 
    "he": {
        "approved": 8371, 
        "pending_since_timestamp": 1473365751.045394, 
        "translated": 8692
    }, 
    "hi": {
        "approved": 91381, 
        "pending_since_timestamp": 1473316009.686527, 
        "translated": 112863
    }, 
    "hy": {
        "approved": 0, 
        "translated": 3012
    }, 
    "id": {
        "approved": 0, 
        "pending_since_timestamp": 1473362054.139083, 
        "translated": 7143
    }, 
    "it": {
        "approved": 39977, 
        "pending_since_timestamp": 1473321989.477167, 
        "translated": 108072
    }, 
    "ja": {
        "approved": 37045, 
        "pending_since_timestamp": 1473321989.477167, 
        "translated": 81866
    }, 
    "ka": {
        "approved": 159926, 
        "pending_since_timestamp": 1473372135.638558, 
        "translated": 160609
    }, 
    "ko": {
        "approved": 131877, 
        "pending_since_timestamp": 1473316009.686527, 
        "translated": 154405
    }, 
    "lol": {
        "approved": 599, 
        "translated": 8810
    }, 
    "mn": {
        "approved": 74977, 
        "translated": 82572
    }, 
    "ms": {
        "approved": 0, 
        "translated": 723
    }, 
    "nb": {
        "approved": 97695, 
        "pending_since_timestamp": 1473321989.477167, 
        "translated": 100898
    }, 
    "nl": {
        "approved": 85412, 
        "pending_since_timestamp": 1473321989.477167, 
        "translated": 118729
    }, 
    "pl": {
        "approved": 217999, 
        "pending_since_timestamp": 1473329119.187544, 
        "translated": 218308
    }, 
    "pt": {
        "approved": 209769, 
        "pending_since_timestamp": 1473369100.989584, 
        "translated": 410244
    }, 
    "pt-pt": {
        "approved": 39698, 
        "pending_since_timestamp": 1473285679.250693, 
        "translated": 74543
    }, 
    "ru": {
        "approved": 1190, 
        "translated": 19379
    }, 
    "sr": {
        "approved": 51970, 
        "pending_since_timestamp": 1473259712.192246, 
        "translated": 407700
    }, 
    "sw": {
        "approved": 11553, 
        "translated": 33227
    }, 
    "te": {
        "approved": 0, 
        "translated": 212
    }, 
    "th": {
        "approved": 0, 
        "translated": 119463
    }, 
    "tr": {
        "approved": 207277, 
        "pending_since_timestamp": 1473326897.098594, 
        "translated": 310072
    }, 
    "uk": {
        "approved": 0, 
        "pending_since_timestamp": 1473247294.818415, 
        "translated": 2518
    }, 
    "ur": {
        "approved": 0, 
        "pending_since_timestamp": 1473214348.404715, 
        "translated": 1421
    }, 
    "xh": {
        "approved": 0, 
        "translated": 1
    }, 
    "zh-hans": {
        "approved": 0, 
        "translated": 5113
    }, 
    "zu": {
        "approved": 0, 
        "pending_since_timestamp": 1470762331.56727, 
        "translated": 22
    }
}