{
    "ar": {
        "approved": 160, 
        "pending_since_timestamp": 1486736497.015322, 
        "translated": 3746
    }, 
    "bg": {
        "approved": 197838, 
        "pending_since_timestamp": 1486719660.60193, 
        "translated": 211225
    }, 
    "bn": {
        "approved": 126179, 
        "translated": 139324
    }, 
    "cs": {
        "approved": 12206, 
        "translated": 28903
    }, 
    "da": {
        "approved": 73778, 
        "translated": 81491
    }, 
    "de": {
        "approved": 203126, 
        "pending_since_timestamp": 1486736497.015322, 
        "translated": 203212
    }, 
    "el": {
        "approved": 1062, 
        "translated": 15628
    }, 
    "es": {
        "approved": 324859, 
        "translated": 345820
    }, 
    "fa": {
        "approved": 1, 
        "translated": 103
    }, 
    "fa-af": {
        "approved": 31, 
        "translated": 104
    }, 
    "fr": {
        "approved": 218897, 
        "pending_since_timestamp": 1486721395.590494, 
        "translated": 226714
    }, 
    "he": {
        "approved": 6493, 
        "translated": 7039
    }, 
    "hi": {
        "approved": 96815, 
        "translated": 115490
    }, 
    "hy": {
        "approved": 7405, 
        "translated": 12321
    }, 
    "id": {
        "approved": 532, 
        "translated": 6322
    }, 
    "it": {
        "approved": 61428, 
        "translated": 113251
    }, 
    "ja": {
        "approved": 99919, 
        "translated": 116478
    }, 
    "ka": {
        "approved": 189442, 
        "translated": 194550
    }, 
    "ko": {
        "approved": 152538, 
        "pending_since_timestamp": 1486728837.882716, 
        "translated": 162823
    }, 
    "lol": {
        "approved": 397, 
        "translated": 8647
    }, 
    "mn": {
        "approved": 73247, 
        "translated": 88341
    }, 
    "ms": {
        "approved": 29, 
        "translated": 682
    }, 
    "nb": {
        "approved": 95988, 
        "translated": 99172
    }, 
    "nl": {
        "approved": 102570, 
        "pending_since_timestamp": 1486715873.725533, 
        "translated": 126817
    }, 
    "pl": {
        "approved": 250248, 
        "translated": 250562
    }, 
    "pt": {
        "approved": 254087, 
        "pending_since_timestamp": 1486736497.015322, 
        "translated": 291652
    }, 
    "pt-pt": {
        "approved": 67773, 
        "pending_since_timestamp": 1486728837.882716, 
        "translated": 97258
    }, 
    "ru": {
        "approved": 1634, 
        "translated": 18186
    }, 
    "sr": {
        "approved": 50797, 
        "translated": 68721
    }, 
    "sw": {
        "approved": 11627, 
        "translated": 31875
    }, 
    "te": {
        "approved": 16, 
        "translated": 214
    }, 
    "th": {
        "approved": 316, 
        "translated": 122082
    }, 
    "tr": {
        "approved": 250076, 
        "translated": 329317
    }, 
    "uk": {
        "approved": 98, 
        "translated": 2477
    }, 
    "ur": {
        "approved": 92, 
        "translated": 1200
    }, 
    "xh": {
        "approved": 40, 
        "translated": 40
    }, 
    "zh-hans": {
        "approved": 142, 
        "translated": 5387
    }, 
    "zu": {
        "approved": 1, 
        "translated": 22
    }
}