{
    "af": {
        "approved": 19, 
        "pending_since_timestamp": 1542057306.169735, 
        "translated": 1479
    }, 
    "am": {
        "approved": 0, 
        "translated": 0
    }, 
    "ar": {
        "approved": 40187, 
        "pending_since_timestamp": 1542786635.115618, 
        "translated": 119307
    }, 
    "az": {
        "approved": 35927, 
        "translated": 37644
    }, 
    "bg": {
        "approved": 321070, 
        "pending_since_timestamp": 1542729568.054135, 
        "translated": 331864
    }, 
    "bn": {
        "approved": 147647, 
        "pending_since_timestamp": 1542716611.603579, 
        "translated": 160956
    }, 
    "ca": {
        "approved": 3, 
        "translated": 1950
    }, 
    "cs": {
        "approved": 126424, 
        "translated": 144943
    }, 
    "da": {
        "approved": 173001, 
        "pending_since_timestamp": 1542846251.392845, 
        "translated": 190951
    }, 
    "de": {
        "approved": 300158, 
        "pending_since_timestamp": 1542732514.476196, 
        "translated": 535521
    }, 
    "el": {
        "approved": 77549, 
        "pending_since_timestamp": 1542394675.753969, 
        "translated": 93130
    }, 
    "es": {
        "approved": 425515, 
        "pending_since_timestamp": 1542723160.270152, 
        "translated": 446769
    }, 
    "et": {
        "approved": 44985, 
        "pending_since_timestamp": 1542057306.169735, 
        "translated": 46293
    }, 
    "fa": {
        "approved": 1, 
        "translated": 190
    }, 
    "fa-af": {
        "approved": 31, 
        "translated": 103
    }, 
    "fi": {
        "approved": 82291, 
        "translated": 84050
    }, 
    "fil": {
        "approved": 204, 
        "translated": 297
    }, 
    "fr": {
        "approved": 284148, 
        "pending_since_timestamp": 1542716611.603579, 
        "translated": 287661
    }, 
    "fv": {
        "approved": 512, 
        "translated": 5215
    }, 
    "gu": {
        "approved": 95901, 
        "pending_since_timestamp": 1542780001.568602, 
        "translated": 139057
    }, 
    "he": {
        "approved": 8468, 
        "translated": 8471
    }, 
    "hi": {
        "approved": 167130, 
        "translated": 179496
    }, 
    "hr": {
        "approved": 10947, 
        "translated": 16552
    }, 
    "ht": {
        "approved": 1, 
        "translated": 5
    }, 
    "hu": {
        "approved": 92535, 
        "pending_since_timestamp": 1542786635.115618, 
        "translated": 111966
    }, 
    "hy": {
        "approved": 116710, 
        "pending_since_timestamp": 1542737813.824149, 
        "translated": 139071
    }, 
    "id": {
        "approved": 72679, 
        "pending_since_timestamp": 1542846251.392845, 
        "translated": 91224
    }, 
    "it": {
        "approved": 155490, 
        "translated": 172473
    }, 
    "ja": {
        "approved": 125227, 
        "pending_since_timestamp": 1542765953.946963, 
        "translated": 145309
    }, 
    "ka": {
        "approved": 275669, 
        "pending_since_timestamp": 1542692435.063858, 
        "translated": 280467
    }, 
    "ki": {
        "approved": 0, 
        "translated": 37
    }, 
    "kk": {
        "approved": 103, 
        "translated": 103
    }, 
    "km": {
        "approved": 0, 
        "translated": 52
    }, 
    "kn": {
        "approved": 33117, 
        "pending_since_timestamp": 1542151625.401737, 
        "translated": 39570
    }, 
    "ko": {
        "approved": 182379, 
        "pending_since_timestamp": 1542855255.711336, 
        "translated": 215479
    }, 
    "ky": {
        "approved": 0, 
        "translated": 25
    }, 
    "lol": {
        "approved": 66869, 
        "translated": 82051
    }, 
    "lt": {
        "approved": 73791, 
        "pending_since_timestamp": 1542786635.115618, 
        "translated": 75597
    }, 
    "lv": {
        "approved": 54626, 
        "translated": 55059
    }, 
    "mn": {
        "approved": 82594, 
        "translated": 110501
    }, 
    "mr": {
        "approved": 0, 
        "translated": 0
    }, 
    "ms": {
        "approved": 29, 
        "translated": 639
    }, 
    "my": {
        "approved": 1, 
        "translated": 112
    }, 
    "nb": {
        "approved": 133177, 
        "translated": 143213
    }, 
    "ne": {
        "approved": 0, 
        "translated": 1
    }, 
    "nl": {
        "approved": 126373, 
        "pending_since_timestamp": 1542791405.078639, 
        "translated": 141947
    }, 
    "nn": {
        "approved": 0, 
        "translated": 1629
    }, 
    "or": {
        "approved": 0, 
        "translated": 52
    }, 
    "pl": {
        "approved": 339556, 
        "translated": 339998
    }, 
    "ps": {
        "approved": 0, 
        "pending_since_timestamp": 1542394675.753969, 
        "translated": 24
    }, 
    "pt": {
        "approved": 368040, 
        "pending_since_timestamp": 1542708697.651643, 
        "translated": 408565
    }, 
    "pt-pt": {
        "approved": 147845, 
        "pending_since_timestamp": 1542794787.884348, 
        "translated": 177782
    }, 
    "ro": {
        "approved": 63729, 
        "translated": 68003
    }, 
    "ru": {
        "approved": 100650, 
        "translated": 121796
    }, 
    "rw": {
        "approved": 0, 
        "translated": 0
    }, 
    "si": {
        "approved": 0, 
        "translated": 196
    }, 
    "sk": {
        "approved": 0, 
        "translated": 2155
    }, 
    "sl": {
        "approved": 0, 
        "translated": 0
    }, 
    "sq": {
        "approved": 98739, 
        "translated": 102964
    }, 
    "sr": {
        "approved": 62843, 
        "translated": 81530
    }, 
    "sv": {
        "approved": 165952, 
        "pending_since_timestamp": 1542846251.392845, 
        "translated": 544042
    }, 
    "sw": {
        "approved": 0, 
        "translated": 0
    }, 
    "ta": {
        "approved": 47887, 
        "pending_since_timestamp": 1542774237.495721, 
        "translated": 68311
    }, 
    "te": {
        "approved": 16, 
        "translated": 208
    }, 
    "th": {
        "approved": 299, 
        "translated": 133129
    }, 
    "tr": {
        "approved": 309930, 
        "pending_since_timestamp": 1542716611.603579, 
        "translated": 417427
    }, 
    "uk": {
        "approved": 70582, 
        "translated": 90330
    }, 
    "ur": {
        "approved": 54614, 
        "translated": 57504
    }, 
    "uz": {
        "approved": 76758, 
        "pending_since_timestamp": 1542794787.884348, 
        "translated": 82866
    }, 
    "vi": {
        "approved": 2, 
        "translated": 1982
    }, 
    "xh": {
        "approved": 40, 
        "translated": 40
    }, 
    "zh-hans": {
        "approved": 172328, 
        "pending_since_timestamp": 1542701994.142916, 
        "translated": 239018
    }, 
    "zh-hant": {
        "approved": 10015, 
        "pending_since_timestamp": 1542768666.746107, 
        "translated": 73868
    }, 
    "zu": {
        "approved": 1, 
        "translated": 18
    }
}