{
    "ar": {
        "approved": 381, 
        "translated": 4331
    }, 
    "bg": {
        "approved": 196456, 
        "pending_since_timestamp": 1492087300.564969, 
        "translated": 227762
    }, 
    "bn": {
        "approved": 130744, 
        "translated": 141441
    }, 
    "cs": {
        "approved": 11819, 
        "translated": 29276
    }, 
    "da": {
        "approved": 72900, 
        "pending_since_timestamp": 1492088769.845201, 
        "translated": 83769
    }, 
    "de": {
        "approved": 206318, 
        "pending_since_timestamp": 1492097862.179187, 
        "translated": 211930
    }, 
    "el": {
        "approved": 1483, 
        "translated": 17181
    }, 
    "es": {
        "approved": 343086, 
        "pending_since_timestamp": 1492096532.079872, 
        "translated": 358507
    }, 
    "fa": {
        "approved": 1, 
        "translated": 99
    }, 
    "fa-af": {
        "approved": 31, 
        "translated": 104
    }, 
    "fr": {
        "approved": 228541, 
        "pending_since_timestamp": 1492087300.564969, 
        "translated": 237222
    }, 
    "he": {
        "approved": 6340, 
        "translated": 7197
    }, 
    "hi": {
        "approved": 99515, 
        "translated": 115047
    }, 
    "hy": {
        "approved": 7403, 
        "translated": 12285
    }, 
    "id": {
        "approved": 531, 
        "translated": 6414
    }, 
    "it": {
        "approved": 88833, 
        "pending_since_timestamp": 1492085820.506607, 
        "translated": 118132
    }, 
    "ja": {
        "approved": 99821, 
        "pending_since_timestamp": 1492080504.026226, 
        "translated": 117419
    }, 
    "ka": {
        "approved": 192751, 
        "pending_since_timestamp": 1492072337.255472, 
        "translated": 200742
    }, 
    "ko": {
        "approved": 151499, 
        "pending_since_timestamp": 1492073952.066475, 
        "translated": 164076
    }, 
    "lol": {
        "approved": 385, 
        "translated": 8629
    }, 
    "mn": {
        "approved": 81422, 
        "translated": 100677
    }, 
    "ms": {
        "approved": 29, 
        "translated": 640
    }, 
    "nb": {
        "approved": 93636, 
        "translated": 98660
    }, 
    "nl": {
        "approved": 104795, 
        "translated": 127968
    }, 
    "pl": {
        "approved": 264149, 
        "pending_since_timestamp": 1492093372.37603, 
        "translated": 264407
    }, 
    "pt": {
        "approved": 269698, 
        "pending_since_timestamp": 1492091908.342237, 
        "translated": 307753
    }, 
    "pt-pt": {
        "approved": 81423, 
        "translated": 113380
    }, 
    "ru": {
        "approved": 1537, 
        "translated": 18481
    }, 
    "sr": {
        "approved": 50583, 
        "translated": 68361
    }, 
    "sw": {
        "approved": 34221, 
        "pending_since_timestamp": 1492064683.182263, 
        "translated": 51965
    }, 
    "te": {
        "approved": 15, 
        "translated": 205
    }, 
    "th": {
        "approved": 301, 
        "translated": 121479
    }, 
    "tr": {
        "approved": 266963, 
        "pending_since_timestamp": 1492094444.759753, 
        "translated": 359617
    }, 
    "uk": {
        "approved": 98, 
        "translated": 2513
    }, 
    "ur": {
        "approved": 92, 
        "translated": 1160
    }, 
    "xh": {
        "approved": 40, 
        "translated": 40
    }, 
    "zh-hans": {
        "approved": 925, 
        "pending_since_timestamp": 1492063188.732448, 
        "translated": 11537
    }, 
    "zu": {
        "approved": 1, 
        "translated": 20
    }
}