{
    "af": {
        "approved": 19, 
        "pending_since_timestamp": 1506707268.776777, 
        "translated": 1580
    }, 
    "am": {
        "approved": 0, 
        "translated": 0
    }, 
    "ar": {
        "approved": 390, 
        "pending_since_timestamp": 1506707268.776777, 
        "translated": 7028
    }, 
    "az": {
        "approved": 36171, 
        "pending_since_timestamp": 1506707268.776777, 
        "translated": 36766
    }, 
    "bg": {
        "approved": 244635, 
        "translated": 259267
    }, 
    "bn": {
        "approved": 143673, 
        "translated": 152266
    }, 
    "ca": {
        "approved": 3, 
        "pending_since_timestamp": 1506707268.776777, 
        "translated": 2171
    }, 
    "cs": {
        "approved": 42942, 
        "pending_since_timestamp": 1506707268.776777, 
        "translated": 68254
    }, 
    "da": {
        "approved": 75954, 
        "translated": 98054
    }, 
    "de": {
        "approved": 225680, 
        "translated": 229218
    }, 
    "el": {
        "approved": 3450, 
        "pending_since_timestamp": 1506707268.776777, 
        "translated": 24343
    }, 
    "es": {
        "approved": 364565, 
        "translated": 386099
    }, 
    "et": {
        "approved": 45373, 
        "pending_since_timestamp": 1506707268.776777, 
        "translated": 46764
    }, 
    "fa": {
        "approved": 1, 
        "translated": 203
    }, 
    "fa-af": {
        "approved": 31, 
        "translated": 104
    }, 
    "fi": {
        "approved": 12477, 
        "pending_since_timestamp": 1506707268.776777, 
        "translated": 13545
    }, 
    "fil": {
        "approved": 0, 
        "translated": 1
    }, 
    "fr": {
        "approved": 252932, 
        "translated": 259053
    }, 
    "gu": {
        "approved": 3654, 
        "pending_since_timestamp": 1506649832.648356, 
        "translated": 3771
    }, 
    "he": {
        "approved": 6980, 
        "pending_since_timestamp": 1506707268.776777, 
        "translated": 7556
    }, 
    "hi": {
        "approved": 97425, 
        "translated": 113449
    }, 
    "hr": {
        "approved": 11138, 
        "pending_since_timestamp": 1506707268.776777, 
        "translated": 16993
    }, 
    "ht": {
        "approved": 1, 
        "translated": 5
    }, 
    "hu": {
        "approved": 46044, 
        "pending_since_timestamp": 1506707268.776777, 
        "translated": 53056
    }, 
    "hy": {
        "approved": 63126, 
        "pending_since_timestamp": 1506746786.790732, 
        "translated": 81221
    }, 
    "id": {
        "approved": 531, 
        "pending_since_timestamp": 1506675519.588501, 
        "translated": 6677
    }, 
    "it": {
        "approved": 110521, 
        "translated": 145051
    }, 
    "ja": {
        "approved": 104439, 
        "pending_since_timestamp": 1506707268.776777, 
        "translated": 126119
    }, 
    "ka": {
        "approved": 209133, 
        "translated": 216197
    }, 
    "kn": {
        "approved": 0, 
        "pending_since_timestamp": 1506707268.776777, 
        "translated": 163
    }, 
    "ko": {
        "approved": 172620, 
        "translated": 182126
    }, 
    "ky": {
        "approved": 0, 
        "translated": 27
    }, 
    "lol": {
        "approved": 281, 
        "translated": 8433
    }, 
    "lt": {
        "approved": 0, 
        "pending_since_timestamp": 1506707268.776777, 
        "translated": 1671
    }, 
    "lv": {
        "approved": 45458, 
        "pending_since_timestamp": 1506707268.776777, 
        "translated": 45481
    }, 
    "mn": {
        "approved": 85903, 
        "pending_since_timestamp": 1506707268.776777, 
        "translated": 113101
    }, 
    "mr": {
        "approved": 0, 
        "translated": 0
    }, 
    "ms": {
        "approved": 29, 
        "pending_since_timestamp": 1506707268.776777, 
        "translated": 732
    }, 
    "my": {
        "approved": 0, 
        "pending_since_timestamp": 1506707268.776777, 
        "translated": 126
    }, 
    "nb": {
        "approved": 133979, 
        "translated": 139349
    }, 
    "nl": {
        "approved": 110437, 
        "translated": 131572
    }, 
    "nn": {
        "approved": 0, 
        "translated": 1690
    }, 
    "or": {
        "approved": 0, 
        "translated": 65
    }, 
    "pl": {
        "approved": 291048, 
        "translated": 291158
    }, 
    "pt": {
        "approved": 308457, 
        "pending_since_timestamp": 1506737696.595299, 
        "translated": 354411
    }, 
    "pt-pt": {
        "approved": 103797, 
        "pending_since_timestamp": 1506728371.195656, 
        "translated": 130642
    }, 
    "ro": {
        "approved": 62800, 
        "pending_since_timestamp": 1506707268.776777, 
        "translated": 68376
    }, 
    "ru": {
        "approved": 1826, 
        "pending_since_timestamp": 1506707268.776777, 
        "translated": 20953
    }, 
    "rw": {
        "approved": 0, 
        "translated": 0
    }, 
    "si": {
        "approved": 0, 
        "pending_since_timestamp": 1506707268.776777, 
        "translated": 221
    }, 
    "sk": {
        "approved": 0, 
        "pending_since_timestamp": 1506707268.776777, 
        "translated": 2296
    }, 
    "sl": {
        "approved": 0, 
        "translated": 0
    }, 
    "sq": {
        "approved": 50036, 
        "pending_since_timestamp": 1506670338.43713, 
        "translated": 62631
    }, 
    "sr": {
        "approved": 50096, 
        "pending_since_timestamp": 1506707268.776777, 
        "translated": 68696
    }, 
    "sv": {
        "approved": 38578, 
        "pending_since_timestamp": 1506707268.776777, 
        "translated": 105247
    }, 
    "sw": {
        "approved": 0, 
        "translated": 0
    }, 
    "ta": {
        "approved": 11087, 
        "pending_since_timestamp": 1506651344.617843, 
        "translated": 48464
    }, 
    "te": {
        "approved": 16, 
        "pending_since_timestamp": 1506707268.776777, 
        "translated": 238
    }, 
    "th": {
        "approved": 303, 
        "pending_since_timestamp": 1506707268.776777, 
        "translated": 131946
    }, 
    "tr": {
        "approved": 269748, 
        "translated": 384824
    }, 
    "uk": {
        "approved": 98, 
        "pending_since_timestamp": 1506707268.776777, 
        "translated": 2463
    }, 
    "ur": {
        "approved": 92, 
        "pending_since_timestamp": 1506707268.776777, 
        "translated": 1270
    }, 
    "uz": {
        "approved": 156, 
        "pending_since_timestamp": 1506707268.776777, 
        "translated": 1496
    }, 
    "vi": {
        "approved": 2, 
        "pending_since_timestamp": 1506707268.776777, 
        "translated": 1343
    }, 
    "xh": {
        "approved": 40, 
        "translated": 40
    }, 
    "zh-hans": {
        "approved": 22525, 
        "pending_since_timestamp": 1506707268.776777, 
        "translated": 85874
    }, 
    "zh-hant": {
        "approved": 7526, 
        "pending_since_timestamp": 1506707268.776777, 
        "translated": 66270
    }, 
    "zu": {
        "approved": 1, 
        "translated": 20
    }
}