{
    "af": {
        "approved": 19, 
        "translated": 1513
    }, 
    "am": {
        "approved": 0, 
        "translated": 0
    }, 
    "ar": {
        "approved": 1389, 
        "pending_since_timestamp": 1536415463.299, 
        "translated": 34331
    }, 
    "az": {
        "approved": 35929, 
        "translated": 37667
    }, 
    "bg": {
        "approved": 315570, 
        "pending_since_timestamp": 1536603226.260349, 
        "translated": 323697
    }, 
    "bn": {
        "approved": 146444, 
        "translated": 158150
    }, 
    "ca": {
        "approved": 3, 
        "translated": 2019
    }, 
    "cs": {
        "approved": 112575, 
        "pending_since_timestamp": 1536566217.063924, 
        "translated": 128737
    }, 
    "da": {
        "approved": 163272, 
        "pending_since_timestamp": 1536607803.104356, 
        "translated": 182697
    }, 
    "de": {
        "approved": 297118, 
        "pending_since_timestamp": 1536603226.260349, 
        "translated": 535972
    }, 
    "el": {
        "approved": 76930, 
        "pending_since_timestamp": 1536603226.260349, 
        "translated": 92354
    }, 
    "es": {
        "approved": 415132, 
        "translated": 437870
    }, 
    "et": {
        "approved": 45001, 
        "translated": 46321
    }, 
    "fa": {
        "approved": 1, 
        "translated": 191
    }, 
    "fa-af": {
        "approved": 31, 
        "translated": 103
    }, 
    "fi": {
        "approved": 82599, 
        "translated": 84318
    }, 
    "fil": {
        "approved": 206, 
        "translated": 299
    }, 
    "fr": {
        "approved": 278786, 
        "pending_since_timestamp": 1536561316.106589, 
        "translated": 282412
    }, 
    "gu": {
        "approved": 51699, 
        "pending_since_timestamp": 1536561316.106589, 
        "translated": 120235
    }, 
    "he": {
        "approved": 8649, 
        "pending_since_timestamp": 1536603226.260349, 
        "translated": 8682
    }, 
    "hi": {
        "approved": 167712, 
        "pending_since_timestamp": 1536603226.260349, 
        "translated": 180083
    }, 
    "hr": {
        "approved": 10948, 
        "translated": 16617
    }, 
    "ht": {
        "approved": 1, 
        "translated": 5
    }, 
    "hu": {
        "approved": 90070, 
        "pending_since_timestamp": 1536505397.097054, 
        "translated": 109310
    }, 
    "hy": {
        "approved": 96323, 
        "pending_since_timestamp": 1536505397.097054, 
        "translated": 108355
    }, 
    "id": {
        "approved": 64364, 
        "translated": 77929
    }, 
    "it": {
        "approved": 155830, 
        "translated": 170879
    }, 
    "ja": {
        "approved": 124633, 
        "pending_since_timestamp": 1536603226.260349, 
        "translated": 143529
    }, 
    "ka": {
        "approved": 269986, 
        "pending_since_timestamp": 1536603226.260349, 
        "translated": 274354
    }, 
    "ki": {
        "approved": 0, 
        "translated": 37
    }, 
    "km": {
        "approved": 0, 
        "translated": 52
    }, 
    "kn": {
        "approved": 13876, 
        "pending_since_timestamp": 1536505397.097054, 
        "translated": 21066
    }, 
    "ko": {
        "approved": 180169, 
        "pending_since_timestamp": 1536612409.563243, 
        "translated": 208728
    }, 
    "ky": {
        "approved": 0, 
        "translated": 25
    }, 
    "lol": {
        "approved": 67050, 
        "translated": 82251
    }, 
    "lt": {
        "approved": 74000, 
        "translated": 75839
    }, 
    "lv": {
        "approved": 54643, 
        "pending_since_timestamp": 1536603226.260349, 
        "translated": 55048
    }, 
    "mn": {
        "approved": 82610, 
        "translated": 110527
    }, 
    "mr": {
        "approved": 0, 
        "translated": 0
    }, 
    "ms": {
        "approved": 29, 
        "translated": 669
    }, 
    "my": {
        "approved": 1, 
        "translated": 112
    }, 
    "nb": {
        "approved": 131814, 
        "pending_since_timestamp": 1536603226.260349, 
        "translated": 139593
    }, 
    "ne": {
        "approved": 0, 
        "translated": 1
    }, 
    "nl": {
        "approved": 122838, 
        "pending_since_timestamp": 1536603226.260349, 
        "translated": 140492
    }, 
    "nn": {
        "approved": 0, 
        "translated": 1636
    }, 
    "or": {
        "approved": 0, 
        "translated": 52
    }, 
    "pl": {
        "approved": 333537, 
        "pending_since_timestamp": 1536615576.479819, 
        "translated": 334116
    }, 
    "ps": {
        "approved": 0, 
        "translated": 23
    }, 
    "pt": {
        "approved": 363623, 
        "pending_since_timestamp": 1536603226.260349, 
        "translated": 402993
    }, 
    "pt-pt": {
        "approved": 143616, 
        "pending_since_timestamp": 1536603226.260349, 
        "translated": 174035
    }, 
    "ro": {
        "approved": 63960, 
        "pending_since_timestamp": 1536603226.260349, 
        "translated": 68245
    }, 
    "ru": {
        "approved": 100276, 
        "pending_since_timestamp": 1536603226.260349, 
        "translated": 121436
    }, 
    "rw": {
        "approved": 0, 
        "translated": 0
    }, 
    "si": {
        "approved": 0, 
        "translated": 198
    }, 
    "sk": {
        "approved": 0, 
        "translated": 2178
    }, 
    "sl": {
        "approved": 0, 
        "translated": 0
    }, 
    "sq": {
        "approved": 90640, 
        "pending_since_timestamp": 1536603226.260349, 
        "translated": 95087
    }, 
    "sr": {
        "approved": 63143, 
        "pending_since_timestamp": 1536603226.260349, 
        "translated": 81520
    }, 
    "sv": {
        "approved": 159786, 
        "translated": 546525
    }, 
    "sw": {
        "approved": 0, 
        "translated": 0
    }, 
    "ta": {
        "approved": 41115, 
        "pending_since_timestamp": 1536516634.145968, 
        "translated": 62087
    }, 
    "te": {
        "approved": 16, 
        "translated": 227
    }, 
    "th": {
        "approved": 303, 
        "translated": 133478
    }, 
    "tr": {
        "approved": 309898, 
        "pending_since_timestamp": 1536603226.260349, 
        "translated": 415961
    }, 
    "uk": {
        "approved": 2808, 
        "pending_since_timestamp": 1536603226.260349, 
        "translated": 19102
    }, 
    "ur": {
        "approved": 54621, 
        "translated": 57552
    }, 
    "uz": {
        "approved": 77051, 
        "translated": 79833
    }, 
    "vi": {
        "approved": 2, 
        "translated": 2011
    }, 
    "xh": {
        "approved": 40, 
        "translated": 40
    }, 
    "zh-hans": {
        "approved": 145519, 
        "pending_since_timestamp": 1536559115.683374, 
        "translated": 209340
    }, 
    "zh-hant": {
        "approved": 9664, 
        "pending_since_timestamp": 1536603226.260349, 
        "translated": 69399
    }, 
    "zu": {
        "approved": 1, 
        "translated": 18
    }
}