{
    "ar": {
        "approved": 161, 
        "translated": 3912
    }, 
    "bg": {
        "approved": 198062, 
        "pending_since_timestamp": 1487760368.947451, 
        "translated": 212332
    }, 
    "bn": {
        "approved": 127222, 
        "translated": 139977
    }, 
    "cs": {
        "approved": 12206, 
        "translated": 28903
    }, 
    "da": {
        "approved": 73772, 
        "translated": 81574
    }, 
    "de": {
        "approved": 203066, 
        "translated": 203593
    }, 
    "el": {
        "approved": 1214, 
        "translated": 16160
    }, 
    "es": {
        "approved": 333126, 
        "translated": 349880
    }, 
    "fa": {
        "approved": 1, 
        "translated": 103
    }, 
    "fa-af": {
        "approved": 31, 
        "translated": 104
    }, 
    "fr": {
        "approved": 220949, 
        "translated": 228269
    }, 
    "he": {
        "approved": 6492, 
        "translated": 7038
    }, 
    "hi": {
        "approved": 100277, 
        "translated": 115595
    }, 
    "hy": {
        "approved": 7405, 
        "translated": 12321
    }, 
    "id": {
        "approved": 532, 
        "translated": 6431
    }, 
    "it": {
        "approved": 66981, 
        "translated": 114462
    }, 
    "ja": {
        "approved": 99916, 
        "pending_since_timestamp": 1487758973.898951, 
        "translated": 116920
    }, 
    "ka": {
        "approved": 191162, 
        "pending_since_timestamp": 1487764593.298571, 
        "translated": 196060
    }, 
    "ko": {
        "approved": 153473, 
        "translated": 162949
    }, 
    "lol": {
        "approved": 397, 
        "translated": 8647
    }, 
    "mn": {
        "approved": 73240, 
        "pending_since_timestamp": 1487772102.267627, 
        "translated": 89514
    }, 
    "ms": {
        "approved": 29, 
        "translated": 682
    }, 
    "nb": {
        "approved": 95984, 
        "translated": 99184
    }, 
    "nl": {
        "approved": 103427, 
        "translated": 127090
    }, 
    "pl": {
        "approved": 253147, 
        "pending_since_timestamp": 1487775351.519446, 
        "translated": 253511
    }, 
    "pt": {
        "approved": 256882, 
        "translated": 294267
    }, 
    "pt-pt": {
        "approved": 70432, 
        "pending_since_timestamp": 1487772102.267627, 
        "translated": 101549
    }, 
    "ru": {
        "approved": 1634, 
        "translated": 18311
    }, 
    "sr": {
        "approved": 50791, 
        "translated": 68715
    }, 
    "sw": {
        "approved": 11627, 
        "translated": 31878
    }, 
    "te": {
        "approved": 16, 
        "translated": 214
    }, 
    "th": {
        "approved": 316, 
        "translated": 122097
    }, 
    "tr": {
        "approved": 249904, 
        "pending_since_timestamp": 1487773691.920611, 
        "translated": 330947
    }, 
    "uk": {
        "approved": 98, 
        "translated": 2479
    }, 
    "ur": {
        "approved": 92, 
        "translated": 1200
    }, 
    "xh": {
        "approved": 40, 
        "translated": 40
    }, 
    "zh-hans": {
        "approved": 142, 
        "pending_since_timestamp": 1487757722.891152, 
        "translated": 5458
    }, 
    "zu": {
        "approved": 1, 
        "translated": 22
    }
}