{
    "af": {
        "approved": 19, 
        "translated": 1519
    }, 
    "am": {
        "approved": 0, 
        "translated": 0
    }, 
    "ar": {
        "approved": 579, 
        "pending_since_timestamp": 1526045130.243616, 
        "translated": 23862
    }, 
    "az": {
        "approved": 36014, 
        "translated": 37791
    }, 
    "bg": {
        "approved": 291772, 
        "pending_since_timestamp": 1526015868.198078, 
        "translated": 299137
    }, 
    "bn": {
        "approved": 150325, 
        "translated": 158223
    }, 
    "ca": {
        "approved": 3, 
        "translated": 2082
    }, 
    "cs": {
        "approved": 85792, 
        "translated": 113546
    }, 
    "da": {
        "approved": 93281, 
        "translated": 117636
    }, 
    "de": {
        "approved": 276362, 
        "translated": 529481
    }, 
    "el": {
        "approved": 5343, 
        "pending_since_timestamp": 1525984484.013828, 
        "translated": 24254
    }, 
    "es": {
        "approved": 389460, 
        "pending_since_timestamp": 1526033747.557093, 
        "translated": 411426
    }, 
    "et": {
        "approved": 45119, 
        "translated": 46450
    }, 
    "fa": {
        "approved": 1, 
        "translated": 192
    }, 
    "fa-af": {
        "approved": 31, 
        "translated": 103
    }, 
    "fi": {
        "approved": 82687, 
        "translated": 84815
    }, 
    "fil": {
        "approved": 210, 
        "translated": 303
    }, 
    "fr": {
        "approved": 276674, 
        "pending_since_timestamp": 1526050357.382933, 
        "translated": 280325
    }, 
    "gu": {
        "approved": 33581, 
        "pending_since_timestamp": 1526015868.198078, 
        "translated": 37010
    }, 
    "he": {
        "approved": 7275, 
        "pending_since_timestamp": 1526001920.474757, 
        "translated": 7729
    }, 
    "hi": {
        "approved": 169159, 
        "pending_since_timestamp": 1526050357.382933, 
        "translated": 181967
    }, 
    "hr": {
        "approved": 11024, 
        "translated": 16770
    }, 
    "ht": {
        "approved": 1, 
        "translated": 5
    }, 
    "hu": {
        "approved": 89090, 
        "pending_since_timestamp": 1526024402.897993, 
        "translated": 107002
    }, 
    "hy": {
        "approved": 86400, 
        "pending_since_timestamp": 1526045130.243616, 
        "translated": 94775
    }, 
    "id": {
        "approved": 37148, 
        "pending_since_timestamp": 1525933269.429504, 
        "translated": 48877
    }, 
    "it": {
        "approved": 135675, 
        "translated": 155859
    }, 
    "ja": {
        "approved": 124202, 
        "pending_since_timestamp": 1525982433.133981, 
        "translated": 141802
    }, 
    "ka": {
        "approved": 259017, 
        "pending_since_timestamp": 1526033747.557093, 
        "translated": 260694
    }, 
    "ki": {
        "approved": 0, 
        "translated": 37
    }, 
    "km": {
        "approved": 0, 
        "translated": 52
    }, 
    "kn": {
        "approved": 0, 
        "translated": 9617
    }, 
    "ko": {
        "approved": 178988, 
        "pending_since_timestamp": 1526026472.399522, 
        "translated": 193088
    }, 
    "ky": {
        "approved": 0, 
        "translated": 26
    }, 
    "lol": {
        "approved": -158, 
        "translated": 7938
    }, 
    "lt": {
        "approved": 0, 
        "translated": 1601
    }, 
    "lv": {
        "approved": 54767, 
        "translated": 54801
    }, 
    "mn": {
        "approved": 87433, 
        "translated": 115349
    }, 
    "mr": {
        "approved": 0, 
        "translated": 0
    }, 
    "ms": {
        "approved": 29, 
        "translated": 674
    }, 
    "my": {
        "approved": 0, 
        "translated": 113
    }, 
    "nb": {
        "approved": 133859, 
        "translated": 141019
    }, 
    "ne": {
        "approved": 0, 
        "translated": 1
    }, 
    "nl": {
        "approved": 117861, 
        "translated": 137259
    }, 
    "nn": {
        "approved": 0, 
        "translated": 1655
    }, 
    "or": {
        "approved": 0, 
        "translated": 56
    }, 
    "pl": {
        "approved": 317261, 
        "translated": 317753
    }, 
    "ps": {
        "approved": 0, 
        "translated": 24
    }, 
    "pt": {
        "approved": 343381, 
        "pending_since_timestamp": 1526045130.243616, 
        "translated": 394585
    }, 
    "pt-pt": {
        "approved": 143205, 
        "pending_since_timestamp": 1526019810.879347, 
        "translated": 175120
    }, 
    "ro": {
        "approved": 63342, 
        "translated": 68015
    }, 
    "ru": {
        "approved": 95550, 
        "pending_since_timestamp": 1526033747.557093, 
        "translated": 118056
    }, 
    "rw": {
        "approved": 0, 
        "translated": 0
    }, 
    "si": {
        "approved": 0, 
        "translated": 202
    }, 
    "sk": {
        "approved": 0, 
        "translated": 2232
    }, 
    "sl": {
        "approved": 0, 
        "translated": 0
    }, 
    "sq": {
        "approved": 49780, 
        "translated": 66146
    }, 
    "sr": {
        "approved": 65625, 
        "translated": 82602
    }, 
    "sv": {
        "approved": 149168, 
        "translated": 547012
    }, 
    "sw": {
        "approved": 0, 
        "translated": 0
    }, 
    "ta": {
        "approved": 41966, 
        "translated": 60169
    }, 
    "te": {
        "approved": 16, 
        "translated": 227
    }, 
    "th": {
        "approved": 303, 
        "translated": 130231
    }, 
    "tr": {
        "approved": 302666, 
        "pending_since_timestamp": 1526024402.897993, 
        "translated": 405874
    }, 
    "uk": {
        "approved": 98, 
        "translated": 2373
    }, 
    "ur": {
        "approved": 54706, 
        "translated": 57622
    }, 
    "uz": {
        "approved": 147, 
        "translated": 1442
    }, 
    "vi": {
        "approved": 2, 
        "translated": 1479
    }, 
    "xh": {
        "approved": 40, 
        "translated": 40
    }, 
    "zh-hans": {
        "approved": 72862, 
        "translated": 98880
    }, 
    "zh-hant": {
        "approved": 9513, 
        "translated": 68630
    }, 
    "zu": {
        "approved": 1, 
        "translated": 18
    }
}