{
    "ar": {
        "approved": 0, 
        "translated": 4342
    }, 
    "bg": {
        "approved": 197957, 
        "translated": 198174
    }, 
    "bn": {
        "approved": 93731, 
        "pending_since_timestamp": 1465885492.436977, 
        "translated": 123226
    }, 
    "cs": {
        "approved": 12268, 
        "translated": 30672
    }, 
    "da": {
        "approved": 76051, 
        "pending_since_timestamp": 1465881826.660791, 
        "translated": 84247
    }, 
    "de": {
        "approved": 152129, 
        "pending_since_timestamp": 1465881826.660791, 
        "translated": 152214
    }, 
    "el": {
        "approved": 323, 
        "translated": 7387
    }, 
    "es": {
        "approved": 276400, 
        "pending_since_timestamp": 1465869481.01617, 
        "translated": 375704
    }, 
    "fa": {
        "approved": 0, 
        "translated": 107
    }, 
    "fa-af": {
        "approved": 0, 
        "translated": 72
    }, 
    "fr": {
        "approved": 161835, 
        "pending_since_timestamp": 1465883091.324676, 
        "translated": 169407
    }, 
    "he": {
        "approved": 8590, 
        "translated": 8600
    }, 
    "hi": {
        "approved": 69841, 
        "pending_since_timestamp": 1465885492.436977, 
        "translated": 105338
    }, 
    "hy": {
        "approved": 0, 
        "translated": 2986
    }, 
    "id": {
        "approved": 0, 
        "translated": 7311
    }, 
    "it": {
        "approved": 0, 
        "translated": 95377
    }, 
    "ja": {
        "approved": 31769, 
        "pending_since_timestamp": 1465867599.184168, 
        "translated": 78827
    }, 
    "ka": {
        "approved": 132651, 
        "translated": 135533
    }, 
    "ko": {
        "approved": 125026, 
        "translated": 142441
    }, 
    "lol": {
        "approved": 603, 
        "translated": 8849
    }, 
    "mn": {
        "approved": 74625, 
        "pending_since_timestamp": 1465885492.436977, 
        "translated": 82865
    }, 
    "ms": {
        "approved": 0, 
        "pending_since_timestamp": 1465568490.645855, 
        "translated": 734
    }, 
    "nb": {
        "approved": 98577, 
        "translated": 101570
    }, 
    "nl": {
        "approved": 80599, 
        "translated": 115953
    }, 
    "pl": {
        "approved": 198433, 
        "translated": 198977
    }, 
    "pt": {
        "approved": 199303, 
        "translated": 372970
    }, 
    "pt-pt": {
        "approved": 18887, 
        "translated": 114392
    }, 
    "ru": {
        "approved": 1163, 
        "translated": 19711
    }, 
    "sr": {
        "approved": 44955, 
        "pending_since_timestamp": 1465881826.660791, 
        "translated": 371663
    }, 
    "sw": {
        "approved": 11734, 
        "pending_since_timestamp": 1465881826.660791, 
        "translated": 33593
    }, 
    "te": {
        "approved": 0, 
        "translated": 215
    }, 
    "th": {
        "approved": 0, 
        "pending_since_timestamp": 1465881826.660791, 
        "translated": 120821
    }, 
    "tr": {
        "approved": 182923, 
        "pending_since_timestamp": 1465881826.660791, 
        "translated": 278084
    }, 
    "uk": {
        "approved": 0, 
        "translated": 2562
    }, 
    "ur": {
        "approved": 0, 
        "translated": 1465
    }, 
    "xh": {
        "approved": 0, 
        "translated": 1
    }, 
    "zh-hans": {
        "approved": 0, 
        "translated": 5156
    }, 
    "zu": {
        "approved": 0, 
        "translated": 23
    }
}