{
    "ar": {
        "approved": 1050, 
        "translated": 4738
    }, 
    "bg": {
        "approved": 214848, 
        "translated": 235822
    }, 
    "bn": {
        "approved": 118863, 
        "pending_since_timestamp": 1476130822.014872, 
        "translated": 136412
    }, 
    "cs": {
        "approved": 13087, 
        "translated": 30259
    }, 
    "da": {
        "approved": 80092, 
        "translated": 87453
    }, 
    "de": {
        "approved": 183069, 
        "pending_since_timestamp": 1476119012.361001, 
        "translated": 184804
    }, 
    "el": {
        "approved": 2076, 
        "translated": 9724
    }, 
    "es": {
        "approved": 328254, 
        "pending_since_timestamp": 1476053141.161794, 
        "translated": 430247
    }, 
    "fa": {
        "approved": 2, 
        "translated": 106
    }, 
    "fa-af": {
        "approved": 0, 
        "translated": 72
    }, 
    "fr": {
        "approved": 184618, 
        "pending_since_timestamp": 1476130822.014872, 
        "translated": 195945
    }, 
    "he": {
        "approved": 9089, 
        "translated": 9628
    }, 
    "hi": {
        "approved": 93260, 
        "translated": 116167
    }, 
    "hy": {
        "approved": 27, 
        "translated": 3015
    }, 
    "id": {
        "approved": 1521, 
        "translated": 7673
    }, 
    "it": {
        "approved": 45324, 
        "pending_since_timestamp": 1476098765.557139, 
        "translated": 110446
    }, 
    "ja": {
        "approved": 41564, 
        "translated": 84944
    }, 
    "ka": {
        "approved": 175596, 
        "pending_since_timestamp": 1476132530.244146, 
        "translated": 179419
    }, 
    "ko": {
        "approved": 137261, 
        "translated": 158605
    }, 
    "lol": {
        "approved": 598, 
        "translated": 8807
    }, 
    "mn": {
        "approved": 75147, 
        "translated": 82731
    }, 
    "ms": {
        "approved": 358, 
        "translated": 1023
    }, 
    "nb": {
        "approved": 98184, 
        "translated": 101269
    }, 
    "nl": {
        "approved": 95682, 
        "translated": 122473
    }, 
    "pl": {
        "approved": 231466, 
        "pending_since_timestamp": 1476115066.529692, 
        "translated": 232223
    }, 
    "pt": {
        "approved": 228595, 
        "pending_since_timestamp": 1476119012.361001, 
        "translated": 425627
    }, 
    "pt-pt": {
        "approved": 50076, 
        "pending_since_timestamp": 1476092615.773394, 
        "translated": 81576
    }, 
    "ru": {
        "approved": 3225, 
        "translated": 20055
    }, 
    "sr": {
        "approved": 53457, 
        "translated": 422890
    }, 
    "sw": {
        "approved": 12800, 
        "translated": 33827
    }, 
    "te": {
        "approved": 17, 
        "translated": 217
    }, 
    "th": {
        "approved": 1194, 
        "translated": 119688
    }, 
    "tr": {
        "approved": 221556, 
        "translated": 321075
    }, 
    "uk": {
        "approved": 210, 
        "translated": 2604
    }, 
    "ur": {
        "approved": 369, 
        "translated": 1502
    }, 
    "xh": {
        "approved": 0, 
        "translated": 1
    }, 
    "zh-hans": {
        "approved": 603, 
        "translated": 5485
    }, 
    "zu": {
        "approved": 1, 
        "translated": 22
    }
}