{
    "ar": {
        "approved": 0, 
        "translated": 4653
    }, 
    "bg": {
        "approved": 171551, 
        "translated": 187659
    }, 
    "bn": {
        "approved": 72076, 
        "pending_since_timestamp": 1459456429.121018, 
        "translated": 121266
    }, 
    "cs": {
        "approved": 12800, 
        "translated": 29887
    }, 
    "da": {
        "approved": 39777, 
        "pending_since_timestamp": 1459456429.121018, 
        "translated": 77742
    }, 
    "de": {
        "approved": 148372, 
        "pending_since_timestamp": 1459444692.161132, 
        "translated": 148619
    }, 
    "el": {
        "approved": 252, 
        "translated": 7155
    }, 
    "es": {
        "approved": 236133, 
        "pending_since_timestamp": 1459449617.586374, 
        "translated": 362949
    }, 
    "fa": {
        "approved": 0, 
        "translated": 210
    }, 
    "fa-af": {
        "approved": 0, 
        "translated": 72
    }, 
    "fr": {
        "approved": 135840, 
        "pending_since_timestamp": 1459452096.57753, 
        "translated": 147148
    }, 
    "he": {
        "approved": 9287, 
        "translated": 9302
    }, 
    "hi": {
        "approved": 66455, 
        "translated": 80666
    }, 
    "hy": {
        "approved": 0, 
        "pending_since_timestamp": 1459460031.162627, 
        "translated": 710
    }, 
    "id": {
        "approved": 0, 
        "translated": 8195
    }, 
    "it": {
        "approved": 0, 
        "pending_since_timestamp": 1459416728.867421, 
        "translated": 87941
    }, 
    "ja": {
        "approved": 24849, 
        "pending_since_timestamp": 1459400750.817534, 
        "translated": 56686
    }, 
    "ka": {
        "approved": 102025, 
        "pending_since_timestamp": 1459444692.161132, 
        "translated": 112693
    }, 
    "ko": {
        "approved": 109235, 
        "pending_since_timestamp": 1459457611.35147, 
        "translated": 127645
    }, 
    "lol": {
        "approved": 595, 
        "translated": 7722
    }, 
    "mn": {
        "approved": 76000, 
        "pending_since_timestamp": 1459400750.817534, 
        "translated": 82648
    }, 
    "ms": {
        "approved": 0, 
        "translated": 752
    }, 
    "nb": {
        "approved": 87674, 
        "pending_since_timestamp": 1459444692.161132, 
        "translated": 88613
    }, 
    "nl": {
        "approved": 49652, 
        "translated": 100434
    }, 
    "pl": {
        "approved": 178090, 
        "translated": 181547
    }, 
    "pt": {
        "approved": 174480, 
        "pending_since_timestamp": 1459461621.332447, 
        "translated": 360316
    }, 
    "pt-pt": {
        "approved": 15906, 
        "translated": 90715
    }, 
    "ru": {
        "approved": 1179, 
        "translated": 20721
    }, 
    "sr": {
        "approved": 48149, 
        "pending_since_timestamp": 1459449617.586374, 
        "translated": 358566
    }, 
    "sw": {
        "approved": 12190, 
        "pending_since_timestamp": 1459400750.817534, 
        "translated": 36716
    }, 
    "te": {
        "approved": 0, 
        "translated": 216
    }, 
    "th": {
        "approved": 0, 
        "pending_since_timestamp": 1459400750.817534, 
        "translated": 129701
    }, 
    "tr": {
        "approved": 171180, 
        "pending_since_timestamp": 1459463470.382949, 
        "translated": 271288
    }, 
    "uk": {
        "approved": 0, 
        "pending_since_timestamp": 1459415426.091186, 
        "translated": 2593
    }, 
    "ur": {
        "approved": 0, 
        "translated": 1556
    }, 
    "xh": {
        "approved": 0, 
        "translated": 1
    }, 
    "zh-hans": {
        "approved": 0, 
        "translated": 4150
    }, 
    "zu": {
        "approved": 0, 
        "translated": 23
    }
}