{
    "ar": {
        "approved": 0, 
        "pending_since_timestamp": 1472889732.630464, 
        "translated": 4471
    }, 
    "bg": {
        "approved": 206051, 
        "translated": 230530
    }, 
    "bn": {
        "approved": 115130, 
        "pending_since_timestamp": 1472971152.048646, 
        "translated": 132688
    }, 
    "cs": {
        "approved": 12087, 
        "pending_since_timestamp": 1472889732.630464, 
        "translated": 30195
    }, 
    "da": {
        "approved": 75398, 
        "pending_since_timestamp": 1472978896.154408, 
        "translated": 84263
    }, 
    "de": {
        "approved": 172981, 
        "pending_since_timestamp": 1472978896.154408, 
        "translated": 173517
    }, 
    "el": {
        "approved": 373, 
        "translated": 7822
    }, 
    "es": {
        "approved": 304530, 
        "pending_since_timestamp": 1472852292.452869, 
        "translated": 413274
    }, 
    "fa": {
        "approved": 0, 
        "translated": 104
    }, 
    "fa-af": {
        "approved": 0, 
        "translated": 72
    }, 
    "fr": {
        "approved": 170945, 
        "pending_since_timestamp": 1472978896.154408, 
        "translated": 178577
    }, 
    "he": {
        "approved": 8372, 
        "translated": 8687
    }, 
    "hi": {
        "approved": 91382, 
        "translated": 112864
    }, 
    "hy": {
        "approved": 0, 
        "translated": 3013
    }, 
    "id": {
        "approved": 0, 
        "pending_since_timestamp": 1472889732.630464, 
        "translated": 7148
    }, 
    "it": {
        "approved": 39952, 
        "pending_since_timestamp": 1472852292.452869, 
        "translated": 108067
    }, 
    "ja": {
        "approved": 36699, 
        "pending_since_timestamp": 1472978896.154408, 
        "translated": 81578
    }, 
    "ka": {
        "approved": 158391, 
        "pending_since_timestamp": 1472924727.264557, 
        "translated": 159567
    }, 
    "ko": {
        "approved": 132051, 
        "pending_since_timestamp": 1472978896.154408, 
        "translated": 153568
    }, 
    "lol": {
        "approved": 599, 
        "translated": 8810
    }, 
    "mn": {
        "approved": 74925, 
        "pending_since_timestamp": 1472978896.154408, 
        "translated": 82536
    }, 
    "ms": {
        "approved": 0, 
        "pending_since_timestamp": 1472889732.630464, 
        "translated": 726
    }, 
    "nb": {
        "approved": 97695, 
        "pending_since_timestamp": 1472978896.154408, 
        "translated": 100898
    }, 
    "nl": {
        "approved": 83395, 
        "pending_since_timestamp": 1472929651.249708, 
        "translated": 118364
    }, 
    "pl": {
        "approved": 217255, 
        "pending_since_timestamp": 1473021521.799607, 
        "translated": 217565
    }, 
    "pt": {
        "approved": 207896, 
        "pending_since_timestamp": 1473009457.884074, 
        "translated": 408726
    }, 
    "pt-pt": {
        "approved": 38851, 
        "pending_since_timestamp": 1472978896.154408, 
        "translated": 74050
    }, 
    "ru": {
        "approved": 1191, 
        "pending_since_timestamp": 1472889732.630464, 
        "translated": 19384
    }, 
    "sr": {
        "approved": 51971, 
        "translated": 407087
    }, 
    "sw": {
        "approved": 11553, 
        "pending_since_timestamp": 1472978896.154408, 
        "translated": 33227
    }, 
    "te": {
        "approved": 0, 
        "translated": 212
    }, 
    "th": {
        "approved": 0, 
        "pending_since_timestamp": 1472978896.154408, 
        "translated": 119463
    }, 
    "tr": {
        "approved": 205313, 
        "pending_since_timestamp": 1473009457.884074, 
        "translated": 308235
    }, 
    "uk": {
        "approved": 0, 
        "translated": 2519
    }, 
    "ur": {
        "approved": 0, 
        "translated": 1421
    }, 
    "xh": {
        "approved": 0, 
        "translated": 1
    }, 
    "zh-hans": {
        "approved": 0, 
        "pending_since_timestamp": 1472889732.630464, 
        "translated": 5121
    }, 
    "zu": {
        "approved": 0, 
        "pending_since_timestamp": 1470762331.56727, 
        "translated": 22
    }
}