{
    "ar": {
        "approved": 0, 
        "pending_since_timestamp": 1472889732.630464, 
        "translated": 4470
    }, 
    "bg": {
        "approved": 206050, 
        "pending_since_timestamp": 1473096395.884371, 
        "translated": 230529
    }, 
    "bn": {
        "approved": 115215, 
        "pending_since_timestamp": 1473159764.676124, 
        "translated": 132750
    }, 
    "cs": {
        "approved": 12087, 
        "translated": 30189
    }, 
    "da": {
        "approved": 75398, 
        "translated": 84263
    }, 
    "de": {
        "approved": 173122, 
        "translated": 173897
    }, 
    "el": {
        "approved": 372, 
        "translated": 7821
    }, 
    "es": {
        "approved": 304911, 
        "pending_since_timestamp": 1473127065.760687, 
        "translated": 414248
    }, 
    "fa": {
        "approved": 0, 
        "translated": 104
    }, 
    "fa-af": {
        "approved": 0, 
        "translated": 72
    }, 
    "fr": {
        "approved": 171335, 
        "pending_since_timestamp": 1473159764.676124, 
        "translated": 179234
    }, 
    "he": {
        "approved": 8371, 
        "pending_since_timestamp": 1473159764.676124, 
        "translated": 8686
    }, 
    "hi": {
        "approved": 91381, 
        "translated": 112863
    }, 
    "hy": {
        "approved": 0, 
        "translated": 3012
    }, 
    "id": {
        "approved": 0, 
        "pending_since_timestamp": 1472889732.630464, 
        "translated": 7147
    }, 
    "it": {
        "approved": 39977, 
        "translated": 108072
    }, 
    "ja": {
        "approved": 36698, 
        "pending_since_timestamp": 1472978896.154408, 
        "translated": 81577
    }, 
    "ka": {
        "approved": 159286, 
        "pending_since_timestamp": 1473205020.164365, 
        "translated": 159949
    }, 
    "ko": {
        "approved": 132053, 
        "pending_since_timestamp": 1473127065.760687, 
        "translated": 153832
    }, 
    "lol": {
        "approved": 599, 
        "translated": 8810
    }, 
    "mn": {
        "approved": 74966, 
        "pending_since_timestamp": 1473159764.676124, 
        "translated": 82562
    }, 
    "ms": {
        "approved": 0, 
        "pending_since_timestamp": 1472889732.630464, 
        "translated": 725
    }, 
    "nb": {
        "approved": 97695, 
        "translated": 100898
    }, 
    "nl": {
        "approved": 85412, 
        "pending_since_timestamp": 1473068389.656493, 
        "translated": 118539
    }, 
    "pl": {
        "approved": 217646, 
        "translated": 218146
    }, 
    "pt": {
        "approved": 208451, 
        "pending_since_timestamp": 1473177302.658121, 
        "translated": 409226
    }, 
    "pt-pt": {
        "approved": 38851, 
        "pending_since_timestamp": 1472978896.154408, 
        "translated": 74049
    }, 
    "ru": {
        "approved": 1190, 
        "pending_since_timestamp": 1472889732.630464, 
        "translated": 19383
    }, 
    "sr": {
        "approved": 51971, 
        "pending_since_timestamp": 1473064731.943762, 
        "translated": 407087
    }, 
    "sw": {
        "approved": 11553, 
        "pending_since_timestamp": 1472978896.154408, 
        "translated": 33226
    }, 
    "te": {
        "approved": 0, 
        "translated": 212
    }, 
    "th": {
        "approved": 0, 
        "pending_since_timestamp": 1472978896.154408, 
        "translated": 119462
    }, 
    "tr": {
        "approved": 207183, 
        "pending_since_timestamp": 1473133009.741971, 
        "translated": 308471
    }, 
    "uk": {
        "approved": 0, 
        "translated": 2518
    }, 
    "ur": {
        "approved": 0, 
        "pending_since_timestamp": 1473214348.404715, 
        "translated": 1421
    }, 
    "xh": {
        "approved": 0, 
        "translated": 1
    }, 
    "zh-hans": {
        "approved": 0, 
        "translated": 5113
    }, 
    "zu": {
        "approved": 0, 
        "pending_since_timestamp": 1470762331.56727, 
        "translated": 22
    }
}