{
    "ar": {
        "approved": 380, 
        "translated": 4400
    }, 
    "bg": {
        "approved": 232274, 
        "pending_since_timestamp": 1496446386.657336, 
        "translated": 237481
    }, 
    "bn": {
        "approved": 139137, 
        "pending_since_timestamp": 1496446386.657336, 
        "translated": 148588
    }, 
    "cs": {
        "approved": 43165, 
        "pending_since_timestamp": 1496325819.146342, 
        "translated": 60761
    }, 
    "da": {
        "approved": 71737, 
        "translated": 93159
    }, 
    "de": {
        "approved": 213624, 
        "pending_since_timestamp": 1496446386.657336, 
        "translated": 215233
    }, 
    "el": {
        "approved": 2021, 
        "pending_since_timestamp": 1496446386.657336, 
        "translated": 21587
    }, 
    "es": {
        "approved": 349703, 
        "pending_since_timestamp": 1496446386.657336, 
        "translated": 365488
    }, 
    "fa": {
        "approved": 1, 
        "translated": 100
    }, 
    "fa-af": {
        "approved": 31, 
        "translated": 104
    }, 
    "fr": {
        "approved": 237024, 
        "translated": 244663
    }, 
    "he": {
        "approved": 7249, 
        "translated": 7446
    }, 
    "hi": {
        "approved": 98314, 
        "translated": 114302
    }, 
    "hy": {
        "approved": 7403, 
        "translated": 12239
    }, 
    "id": {
        "approved": 531, 
        "translated": 6433
    }, 
    "it": {
        "approved": 92904, 
        "pending_since_timestamp": 1496446386.657336, 
        "translated": 124460
    }, 
    "ja": {
        "approved": 100822, 
        "pending_since_timestamp": 1496314775.520618, 
        "translated": 120926
    }, 
    "ka": {
        "approved": 197645, 
        "pending_since_timestamp": 1496339532.588494, 
        "translated": 206581
    }, 
    "ko": {
        "approved": 158890, 
        "pending_since_timestamp": 1496446386.657336, 
        "translated": 173751
    }, 
    "lol": {
        "approved": 382, 
        "translated": 8548
    }, 
    "mn": {
        "approved": 81259, 
        "translated": 106391
    }, 
    "ms": {
        "approved": 29, 
        "translated": 629
    }, 
    "nb": {
        "approved": 92927, 
        "pending_since_timestamp": 1496446386.657336, 
        "translated": 110849
    }, 
    "nl": {
        "approved": 106911, 
        "pending_since_timestamp": 1496446386.657336, 
        "translated": 128487
    }, 
    "pl": {
        "approved": 270734, 
        "pending_since_timestamp": 1496446386.657336, 
        "translated": 270954
    }, 
    "pt": {
        "approved": 288149, 
        "translated": 324354
    }, 
    "pt-pt": {
        "approved": 88372, 
        "pending_since_timestamp": 1496446386.657336, 
        "translated": 118522
    }, 
    "ru": {
        "approved": 1533, 
        "translated": 18425
    }, 
    "sr": {
        "approved": 50397, 
        "translated": 68050
    }, 
    "sw": {
        "approved": 49050, 
        "translated": 62631
    }, 
    "te": {
        "approved": 16, 
        "translated": 241
    }, 
    "th": {
        "approved": 303, 
        "translated": 132864
    }, 
    "tr": {
        "approved": 268712, 
        "pending_since_timestamp": 1496446386.657336, 
        "translated": 366525
    }, 
    "uk": {
        "approved": 98, 
        "translated": 2516
    }, 
    "ur": {
        "approved": 92, 
        "translated": 1161
    }, 
    "xh": {
        "approved": 40, 
        "translated": 40
    }, 
    "zh-hans": {
        "approved": 5654, 
        "pending_since_timestamp": 1496314775.520618, 
        "translated": 34060
    }, 
    "zu": {
        "approved": 1, 
        "translated": 20
    }
}