{
    "ar": {
        "approved": 0, 
        "translated": 4303
    }, 
    "bg": {
        "approved": 180302, 
        "pending_since_timestamp": 1464060746.505024, 
        "translated": 192690
    }, 
    "bn": {
        "approved": 83213, 
        "pending_since_timestamp": 1464067169.558326, 
        "translated": 121226
    }, 
    "cs": {
        "approved": 12300, 
        "translated": 30780
    }, 
    "da": {
        "approved": 73510, 
        "translated": 84446
    }, 
    "de": {
        "approved": 148923, 
        "translated": 149517
    }, 
    "el": {
        "approved": 324, 
        "translated": 7274
    }, 
    "es": {
        "approved": 266700, 
        "pending_since_timestamp": 1464043251.532675, 
        "translated": 372762
    }, 
    "fa": {
        "approved": 0, 
        "translated": 107
    }, 
    "fa-af": {
        "approved": 0, 
        "translated": 72
    }, 
    "fr": {
        "approved": 157308, 
        "pending_since_timestamp": 1464068570.07729, 
        "translated": 164647
    }, 
    "he": {
        "approved": 8611, 
        "translated": 8624
    }, 
    "hi": {
        "approved": 66221, 
        "pending_since_timestamp": 1464055947.095787, 
        "translated": 95332
    }, 
    "hy": {
        "approved": 0, 
        "translated": 3043
    }, 
    "id": {
        "approved": 0, 
        "translated": 7313
    }, 
    "it": {
        "approved": 0, 
        "translated": 94300
    }, 
    "ja": {
        "approved": 28120, 
        "translated": 58404
    }, 
    "ka": {
        "approved": 125023, 
        "translated": 128671
    }, 
    "ko": {
        "approved": 121661, 
        "pending_since_timestamp": 1464053125.08433, 
        "translated": 140430
    }, 
    "lol": {
        "approved": 581, 
        "translated": 7523
    }, 
    "mn": {
        "approved": 74534, 
        "pending_since_timestamp": 1464048658.647021, 
        "translated": 82388
    }, 
    "ms": {
        "approved": 0, 
        "translated": 734
    }, 
    "nb": {
        "approved": 98895, 
        "translated": 101776
    }, 
    "nl": {
        "approved": 76573, 
        "pending_since_timestamp": 1464060746.505024, 
        "translated": 110360
    }, 
    "pl": {
        "approved": 193701, 
        "pending_since_timestamp": 1464060746.505024, 
        "translated": 194550
    }, 
    "pt": {
        "approved": 193387, 
        "pending_since_timestamp": 1464065773.514674, 
        "translated": 370063
    }, 
    "pt-pt": {
        "approved": 18903, 
        "pending_since_timestamp": 1464027328.327823, 
        "translated": 114759
    }, 
    "ru": {
        "approved": 1167, 
        "translated": 19837
    }, 
    "sr": {
        "approved": 44768, 
        "pending_since_timestamp": 1464048658.647021, 
        "translated": 368686
    }, 
    "sw": {
        "approved": 11763, 
        "translated": 33685
    }, 
    "te": {
        "approved": 0, 
        "translated": 215
    }, 
    "th": {
        "approved": 0, 
        "pending_since_timestamp": 1464060746.505024, 
        "translated": 121524
    }, 
    "tr": {
        "approved": 183514, 
        "pending_since_timestamp": 1464060746.505024, 
        "translated": 276034
    }, 
    "uk": {
        "approved": 0, 
        "translated": 2521
    }, 
    "ur": {
        "approved": 0, 
        "translated": 1467
    }, 
    "xh": {
        "approved": 0, 
        "translated": 1
    }, 
    "zh-hans": {
        "approved": 0, 
        "translated": 5171
    }, 
    "zu": {
        "approved": 0, 
        "translated": 23
    }
}