{
    "ar": {
        "approved": 1047, 
        "translated": 4723
    }, 
    "bg": {
        "approved": 215184, 
        "pending_since_timestamp": 1477063705.013844, 
        "translated": 236265
    }, 
    "bn": {
        "approved": 118794, 
        "translated": 136540
    }, 
    "cs": {
        "approved": 13083, 
        "translated": 30205
    }, 
    "da": {
        "approved": 79976, 
        "pending_since_timestamp": 1477044180.341735, 
        "translated": 87555
    }, 
    "de": {
        "approved": 186438, 
        "pending_since_timestamp": 1477068634.097806, 
        "translated": 187338
    }, 
    "el": {
        "approved": 2074, 
        "pending_since_timestamp": 1477055148.183069, 
        "translated": 9780
    }, 
    "es": {
        "approved": 330676, 
        "pending_since_timestamp": 1477065889.380321, 
        "translated": 432549
    }, 
    "fa": {
        "approved": 2, 
        "translated": 106
    }, 
    "fa-af": {
        "approved": 0, 
        "translated": 72
    }, 
    "fr": {
        "approved": 187829, 
        "pending_since_timestamp": 1477059590.567546, 
        "translated": 198872
    }, 
    "he": {
        "approved": 9060, 
        "translated": 9594
    }, 
    "hi": {
        "approved": 93493, 
        "translated": 116389
    }, 
    "hy": {
        "approved": 27, 
        "translated": 3012
    }, 
    "id": {
        "approved": 1518, 
        "translated": 7638
    }, 
    "it": {
        "approved": 45281, 
        "pending_since_timestamp": 1477055148.183069, 
        "translated": 111615
    }, 
    "ja": {
        "approved": 42061, 
        "translated": 85110
    }, 
    "ka": {
        "approved": 183104, 
        "pending_since_timestamp": 1477068634.097806, 
        "translated": 184948
    }, 
    "ko": {
        "approved": 141693, 
        "translated": 159211
    }, 
    "lol": {
        "approved": 596, 
        "translated": 8802
    }, 
    "mn": {
        "approved": 75104, 
        "translated": 82683
    }, 
    "ms": {
        "approved": 357, 
        "translated": 1018
    }, 
    "nb": {
        "approved": 98075, 
        "translated": 101163
    }, 
    "nl": {
        "approved": 96928, 
        "pending_since_timestamp": 1477055148.183069, 
        "translated": 122883
    }, 
    "pl": {
        "approved": 233659, 
        "pending_since_timestamp": 1477070712.310508, 
        "translated": 234346
    }, 
    "pt": {
        "approved": 231838, 
        "pending_since_timestamp": 1477057362.174245, 
        "translated": 428235
    }, 
    "pt-pt": {
        "approved": 51646, 
        "pending_since_timestamp": 1477055148.183069, 
        "translated": 82362
    }, 
    "ru": {
        "approved": 3212, 
        "pending_since_timestamp": 1477055148.183069, 
        "translated": 19989
    }, 
    "sr": {
        "approved": 53350, 
        "pending_since_timestamp": 1477055148.183069, 
        "translated": 425475
    }, 
    "sw": {
        "approved": 12790, 
        "translated": 33752
    }, 
    "te": {
        "approved": 17, 
        "translated": 217
    }, 
    "th": {
        "approved": 1189, 
        "translated": 119597
    }, 
    "tr": {
        "approved": 221604, 
        "translated": 324537
    }, 
    "uk": {
        "approved": 209, 
        "translated": 2590
    }, 
    "ur": {
        "approved": 369, 
        "translated": 1498
    }, 
    "xh": {
        "approved": 0, 
        "translated": 1
    }, 
    "zh-hans": {
        "approved": 594, 
        "pending_since_timestamp": 1477028860.444774, 
        "translated": 5454
    }, 
    "zu": {
        "approved": 1, 
        "translated": 22
    }
}