{
    "ar": {
        "approved": 1908, 
        "translated": 5534
    }, 
    "bg": {
        "approved": 252234, 
        "pending_since_timestamp": 1480766485.568877, 
        "translated": 272694
    }, 
    "bn": {
        "approved": 137367, 
        "translated": 151292
    }, 
    "cs": {
        "approved": 13904, 
        "translated": 30792
    }, 
    "da": {
        "approved": 87801, 
        "translated": 95502
    }, 
    "de": {
        "approved": 219300, 
        "pending_since_timestamp": 1480761590.563133, 
        "translated": 220260
    }, 
    "el": {
        "approved": 3465, 
        "translated": 11177
    }, 
    "es": {
        "approved": 376267, 
        "pending_since_timestamp": 1480703400.095398, 
        "translated": 390814
    }, 
    "fa": {
        "approved": 3, 
        "pending_since_timestamp": 1480743219.83218, 
        "translated": 106
    }, 
    "fa-af": {
        "approved": 31, 
        "pending_since_timestamp": 1480743219.83218, 
        "translated": 104
    }, 
    "fr": {
        "approved": 225367, 
        "pending_since_timestamp": 1480761590.563133, 
        "translated": 238218
    }, 
    "he": {
        "approved": 13765, 
        "translated": 14351
    }, 
    "hi": {
        "approved": 97142, 
        "translated": 116476
    }, 
    "hy": {
        "approved": 1079, 
        "pending_since_timestamp": 1480703400.095398, 
        "translated": 8921
    }, 
    "id": {
        "approved": 3366, 
        "translated": 9306
    }, 
    "it": {
        "approved": 67009, 
        "pending_since_timestamp": 1480703400.095398, 
        "translated": 118984
    }, 
    "ja": {
        "approved": 89906, 
        "pending_since_timestamp": 1480703400.095398, 
        "translated": 118962
    }, 
    "ka": {
        "approved": 190019, 
        "pending_since_timestamp": 1480774788.073569, 
        "translated": 194966
    }, 
    "ko": {
        "approved": 166349, 
        "translated": 183745
    }, 
    "lol": {
        "approved": 516, 
        "translated": 8801
    }, 
    "mn": {
        "approved": 75158, 
        "translated": 82739
    }, 
    "ms": {
        "approved": 394, 
        "pending_since_timestamp": 1480647388.926308, 
        "translated": 1060
    }, 
    "nb": {
        "approved": 98094, 
        "translated": 101203
    }, 
    "nl": {
        "approved": 107429, 
        "pending_since_timestamp": 1480761590.563133, 
        "translated": 131335
    }, 
    "pl": {
        "approved": 279145, 
        "pending_since_timestamp": 1480781205.558803, 
        "translated": 279773
    }, 
    "pt": {
        "approved": 278323, 
        "pending_since_timestamp": 1480764422.184266, 
        "translated": 324333
    }, 
    "pt-pt": {
        "approved": 63408, 
        "pending_since_timestamp": 1480703400.095398, 
        "translated": 91120
    }, 
    "ru": {
        "approved": 4973, 
        "translated": 21683
    }, 
    "sr": {
        "approved": 54582, 
        "translated": 72459
    }, 
    "sw": {
        "approved": 13369, 
        "translated": 33655
    }, 
    "te": {
        "approved": 38, 
        "pending_since_timestamp": 1480647388.926308, 
        "translated": 240
    }, 
    "th": {
        "approved": 2390, 
        "translated": 120046
    }, 
    "tr": {
        "approved": 290096, 
        "translated": 376047
    }, 
    "uk": {
        "approved": 339, 
        "pending_since_timestamp": 1480647388.926308, 
        "translated": 2723
    }, 
    "ur": {
        "approved": 480, 
        "pending_since_timestamp": 1480647388.926308, 
        "translated": 1600
    }, 
    "xh": {
        "approved": 40, 
        "pending_since_timestamp": 1480743219.83218, 
        "translated": 41
    }, 
    "zh-hans": {
        "approved": 1108, 
        "translated": 6159
    }, 
    "zu": {
        "approved": 2, 
        "pending_since_timestamp": 1480703400.095398, 
        "translated": 23
    }
}