{
    "ar": {
        "approved": 0, 
        "pending_since_timestamp": 1448365436.816835, 
        "translated": 3924
    }, 
    "bg": {
        "approved": 121064, 
        "pending_since_timestamp": 1448379529.034182, 
        "translated": 157405
    }, 
    "bn": {
        "approved": 33250, 
        "pending_since_timestamp": 1448361377.684168, 
        "translated": 65356
    }, 
    "cs": {
        "approved": 13601, 
        "translated": 25643
    }, 
    "da": {
        "approved": 22538, 
        "translated": 65777
    }, 
    "de": {
        "approved": 106169, 
        "pending_since_timestamp": 1448371422.840512, 
        "translated": 106338
    }, 
    "el": {
        "approved": 0, 
        "translated": 6793
    }, 
    "es": {
        "approved": 196952, 
        "pending_since_timestamp": 1448380524.316041, 
        "translated": 296568
    }, 
    "fa": {
        "approved": 0, 
        "translated": 225
    }, 
    "fa-af": {
        "approved": 0, 
        "translated": 8
    }, 
    "fr": {
        "approved": 106277, 
        "translated": 112054
    }, 
    "he": {
        "approved": 8613, 
        "translated": 9138
    }, 
    "hi": {
        "approved": 40192, 
        "pending_since_timestamp": 1448376389.974578, 
        "translated": 66730
    }, 
    "hy": {
        "approved": 0, 
        "translated": 118
    }, 
    "id": {
        "approved": 0, 
        "pending_since_timestamp": 1448365436.816835, 
        "translated": 9212
    }, 
    "it": {
        "approved": 0, 
        "translated": 55895
    }, 
    "ja": {
        "approved": 19584, 
        "pending_since_timestamp": 1448365436.816835, 
        "translated": 53312
    }, 
    "ko": {
        "approved": 77598, 
        "pending_since_timestamp": 1448365436.816835, 
        "translated": 88375
    }, 
    "lol": {
        "approved": 705, 
        "translated": 5656
    }, 
    "mn": {
        "approved": 9910, 
        "pending_since_timestamp": 1448374437.836536, 
        "translated": 35848
    }, 
    "ms": {
        "approved": 0, 
        "translated": 798
    }, 
    "nb": {
        "approved": 87003, 
        "translated": 88850
    }, 
    "nl": {
        "approved": 45669, 
        "pending_since_timestamp": 1448365436.816835, 
        "translated": 60946
    }, 
    "pl": {
        "approved": 115388, 
        "pending_since_timestamp": 1448379529.034182, 
        "translated": 125983
    }, 
    "pt": {
        "approved": 152303, 
        "pending_since_timestamp": 1448378551.525282, 
        "translated": 294046
    }, 
    "pt-pt": {
        "approved": 13915, 
        "pending_since_timestamp": 1448361377.684168, 
        "translated": 78578
    }, 
    "ru": {
        "approved": 1227, 
        "translated": 13862
    }, 
    "sr": {
        "approved": 35917, 
        "pending_since_timestamp": 1448382526.224983, 
        "translated": 292649
    }, 
    "sw": {
        "approved": 13096, 
        "translated": 30838
    }, 
    "te": {
        "approved": 0, 
        "translated": 101
    }, 
    "th": {
        "approved": 0, 
        "pending_since_timestamp": 1448380524.316041, 
        "translated": 127952
    }, 
    "tr": {
        "approved": 174928, 
        "translated": 208816
    }, 
    "uk": {
        "approved": 0, 
        "translated": 1570
    }, 
    "ur": {
        "approved": 0, 
        "pending_since_timestamp": 1448365436.816835, 
        "translated": 1566
    }, 
    "xh": {
        "approved": 0, 
        "translated": 1
    }, 
    "zh-hans": {
        "approved": 0, 
        "translated": 4268
    }, 
    "zu": {
        "approved": 0, 
        "translated": 29
    }
}