{
    "af": {
        "approved": 19, 
        "translated": 1513
    }, 
    "am": {
        "approved": 0, 
        "translated": 0
    }, 
    "ar": {
        "approved": 1479, 
        "pending_since_timestamp": 1536689430.176559, 
        "translated": 34517
    }, 
    "az": {
        "approved": 35929, 
        "translated": 37667
    }, 
    "bg": {
        "approved": 315780, 
        "translated": 324206
    }, 
    "bn": {
        "approved": 146437, 
        "pending_since_timestamp": 1536732994.167023, 
        "translated": 158392
    }, 
    "ca": {
        "approved": 3, 
        "translated": 2019
    }, 
    "cs": {
        "approved": 114289, 
        "translated": 130787
    }, 
    "da": {
        "approved": 163601, 
        "pending_since_timestamp": 1536785187.372797, 
        "translated": 182972
    }, 
    "de": {
        "approved": 297228, 
        "pending_since_timestamp": 1536785187.372797, 
        "translated": 536074
    }, 
    "el": {
        "approved": 76906, 
        "pending_since_timestamp": 1536603226.260349, 
        "translated": 92327
    }, 
    "es": {
        "approved": 415506, 
        "pending_since_timestamp": 1536790072.860476, 
        "translated": 438196
    }, 
    "et": {
        "approved": 45000, 
        "translated": 46320
    }, 
    "fa": {
        "approved": 1, 
        "translated": 191
    }, 
    "fa-af": {
        "approved": 31, 
        "translated": 103
    }, 
    "fi": {
        "approved": 82582, 
        "translated": 84301
    }, 
    "fil": {
        "approved": 206, 
        "translated": 299
    }, 
    "fr": {
        "approved": 279142, 
        "pending_since_timestamp": 1536785187.372797, 
        "translated": 282758
    }, 
    "gu": {
        "approved": 61122, 
        "pending_since_timestamp": 1536805777.814566, 
        "translated": 121544
    }, 
    "he": {
        "approved": 8648, 
        "pending_since_timestamp": 1536603226.260349, 
        "translated": 8681
    }, 
    "hi": {
        "approved": 167689, 
        "translated": 180059
    }, 
    "hr": {
        "approved": 10948, 
        "translated": 16617
    }, 
    "ht": {
        "approved": 1, 
        "translated": 5
    }, 
    "hu": {
        "approved": 90051, 
        "pending_since_timestamp": 1536505397.097054, 
        "translated": 109289
    }, 
    "hy": {
        "approved": 96554, 
        "pending_since_timestamp": 1536652792.820759, 
        "translated": 108857
    }, 
    "id": {
        "approved": 64349, 
        "pending_since_timestamp": 1536730142.985526, 
        "translated": 77902
    }, 
    "it": {
        "approved": 155811, 
        "translated": 170917
    }, 
    "ja": {
        "approved": 124607, 
        "translated": 143744
    }, 
    "ka": {
        "approved": 270610, 
        "translated": 274579
    }, 
    "ki": {
        "approved": 0, 
        "translated": 37
    }, 
    "km": {
        "approved": 0, 
        "translated": 52
    }, 
    "kn": {
        "approved": 13866, 
        "pending_since_timestamp": 1536505397.097054, 
        "translated": 21056
    }, 
    "ko": {
        "approved": 180584, 
        "pending_since_timestamp": 1536744763.476805, 
        "translated": 208715
    }, 
    "ky": {
        "approved": 0, 
        "translated": 25
    }, 
    "lol": {
        "approved": 67033, 
        "translated": 82234
    }, 
    "lt": {
        "approved": 73983, 
        "translated": 75822
    }, 
    "lv": {
        "approved": 54642, 
        "pending_since_timestamp": 1536603226.260349, 
        "translated": 55047
    }, 
    "mn": {
        "approved": 82607, 
        "translated": 110524
    }, 
    "mr": {
        "approved": 0, 
        "translated": 0
    }, 
    "ms": {
        "approved": 29, 
        "translated": 669
    }, 
    "my": {
        "approved": 1, 
        "translated": 112
    }, 
    "nb": {
        "approved": 131812, 
        "translated": 139568
    }, 
    "ne": {
        "approved": 0, 
        "translated": 1
    }, 
    "nl": {
        "approved": 122819, 
        "translated": 140468
    }, 
    "nn": {
        "approved": 0, 
        "translated": 1636
    }, 
    "or": {
        "approved": 0, 
        "translated": 52
    }, 
    "pl": {
        "approved": 333996, 
        "translated": 334579
    }, 
    "ps": {
        "approved": 0, 
        "translated": 23
    }, 
    "pt": {
        "approved": 363618, 
        "pending_since_timestamp": 1536732994.167023, 
        "translated": 403173
    }, 
    "pt-pt": {
        "approved": 143605, 
        "pending_since_timestamp": 1536603226.260349, 
        "translated": 174024
    }, 
    "ro": {
        "approved": 63958, 
        "pending_since_timestamp": 1536603226.260349, 
        "translated": 68243
    }, 
    "ru": {
        "approved": 100251, 
        "translated": 121409
    }, 
    "rw": {
        "approved": 0, 
        "translated": 0
    }, 
    "si": {
        "approved": 0, 
        "translated": 198
    }, 
    "sk": {
        "approved": 0, 
        "translated": 2178
    }, 
    "sl": {
        "approved": 0, 
        "translated": 0
    }, 
    "sq": {
        "approved": 90622, 
        "pending_since_timestamp": 1536603226.260349, 
        "translated": 95068
    }, 
    "sr": {
        "approved": 63140, 
        "translated": 81523
    }, 
    "sv": {
        "approved": 159772, 
        "translated": 546510
    }, 
    "sw": {
        "approved": 0, 
        "translated": 0
    }, 
    "ta": {
        "approved": 41103, 
        "pending_since_timestamp": 1536643252.032838, 
        "translated": 62299
    }, 
    "te": {
        "approved": 16, 
        "translated": 227
    }, 
    "th": {
        "approved": 303, 
        "translated": 133475
    }, 
    "tr": {
        "approved": 310120, 
        "translated": 416882
    }, 
    "uk": {
        "approved": 2808, 
        "pending_since_timestamp": 1536603226.260349, 
        "translated": 19100
    }, 
    "ur": {
        "approved": 54621, 
        "translated": 57552
    }, 
    "uz": {
        "approved": 77034, 
        "translated": 79816
    }, 
    "vi": {
        "approved": 2, 
        "translated": 2011
    }, 
    "xh": {
        "approved": 40, 
        "translated": 40
    }, 
    "zh-hans": {
        "approved": 147526, 
        "pending_since_timestamp": 1536785187.372797, 
        "translated": 209975
    }, 
    "zh-hant": {
        "approved": 9664, 
        "pending_since_timestamp": 1536603226.260349, 
        "translated": 69394
    }, 
    "zu": {
        "approved": 1, 
        "translated": 18
    }
}