{
    "ar": {
        "approved": 0, 
        "translated": 4448
    }, 
    "bg": {
        "approved": 167953, 
        "pending_since_timestamp": 1454378052.554755, 
        "translated": 172483
    }, 
    "bn": {
        "approved": 53390, 
        "translated": 92719
    }, 
    "cs": {
        "approved": 12915, 
        "pending_since_timestamp": 1454357017.57968, 
        "translated": 30562
    }, 
    "da": {
        "approved": 39151, 
        "translated": 68700
    }, 
    "de": {
        "approved": 119013, 
        "translated": 119172
    }, 
    "el": {
        "approved": 3, 
        "pending_since_timestamp": 1454373976.792468, 
        "translated": 6964
    }, 
    "es": {
        "approved": 199159, 
        "pending_since_timestamp": 1454377028.638769, 
        "translated": 322121
    }, 
    "fa": {
        "approved": 0, 
        "translated": 235
    }, 
    "fa-af": {
        "approved": 0, 
        "translated": 74
    }, 
    "fr": {
        "approved": 113997, 
        "pending_since_timestamp": 1454373976.792468, 
        "translated": 121183
    }, 
    "he": {
        "approved": 8513, 
        "translated": 9436
    }, 
    "hi": {
        "approved": 64350, 
        "translated": 76337
    }, 
    "hy": {
        "approved": 0, 
        "translated": 141
    }, 
    "id": {
        "approved": 0, 
        "pending_since_timestamp": 1454373976.792468, 
        "translated": 8669
    }, 
    "it": {
        "approved": 0, 
        "translated": 74884
    }, 
    "ja": {
        "approved": 23643, 
        "pending_since_timestamp": 1454373976.792468, 
        "translated": 55457
    }, 
    "ko": {
        "approved": 72550, 
        "pending_since_timestamp": 1454380049.621708, 
        "translated": 92827
    }, 
    "lol": {
        "approved": 615, 
        "translated": 8059
    }, 
    "mn": {
        "approved": 36096, 
        "pending_since_timestamp": 1454376011.208312, 
        "translated": 56563
    }, 
    "ms": {
        "approved": 0, 
        "translated": 826
    }, 
    "nb": {
        "approved": 84353, 
        "pending_since_timestamp": 1454373976.792468, 
        "translated": 85468
    }, 
    "nl": {
        "approved": 47955, 
        "pending_since_timestamp": 1454373976.792468, 
        "translated": 81102
    }, 
    "pl": {
        "approved": 131107, 
        "pending_since_timestamp": 1454381032.02577, 
        "translated": 134791
    }, 
    "pt": {
        "approved": 150448, 
        "translated": 319260
    }, 
    "pt-pt": {
        "approved": 13954, 
        "pending_since_timestamp": 1454373976.792468, 
        "translated": 78914
    }, 
    "ru": {
        "approved": 1231, 
        "pending_since_timestamp": 1454349888.529772, 
        "translated": 19037
    }, 
    "sr": {
        "approved": 35282, 
        "pending_since_timestamp": 1454370138.693135, 
        "translated": 317977
    }, 
    "sw": {
        "approved": 12308, 
        "pending_since_timestamp": 1454349888.529772, 
        "translated": 34569
    }, 
    "te": {
        "approved": 0, 
        "translated": 238
    }, 
    "th": {
        "approved": 0, 
        "translated": 125671
    }, 
    "tr": {
        "approved": 169797, 
        "pending_since_timestamp": 1454373976.792468, 
        "translated": 229379
    }, 
    "uk": {
        "approved": 0, 
        "translated": 2711
    }, 
    "ur": {
        "approved": 0, 
        "translated": 1638
    }, 
    "xh": {
        "approved": 0, 
        "translated": 1
    }, 
    "zh-hans": {
        "approved": 0, 
        "translated": 4365
    }, 
    "zu": {
        "approved": 0, 
        "translated": 32
    }
}