{
    "ar": {
        "approved": 1050, 
        "translated": 4738
    }, 
    "bg": {
        "approved": 214848, 
        "translated": 235821
    }, 
    "bn": {
        "approved": 118859, 
        "translated": 136412
    }, 
    "cs": {
        "approved": 13085, 
        "pending_since_timestamp": 1475931258.846384, 
        "translated": 30253
    }, 
    "da": {
        "approved": 80092, 
        "translated": 87453
    }, 
    "de": {
        "approved": 183069, 
        "pending_since_timestamp": 1476033403.672469, 
        "translated": 184527
    }, 
    "el": {
        "approved": 2076, 
        "translated": 9724
    }, 
    "es": {
        "approved": 327989, 
        "pending_since_timestamp": 1475944299.932731, 
        "translated": 430129
    }, 
    "fa": {
        "approved": 2, 
        "translated": 106
    }, 
    "fa-af": {
        "approved": 0, 
        "translated": 72
    }, 
    "fr": {
        "approved": 183988, 
        "pending_since_timestamp": 1476030992.31465, 
        "translated": 194321
    }, 
    "he": {
        "approved": 9089, 
        "translated": 9628
    }, 
    "hi": {
        "approved": 93270, 
        "pending_since_timestamp": 1476021165.45027, 
        "translated": 115303
    }, 
    "hy": {
        "approved": 27, 
        "translated": 3015
    }, 
    "id": {
        "approved": 1520, 
        "pending_since_timestamp": 1475931258.846384, 
        "translated": 7672
    }, 
    "it": {
        "approved": 45324, 
        "pending_since_timestamp": 1476005312.719688, 
        "translated": 110394
    }, 
    "ja": {
        "approved": 41447, 
        "pending_since_timestamp": 1476023562.387609, 
        "translated": 84914
    }, 
    "ka": {
        "approved": 175006, 
        "pending_since_timestamp": 1475979243.193466, 
        "translated": 178602
    }, 
    "ko": {
        "approved": 137041, 
        "translated": 158542
    }, 
    "lol": {
        "approved": 598, 
        "translated": 8807
    }, 
    "mn": {
        "approved": 75139, 
        "translated": 82723
    }, 
    "ms": {
        "approved": 358, 
        "translated": 1023
    }, 
    "nb": {
        "approved": 98184, 
        "translated": 101269
    }, 
    "nl": {
        "approved": 95682, 
        "pending_since_timestamp": 1476005312.719688, 
        "translated": 122463
    }, 
    "pl": {
        "approved": 231283, 
        "translated": 231715
    }, 
    "pt": {
        "approved": 228536, 
        "translated": 425491
    }, 
    "pt-pt": {
        "approved": 50076, 
        "translated": 81576
    }, 
    "ru": {
        "approved": 3225, 
        "translated": 20055
    }, 
    "sr": {
        "approved": 53457, 
        "translated": 422890
    }, 
    "sw": {
        "approved": 12797, 
        "pending_since_timestamp": 1475931258.846384, 
        "translated": 33822
    }, 
    "te": {
        "approved": 16, 
        "pending_since_timestamp": 1475931258.846384, 
        "translated": 216
    }, 
    "th": {
        "approved": 1194, 
        "translated": 119688
    }, 
    "tr": {
        "approved": 221556, 
        "pending_since_timestamp": 1476003611.146799, 
        "translated": 320581
    }, 
    "uk": {
        "approved": 210, 
        "translated": 2604
    }, 
    "ur": {
        "approved": 369, 
        "translated": 1502
    }, 
    "xh": {
        "approved": 0, 
        "translated": 1
    }, 
    "zh-hans": {
        "approved": 603, 
        "translated": 5485
    }, 
    "zu": {
        "approved": 1, 
        "translated": 22
    }
}