{
    "ar": {
        "approved": 0, 
        "translated": 4327
    }, 
    "bg": {
        "approved": 180281, 
        "pending_since_timestamp": 1464164561.758538, 
        "translated": 193134
    }, 
    "bn": {
        "approved": 84691, 
        "pending_since_timestamp": 1464161689.423863, 
        "translated": 121338
    }, 
    "cs": {
        "approved": 12297, 
        "translated": 30773
    }, 
    "da": {
        "approved": 73500, 
        "translated": 84574
    }, 
    "de": {
        "approved": 148875, 
        "pending_since_timestamp": 1464158785.510522, 
        "translated": 149666
    }, 
    "el": {
        "approved": 324, 
        "translated": 7270
    }, 
    "es": {
        "approved": 267056, 
        "pending_since_timestamp": 1464155695.01041, 
        "translated": 373170
    }, 
    "fa": {
        "approved": 0, 
        "translated": 107
    }, 
    "fa-af": {
        "approved": 0, 
        "translated": 72
    }, 
    "fr": {
        "approved": 157698, 
        "pending_since_timestamp": 1464166023.082985, 
        "translated": 164912
    }, 
    "he": {
        "approved": 8607, 
        "translated": 8620
    }, 
    "hi": {
        "approved": 66122, 
        "pending_since_timestamp": 1464164561.758538, 
        "translated": 95319
    }, 
    "hy": {
        "approved": 0, 
        "translated": 3043
    }, 
    "id": {
        "approved": 0, 
        "translated": 7309
    }, 
    "it": {
        "approved": 0, 
        "translated": 94401
    }, 
    "ja": {
        "approved": 28198, 
        "translated": 58354
    }, 
    "ka": {
        "approved": 125293, 
        "pending_since_timestamp": 1464167477.127249, 
        "translated": 129241
    }, 
    "ko": {
        "approved": 122138, 
        "pending_since_timestamp": 1464163076.029196, 
        "translated": 140516
    }, 
    "lol": {
        "approved": 581, 
        "translated": 7523
    }, 
    "mn": {
        "approved": 74540, 
        "translated": 82447
    }, 
    "ms": {
        "approved": 0, 
        "translated": 731
    }, 
    "nb": {
        "approved": 98869, 
        "translated": 101749
    }, 
    "nl": {
        "approved": 76549, 
        "pending_since_timestamp": 1464164561.758538, 
        "translated": 110333
    }, 
    "pl": {
        "approved": 193708, 
        "pending_since_timestamp": 1464168954.421902, 
        "translated": 194474
    }, 
    "pt": {
        "approved": 193783, 
        "translated": 370075
    }, 
    "pt-pt": {
        "approved": 18903, 
        "translated": 114740
    }, 
    "ru": {
        "approved": 1167, 
        "translated": 19830
    }, 
    "sr": {
        "approved": 44737, 
        "translated": 368844
    }, 
    "sw": {
        "approved": 11762, 
        "translated": 33677
    }, 
    "te": {
        "approved": 0, 
        "translated": 215
    }, 
    "th": {
        "approved": 0, 
        "translated": 121482
    }, 
    "tr": {
        "approved": 183427, 
        "translated": 276273
    }, 
    "uk": {
        "approved": 0, 
        "translated": 2518
    }, 
    "ur": {
        "approved": 0, 
        "translated": 1464
    }, 
    "xh": {
        "approved": 0, 
        "translated": 1
    }, 
    "zh-hans": {
        "approved": 0, 
        "translated": 5167
    }, 
    "zu": {
        "approved": 0, 
        "translated": 23
    }
}