{
    "ar": {
        "approved": 161, 
        "pending_since_timestamp": 1487701477.502712, 
        "translated": 3887
    }, 
    "bg": {
        "approved": 198062, 
        "pending_since_timestamp": 1487706341.695263, 
        "translated": 212305
    }, 
    "bn": {
        "approved": 127222, 
        "pending_since_timestamp": 1487706341.695263, 
        "translated": 139978
    }, 
    "cs": {
        "approved": 12206, 
        "translated": 28903
    }, 
    "da": {
        "approved": 73773, 
        "pending_since_timestamp": 1487706341.695263, 
        "translated": 81575
    }, 
    "de": {
        "approved": 203066, 
        "translated": 203593
    }, 
    "el": {
        "approved": 1207, 
        "pending_since_timestamp": 1487708127.16434, 
        "translated": 16160
    }, 
    "es": {
        "approved": 332969, 
        "pending_since_timestamp": 1487702938.263994, 
        "translated": 349677
    }, 
    "fa": {
        "approved": 1, 
        "translated": 103
    }, 
    "fa-af": {
        "approved": 31, 
        "translated": 104
    }, 
    "fr": {
        "approved": 220785, 
        "translated": 228244
    }, 
    "he": {
        "approved": 6492, 
        "translated": 7038
    }, 
    "hi": {
        "approved": 100277, 
        "translated": 115595
    }, 
    "hy": {
        "approved": 7405, 
        "translated": 12321
    }, 
    "id": {
        "approved": 532, 
        "translated": 6431
    }, 
    "it": {
        "approved": 66981, 
        "pending_since_timestamp": 1487702938.263994, 
        "translated": 114408
    }, 
    "ja": {
        "approved": 99915, 
        "translated": 116916
    }, 
    "ka": {
        "approved": 191163, 
        "pending_since_timestamp": 1487706341.695263, 
        "translated": 196061
    }, 
    "ko": {
        "approved": 153101, 
        "pending_since_timestamp": 1487706341.695263, 
        "translated": 162928
    }, 
    "lol": {
        "approved": 397, 
        "translated": 8647
    }, 
    "mn": {
        "approved": 73247, 
        "translated": 89521
    }, 
    "ms": {
        "approved": 29, 
        "translated": 682
    }, 
    "nb": {
        "approved": 95985, 
        "pending_since_timestamp": 1487706341.695263, 
        "translated": 99185
    }, 
    "nl": {
        "approved": 103427, 
        "pending_since_timestamp": 1487706341.695263, 
        "translated": 127091
    }, 
    "pl": {
        "approved": 252998, 
        "translated": 253224
    }, 
    "pt": {
        "approved": 256441, 
        "translated": 293835
    }, 
    "pt-pt": {
        "approved": 70432, 
        "translated": 101549
    }, 
    "ru": {
        "approved": 1634, 
        "translated": 18311
    }, 
    "sr": {
        "approved": 50791, 
        "translated": 68715
    }, 
    "sw": {
        "approved": 11627, 
        "translated": 31877
    }, 
    "te": {
        "approved": 16, 
        "translated": 214
    }, 
    "th": {
        "approved": 316, 
        "pending_since_timestamp": 1487706341.695263, 
        "translated": 122098
    }, 
    "tr": {
        "approved": 249907, 
        "pending_since_timestamp": 1487706341.695263, 
        "translated": 330893
    }, 
    "uk": {
        "approved": 98, 
        "translated": 2479
    }, 
    "ur": {
        "approved": 92, 
        "translated": 1200
    }, 
    "xh": {
        "approved": 40, 
        "translated": 40
    }, 
    "zh-hans": {
        "approved": 142, 
        "translated": 5436
    }, 
    "zu": {
        "approved": 1, 
        "translated": 22
    }
}