{
    "ar": {
        "approved": 160, 
        "translated": 3666
    }, 
    "bg": {
        "approved": 198080, 
        "translated": 203213
    }, 
    "bn": {
        "approved": 122292, 
        "pending_since_timestamp": 1483526254.657937, 
        "translated": 136515
    }, 
    "cs": {
        "approved": 12230, 
        "translated": 28990
    }, 
    "da": {
        "approved": 73868, 
        "translated": 81627
    }, 
    "de": {
        "approved": 200620, 
        "pending_since_timestamp": 1483522025.28136, 
        "translated": 200678
    }, 
    "el": {
        "approved": 916, 
        "pending_since_timestamp": 1483523403.886227, 
        "translated": 12160
    }, 
    "es": {
        "approved": 311036, 
        "translated": 332787
    }, 
    "fa": {
        "approved": 1, 
        "translated": 103
    }, 
    "fa-af": {
        "approved": 31, 
        "translated": 104
    }, 
    "fr": {
        "approved": 205274, 
        "pending_since_timestamp": 1483524767.956792, 
        "translated": 219217
    }, 
    "he": {
        "approved": 6494, 
        "translated": 7038
    }, 
    "hi": {
        "approved": 97180, 
        "translated": 115850
    }, 
    "hy": {
        "approved": 6806, 
        "translated": 12018
    }, 
    "id": {
        "approved": 532, 
        "translated": 6322
    }, 
    "it": {
        "approved": 61294, 
        "translated": 110269
    }, 
    "ja": {
        "approved": 98526, 
        "translated": 115391
    }, 
    "ka": {
        "approved": 188770, 
        "pending_since_timestamp": 1483526254.657937, 
        "translated": 193386
    }, 
    "ko": {
        "approved": 144098, 
        "pending_since_timestamp": 1483517771.503264, 
        "translated": 160250
    }, 
    "lol": {
        "approved": 397, 
        "translated": 8672
    }, 
    "mn": {
        "approved": 73612, 
        "translated": 81136
    }, 
    "ms": {
        "approved": 29, 
        "translated": 688
    }, 
    "nb": {
        "approved": 96167, 
        "translated": 99298
    }, 
    "nl": {
        "approved": 97184, 
        "pending_since_timestamp": 1483519155.507534, 
        "translated": 121990
    }, 
    "pl": {
        "approved": 239671, 
        "translated": 240094
    }, 
    "pt": {
        "approved": 245549, 
        "translated": 281760
    }, 
    "pt-pt": {
        "approved": 63697, 
        "translated": 90268
    }, 
    "ru": {
        "approved": 1636, 
        "translated": 18150
    }, 
    "sr": {
        "approved": 50969, 
        "translated": 68926
    }, 
    "sw": {
        "approved": 11652, 
        "translated": 31796
    }, 
    "te": {
        "approved": 16, 
        "translated": 214
    }, 
    "th": {
        "approved": 316, 
        "translated": 117704
    }, 
    "tr": {
        "approved": 242713, 
        "translated": 322815
    }, 
    "uk": {
        "approved": 98, 
        "translated": 2481
    }, 
    "ur": {
        "approved": 92, 
        "translated": 1204
    }, 
    "xh": {
        "approved": 40, 
        "translated": 40
    }, 
    "zh-hans": {
        "approved": 128, 
        "translated": 5041
    }, 
    "zu": {
        "approved": 1, 
        "translated": 22
    }
}