{
    "af": {
        "approved": 20, 
        "translated": 1569
    }, 
    "am": {
        "approved": 0, 
        "translated": 0
    }, 
    "ar": {
        "approved": 393, 
        "translated": 9736
    }, 
    "az": {
        "approved": 36096, 
        "pending_since_timestamp": 1508510132.752849, 
        "translated": 37070
    }, 
    "bg": {
        "approved": 247562, 
        "pending_since_timestamp": 1508510132.752849, 
        "translated": 261039
    }, 
    "bn": {
        "approved": 145623, 
        "pending_since_timestamp": 1508510132.752849, 
        "translated": 153032
    }, 
    "ca": {
        "approved": 3, 
        "translated": 2175
    }, 
    "cs": {
        "approved": 42859, 
        "pending_since_timestamp": 1508510132.752849, 
        "translated": 70922
    }, 
    "da": {
        "approved": 76180, 
        "pending_since_timestamp": 1508510132.752849, 
        "translated": 98519
    }, 
    "de": {
        "approved": 233441, 
        "pending_since_timestamp": 1508510132.752849, 
        "translated": 234505
    }, 
    "el": {
        "approved": 3541, 
        "pending_since_timestamp": 1508510132.752849, 
        "translated": 21610
    }, 
    "es": {
        "approved": 367280, 
        "pending_since_timestamp": 1508510132.752849, 
        "translated": 388756
    }, 
    "et": {
        "approved": 45281, 
        "translated": 46666
    }, 
    "fa": {
        "approved": 1, 
        "translated": 205
    }, 
    "fa-af": {
        "approved": 31, 
        "translated": 104
    }, 
    "fi": {
        "approved": 12421, 
        "pending_since_timestamp": 1508510132.752849, 
        "translated": 13489
    }, 
    "fil": {
        "approved": 0, 
        "translated": 1
    }, 
    "fr": {
        "approved": 256451, 
        "pending_since_timestamp": 1508488043.773535, 
        "translated": 262456
    }, 
    "gu": {
        "approved": 33881, 
        "pending_since_timestamp": 1508510132.752849, 
        "translated": 36745
    }, 
    "he": {
        "approved": 6948, 
        "pending_since_timestamp": 1508510132.752849, 
        "translated": 7527
    }, 
    "hi": {
        "approved": 97418, 
        "pending_since_timestamp": 1508510132.752849, 
        "translated": 113447
    }, 
    "hr": {
        "approved": 11082, 
        "pending_since_timestamp": 1508510132.752849, 
        "translated": 16913
    }, 
    "ht": {
        "approved": 1, 
        "translated": 5
    }, 
    "hu": {
        "approved": 45958, 
        "pending_since_timestamp": 1508510132.752849, 
        "translated": 53085
    }, 
    "hy": {
        "approved": 74307, 
        "pending_since_timestamp": 1508484143.309344, 
        "translated": 85978
    }, 
    "id": {
        "approved": 6907, 
        "pending_since_timestamp": 1508510132.752849, 
        "translated": 16318
    }, 
    "it": {
        "approved": 127168, 
        "pending_since_timestamp": 1508510132.752849, 
        "translated": 146438
    }, 
    "ja": {
        "approved": 106773, 
        "pending_since_timestamp": 1508510132.752849, 
        "translated": 125773
    }, 
    "ka": {
        "approved": 217247, 
        "pending_since_timestamp": 1508510132.752849, 
        "translated": 223210
    }, 
    "kn": {
        "approved": 0, 
        "translated": 161
    }, 
    "ko": {
        "approved": 173535, 
        "pending_since_timestamp": 1508484143.309344, 
        "translated": 183226
    }, 
    "ky": {
        "approved": 0, 
        "translated": 28
    }, 
    "lol": {
        "approved": 281, 
        "translated": 8433
    }, 
    "lt": {
        "approved": 0, 
        "translated": 1660
    }, 
    "lv": {
        "approved": 45367, 
        "translated": 45391
    }, 
    "mn": {
        "approved": 86784, 
        "pending_since_timestamp": 1508510132.752849, 
        "translated": 114626
    }, 
    "mr": {
        "approved": 0, 
        "translated": 0
    }, 
    "ms": {
        "approved": 29, 
        "translated": 715
    }, 
    "my": {
        "approved": 0, 
        "translated": 123
    }, 
    "nb": {
        "approved": 134038, 
        "pending_since_timestamp": 1508510132.752849, 
        "translated": 140048
    }, 
    "nl": {
        "approved": 111347, 
        "pending_since_timestamp": 1508510132.752849, 
        "translated": 132334
    }, 
    "nn": {
        "approved": 0, 
        "translated": 1692
    }, 
    "or": {
        "approved": 0, 
        "translated": 70
    }, 
    "pl": {
        "approved": 293408, 
        "pending_since_timestamp": 1508510132.752849, 
        "translated": 293572
    }, 
    "pt": {
        "approved": 311955, 
        "pending_since_timestamp": 1508510132.752849, 
        "translated": 359257
    }, 
    "pt-pt": {
        "approved": 107182, 
        "pending_since_timestamp": 1508510132.752849, 
        "translated": 133659
    }, 
    "ro": {
        "approved": 62614, 
        "pending_since_timestamp": 1508510132.752849, 
        "translated": 68328
    }, 
    "ru": {
        "approved": 1829, 
        "pending_since_timestamp": 1508510132.752849, 
        "translated": 21273
    }, 
    "rw": {
        "approved": 0, 
        "translated": 0
    }, 
    "si": {
        "approved": 0, 
        "translated": 229
    }, 
    "sk": {
        "approved": 0, 
        "translated": 2315
    }, 
    "sl": {
        "approved": 0, 
        "translated": 0
    }, 
    "sq": {
        "approved": 49918, 
        "translated": 65359
    }, 
    "sr": {
        "approved": 53931, 
        "pending_since_timestamp": 1508510132.752849, 
        "translated": 70937
    }, 
    "sv": {
        "approved": 40434, 
        "pending_since_timestamp": 1508510132.752849, 
        "translated": 103719
    }, 
    "sw": {
        "approved": 0, 
        "translated": 0
    }, 
    "ta": {
        "approved": 17296, 
        "pending_since_timestamp": 1508478854.499856, 
        "translated": 48897
    }, 
    "te": {
        "approved": 16, 
        "translated": 235
    }, 
    "th": {
        "approved": 303, 
        "pending_since_timestamp": 1508510132.752849, 
        "translated": 131566
    }, 
    "tr": {
        "approved": 273734, 
        "pending_since_timestamp": 1508510132.752849, 
        "translated": 389068
    }, 
    "uk": {
        "approved": 98, 
        "pending_since_timestamp": 1508510132.752849, 
        "translated": 2458
    }, 
    "ur": {
        "approved": 92, 
        "pending_since_timestamp": 1508468219.918551, 
        "translated": 1916
    }, 
    "uz": {
        "approved": 154, 
        "pending_since_timestamp": 1508510132.752849, 
        "translated": 1492
    }, 
    "vi": {
        "approved": 2, 
        "translated": 1494
    }, 
    "xh": {
        "approved": 40, 
        "translated": 40
    }, 
    "zh-hans": {
        "approved": 27828, 
        "pending_since_timestamp": 1508510132.752849, 
        "translated": 91258
    }, 
    "zh-hant": {
        "approved": 7571, 
        "pending_since_timestamp": 1508510132.752849, 
        "translated": 66207
    }, 
    "zu": {
        "approved": 1, 
        "translated": 20
    }
}