{
    "ar": {
        "approved": 380, 
        "translated": 4396
    }, 
    "bg": {
        "approved": 235331, 
        "pending_since_timestamp": 1497205971.093519, 
        "translated": 238724
    }, 
    "bn": {
        "approved": 140697, 
        "translated": 149205
    }, 
    "cs": {
        "approved": 43167, 
        "translated": 66665
    }, 
    "da": {
        "approved": 71732, 
        "pending_since_timestamp": 1497204549.529964, 
        "translated": 93403
    }, 
    "de": {
        "approved": 215046, 
        "translated": 215960
    }, 
    "el": {
        "approved": 2157, 
        "translated": 21940
    }, 
    "es": {
        "approved": 350550, 
        "translated": 366317
    }, 
    "fa": {
        "approved": 1, 
        "translated": 100
    }, 
    "fa-af": {
        "approved": 31, 
        "translated": 104
    }, 
    "fr": {
        "approved": 238200, 
        "translated": 245934
    }, 
    "he": {
        "approved": 7246, 
        "translated": 7477
    }, 
    "hi": {
        "approved": 98311, 
        "translated": 114308
    }, 
    "hy": {
        "approved": 7403, 
        "translated": 12239
    }, 
    "id": {
        "approved": 531, 
        "translated": 6433
    }, 
    "it": {
        "approved": 93359, 
        "pending_since_timestamp": 1497213353.603751, 
        "translated": 126290
    }, 
    "ja": {
        "approved": 101268, 
        "translated": 121332
    }, 
    "ka": {
        "approved": 203080, 
        "translated": 208060
    }, 
    "ko": {
        "approved": 160295, 
        "translated": 174571
    }, 
    "lol": {
        "approved": 382, 
        "translated": 8548
    }, 
    "mn": {
        "approved": 81256, 
        "translated": 107959
    }, 
    "ms": {
        "approved": 29, 
        "translated": 744
    }, 
    "nb": {
        "approved": 106681, 
        "pending_since_timestamp": 1497213353.603751, 
        "translated": 111823
    }, 
    "nl": {
        "approved": 107734, 
        "translated": 129571
    }, 
    "pl": {
        "approved": 272115, 
        "pending_since_timestamp": 1497212008.804594, 
        "translated": 272312
    }, 
    "pt": {
        "approved": 289039, 
        "pending_since_timestamp": 1497210468.546842, 
        "translated": 326529
    }, 
    "pt-pt": {
        "approved": 89526, 
        "translated": 120052
    }, 
    "ru": {
        "approved": 1533, 
        "pending_since_timestamp": 1497212008.804594, 
        "translated": 18422
    }, 
    "sr": {
        "approved": 50409, 
        "translated": 68062
    }, 
    "sw": {
        "approved": 49061, 
        "translated": 62634
    }, 
    "te": {
        "approved": 16, 
        "translated": 241
    }, 
    "th": {
        "approved": 303, 
        "translated": 132851
    }, 
    "tr": {
        "approved": 268704, 
        "translated": 367590
    }, 
    "uk": {
        "approved": 98, 
        "translated": 2516
    }, 
    "ur": {
        "approved": 92, 
        "translated": 1161
    }, 
    "xh": {
        "approved": 40, 
        "translated": 40
    }, 
    "zh-hans": {
        "approved": 5817, 
        "translated": 37648
    }, 
    "zu": {
        "approved": 1, 
        "translated": 20
    }
}