{
    "ar": {
        "approved": 0, 
        "translated": 4756
    }, 
    "bg": {
        "approved": 173107, 
        "pending_since_timestamp": 1457471786.289084, 
        "translated": 185537
    }, 
    "bn": {
        "approved": 59603, 
        "translated": 102522
    }, 
    "cs": {
        "approved": 12904, 
        "translated": 30256
    }, 
    "da": {
        "approved": 38753, 
        "pending_since_timestamp": 1457471786.289084, 
        "translated": 72571
    }, 
    "de": {
        "approved": 119611, 
        "pending_since_timestamp": 1457471786.289084, 
        "translated": 120711
    }, 
    "el": {
        "approved": 3, 
        "translated": 7264
    }, 
    "es": {
        "approved": 213263, 
        "pending_since_timestamp": 1457480130.020216, 
        "translated": 328327
    }, 
    "fa": {
        "approved": 0, 
        "translated": 241
    }, 
    "fa-af": {
        "approved": 0, 
        "translated": 72
    }, 
    "fr": {
        "approved": 121355, 
        "translated": 130206
    }, 
    "he": {
        "approved": 8392, 
        "translated": 9471
    }, 
    "hi": {
        "approved": 65077, 
        "translated": 79369
    }, 
    "hy": {
        "approved": 0, 
        "translated": 138
    }, 
    "id": {
        "approved": 0, 
        "translated": 8407
    }, 
    "it": {
        "approved": 0, 
        "pending_since_timestamp": 1457476415.906351, 
        "translated": 77828
    }, 
    "ja": {
        "approved": 23691, 
        "pending_since_timestamp": 1457471786.289084, 
        "translated": 55956
    }, 
    "ko": {
        "approved": 79303, 
        "pending_since_timestamp": 1457479007.733719, 
        "translated": 110331
    }, 
    "lol": {
        "approved": 596, 
        "translated": 7838
    }, 
    "mn": {
        "approved": 48968, 
        "pending_since_timestamp": 1457471786.289084, 
        "translated": 65147
    }, 
    "ms": {
        "approved": 0, 
        "translated": 784
    }, 
    "nb": {
        "approved": 86245, 
        "translated": 87185
    }, 
    "nl": {
        "approved": 49531, 
        "pending_since_timestamp": 1457471786.289084, 
        "translated": 85255
    }, 
    "pl": {
        "approved": 144986, 
        "pending_since_timestamp": 1457481198.349444, 
        "translated": 147849
    }, 
    "pt": {
        "approved": 158585, 
        "pending_since_timestamp": 1457479007.733719, 
        "translated": 325218
    }, 
    "pt-pt": {
        "approved": 14331, 
        "translated": 85283
    }, 
    "ru": {
        "approved": 1228, 
        "translated": 20570
    }, 
    "sr": {
        "approved": 35984, 
        "pending_since_timestamp": 1457471786.289084, 
        "translated": 324376
    }, 
    "sw": {
        "approved": 12266, 
        "pending_since_timestamp": 1457471786.289084, 
        "translated": 35903
    }, 
    "te": {
        "approved": 0, 
        "translated": 230
    }, 
    "th": {
        "approved": 0, 
        "translated": 126777
    }, 
    "tr": {
        "approved": 168592, 
        "translated": 238473
    }, 
    "uk": {
        "approved": 0, 
        "translated": 2523
    }, 
    "ur": {
        "approved": 0, 
        "translated": 1608
    }, 
    "xh": {
        "approved": 0, 
        "translated": 1
    }, 
    "zh-hans": {
        "approved": 0, 
        "translated": 4321
    }, 
    "zu": {
        "approved": 0, 
        "translated": 30
    }
}