{
    "ar": {
        "approved": 0, 
        "pending_since_timestamp": 1454461452.157163, 
        "translated": 4448
    }, 
    "bg": {
        "approved": 168165, 
        "pending_since_timestamp": 1454487599.723052, 
        "translated": 173623
    }, 
    "bn": {
        "approved": 54256, 
        "pending_since_timestamp": 1454488570.4223, 
        "translated": 93634
    }, 
    "cs": {
        "approved": 12915, 
        "pending_since_timestamp": 1454461452.157163, 
        "translated": 30571
    }, 
    "da": {
        "approved": 39481, 
        "pending_since_timestamp": 1454478724.707534, 
        "translated": 68929
    }, 
    "de": {
        "approved": 119416, 
        "pending_since_timestamp": 1454488570.4223, 
        "translated": 119702
    }, 
    "el": {
        "approved": 3, 
        "translated": 7209
    }, 
    "es": {
        "approved": 199777, 
        "translated": 322646
    }, 
    "fa": {
        "approved": 0, 
        "pending_since_timestamp": 1454465345.724859, 
        "translated": 235
    }, 
    "fa-af": {
        "approved": 0, 
        "translated": 74
    }, 
    "fr": {
        "approved": 114525, 
        "pending_since_timestamp": 1454490512.748773, 
        "translated": 121703
    }, 
    "he": {
        "approved": 8512, 
        "translated": 9509
    }, 
    "hi": {
        "approved": 64325, 
        "pending_since_timestamp": 1454488570.4223, 
        "translated": 77831
    }, 
    "hy": {
        "approved": 0, 
        "translated": 141
    }, 
    "id": {
        "approved": 0, 
        "pending_since_timestamp": 1454461452.157163, 
        "translated": 8670
    }, 
    "it": {
        "approved": 0, 
        "translated": 75014
    }, 
    "ja": {
        "approved": 23927, 
        "translated": 55875
    }, 
    "ko": {
        "approved": 72634, 
        "translated": 94070
    }, 
    "lol": {
        "approved": 615, 
        "translated": 8059
    }, 
    "mn": {
        "approved": 36096, 
        "pending_since_timestamp": 1454461452.157163, 
        "translated": 56697
    }, 
    "ms": {
        "approved": 0, 
        "pending_since_timestamp": 1454461452.157163, 
        "translated": 826
    }, 
    "nb": {
        "approved": 84536, 
        "translated": 85704
    }, 
    "nl": {
        "approved": 47986, 
        "pending_since_timestamp": 1454488570.4223, 
        "translated": 81632
    }, 
    "pl": {
        "approved": 131791, 
        "translated": 135122
    }, 
    "pt": {
        "approved": 150597, 
        "translated": 319765
    }, 
    "pt-pt": {
        "approved": 14285, 
        "translated": 79231
    }, 
    "ru": {
        "approved": 1244, 
        "translated": 19648
    }, 
    "sr": {
        "approved": 35495, 
        "translated": 318590
    }, 
    "sw": {
        "approved": 12308, 
        "pending_since_timestamp": 1454461452.157163, 
        "translated": 34652
    }, 
    "te": {
        "approved": 0, 
        "translated": 238
    }, 
    "th": {
        "approved": 0, 
        "translated": 128247
    }, 
    "tr": {
        "approved": 170272, 
        "pending_since_timestamp": 1454488570.4223, 
        "translated": 230234
    }, 
    "uk": {
        "approved": 0, 
        "pending_since_timestamp": 1454461452.157163, 
        "translated": 2711
    }, 
    "ur": {
        "approved": 0, 
        "pending_since_timestamp": 1454461452.157163, 
        "translated": 1638
    }, 
    "xh": {
        "approved": 0, 
        "translated": 1
    }, 
    "zh-hans": {
        "approved": 0, 
        "pending_since_timestamp": 1454465345.724859, 
        "translated": 4365
    }, 
    "zu": {
        "approved": 0, 
        "translated": 32
    }
}