{
    "ar": {
        "approved": 1049, 
        "pending_since_timestamp": 1479409244.748203, 
        "translated": 4581
    }, 
    "bg": {
        "approved": 216863, 
        "pending_since_timestamp": 1479409244.748203, 
        "translated": 236961
    }, 
    "bn": {
        "approved": 122898, 
        "pending_since_timestamp": 1479409244.748203, 
        "translated": 138868
    }, 
    "cs": {
        "approved": 13035, 
        "pending_since_timestamp": 1479409244.748203, 
        "translated": 30205
    }, 
    "da": {
        "approved": 79779, 
        "pending_since_timestamp": 1479409244.748203, 
        "translated": 87452
    }, 
    "de": {
        "approved": 190302, 
        "pending_since_timestamp": 1479409244.748203, 
        "translated": 190343
    }, 
    "el": {
        "approved": 2115, 
        "pending_since_timestamp": 1479337882.457062, 
        "translated": 9966
    }, 
    "es": {
        "approved": 341010, 
        "pending_since_timestamp": 1479409244.748203, 
        "translated": 357601
    }, 
    "fa": {
        "approved": 2, 
        "pending_since_timestamp": 1479409244.748203, 
        "translated": 105
    }, 
    "fa-af": {
        "approved": 0, 
        "pending_since_timestamp": 1479409244.748203, 
        "translated": 72
    }, 
    "fr": {
        "approved": 204086, 
        "pending_since_timestamp": 1479350159.634687, 
        "translated": 215560
    }, 
    "he": {
        "approved": 8992, 
        "pending_since_timestamp": 1479409244.748203, 
        "translated": 9555
    }, 
    "hi": {
        "approved": 95415, 
        "pending_since_timestamp": 1479409244.748203, 
        "translated": 116306
    }, 
    "hy": {
        "approved": 73, 
        "pending_since_timestamp": 1479409244.748203, 
        "translated": 4343
    }, 
    "id": {
        "approved": 1537, 
        "pending_since_timestamp": 1479409244.748203, 
        "translated": 7622
    }, 
    "it": {
        "approved": 64756, 
        "pending_since_timestamp": 1479311881.571102, 
        "translated": 116569
    }, 
    "ja": {
        "approved": 43587, 
        "pending_since_timestamp": 1479320521.06286, 
        "translated": 104087
    }, 
    "ka": {
        "approved": 186521, 
        "pending_since_timestamp": 1479409244.748203, 
        "translated": 192105
    }, 
    "ko": {
        "approved": 145014, 
        "pending_since_timestamp": 1479348116.096013, 
        "translated": 162494
    }, 
    "lol": {
        "approved": 595, 
        "translated": 8801
    }, 
    "mn": {
        "approved": 74989, 
        "pending_since_timestamp": 1479409244.748203, 
        "translated": 82565
    }, 
    "ms": {
        "approved": 358, 
        "pending_since_timestamp": 1479409244.748203, 
        "translated": 1019
    }, 
    "nb": {
        "approved": 97921, 
        "pending_since_timestamp": 1479409244.748203, 
        "translated": 101007
    }, 
    "nl": {
        "approved": 96933, 
        "pending_since_timestamp": 1479409244.748203, 
        "translated": 123212
    }, 
    "pl": {
        "approved": 242842, 
        "pending_since_timestamp": 1479409244.748203, 
        "translated": 243400
    }, 
    "pt": {
        "approved": 245568, 
        "pending_since_timestamp": 1479409244.748203, 
        "translated": 287765
    }, 
    "pt-pt": {
        "approved": 55543, 
        "pending_since_timestamp": 1479409244.748203, 
        "translated": 83414
    }, 
    "ru": {
        "approved": 3234, 
        "pending_since_timestamp": 1479409244.748203, 
        "translated": 20344
    }, 
    "sr": {
        "approved": 53303, 
        "pending_since_timestamp": 1479409244.748203, 
        "translated": 70804
    }, 
    "sw": {
        "approved": 12743, 
        "pending_since_timestamp": 1479409244.748203, 
        "translated": 33656
    }, 
    "te": {
        "approved": 34, 
        "translated": 234
    }, 
    "th": {
        "approved": 1208, 
        "pending_since_timestamp": 1479409244.748203, 
        "translated": 119462
    }, 
    "tr": {
        "approved": 249323, 
        "pending_since_timestamp": 1479409244.748203, 
        "translated": 328473
    }, 
    "uk": {
        "approved": 225, 
        "pending_since_timestamp": 1479409244.748203, 
        "translated": 2607
    }, 
    "ur": {
        "approved": 371, 
        "pending_since_timestamp": 1479409244.748203, 
        "translated": 1480
    }, 
    "xh": {
        "approved": 0, 
        "pending_since_timestamp": 1479409244.748203, 
        "translated": 1
    }, 
    "zh-hans": {
        "approved": 603, 
        "pending_since_timestamp": 1479409244.748203, 
        "translated": 5544
    }, 
    "zu": {
        "approved": 1, 
        "pending_since_timestamp": 1479409244.748203, 
        "translated": 22
    }
}