{
    "ar": {
        "approved": 160, 
        "pending_since_timestamp": 1481787337.231084, 
        "translated": 3664
    }, 
    "bg": {
        "approved": 182635, 
        "pending_since_timestamp": 1481813442.307793, 
        "translated": 202980
    }, 
    "bn": {
        "approved": 121479, 
        "pending_since_timestamp": 1481813442.307793, 
        "translated": 134995
    }, 
    "cs": {
        "approved": 12229, 
        "translated": 28923
    }, 
    "da": {
        "approved": 73899, 
        "translated": 81582
    }, 
    "de": {
        "approved": 195133, 
        "pending_since_timestamp": 1481813442.307793, 
        "translated": 197282
    }, 
    "el": {
        "approved": 873, 
        "pending_since_timestamp": 1481790875.829751, 
        "translated": 8902
    }, 
    "es": {
        "approved": 304537, 
        "translated": 323676
    }, 
    "fa": {
        "approved": 1, 
        "translated": 103
    }, 
    "fa-af": {
        "approved": 31, 
        "translated": 104
    }, 
    "fr": {
        "approved": 202781, 
        "pending_since_timestamp": 1481817376.004501, 
        "translated": 216112
    }, 
    "he": {
        "approved": 6515, 
        "translated": 7059
    }, 
    "hi": {
        "approved": 96047, 
        "translated": 115370
    }, 
    "hy": {
        "approved": 3946, 
        "pending_since_timestamp": 1481805531.284402, 
        "translated": 9837
    }, 
    "id": {
        "approved": 532, 
        "translated": 6324
    }, 
    "it": {
        "approved": 61376, 
        "pending_since_timestamp": 1481813442.307793, 
        "translated": 109998
    }, 
    "ja": {
        "approved": 94959, 
        "pending_since_timestamp": 1481798588.975764, 
        "translated": 114661
    }, 
    "ka": {
        "approved": 186835, 
        "translated": 192021
    }, 
    "ko": {
        "approved": 140910, 
        "pending_since_timestamp": 1481792713.962706, 
        "translated": 155614
    }, 
    "lol": {
        "approved": 402, 
        "translated": 8677
    }, 
    "mn": {
        "approved": 73640, 
        "translated": 81218
    }, 
    "ms": {
        "approved": 29, 
        "translated": 689
    }, 
    "nb": {
        "approved": 96256, 
        "translated": 99322
    }, 
    "nl": {
        "approved": 96839, 
        "pending_since_timestamp": 1481819023.102347, 
        "translated": 120513
    }, 
    "pl": {
        "approved": 234075, 
        "translated": 234789
    }, 
    "pt": {
        "approved": 241704, 
        "pending_since_timestamp": 1481813442.307793, 
        "translated": 280463
    }, 
    "pt-pt": {
        "approved": 60260, 
        "pending_since_timestamp": 1481805531.284402, 
        "translated": 87727
    }, 
    "ru": {
        "approved": 1638, 
        "translated": 18160
    }, 
    "sr": {
        "approved": 51006, 
        "translated": 68789
    }, 
    "sw": {
        "approved": 11652, 
        "translated": 31813
    }, 
    "te": {
        "approved": 16, 
        "translated": 214
    }, 
    "th": {
        "approved": 316, 
        "translated": 117774
    }, 
    "tr": {
        "approved": 233446, 
        "pending_since_timestamp": 1481815437.759946, 
        "translated": 318404
    }, 
    "uk": {
        "approved": 98, 
        "translated": 2481
    }, 
    "ur": {
        "approved": 92, 
        "translated": 1204
    }, 
    "xh": {
        "approved": 40, 
        "translated": 40
    }, 
    "zh-hans": {
        "approved": 128, 
        "translated": 5047
    }, 
    "zu": {
        "approved": 1, 
        "translated": 22
    }
}