{
    "ar": {
        "approved": 0, 
        "pending_since_timestamp": 1468558728.574168, 
        "translated": 4520
    }, 
    "bg": {
        "approved": 205229, 
        "pending_since_timestamp": 1468578851.04335, 
        "translated": 224342
    }, 
    "bn": {
        "approved": 101132, 
        "translated": 128722
    }, 
    "cs": {
        "approved": 12229, 
        "pending_since_timestamp": 1468558728.574168, 
        "translated": 30520
    }, 
    "da": {
        "approved": 76563, 
        "translated": 85542
    }, 
    "de": {
        "approved": 153697, 
        "pending_since_timestamp": 1468600631.598462, 
        "translated": 154214
    }, 
    "el": {
        "approved": 325, 
        "pending_since_timestamp": 1468558728.574168, 
        "translated": 7433
    }, 
    "es": {
        "approved": 290086, 
        "pending_since_timestamp": 1468565716.190348, 
        "translated": 390312
    }, 
    "fa": {
        "approved": 0, 
        "translated": 106
    }, 
    "fa-af": {
        "approved": 0, 
        "translated": 72
    }, 
    "fr": {
        "approved": 167563, 
        "translated": 174827
    }, 
    "he": {
        "approved": 8497, 
        "translated": 8736
    }, 
    "hi": {
        "approved": 68474, 
        "translated": 111537
    }, 
    "hy": {
        "approved": 0, 
        "pending_since_timestamp": 1468558728.574168, 
        "translated": 3013
    }, 
    "id": {
        "approved": 0, 
        "pending_since_timestamp": 1468558728.574168, 
        "translated": 7276
    }, 
    "it": {
        "approved": 7723, 
        "pending_since_timestamp": 1468558728.574168, 
        "translated": 104904
    }, 
    "ja": {
        "approved": 34095, 
        "pending_since_timestamp": 1468558728.574168, 
        "translated": 80553
    }, 
    "ka": {
        "approved": 139947, 
        "pending_since_timestamp": 1468600631.598462, 
        "translated": 141424
    }, 
    "ko": {
        "approved": 126670, 
        "translated": 152800
    }, 
    "lol": {
        "approved": 603, 
        "translated": 8847
    }, 
    "mn": {
        "approved": 75538, 
        "translated": 83211
    }, 
    "ms": {
        "approved": 0, 
        "pending_since_timestamp": 1468558728.574168, 
        "translated": 726
    }, 
    "nb": {
        "approved": 98555, 
        "translated": 101767
    }, 
    "nl": {
        "approved": 80605, 
        "translated": 118142
    }, 
    "pl": {
        "approved": 205167, 
        "translated": 205446
    }, 
    "pt": {
        "approved": 205794, 
        "pending_since_timestamp": 1468602636.291638, 
        "translated": 378104
    }, 
    "pt-pt": {
        "approved": 26295, 
        "pending_since_timestamp": 1468578851.04335, 
        "translated": 89748
    }, 
    "ru": {
        "approved": 1191, 
        "pending_since_timestamp": 1468558728.574168, 
        "translated": 19554
    }, 
    "sr": {
        "approved": 45763, 
        "pending_since_timestamp": 1468600631.598462, 
        "translated": 375295
    }, 
    "sw": {
        "approved": 11695, 
        "pending_since_timestamp": 1468558728.574168, 
        "translated": 33456
    }, 
    "te": {
        "approved": 0, 
        "pending_since_timestamp": 1468558728.574168, 
        "translated": 204
    }, 
    "th": {
        "approved": 0, 
        "pending_since_timestamp": 1468558728.574168, 
        "translated": 120375
    }, 
    "tr": {
        "approved": 214764, 
        "translated": 288225
    }, 
    "uk": {
        "approved": 0, 
        "pending_since_timestamp": 1468558728.574168, 
        "translated": 2528
    }, 
    "ur": {
        "approved": 0, 
        "pending_since_timestamp": 1468558728.574168, 
        "translated": 1467
    }, 
    "xh": {
        "approved": 0, 
        "translated": 1
    }, 
    "zh-hans": {
        "approved": 0, 
        "pending_since_timestamp": 1468558728.574168, 
        "translated": 5146
    }, 
    "zu": {
        "approved": 0, 
        "translated": 22
    }
}