{
    "ar": {
        "approved": 0, 
        "pending_since_timestamp": 1474133616.900223, 
        "translated": 4465
    }, 
    "bg": {
        "approved": 194694, 
        "pending_since_timestamp": 1474226362.291354, 
        "translated": 219919
    }, 
    "bn": {
        "approved": 114497, 
        "translated": 131756
    }, 
    "cs": {
        "approved": 12085, 
        "translated": 29846
    }, 
    "da": {
        "approved": 74749, 
        "translated": 82747
    }, 
    "de": {
        "approved": 174717, 
        "pending_since_timestamp": 1474231022.885635, 
        "translated": 174841
    }, 
    "el": {
        "approved": 374, 
        "pending_since_timestamp": 1474133616.900223, 
        "translated": 8965
    }, 
    "es": {
        "approved": 290606, 
        "pending_since_timestamp": 1474168275.897428, 
        "translated": 397031
    }, 
    "fa": {
        "approved": 0, 
        "translated": 104
    }, 
    "fa-af": {
        "approved": 0, 
        "translated": 72
    }, 
    "fr": {
        "approved": 172572, 
        "pending_since_timestamp": 1474226362.291354, 
        "translated": 181805
    }, 
    "he": {
        "approved": 7856, 
        "translated": 8207
    }, 
    "hi": {
        "approved": 91554, 
        "pending_since_timestamp": 1474219379.179377, 
        "translated": 113174
    }, 
    "hy": {
        "approved": 0, 
        "pending_since_timestamp": 1474133616.900223, 
        "translated": 3012
    }, 
    "id": {
        "approved": 0, 
        "translated": 6978
    }, 
    "it": {
        "approved": 39943, 
        "pending_since_timestamp": 1474191070.310348, 
        "translated": 107034
    }, 
    "ja": {
        "approved": 36964, 
        "pending_since_timestamp": 1474219379.179377, 
        "translated": 81350
    }, 
    "ka": {
        "approved": 165403, 
        "pending_since_timestamp": 1474189118.207836, 
        "translated": 166442
    }, 
    "ko": {
        "approved": 129968, 
        "translated": 151886
    }, 
    "lol": {
        "approved": 599, 
        "translated": 8810
    }, 
    "mn": {
        "approved": 74812, 
        "translated": 82397
    }, 
    "ms": {
        "approved": 0, 
        "pending_since_timestamp": 1474133616.900223, 
        "translated": 723
    }, 
    "nb": {
        "approved": 97465, 
        "translated": 100630
    }, 
    "nl": {
        "approved": 85212, 
        "pending_since_timestamp": 1474192599.486692, 
        "translated": 117837
    }, 
    "pl": {
        "approved": 214496, 
        "pending_since_timestamp": 1474228992.277407, 
        "translated": 215000
    }, 
    "pt": {
        "approved": 210955, 
        "pending_since_timestamp": 1474219379.179377, 
        "translated": 394115
    }, 
    "pt-pt": {
        "approved": 43338, 
        "translated": 78078
    }, 
    "ru": {
        "approved": 1170, 
        "translated": 18900
    }, 
    "sr": {
        "approved": 51715, 
        "translated": 392852
    }, 
    "sw": {
        "approved": 11553, 
        "pending_since_timestamp": 1474133616.900223, 
        "translated": 33226
    }, 
    "te": {
        "approved": 0, 
        "pending_since_timestamp": 1474133616.900223, 
        "translated": 212
    }, 
    "th": {
        "approved": 0, 
        "translated": 119095
    }, 
    "tr": {
        "approved": 198303, 
        "translated": 303455
    }, 
    "uk": {
        "approved": 0, 
        "pending_since_timestamp": 1474133616.900223, 
        "translated": 2532
    }, 
    "ur": {
        "approved": 0, 
        "pending_since_timestamp": 1474133616.900223, 
        "translated": 1420
    }, 
    "xh": {
        "approved": 0, 
        "translated": 1
    }, 
    "zh-hans": {
        "approved": 0, 
        "pending_since_timestamp": 1474133616.900223, 
        "translated": 5113
    }, 
    "zu": {
        "approved": 0, 
        "translated": 21
    }
}