{
    "af": {
        "approved": 19, 
        "pending_since_timestamp": 1542057306.169735, 
        "translated": 1478
    }, 
    "am": {
        "approved": 0, 
        "translated": 0
    }, 
    "ar": {
        "approved": 71060, 
        "pending_since_timestamp": 1545112631.663414, 
        "translated": 205267
    }, 
    "az": {
        "approved": 35926, 
        "translated": 37643
    }, 
    "bg": {
        "approved": 331495, 
        "pending_since_timestamp": 1545125492.274771, 
        "translated": 336137
    }, 
    "bn": {
        "approved": 147817, 
        "pending_since_timestamp": 1545106814.283245, 
        "translated": 161455
    }, 
    "ca": {
        "approved": 3, 
        "translated": 1947
    }, 
    "cs": {
        "approved": 130346, 
        "translated": 149113
    }, 
    "da": {
        "approved": 174975, 
        "translated": 192770
    }, 
    "de": {
        "approved": 301484, 
        "translated": 537180
    }, 
    "el": {
        "approved": 77936, 
        "translated": 93709
    }, 
    "es": {
        "approved": 431857, 
        "translated": 448281
    }, 
    "et": {
        "approved": 44984, 
        "translated": 46297
    }, 
    "fa": {
        "approved": 1, 
        "translated": 190
    }, 
    "fa-af": {
        "approved": 31, 
        "translated": 103
    }, 
    "fi": {
        "approved": 82291, 
        "translated": 84189
    }, 
    "fil": {
        "approved": 204, 
        "translated": 297
    }, 
    "fr": {
        "approved": 285700, 
        "pending_since_timestamp": 1545149355.814664, 
        "translated": 289137
    }, 
    "fv": {
        "approved": 79873, 
        "pending_since_timestamp": 1544955125.825077, 
        "translated": 83369
    }, 
    "gu": {
        "approved": 96582, 
        "pending_since_timestamp": 1545070338.77864, 
        "translated": 140352
    }, 
    "he": {
        "approved": 8458, 
        "translated": 8461
    }, 
    "hi": {
        "approved": 167232, 
        "translated": 179604
    }, 
    "hr": {
        "approved": 10947, 
        "translated": 16549
    }, 
    "ht": {
        "approved": 1, 
        "translated": 5
    }, 
    "hu": {
        "approved": 92945, 
        "pending_since_timestamp": 1544907968.088526, 
        "translated": 112836
    }, 
    "hy": {
        "approved": 126706, 
        "pending_since_timestamp": 1545116000.615354, 
        "translated": 150301
    }, 
    "id": {
        "approved": 73944, 
        "translated": 91185
    }, 
    "it": {
        "approved": 155639, 
        "pending_since_timestamp": 1545142309.320657, 
        "translated": 173378
    }, 
    "ja": {
        "approved": 125486, 
        "pending_since_timestamp": 1545070338.77864, 
        "translated": 145785
    }, 
    "ka": {
        "approved": 278795, 
        "pending_since_timestamp": 1545155310.642668, 
        "translated": 283275
    }, 
    "ki": {
        "approved": 0, 
        "translated": 37
    }, 
    "kk": {
        "approved": 103, 
        "translated": 103
    }, 
    "km": {
        "approved": 0, 
        "translated": 52
    }, 
    "kn": {
        "approved": 33445, 
        "pending_since_timestamp": 1545070338.77864, 
        "translated": 39744
    }, 
    "ko": {
        "approved": 186821, 
        "translated": 216257
    }, 
    "ky": {
        "approved": 0, 
        "translated": 25
    }, 
    "lol": {
        "approved": 66865, 
        "translated": 82046
    }, 
    "lt": {
        "approved": 80827, 
        "translated": 82781
    }, 
    "lv": {
        "approved": 54625, 
        "translated": 55058
    }, 
    "mn": {
        "approved": 82758, 
        "translated": 110661
    }, 
    "mr": {
        "approved": 0, 
        "translated": 0
    }, 
    "ms": {
        "approved": 29, 
        "translated": 639
    }, 
    "my": {
        "approved": 1, 
        "translated": 112
    }, 
    "nb": {
        "approved": 133316, 
        "translated": 143386
    }, 
    "ne": {
        "approved": 0, 
        "translated": 1
    }, 
    "nl": {
        "approved": 129322, 
        "pending_since_timestamp": 1545142309.320657, 
        "translated": 144177
    }, 
    "nn": {
        "approved": 0, 
        "translated": 1629
    }, 
    "or": {
        "approved": 0, 
        "translated": 52
    }, 
    "pl": {
        "approved": 342213, 
        "translated": 342645
    }, 
    "ps": {
        "approved": 473, 
        "pending_since_timestamp": 1544821719.524284, 
        "translated": 782
    }, 
    "pt": {
        "approved": 372221, 
        "pending_since_timestamp": 1545149355.814664, 
        "translated": 413469
    }, 
    "pt-pt": {
        "approved": 149798, 
        "pending_since_timestamp": 1545070338.77864, 
        "translated": 180758
    }, 
    "ro": {
        "approved": 63714, 
        "translated": 67985
    }, 
    "ru": {
        "approved": 100607, 
        "translated": 122027
    }, 
    "rw": {
        "approved": 0, 
        "translated": 0
    }, 
    "si": {
        "approved": 0, 
        "translated": 196
    }, 
    "sk": {
        "approved": 0, 
        "translated": 2154
    }, 
    "sl": {
        "approved": 0, 
        "translated": 0
    }, 
    "sq": {
        "approved": 98737, 
        "translated": 102961
    }, 
    "sr": {
        "approved": 62990, 
        "translated": 81676
    }, 
    "sv": {
        "approved": 166921, 
        "pending_since_timestamp": 1545121442.227405, 
        "translated": 541372
    }, 
    "sw": {
        "approved": 0, 
        "translated": 0
    }, 
    "ta": {
        "approved": 51693, 
        "pending_since_timestamp": 1545106814.283245, 
        "translated": 75859
    }, 
    "te": {
        "approved": 16, 
        "translated": 208
    }, 
    "th": {
        "approved": 299, 
        "pending_since_timestamp": 1544949733.19335, 
        "translated": 134226
    }, 
    "tr": {
        "approved": 310061, 
        "translated": 417890
    }, 
    "uk": {
        "approved": 70582, 
        "pending_since_timestamp": 1545121442.227405, 
        "translated": 90890
    }, 
    "ur": {
        "approved": 54613, 
        "translated": 57500
    }, 
    "uz": {
        "approved": 76758, 
        "pending_since_timestamp": 1544821719.524284, 
        "translated": 88297
    }, 
    "vi": {
        "approved": 2, 
        "translated": 1982
    }, 
    "xh": {
        "approved": 40, 
        "translated": 40
    }, 
    "zh-hans": {
        "approved": 183523, 
        "translated": 252934
    }, 
    "zh-hant": {
        "approved": 10010, 
        "translated": 74584
    }, 
    "zu": {
        "approved": 1, 
        "translated": 18
    }
}