{
    "ar": {
        "approved": 160, 
        "pending_since_timestamp": 1483098764.866111, 
        "translated": 3665
    }, 
    "bg": {
        "approved": 182762, 
        "translated": 203193
    }, 
    "bn": {
        "approved": 121915, 
        "translated": 136128
    }, 
    "cs": {
        "approved": 12230, 
        "translated": 28965
    }, 
    "da": {
        "approved": 73868, 
        "translated": 81627
    }, 
    "de": {
        "approved": 199216, 
        "translated": 200108
    }, 
    "el": {
        "approved": 916, 
        "pending_since_timestamp": 1483098764.866111, 
        "translated": 10845
    }, 
    "es": {
        "approved": 309647, 
        "pending_since_timestamp": 1483098764.866111, 
        "translated": 329322
    }, 
    "fa": {
        "approved": 1, 
        "translated": 103
    }, 
    "fa-af": {
        "approved": 31, 
        "translated": 104
    }, 
    "fr": {
        "approved": 203883, 
        "pending_since_timestamp": 1483133378.536702, 
        "translated": 218453
    }, 
    "he": {
        "approved": 6494, 
        "translated": 7038
    }, 
    "hi": {
        "approved": 97133, 
        "translated": 115805
    }, 
    "hy": {
        "approved": 6715, 
        "pending_since_timestamp": 1483098764.866111, 
        "translated": 11241
    }, 
    "id": {
        "approved": 532, 
        "pending_since_timestamp": 1483098764.866111, 
        "translated": 6321
    }, 
    "it": {
        "approved": 61294, 
        "pending_since_timestamp": 1483098764.866111, 
        "translated": 110268
    }, 
    "ja": {
        "approved": 98506, 
        "pending_since_timestamp": 1483098764.866111, 
        "translated": 115136
    }, 
    "ka": {
        "approved": 187380, 
        "pending_since_timestamp": 1483127072.823699, 
        "translated": 192514
    }, 
    "ko": {
        "approved": 142397, 
        "translated": 158121
    }, 
    "lol": {
        "approved": 397, 
        "translated": 8672
    }, 
    "mn": {
        "approved": 73612, 
        "translated": 81136
    }, 
    "ms": {
        "approved": 29, 
        "translated": 688
    }, 
    "nb": {
        "approved": 96167, 
        "translated": 99233
    }, 
    "nl": {
        "approved": 96809, 
        "translated": 120495
    }, 
    "pl": {
        "approved": 238642, 
        "pending_since_timestamp": 1483130832.259072, 
        "translated": 238882
    }, 
    "pt": {
        "approved": 245495, 
        "translated": 281775
    }, 
    "pt-pt": {
        "approved": 62205, 
        "pending_since_timestamp": 1483115992.146818, 
        "translated": 89284
    }, 
    "ru": {
        "approved": 1635, 
        "pending_since_timestamp": 1483098764.866111, 
        "translated": 18149
    }, 
    "sr": {
        "approved": 50969, 
        "translated": 68926
    }, 
    "sw": {
        "approved": 11652, 
        "pending_since_timestamp": 1483098764.866111, 
        "translated": 31795
    }, 
    "te": {
        "approved": 16, 
        "translated": 214
    }, 
    "th": {
        "approved": 316, 
        "pending_since_timestamp": 1483098764.866111, 
        "translated": 117703
    }, 
    "tr": {
        "approved": 242519, 
        "translated": 321659
    }, 
    "uk": {
        "approved": 98, 
        "pending_since_timestamp": 1483098764.866111, 
        "translated": 2480
    }, 
    "ur": {
        "approved": 92, 
        "pending_since_timestamp": 1483098764.866111, 
        "translated": 1203
    }, 
    "xh": {
        "approved": 40, 
        "translated": 40
    }, 
    "zh-hans": {
        "approved": 128, 
        "translated": 5041
    }, 
    "zu": {
        "approved": 1, 
        "translated": 22
    }
}