{
    "ar": {
        "approved": 160, 
        "translated": 3665
    }, 
    "bg": {
        "approved": 182761, 
        "translated": 203192
    }, 
    "bn": {
        "approved": 121839, 
        "translated": 135996
    }, 
    "cs": {
        "approved": 12230, 
        "translated": 28935
    }, 
    "da": {
        "approved": 73867, 
        "translated": 81596
    }, 
    "de": {
        "approved": 198014, 
        "pending_since_timestamp": 1482946253.234135, 
        "translated": 199887
    }, 
    "el": {
        "approved": 916, 
        "pending_since_timestamp": 1482918392.064955, 
        "translated": 10515
    }, 
    "es": {
        "approved": 308147, 
        "pending_since_timestamp": 1482927771.759196, 
        "translated": 328214
    }, 
    "fa": {
        "approved": 1, 
        "translated": 103
    }, 
    "fa-af": {
        "approved": 31, 
        "translated": 104
    }, 
    "fr": {
        "approved": 203645, 
        "pending_since_timestamp": 1482942549.112972, 
        "translated": 217637
    }, 
    "he": {
        "approved": 6493, 
        "translated": 7037
    }, 
    "hi": {
        "approved": 97086, 
        "translated": 115772
    }, 
    "hy": {
        "approved": 5922, 
        "pending_since_timestamp": 1482915440.139568, 
        "translated": 10926
    }, 
    "id": {
        "approved": 532, 
        "translated": 6321
    }, 
    "it": {
        "approved": 61294, 
        "translated": 110268
    }, 
    "ja": {
        "approved": 98109, 
        "pending_since_timestamp": 1482927771.759196, 
        "translated": 115147
    }, 
    "ka": {
        "approved": 187250, 
        "translated": 192299
    }, 
    "ko": {
        "approved": 142403, 
        "pending_since_timestamp": 1482927771.759196, 
        "translated": 157878
    }, 
    "lol": {
        "approved": 397, 
        "translated": 8672
    }, 
    "mn": {
        "approved": 73613, 
        "pending_since_timestamp": 1482927771.759196, 
        "translated": 81191
    }, 
    "ms": {
        "approved": 29, 
        "translated": 688
    }, 
    "nb": {
        "approved": 96166, 
        "translated": 99232
    }, 
    "nl": {
        "approved": 96808, 
        "translated": 120494
    }, 
    "pl": {
        "approved": 237553, 
        "translated": 237919
    }, 
    "pt": {
        "approved": 245490, 
        "translated": 281766
    }, 
    "pt-pt": {
        "approved": 61626, 
        "pending_since_timestamp": 1482945047.697899, 
        "translated": 88805
    }, 
    "ru": {
        "approved": 1635, 
        "translated": 18142
    }, 
    "sr": {
        "approved": 50969, 
        "pending_since_timestamp": 1482936931.788613, 
        "translated": 68750
    }, 
    "sw": {
        "approved": 11652, 
        "translated": 31795
    }, 
    "te": {
        "approved": 16, 
        "translated": 214
    }, 
    "th": {
        "approved": 316, 
        "pending_since_timestamp": 1482927771.759196, 
        "translated": 117757
    }, 
    "tr": {
        "approved": 242195, 
        "pending_since_timestamp": 1482945047.697899, 
        "translated": 321486
    }, 
    "uk": {
        "approved": 98, 
        "translated": 2480
    }, 
    "ur": {
        "approved": 92, 
        "translated": 1203
    }, 
    "xh": {
        "approved": 40, 
        "translated": 40
    }, 
    "zh-hans": {
        "approved": 128, 
        "translated": 5041
    }, 
    "zu": {
        "approved": 1, 
        "translated": 22
    }
}