{
    "af": {
        "approved": 19, 
        "translated": 1526
    }, 
    "am": {
        "approved": 0, 
        "translated": 0
    }, 
    "ar": {
        "approved": 375, 
        "pending_since_timestamp": 1513628603.939997, 
        "translated": 12671
    }, 
    "az": {
        "approved": 36078, 
        "translated": 37543
    }, 
    "bg": {
        "approved": 270436, 
        "translated": 270896
    }, 
    "bn": {
        "approved": 148720, 
        "pending_since_timestamp": 1514098140.730319, 
        "translated": 155301
    }, 
    "ca": {
        "approved": 3, 
        "pending_since_timestamp": 1513628603.939997, 
        "translated": 2112
    }, 
    "cs": {
        "approved": 51289, 
        "translated": 84544
    }, 
    "da": {
        "approved": 77759, 
        "translated": 104695
    }, 
    "de": {
        "approved": 262489, 
        "translated": 513899
    }, 
    "el": {
        "approved": 3486, 
        "pending_since_timestamp": 1513628603.939997, 
        "translated": 21541
    }, 
    "es": {
        "approved": 380503, 
        "pending_since_timestamp": 1514130385.313949, 
        "translated": 397170
    }, 
    "et": {
        "approved": 45262, 
        "translated": 46603
    }, 
    "fa": {
        "approved": 1, 
        "translated": 195
    }, 
    "fa-af": {
        "approved": 31, 
        "translated": 104
    }, 
    "fi": {
        "approved": 12416, 
        "translated": 13454
    }, 
    "fil": {
        "approved": 0, 
        "translated": 1
    }, 
    "fr": {
        "approved": 266633, 
        "translated": 269577
    }, 
    "gu": {
        "approved": 33718, 
        "pending_since_timestamp": 1513628603.939997, 
        "translated": 36531
    }, 
    "he": {
        "approved": 6812, 
        "translated": 7381
    }, 
    "hi": {
        "approved": 150707, 
        "pending_since_timestamp": 1514177100.711853, 
        "translated": 170233
    }, 
    "hr": {
        "approved": 11077, 
        "translated": 16847
    }, 
    "ht": {
        "approved": 1, 
        "translated": 5
    }, 
    "hu": {
        "approved": 87462, 
        "pending_since_timestamp": 1513628603.939997, 
        "translated": 94664
    }, 
    "hy": {
        "approved": 78394, 
        "pending_since_timestamp": 1513988769.305363, 
        "translated": 87217
    }, 
    "id": {
        "approved": 18291, 
        "pending_since_timestamp": 1513628603.939997, 
        "translated": 26181
    }, 
    "it": {
        "approved": 136283, 
        "translated": 152234
    }, 
    "ja": {
        "approved": 118198, 
        "pending_since_timestamp": 1513988769.305363, 
        "translated": 136896
    }, 
    "ka": {
        "approved": 236941, 
        "pending_since_timestamp": 1514065522.206518, 
        "translated": 239387
    }, 
    "kn": {
        "approved": 0, 
        "translated": 153
    }, 
    "ko": {
        "approved": 177533, 
        "translated": 188505
    }, 
    "ky": {
        "approved": 0, 
        "translated": 26
    }, 
    "lol": {
        "approved": 116, 
        "translated": 8266
    }, 
    "lt": {
        "approved": 0, 
        "translated": 1604
    }, 
    "lv": {
        "approved": 54924, 
        "translated": 54952
    }, 
    "mn": {
        "approved": 86504, 
        "translated": 115842
    }, 
    "mr": {
        "approved": 0, 
        "translated": 0
    }, 
    "ms": {
        "approved": 29, 
        "translated": 683
    }, 
    "my": {
        "approved": 0, 
        "translated": 117
    }, 
    "nb": {
        "approved": 134221, 
        "pending_since_timestamp": 1514159153.553542, 
        "translated": 140373
    }, 
    "nl": {
        "approved": 111057, 
        "translated": 132326
    }, 
    "nn": {
        "approved": 0, 
        "translated": 1660
    }, 
    "or": {
        "approved": 0, 
        "translated": 58
    }, 
    "pl": {
        "approved": 304253, 
        "translated": 304620
    }, 
    "pt": {
        "approved": 324766, 
        "pending_since_timestamp": 1514130385.313949, 
        "translated": 375304
    }, 
    "pt-pt": {
        "approved": 120430, 
        "translated": 139584
    }, 
    "ro": {
        "approved": 62407, 
        "pending_since_timestamp": 1513628603.939997, 
        "translated": 68154
    }, 
    "ru": {
        "approved": 1768, 
        "pending_since_timestamp": 1513628603.939997, 
        "translated": 21462
    }, 
    "rw": {
        "approved": 0, 
        "translated": 0
    }, 
    "si": {
        "approved": 0, 
        "translated": 202
    }, 
    "sk": {
        "approved": 0, 
        "translated": 2253
    }, 
    "sl": {
        "approved": 0, 
        "translated": 0
    }, 
    "sq": {
        "approved": 49875, 
        "pending_since_timestamp": 1513628603.939997, 
        "translated": 65602
    }, 
    "sr": {
        "approved": 56266, 
        "translated": 71721
    }, 
    "sv": {
        "approved": 85128, 
        "translated": 542737
    }, 
    "sw": {
        "approved": 0, 
        "translated": 0
    }, 
    "ta": {
        "approved": 37103, 
        "translated": 52720
    }, 
    "te": {
        "approved": 16, 
        "translated": 230
    }, 
    "th": {
        "approved": 303, 
        "pending_since_timestamp": 1513628603.939997, 
        "translated": 130938
    }, 
    "tr": {
        "approved": 287317, 
        "pending_since_timestamp": 1514077747.364732, 
        "translated": 397969
    }, 
    "uk": {
        "approved": 98, 
        "pending_since_timestamp": 1513628603.939997, 
        "translated": 2408
    }, 
    "ur": {
        "approved": 54866, 
        "pending_since_timestamp": 1513672630.164581, 
        "translated": 57669
    }, 
    "uz": {
        "approved": 149, 
        "translated": 1444
    }, 
    "vi": {
        "approved": 2, 
        "translated": 1480
    }, 
    "xh": {
        "approved": 40, 
        "translated": 40
    }, 
    "zh-hans": {
        "approved": 62850, 
        "translated": 97629
    }, 
    "zh-hant": {
        "approved": 8020, 
        "pending_since_timestamp": 1513628603.939997, 
        "translated": 66536
    }, 
    "zu": {
        "approved": 1, 
        "translated": 18
    }
}