{
    "ar": {
        "approved": 0, 
        "translated": 3924
    }, 
    "bg": {
        "approved": 121183, 
        "pending_since_timestamp": 1448302606.166898, 
        "translated": 157378
    }, 
    "bn": {
        "approved": 32315, 
        "pending_since_timestamp": 1448289088.485522, 
        "translated": 65111
    }, 
    "cs": {
        "approved": 13626, 
        "translated": 25670
    }, 
    "da": {
        "approved": 22535, 
        "pending_since_timestamp": 1448313513.566999, 
        "translated": 65842
    }, 
    "de": {
        "approved": 106273, 
        "pending_since_timestamp": 1448300505.076384, 
        "translated": 106326
    }, 
    "el": {
        "approved": 0, 
        "pending_since_timestamp": 1448311557.19857, 
        "translated": 6792
    }, 
    "es": {
        "approved": 196169, 
        "pending_since_timestamp": 1448313513.566999, 
        "translated": 296116
    }, 
    "fa": {
        "approved": 0, 
        "translated": 225
    }, 
    "fa-af": {
        "approved": 0, 
        "translated": 8
    }, 
    "fr": {
        "approved": 106405, 
        "translated": 112116
    }, 
    "he": {
        "approved": 8613, 
        "translated": 9138
    }, 
    "hi": {
        "approved": 40082, 
        "pending_since_timestamp": 1448303671.849134, 
        "translated": 66561
    }, 
    "hy": {
        "approved": 0, 
        "translated": 118
    }, 
    "id": {
        "approved": 0, 
        "translated": 9212
    }, 
    "it": {
        "approved": 0, 
        "translated": 56021
    }, 
    "ja": {
        "approved": 19676, 
        "translated": 53341
    }, 
    "ko": {
        "approved": 78090, 
        "translated": 88501
    }, 
    "lol": {
        "approved": 705, 
        "translated": 5656
    }, 
    "mn": {
        "approved": 9911, 
        "pending_since_timestamp": 1448290989.732947, 
        "translated": 35434
    }, 
    "ms": {
        "approved": 0, 
        "translated": 798
    }, 
    "nb": {
        "approved": 87129, 
        "translated": 88977
    }, 
    "nl": {
        "approved": 45886, 
        "pending_since_timestamp": 1448290989.732947, 
        "translated": 60872
    }, 
    "pl": {
        "approved": 115544, 
        "pending_since_timestamp": 1448316426.253924, 
        "translated": 126087
    }, 
    "pt": {
        "approved": 152392, 
        "pending_since_timestamp": 1448316426.253924, 
        "translated": 293049
    }, 
    "pt-pt": {
        "approved": 13967, 
        "translated": 78704
    }, 
    "ru": {
        "approved": 1227, 
        "pending_since_timestamp": 1448306620.928373, 
        "translated": 13888
    }, 
    "sr": {
        "approved": 35952, 
        "translated": 291797
    }, 
    "sw": {
        "approved": 13121, 
        "translated": 30862
    }, 
    "te": {
        "approved": 0, 
        "translated": 101
    }, 
    "th": {
        "approved": 0, 
        "translated": 128075
    }, 
    "tr": {
        "approved": 173083, 
        "translated": 208791
    }, 
    "uk": {
        "approved": 0, 
        "translated": 1570
    }, 
    "ur": {
        "approved": 0, 
        "translated": 1566
    }, 
    "xh": {
        "approved": 0, 
        "translated": 1
    }, 
    "zh-hans": {
        "approved": 0, 
        "pending_since_timestamp": 1448307555.147709, 
        "translated": 4254
    }, 
    "zu": {
        "approved": 0, 
        "translated": 29
    }
}