{
    "ar": {
        "approved": 0, 
        "translated": 4439
    }, 
    "bg": {
        "approved": 196676, 
        "pending_since_timestamp": 1471294774.370122, 
        "translated": 223268
    }, 
    "bn": {
        "approved": 112237, 
        "translated": 130985
    }, 
    "cs": {
        "approved": 12229, 
        "translated": 30380
    }, 
    "da": {
        "approved": 75346, 
        "pending_since_timestamp": 1471297079.407562, 
        "translated": 83762
    }, 
    "de": {
        "approved": 166840, 
        "pending_since_timestamp": 1471283881.76372, 
        "translated": 167127
    }, 
    "el": {
        "approved": 371, 
        "translated": 7678
    }, 
    "es": {
        "approved": 291183, 
        "pending_since_timestamp": 1471301179.112787, 
        "translated": 403606
    }, 
    "fa": {
        "approved": 0, 
        "translated": 104
    }, 
    "fa-af": {
        "approved": 0, 
        "translated": 72
    }, 
    "fr": {
        "approved": 168082, 
        "translated": 174611
    }, 
    "he": {
        "approved": 8417, 
        "translated": 8746
    }, 
    "hi": {
        "approved": 91607, 
        "translated": 111982
    }, 
    "hy": {
        "approved": 0, 
        "translated": 3013
    }, 
    "id": {
        "approved": 0, 
        "pending_since_timestamp": 1471237839.455904, 
        "translated": 7141
    }, 
    "it": {
        "approved": 15494, 
        "translated": 108044
    }, 
    "ja": {
        "approved": 34141, 
        "pending_since_timestamp": 1471301179.112787, 
        "translated": 81209
    }, 
    "ka": {
        "approved": 148426, 
        "pending_since_timestamp": 1471291416.759482, 
        "translated": 150442
    }, 
    "ko": {
        "approved": 126824, 
        "pending_since_timestamp": 1471310632.438282, 
        "translated": 151316
    }, 
    "lol": {
        "approved": 599, 
        "translated": 8823
    }, 
    "mn": {
        "approved": 75461, 
        "translated": 83075
    }, 
    "ms": {
        "approved": 0, 
        "translated": 727
    }, 
    "nb": {
        "approved": 98000, 
        "translated": 101159
    }, 
    "nl": {
        "approved": 80691, 
        "pending_since_timestamp": 1471283881.76372, 
        "translated": 117392
    }, 
    "pl": {
        "approved": 207675, 
        "translated": 207953
    }, 
    "pt": {
        "approved": 204884, 
        "pending_since_timestamp": 1471308916.669721, 
        "translated": 401144
    }, 
    "pt-pt": {
        "approved": 37318, 
        "pending_since_timestamp": 1471275165.234101, 
        "translated": 72392
    }, 
    "ru": {
        "approved": 1190, 
        "translated": 19415
    }, 
    "sr": {
        "approved": 49411, 
        "translated": 399720
    }, 
    "sw": {
        "approved": 11694, 
        "translated": 33318
    }, 
    "te": {
        "approved": 0, 
        "pending_since_timestamp": 1470762331.56727, 
        "translated": 212
    }, 
    "th": {
        "approved": 0, 
        "translated": 119739
    }, 
    "tr": {
        "approved": 204165, 
        "translated": 294113
    }, 
    "uk": {
        "approved": 0, 
        "translated": 2521
    }, 
    "ur": {
        "approved": 0, 
        "pending_since_timestamp": 1471237839.455904, 
        "translated": 1418
    }, 
    "xh": {
        "approved": 0, 
        "translated": 1
    }, 
    "zh-hans": {
        "approved": 0, 
        "pending_since_timestamp": 1471237839.455904, 
        "translated": 5115
    }, 
    "zu": {
        "approved": 0, 
        "pending_since_timestamp": 1470762331.56727, 
        "translated": 22
    }
}