{
    "ar": {
        "approved": 0, 
        "translated": 4327
    }, 
    "bg": {
        "approved": 180001, 
        "pending_since_timestamp": 1464536213.523925, 
        "translated": 195394
    }, 
    "bn": {
        "approved": 85885, 
        "translated": 121603
    }, 
    "cs": {
        "approved": 12277, 
        "translated": 30742
    }, 
    "da": {
        "approved": 73445, 
        "translated": 84517
    }, 
    "de": {
        "approved": 149744, 
        "pending_since_timestamp": 1464530970.324682, 
        "translated": 149844
    }, 
    "el": {
        "approved": 324, 
        "translated": 7288
    }, 
    "es": {
        "approved": 269368, 
        "pending_since_timestamp": 1464528229.505788, 
        "translated": 373341
    }, 
    "fa": {
        "approved": 0, 
        "translated": 107
    }, 
    "fa-af": {
        "approved": 0, 
        "translated": 72
    }, 
    "fr": {
        "approved": 158640, 
        "pending_since_timestamp": 1464536213.523925, 
        "translated": 165990
    }, 
    "he": {
        "approved": 8599, 
        "translated": 8612
    }, 
    "hi": {
        "approved": 70104, 
        "pending_since_timestamp": 1464539591.007738, 
        "translated": 97206
    }, 
    "hy": {
        "approved": 0, 
        "translated": 3014
    }, 
    "id": {
        "approved": 0, 
        "translated": 7312
    }, 
    "it": {
        "approved": 0, 
        "translated": 94660
    }, 
    "ja": {
        "approved": 28691, 
        "pending_since_timestamp": 1464528229.505788, 
        "translated": 60940
    }, 
    "ka": {
        "approved": 128655, 
        "pending_since_timestamp": 1464532611.857451, 
        "translated": 131399
    }, 
    "ko": {
        "approved": 122648, 
        "translated": 140738
    }, 
    "lol": {
        "approved": 581, 
        "translated": 7509
    }, 
    "mn": {
        "approved": 74397, 
        "translated": 82302
    }, 
    "ms": {
        "approved": 0, 
        "translated": 731
    }, 
    "nb": {
        "approved": 98742, 
        "translated": 101622
    }, 
    "nl": {
        "approved": 77634, 
        "translated": 110404
    }, 
    "pl": {
        "approved": 195877, 
        "pending_since_timestamp": 1464539591.007738, 
        "translated": 196364
    }, 
    "pt": {
        "approved": 195110, 
        "pending_since_timestamp": 1464540538.140794, 
        "translated": 370447
    }, 
    "pt-pt": {
        "approved": 18903, 
        "translated": 114652
    }, 
    "ru": {
        "approved": 1164, 
        "translated": 19800
    }, 
    "sr": {
        "approved": 44676, 
        "pending_since_timestamp": 1464368973.532662, 
        "translated": 369285
    }, 
    "sw": {
        "approved": 11742, 
        "translated": 33641
    }, 
    "te": {
        "approved": 0, 
        "translated": 215
    }, 
    "th": {
        "approved": 0, 
        "translated": 121353
    }, 
    "tr": {
        "approved": 183078, 
        "translated": 276873
    }, 
    "uk": {
        "approved": 0, 
        "translated": 2540
    }, 
    "ur": {
        "approved": 0, 
        "translated": 1464
    }, 
    "xh": {
        "approved": 0, 
        "translated": 1
    }, 
    "zh-hans": {
        "approved": 0, 
        "translated": 5164
    }, 
    "zu": {
        "approved": 0, 
        "translated": 23
    }
}