{
    "af": {
        "approved": 19, 
        "translated": 1520
    }, 
    "am": {
        "approved": 0, 
        "translated": 0
    }, 
    "ar": {
        "approved": 579, 
        "translated": 23341
    }, 
    "az": {
        "approved": 36018, 
        "translated": 37791
    }, 
    "bg": {
        "approved": 291316, 
        "pending_since_timestamp": 1524121701.566745, 
        "translated": 292578
    }, 
    "bn": {
        "approved": 150132, 
        "translated": 157455
    }, 
    "ca": {
        "approved": 3, 
        "translated": 2085
    }, 
    "cs": {
        "approved": 81130, 
        "pending_since_timestamp": 1524155015.081577, 
        "translated": 109323
    }, 
    "da": {
        "approved": 88860, 
        "pending_since_timestamp": 1524155015.081577, 
        "translated": 115979
    }, 
    "de": {
        "approved": 275577, 
        "pending_since_timestamp": 1524155015.081577, 
        "translated": 529459
    }, 
    "el": {
        "approved": 4995, 
        "pending_since_timestamp": 1524105635.312083, 
        "translated": 24311
    }, 
    "es": {
        "approved": 387845, 
        "pending_since_timestamp": 1524155015.081577, 
        "translated": 407339
    }, 
    "et": {
        "approved": 45125, 
        "translated": 46457
    }, 
    "fa": {
        "approved": 1, 
        "translated": 192
    }, 
    "fa-af": {
        "approved": 31, 
        "translated": 104
    }, 
    "fi": {
        "approved": 82751, 
        "translated": 84784
    }, 
    "fil": {
        "approved": 210, 
        "translated": 303
    }, 
    "fr": {
        "approved": 274791, 
        "pending_since_timestamp": 1524127433.262073, 
        "translated": 278485
    }, 
    "gu": {
        "approved": 33583, 
        "translated": 36299
    }, 
    "he": {
        "approved": 7301, 
        "translated": 7303
    }, 
    "hi": {
        "approved": 168275, 
        "pending_since_timestamp": 1524127433.262073, 
        "translated": 180758
    }, 
    "hr": {
        "approved": 11030, 
        "translated": 16778
    }, 
    "ht": {
        "approved": 1, 
        "translated": 5
    }, 
    "hu": {
        "approved": 88865, 
        "translated": 106678
    }, 
    "hy": {
        "approved": 85430, 
        "pending_since_timestamp": 1524155015.081577, 
        "translated": 94287
    }, 
    "id": {
        "approved": 31581, 
        "pending_since_timestamp": 1524118264.992858, 
        "translated": 41010
    }, 
    "it": {
        "approved": 135826, 
        "translated": 156019
    }, 
    "ja": {
        "approved": 122572, 
        "pending_since_timestamp": 1524155015.081577, 
        "translated": 140711
    }, 
    "ka": {
        "approved": 255829, 
        "pending_since_timestamp": 1524121701.566745, 
        "translated": 258035
    }, 
    "ki": {
        "approved": 0, 
        "translated": 37
    }, 
    "km": {
        "approved": 0, 
        "translated": 52
    }, 
    "kn": {
        "approved": 0, 
        "pending_since_timestamp": 1524155015.081577, 
        "translated": 151
    }, 
    "ko": {
        "approved": 179128, 
        "translated": 190632
    }, 
    "ky": {
        "approved": 0, 
        "translated": 26
    }, 
    "lol": {
        "approved": -153, 
        "translated": 7945
    }, 
    "lt": {
        "approved": 0, 
        "translated": 1595
    }, 
    "lv": {
        "approved": 54773, 
        "translated": 54808
    }, 
    "mn": {
        "approved": 87561, 
        "translated": 115477
    }, 
    "mr": {
        "approved": 0, 
        "translated": 0
    }, 
    "ms": {
        "approved": 29, 
        "translated": 676
    }, 
    "my": {
        "approved": 0, 
        "translated": 114
    }, 
    "nb": {
        "approved": 133962, 
        "translated": 141193
    }, 
    "nl": {
        "approved": 117888, 
        "translated": 137082
    }, 
    "nn": {
        "approved": 0, 
        "translated": 1656
    }, 
    "or": {
        "approved": 0, 
        "translated": 56
    }, 
    "pl": {
        "approved": 315151, 
        "translated": 315562
    }, 
    "pt": {
        "approved": 340416, 
        "pending_since_timestamp": 1524155015.081577, 
        "translated": 389875
    }, 
    "pt-pt": {
        "approved": 143140, 
        "translated": 175059
    }, 
    "ro": {
        "approved": 63352, 
        "translated": 68025
    }, 
    "ru": {
        "approved": 1978, 
        "translated": 23683
    }, 
    "rw": {
        "approved": 0, 
        "translated": 0
    }, 
    "si": {
        "approved": 0, 
        "translated": 203
    }, 
    "sk": {
        "approved": 0, 
        "translated": 2234
    }, 
    "sl": {
        "approved": 0, 
        "translated": 0
    }, 
    "sq": {
        "approved": 49784, 
        "translated": 66092
    }, 
    "sr": {
        "approved": 65749, 
        "translated": 82508
    }, 
    "sv": {
        "approved": 149237, 
        "translated": 547308
    }, 
    "sw": {
        "approved": 0, 
        "translated": 0
    }, 
    "ta": {
        "approved": 40405, 
        "translated": 58772
    }, 
    "te": {
        "approved": 16, 
        "translated": 227
    }, 
    "th": {
        "approved": 303, 
        "translated": 130409
    }, 
    "tr": {
        "approved": 301416, 
        "pending_since_timestamp": 1524129686.515569, 
        "translated": 405177
    }, 
    "uk": {
        "approved": 98, 
        "translated": 2381
    }, 
    "ur": {
        "approved": 54712, 
        "translated": 57629
    }, 
    "uz": {
        "approved": 147, 
        "translated": 1444
    }, 
    "vi": {
        "approved": 2, 
        "translated": 1480
    }, 
    "xh": {
        "approved": 40, 
        "translated": 40
    }, 
    "zh-hans": {
        "approved": 72856, 
        "translated": 98916
    }, 
    "zh-hant": {
        "approved": 9355, 
        "pending_since_timestamp": 1524078996.779972, 
        "translated": 68224
    }, 
    "zu": {
        "approved": 1, 
        "translated": 18
    }
}