{
    "af": {
        "approved": 19, 
        "translated": 1514
    }, 
    "am": {
        "approved": 0, 
        "translated": 0
    }, 
    "ar": {
        "approved": 752, 
        "pending_since_timestamp": 1535563703.458949, 
        "translated": 32559
    }, 
    "az": {
        "approved": 35929, 
        "translated": 37675
    }, 
    "bg": {
        "approved": 315340, 
        "pending_since_timestamp": 1535182825.780032, 
        "translated": 319974
    }, 
    "bn": {
        "approved": 146301, 
        "pending_since_timestamp": 1535563703.458949, 
        "translated": 157355
    }, 
    "ca": {
        "approved": 3, 
        "translated": 2030
    }, 
    "cs": {
        "approved": 108503, 
        "pending_since_timestamp": 1535185134.928953, 
        "translated": 124049
    }, 
    "da": {
        "approved": 160954, 
        "pending_since_timestamp": 1535566333.981973, 
        "translated": 180949
    }, 
    "de": {
        "approved": 296574, 
        "pending_since_timestamp": 1535571867.336789, 
        "translated": 535405
    }, 
    "el": {
        "approved": 76939, 
        "translated": 92328
    }, 
    "es": {
        "approved": 412257, 
        "pending_since_timestamp": 1535228735.700911, 
        "translated": 435693
    }, 
    "et": {
        "approved": 45001, 
        "translated": 46322
    }, 
    "fa": {
        "approved": 1, 
        "translated": 191
    }, 
    "fa-af": {
        "approved": 31, 
        "translated": 103
    }, 
    "fi": {
        "approved": 82607, 
        "translated": 84325
    }, 
    "fil": {
        "approved": 206, 
        "translated": 299
    }, 
    "fr": {
        "approved": 278407, 
        "pending_since_timestamp": 1535201089.915242, 
        "translated": 281911
    }, 
    "gu": {
        "approved": 36810, 
        "pending_since_timestamp": 1535189440.914971, 
        "translated": 117250
    }, 
    "he": {
        "approved": 8661, 
        "translated": 8694
    }, 
    "hi": {
        "approved": 167750, 
        "translated": 180122
    }, 
    "hr": {
        "approved": 10948, 
        "translated": 16621
    }, 
    "ht": {
        "approved": 1, 
        "translated": 5
    }, 
    "hu": {
        "approved": 89669, 
        "pending_since_timestamp": 1535010236.06949, 
        "translated": 108876
    }, 
    "hy": {
        "approved": 95285, 
        "pending_since_timestamp": 1535201089.915242, 
        "translated": 105918
    }, 
    "id": {
        "approved": 60537, 
        "pending_since_timestamp": 1535563703.458949, 
        "translated": 77068
    }, 
    "it": {
        "approved": 155866, 
        "translated": 170794
    }, 
    "ja": {
        "approved": 124410, 
        "pending_since_timestamp": 1535165450.538664, 
        "translated": 142665
    }, 
    "ka": {
        "approved": 268027, 
        "pending_since_timestamp": 1535226245.204738, 
        "translated": 270167
    }, 
    "ki": {
        "approved": 0, 
        "translated": 37
    }, 
    "km": {
        "approved": 0, 
        "translated": 52
    }, 
    "kn": {
        "approved": 13465, 
        "pending_since_timestamp": 1535215923.125998, 
        "translated": 20787
    }, 
    "ko": {
        "approved": 178728, 
        "pending_since_timestamp": 1535563703.458949, 
        "translated": 207713
    }, 
    "ky": {
        "approved": 0, 
        "translated": 25
    }, 
    "lol": {
        "approved": 67058, 
        "translated": 82259
    }, 
    "lt": {
        "approved": 74006, 
        "translated": 75856
    }, 
    "lv": {
        "approved": 54643, 
        "translated": 55049
    }, 
    "mn": {
        "approved": 82638, 
        "translated": 110555
    }, 
    "mr": {
        "approved": 0, 
        "translated": 0
    }, 
    "ms": {
        "approved": 29, 
        "translated": 671
    }, 
    "my": {
        "approved": 1, 
        "translated": 112
    }, 
    "nb": {
        "approved": 130296, 
        "pending_since_timestamp": 1535563703.458949, 
        "translated": 138099
    }, 
    "ne": {
        "approved": 0, 
        "translated": 1
    }, 
    "nl": {
        "approved": 122423, 
        "translated": 140185
    }, 
    "nn": {
        "approved": 0, 
        "translated": 1636
    }, 
    "or": {
        "approved": 0, 
        "translated": 52
    }, 
    "pl": {
        "approved": 331450, 
        "pending_since_timestamp": 1535569234.409183, 
        "translated": 332234
    }, 
    "ps": {
        "approved": 0, 
        "translated": 23
    }, 
    "pt": {
        "approved": 359803, 
        "pending_since_timestamp": 1535563703.458949, 
        "translated": 400139
    }, 
    "pt-pt": {
        "approved": 143615, 
        "pending_since_timestamp": 1535563703.458949, 
        "translated": 173976
    }, 
    "ro": {
        "approved": 63966, 
        "translated": 68252
    }, 
    "ru": {
        "approved": 100291, 
        "pending_since_timestamp": 1535563703.458949, 
        "translated": 121439
    }, 
    "rw": {
        "approved": 0, 
        "translated": 0
    }, 
    "si": {
        "approved": 0, 
        "translated": 198
    }, 
    "sk": {
        "approved": 0, 
        "translated": 2179
    }, 
    "sl": {
        "approved": 0, 
        "translated": 0
    }, 
    "sq": {
        "approved": 64182, 
        "pending_since_timestamp": 1535563703.458949, 
        "translated": 69088
    }, 
    "sr": {
        "approved": 63160, 
        "pending_since_timestamp": 1535211107.184544, 
        "translated": 81474
    }, 
    "sv": {
        "approved": 158762, 
        "pending_since_timestamp": 1535563703.458949, 
        "translated": 545570
    }, 
    "sw": {
        "approved": 0, 
        "translated": 0
    }, 
    "ta": {
        "approved": 41134, 
        "pending_since_timestamp": 1535187235.207886, 
        "translated": 60460
    }, 
    "te": {
        "approved": 16, 
        "translated": 227
    }, 
    "th": {
        "approved": 303, 
        "translated": 133509
    }, 
    "tr": {
        "approved": 309541, 
        "pending_since_timestamp": 1535201089.915242, 
        "translated": 413848
    }, 
    "uk": {
        "approved": 959, 
        "pending_since_timestamp": 1535563703.458949, 
        "translated": 17626
    }, 
    "ur": {
        "approved": 54621, 
        "translated": 57556
    }, 
    "uz": {
        "approved": 76209, 
        "pending_since_timestamp": 1535007698.776284, 
        "translated": 78037
    }, 
    "vi": {
        "approved": 2, 
        "translated": 2013
    }, 
    "xh": {
        "approved": 40, 
        "translated": 40
    }, 
    "zh-hans": {
        "approved": 135237, 
        "pending_since_timestamp": 1535175253.871074, 
        "translated": 203194
    }, 
    "zh-hant": {
        "approved": 9572, 
        "pending_since_timestamp": 1534781596.852658, 
        "translated": 66854
    }, 
    "zu": {
        "approved": 1, 
        "translated": 18
    }
}