{
    "ar": {
        "approved": 260, 
        "translated": 4088
    }, 
    "bg": {
        "approved": 198085, 
        "translated": 216729
    }, 
    "bn": {
        "approved": 127539, 
        "translated": 140782
    }, 
    "cs": {
        "approved": 12206, 
        "pending_since_timestamp": 1488482240.906776, 
        "translated": 28902
    }, 
    "da": {
        "approved": 74402, 
        "translated": 81614
    }, 
    "de": {
        "approved": 203585, 
        "translated": 203826
    }, 
    "el": {
        "approved": 1214, 
        "pending_since_timestamp": 1488482240.906776, 
        "translated": 16255
    }, 
    "es": {
        "approved": 335565, 
        "pending_since_timestamp": 1488482240.906776, 
        "translated": 351613
    }, 
    "fa": {
        "approved": 1, 
        "translated": 103
    }, 
    "fa-af": {
        "approved": 31, 
        "translated": 104
    }, 
    "fr": {
        "approved": 222639, 
        "pending_since_timestamp": 1488503792.699537, 
        "translated": 230455
    }, 
    "he": {
        "approved": 6492, 
        "pending_since_timestamp": 1488482240.906776, 
        "translated": 7038
    }, 
    "hi": {
        "approved": 100324, 
        "translated": 115666
    }, 
    "hy": {
        "approved": 7405, 
        "translated": 12321
    }, 
    "id": {
        "approved": 532, 
        "pending_since_timestamp": 1488482240.906776, 
        "translated": 6441
    }, 
    "it": {
        "approved": 66980, 
        "pending_since_timestamp": 1488482240.906776, 
        "translated": 115195
    }, 
    "ja": {
        "approved": 99914, 
        "pending_since_timestamp": 1488503792.699537, 
        "translated": 117083
    }, 
    "ka": {
        "approved": 192387, 
        "translated": 197546
    }, 
    "ko": {
        "approved": 153952, 
        "pending_since_timestamp": 1488503792.699537, 
        "translated": 162995
    }, 
    "lol": {
        "approved": 397, 
        "translated": 8647
    }, 
    "mn": {
        "approved": 79850, 
        "translated": 89893
    }, 
    "ms": {
        "approved": 29, 
        "pending_since_timestamp": 1488482240.906776, 
        "translated": 682
    }, 
    "nb": {
        "approved": 96037, 
        "translated": 99245
    }, 
    "nl": {
        "approved": 103990, 
        "translated": 127107
    }, 
    "pl": {
        "approved": 254718, 
        "translated": 254965
    }, 
    "pt": {
        "approved": 258883, 
        "pending_since_timestamp": 1488510574.595974, 
        "translated": 296425
    }, 
    "pt-pt": {
        "approved": 72299, 
        "translated": 106244
    }, 
    "ru": {
        "approved": 1634, 
        "pending_since_timestamp": 1488482240.906776, 
        "translated": 18385
    }, 
    "sr": {
        "approved": 50790, 
        "pending_since_timestamp": 1488482240.906776, 
        "translated": 68714
    }, 
    "sw": {
        "approved": 11628, 
        "translated": 33221
    }, 
    "te": {
        "approved": 16, 
        "translated": 214
    }, 
    "th": {
        "approved": 316, 
        "pending_since_timestamp": 1488482240.906776, 
        "translated": 122096
    }, 
    "tr": {
        "approved": 249976, 
        "translated": 331772
    }, 
    "uk": {
        "approved": 98, 
        "translated": 2516
    }, 
    "ur": {
        "approved": 92, 
        "translated": 1200
    }, 
    "xh": {
        "approved": 40, 
        "translated": 40
    }, 
    "zh-hans": {
        "approved": 143, 
        "pending_since_timestamp": 1488482240.906776, 
        "translated": 5508
    }, 
    "zu": {
        "approved": 1, 
        "translated": 22
    }
}