{
    "ar": {
        "approved": 0, 
        "translated": 3687
    }, 
    "bg": {
        "approved": 168819, 
        "translated": 189747
    }, 
    "bn": {
        "approved": 109472, 
        "translated": 126631
    }, 
    "cs": {
        "approved": 12082, 
        "translated": 29264
    }, 
    "da": {
        "approved": 72726, 
        "pending_since_timestamp": 1474725868.439866, 
        "translated": 79311
    }, 
    "de": {
        "approved": 168146, 
        "translated": 168526
    }, 
    "el": {
        "approved": 349, 
        "translated": 8017
    }, 
    "es": {
        "approved": 256644, 
        "pending_since_timestamp": 1474722946.861606, 
        "translated": 348568
    }, 
    "fa": {
        "approved": 0, 
        "translated": 104
    }, 
    "fa-af": {
        "approved": 0, 
        "translated": 72
    }, 
    "fr": {
        "approved": 167036, 
        "pending_since_timestamp": 1474725868.439866, 
        "translated": 176187
    }, 
    "he": {
        "approved": 5721, 
        "translated": 6056
    }, 
    "hi": {
        "approved": 92144, 
        "pending_since_timestamp": 1474722946.861606, 
        "translated": 113361
    }, 
    "hy": {
        "approved": 0, 
        "translated": 2988
    }, 
    "id": {
        "approved": 0, 
        "translated": 6148
    }, 
    "it": {
        "approved": 39846, 
        "pending_since_timestamp": 1474703969.308377, 
        "translated": 104028
    }, 
    "ja": {
        "approved": 36934, 
        "translated": 79493
    }, 
    "ka": {
        "approved": 167086, 
        "pending_since_timestamp": 1474705811.74774, 
        "translated": 168336
    }, 
    "ko": {
        "approved": 121953, 
        "translated": 145853
    }, 
    "lol": {
        "approved": 599, 
        "translated": 8808
    }, 
    "mn": {
        "approved": 74539, 
        "translated": 82122
    }, 
    "ms": {
        "approved": 0, 
        "translated": 665
    }, 
    "nb": {
        "approved": 97131, 
        "translated": 100216
    }, 
    "nl": {
        "approved": 86077, 
        "translated": 115216
    }, 
    "pl": {
        "approved": 200822, 
        "pending_since_timestamp": 1474722946.861606, 
        "translated": 201029
    }, 
    "pt": {
        "approved": 203858, 
        "pending_since_timestamp": 1474722946.861606, 
        "translated": 348267
    }, 
    "pt-pt": {
        "approved": 44498, 
        "pending_since_timestamp": 1474702179.74129, 
        "translated": 76802
    }, 
    "ru": {
        "approved": 1150, 
        "translated": 18015
    }, 
    "sr": {
        "approved": 51414, 
        "pending_since_timestamp": 1474722946.861606, 
        "translated": 348166
    }, 
    "sw": {
        "approved": 11550, 
        "translated": 32583
    }, 
    "te": {
        "approved": 0, 
        "translated": 198
    }, 
    "th": {
        "approved": 0, 
        "translated": 118507
    }, 
    "tr": {
        "approved": 198755, 
        "translated": 283725
    }, 
    "uk": {
        "approved": 0, 
        "translated": 2394
    }, 
    "ur": {
        "approved": 0, 
        "translated": 1129
    }, 
    "xh": {
        "approved": 0, 
        "translated": 1
    }, 
    "zh-hans": {
        "approved": 0, 
        "translated": 4876
    }, 
    "zu": {
        "approved": 0, 
        "translated": 21
    }
}