{
    "ar": {
        "approved": 0, 
        "translated": 4621
    }, 
    "bg": {
        "approved": 169359, 
        "pending_since_timestamp": 1461149715.373821, 
        "translated": 189769
    }, 
    "bn": {
        "approved": 72499, 
        "translated": 120913
    }, 
    "cs": {
        "approved": 12645, 
        "translated": 29903
    }, 
    "da": {
        "approved": 39198, 
        "translated": 88155
    }, 
    "de": {
        "approved": 149139, 
        "translated": 149621
    }, 
    "el": {
        "approved": 257, 
        "pending_since_timestamp": 1461159150.018439, 
        "translated": 7483
    }, 
    "es": {
        "approved": 252587, 
        "translated": 369515
    }, 
    "fa": {
        "approved": 0, 
        "translated": 211
    }, 
    "fa-af": {
        "approved": 0, 
        "translated": 72
    }, 
    "fr": {
        "approved": 149318, 
        "pending_since_timestamp": 1461160343.688663, 
        "translated": 157839
    }, 
    "he": {
        "approved": 9241, 
        "translated": 9256
    }, 
    "hi": {
        "approved": 68910, 
        "translated": 87636
    }, 
    "hy": {
        "approved": 0, 
        "translated": 2829
    }, 
    "id": {
        "approved": 0, 
        "translated": 8146
    }, 
    "it": {
        "approved": 0, 
        "pending_since_timestamp": 1461155275.650525, 
        "translated": 93751
    }, 
    "ja": {
        "approved": 26949, 
        "translated": 58130
    }, 
    "ka": {
        "approved": 117710, 
        "pending_since_timestamp": 1461149715.373821, 
        "translated": 118921
    }, 
    "ko": {
        "approved": 109263, 
        "pending_since_timestamp": 1461163580.873367, 
        "translated": 137155
    }, 
    "lol": {
        "approved": 587, 
        "translated": 7585
    }, 
    "mn": {
        "approved": 75058, 
        "pending_since_timestamp": 1461136613.042242, 
        "translated": 82769
    }, 
    "ms": {
        "approved": 0, 
        "translated": 750
    }, 
    "nb": {
        "approved": 87776, 
        "translated": 89065
    }, 
    "nl": {
        "approved": 55607, 
        "translated": 104422
    }, 
    "pl": {
        "approved": 188470, 
        "pending_since_timestamp": 1461156586.38522, 
        "translated": 190709
    }, 
    "pt": {
        "approved": 185230, 
        "pending_since_timestamp": 1461157930.592769, 
        "translated": 366662
    }, 
    "pt-pt": {
        "approved": 17696, 
        "pending_since_timestamp": 1461155275.650525, 
        "translated": 117444
    }, 
    "ru": {
        "approved": 1175, 
        "translated": 20779
    }, 
    "sr": {
        "approved": 46899, 
        "translated": 365485
    }, 
    "sw": {
        "approved": 12061, 
        "translated": 35230
    }, 
    "te": {
        "approved": 0, 
        "translated": 216
    }, 
    "th": {
        "approved": 0, 
        "pending_since_timestamp": 1461149715.373821, 
        "translated": 127506
    }, 
    "tr": {
        "approved": 169045, 
        "pending_since_timestamp": 1461157930.592769, 
        "translated": 275021
    }, 
    "uk": {
        "approved": 0, 
        "translated": 2580
    }, 
    "ur": {
        "approved": 0, 
        "translated": 1551
    }, 
    "xh": {
        "approved": 0, 
        "translated": 1
    }, 
    "zh-hans": {
        "approved": 0, 
        "translated": 4100
    }, 
    "zu": {
        "approved": 0, 
        "translated": 23
    }
}