{
    "ar": {
        "approved": 1277, 
        "translated": 4795
    }, 
    "bg": {
        "approved": 227493, 
        "pending_since_timestamp": 1480270541.096945, 
        "translated": 249162
    }, 
    "bn": {
        "approved": 127596, 
        "translated": 141576
    }, 
    "cs": {
        "approved": 13290, 
        "translated": 30011
    }, 
    "da": {
        "approved": 81451, 
        "translated": 89092
    }, 
    "de": {
        "approved": 207287, 
        "pending_since_timestamp": 1480272482.529006, 
        "translated": 207354
    }, 
    "el": {
        "approved": 2576, 
        "translated": 10022
    }, 
    "es": {
        "approved": 369143, 
        "pending_since_timestamp": 1480256956.346674, 
        "translated": 386530
    }, 
    "fa": {
        "approved": 3, 
        "translated": 106
    }, 
    "fa-af": {
        "approved": 31, 
        "translated": 104
    }, 
    "fr": {
        "approved": 209781, 
        "pending_since_timestamp": 1480276572.386106, 
        "translated": 222386
    }, 
    "he": {
        "approved": 9995, 
        "translated": 10549
    }, 
    "hi": {
        "approved": 96683, 
        "translated": 116021
    }, 
    "hy": {
        "approved": 797, 
        "pending_since_timestamp": 1480268654.407975, 
        "translated": 7766
    }, 
    "id": {
        "approved": 2112, 
        "translated": 7925
    }, 
    "it": {
        "approved": 66661, 
        "pending_since_timestamp": 1480254995.672455, 
        "translated": 118296
    }, 
    "ja": {
        "approved": 88884, 
        "translated": 118264
    }, 
    "ka": {
        "approved": 188036, 
        "pending_since_timestamp": 1480276572.386106, 
        "translated": 192958
    }, 
    "ko": {
        "approved": 148946, 
        "translated": 167544
    }, 
    "lol": {
        "approved": 595, 
        "translated": 8801
    }, 
    "mn": {
        "approved": 74433, 
        "translated": 82012
    }, 
    "ms": {
        "approved": 392, 
        "translated": 1056
    }, 
    "nb": {
        "approved": 97416, 
        "translated": 100484
    }, 
    "nl": {
        "approved": 98872, 
        "translated": 125553
    }, 
    "pl": {
        "approved": 255171, 
        "pending_since_timestamp": 1480274549.689578, 
        "translated": 255781
    }, 
    "pt": {
        "approved": 250457, 
        "translated": 292290
    }, 
    "pt-pt": {
        "approved": 62619, 
        "translated": 90405
    }, 
    "ru": {
        "approved": 3668, 
        "translated": 20257
    }, 
    "sr": {
        "approved": 53292, 
        "translated": 71101
    }, 
    "sw": {
        "approved": 12941, 
        "translated": 33148
    }, 
    "te": {
        "approved": 34, 
        "translated": 234
    }, 
    "th": {
        "approved": 1546, 
        "translated": 119069
    }, 
    "tr": {
        "approved": 262931, 
        "translated": 345094
    }, 
    "uk": {
        "approved": 337, 
        "translated": 2721
    }, 
    "ur": {
        "approved": 480, 
        "translated": 1600
    }, 
    "xh": {
        "approved": 40, 
        "translated": 41
    }, 
    "zh-hans": {
        "approved": 744, 
        "translated": 5688
    }, 
    "zu": {
        "approved": 2, 
        "translated": 23
    }
}