{
    "af": {
        "approved": 19, 
        "pending_since_timestamp": 1542057306.169735, 
        "translated": 1479
    }, 
    "am": {
        "approved": 0, 
        "translated": 0
    }, 
    "ar": {
        "approved": 55950, 
        "pending_since_timestamp": 1543865359.953263, 
        "translated": 164465
    }, 
    "az": {
        "approved": 35927, 
        "translated": 37644
    }, 
    "bg": {
        "approved": 323681, 
        "pending_since_timestamp": 1544192356.738616, 
        "translated": 335438
    }, 
    "bn": {
        "approved": 147873, 
        "translated": 161387
    }, 
    "ca": {
        "approved": 3, 
        "translated": 1950
    }, 
    "cs": {
        "approved": 130029, 
        "pending_since_timestamp": 1544166146.611311, 
        "translated": 147409
    }, 
    "da": {
        "approved": 174436, 
        "pending_since_timestamp": 1544192356.738616, 
        "translated": 192233
    }, 
    "de": {
        "approved": 301091, 
        "translated": 537215
    }, 
    "el": {
        "approved": 77649, 
        "translated": 93270
    }, 
    "es": {
        "approved": 431844, 
        "pending_since_timestamp": 1544192356.738616, 
        "translated": 448228
    }, 
    "et": {
        "approved": 44984, 
        "pending_since_timestamp": 1543761530.519465, 
        "translated": 46298
    }, 
    "fa": {
        "approved": 1, 
        "translated": 190
    }, 
    "fa-af": {
        "approved": 31, 
        "translated": 103
    }, 
    "fi": {
        "approved": 82291, 
        "translated": 84148
    }, 
    "fil": {
        "approved": 204, 
        "translated": 297
    }, 
    "fr": {
        "approved": 285433, 
        "translated": 288896
    }, 
    "fv": {
        "approved": 564, 
        "pending_since_timestamp": 1543565036.333137, 
        "translated": 5533
    }, 
    "gu": {
        "approved": 96284, 
        "pending_since_timestamp": 1544058588.470509, 
        "translated": 140127
    }, 
    "he": {
        "approved": 8468, 
        "translated": 8471
    }, 
    "hi": {
        "approved": 167304, 
        "translated": 179677
    }, 
    "hr": {
        "approved": 10947, 
        "translated": 16551
    }, 
    "ht": {
        "approved": 1, 
        "translated": 5
    }, 
    "hu": {
        "approved": 92641, 
        "pending_since_timestamp": 1543901507.424269, 
        "translated": 112499
    }, 
    "hy": {
        "approved": 122651, 
        "pending_since_timestamp": 1544058588.470509, 
        "translated": 143185
    }, 
    "id": {
        "approved": 72733, 
        "translated": 91251
    }, 
    "it": {
        "approved": 155488, 
        "pending_since_timestamp": 1544110551.152856, 
        "translated": 172847
    }, 
    "ja": {
        "approved": 125283, 
        "pending_since_timestamp": 1544058588.470509, 
        "translated": 145518
    }, 
    "ka": {
        "approved": 277596, 
        "pending_since_timestamp": 1544091924.850849, 
        "translated": 283167
    }, 
    "ki": {
        "approved": 0, 
        "translated": 37
    }, 
    "kk": {
        "approved": 103, 
        "translated": 103
    }, 
    "km": {
        "approved": 0, 
        "translated": 52
    }, 
    "kn": {
        "approved": 33308, 
        "translated": 39666
    }, 
    "ko": {
        "approved": 186857, 
        "translated": 216293
    }, 
    "ky": {
        "approved": 0, 
        "translated": 25
    }, 
    "lol": {
        "approved": 66869, 
        "translated": 82051
    }, 
    "lt": {
        "approved": 73954, 
        "pending_since_timestamp": 1543585127.665734, 
        "translated": 75743
    }, 
    "lv": {
        "approved": 54625, 
        "translated": 55058
    }, 
    "mn": {
        "approved": 82589, 
        "pending_since_timestamp": 1544110551.152856, 
        "translated": 110498
    }, 
    "mr": {
        "approved": 0, 
        "translated": 0
    }, 
    "ms": {
        "approved": 29, 
        "translated": 639
    }, 
    "my": {
        "approved": 1, 
        "translated": 112
    }, 
    "nb": {
        "approved": 133344, 
        "translated": 143414
    }, 
    "ne": {
        "approved": 0, 
        "translated": 1
    }, 
    "nl": {
        "approved": 129400, 
        "pending_since_timestamp": 1544166146.611311, 
        "translated": 144060
    }, 
    "nn": {
        "approved": 0, 
        "translated": 1629
    }, 
    "or": {
        "approved": 0, 
        "translated": 52
    }, 
    "pl": {
        "approved": 341363, 
        "pending_since_timestamp": 1544134217.74496, 
        "translated": 341747
    }, 
    "ps": {
        "approved": 211, 
        "pending_since_timestamp": 1543632918.318371, 
        "translated": 287
    }, 
    "pt": {
        "approved": 370374, 
        "pending_since_timestamp": 1544110551.152856, 
        "translated": 411074
    }, 
    "pt-pt": {
        "approved": 149776, 
        "pending_since_timestamp": 1544134217.74496, 
        "translated": 180173
    }, 
    "ro": {
        "approved": 63728, 
        "pending_since_timestamp": 1543761530.519465, 
        "translated": 67999
    }, 
    "ru": {
        "approved": 100646, 
        "translated": 121983
    }, 
    "rw": {
        "approved": 0, 
        "translated": 0
    }, 
    "si": {
        "approved": 0, 
        "translated": 196
    }, 
    "sk": {
        "approved": 0, 
        "translated": 2155
    }, 
    "sl": {
        "approved": 0, 
        "translated": 0
    }, 
    "sq": {
        "approved": 98738, 
        "translated": 102963
    }, 
    "sr": {
        "approved": 63018, 
        "translated": 81704
    }, 
    "sv": {
        "approved": 165735, 
        "pending_since_timestamp": 1544134217.74496, 
        "translated": 540313
    }, 
    "sw": {
        "approved": 0, 
        "translated": 0
    }, 
    "ta": {
        "approved": 50564, 
        "pending_since_timestamp": 1544158035.365109, 
        "translated": 72187
    }, 
    "te": {
        "approved": 16, 
        "translated": 208
    }, 
    "th": {
        "approved": 299, 
        "pending_since_timestamp": 1544163146.745871, 
        "translated": 133123
    }, 
    "tr": {
        "approved": 310127, 
        "pending_since_timestamp": 1544192356.738616, 
        "translated": 417909
    }, 
    "uk": {
        "approved": 70582, 
        "pending_since_timestamp": 1544177871.474817, 
        "translated": 90546
    }, 
    "ur": {
        "approved": 54614, 
        "translated": 57504
    }, 
    "uz": {
        "approved": 76758, 
        "pending_since_timestamp": 1543898205.83156, 
        "translated": 84689
    }, 
    "vi": {
        "approved": 2, 
        "translated": 1982
    }, 
    "xh": {
        "approved": 40, 
        "translated": 40
    }, 
    "zh-hans": {
        "approved": 177213, 
        "pending_since_timestamp": 1544134217.74496, 
        "translated": 246535
    }, 
    "zh-hant": {
        "approved": 10017, 
        "pending_since_timestamp": 1543761530.519465, 
        "translated": 74597
    }, 
    "zu": {
        "approved": 1, 
        "translated": 18
    }
}