{
    "ar": {
        "approved": 380, 
        "translated": 4319
    }, 
    "bg": {
        "approved": 196459, 
        "translated": 227712
    }, 
    "bn": {
        "approved": 130385, 
        "translated": 141191
    }, 
    "cs": {
        "approved": 11819, 
        "translated": 29278
    }, 
    "da": {
        "approved": 72901, 
        "translated": 83533
    }, 
    "de": {
        "approved": 206056, 
        "translated": 211458
    }, 
    "el": {
        "approved": 1458, 
        "pending_since_timestamp": 1491909978.402754, 
        "translated": 17158
    }, 
    "es": {
        "approved": 342285, 
        "pending_since_timestamp": 1491954660.334425, 
        "translated": 358238
    }, 
    "fa": {
        "approved": 1, 
        "translated": 99
    }, 
    "fa-af": {
        "approved": 31, 
        "translated": 104
    }, 
    "fr": {
        "approved": 228015, 
        "translated": 236816
    }, 
    "he": {
        "approved": 6340, 
        "pending_since_timestamp": 1491939911.243343, 
        "translated": 7126
    }, 
    "hi": {
        "approved": 99517, 
        "translated": 115039
    }, 
    "hy": {
        "approved": 7403, 
        "translated": 12285
    }, 
    "id": {
        "approved": 531, 
        "translated": 6415
    }, 
    "it": {
        "approved": 88835, 
        "pending_since_timestamp": 1491930419.060253, 
        "translated": 118097
    }, 
    "ja": {
        "approved": 99822, 
        "pending_since_timestamp": 1491909978.402754, 
        "translated": 117353
    }, 
    "ka": {
        "approved": 192754, 
        "translated": 200570
    }, 
    "ko": {
        "approved": 151814, 
        "translated": 163223
    }, 
    "lol": {
        "approved": 391, 
        "translated": 8629
    }, 
    "mn": {
        "approved": 81421, 
        "pending_since_timestamp": 1491958070.279315, 
        "translated": 100132
    }, 
    "ms": {
        "approved": 29, 
        "translated": 640
    }, 
    "nb": {
        "approved": 93636, 
        "translated": 98660
    }, 
    "nl": {
        "approved": 104546, 
        "translated": 127797
    }, 
    "pl": {
        "approved": 263649, 
        "translated": 263974
    }, 
    "pt": {
        "approved": 269440, 
        "pending_since_timestamp": 1491948706.26367, 
        "translated": 307264
    }, 
    "pt-pt": {
        "approved": 79989, 
        "translated": 112406
    }, 
    "ru": {
        "approved": 1537, 
        "translated": 18481
    }, 
    "sr": {
        "approved": 50582, 
        "translated": 68362
    }, 
    "sw": {
        "approved": 33943, 
        "translated": 51850
    }, 
    "te": {
        "approved": 15, 
        "translated": 205
    }, 
    "th": {
        "approved": 301, 
        "translated": 121480
    }, 
    "tr": {
        "approved": 267002, 
        "translated": 359373
    }, 
    "uk": {
        "approved": 98, 
        "translated": 2513
    }, 
    "ur": {
        "approved": 92, 
        "translated": 1160
    }, 
    "xh": {
        "approved": 40, 
        "translated": 40
    }, 
    "zh-hans": {
        "approved": 925, 
        "translated": 11006
    }, 
    "zu": {
        "approved": 1, 
        "translated": 20
    }
}