{
    "ar": {
        "approved": 385, 
        "translated": 4399
    }, 
    "bg": {
        "approved": 196057, 
        "pending_since_timestamp": 1493987420.068258, 
        "translated": 229132
    }, 
    "bn": {
        "approved": 135618, 
        "pending_since_timestamp": 1494177732.167556, 
        "translated": 146835
    }, 
    "cs": {
        "approved": 11698, 
        "pending_since_timestamp": 1493981711.338186, 
        "translated": 29122
    }, 
    "da": {
        "approved": 71810, 
        "translated": 84998
    }, 
    "de": {
        "approved": 212487, 
        "pending_since_timestamp": 1494084430.237921, 
        "translated": 213099
    }, 
    "el": {
        "approved": 1792, 
        "pending_since_timestamp": 1493975680.961839, 
        "translated": 18603
    }, 
    "es": {
        "approved": 344489, 
        "pending_since_timestamp": 1494085970.683161, 
        "translated": 362335
    }, 
    "fa": {
        "approved": 1, 
        "translated": 100
    }, 
    "fa-af": {
        "approved": 31, 
        "translated": 104
    }, 
    "fr": {
        "approved": 230841, 
        "pending_since_timestamp": 1494177732.167556, 
        "translated": 239517
    }, 
    "he": {
        "approved": 7274, 
        "pending_since_timestamp": 1494177732.167556, 
        "translated": 7276
    }, 
    "hi": {
        "approved": 98408, 
        "pending_since_timestamp": 1494084430.237921, 
        "translated": 114361
    }, 
    "hy": {
        "approved": 7403, 
        "translated": 12274
    }, 
    "id": {
        "approved": 531, 
        "translated": 6460
    }, 
    "it": {
        "approved": 92975, 
        "pending_since_timestamp": 1494003306.858774, 
        "translated": 123947
    }, 
    "ja": {
        "approved": 100658, 
        "pending_since_timestamp": 1493999982.584801, 
        "translated": 119345
    }, 
    "ka": {
        "approved": 192809, 
        "pending_since_timestamp": 1493989865.336837, 
        "translated": 202626
    }, 
    "ko": {
        "approved": 153114, 
        "translated": 170130
    }, 
    "lol": {
        "approved": 382, 
        "translated": 8598
    }, 
    "mn": {
        "approved": 81312, 
        "pending_since_timestamp": 1494177732.167556, 
        "translated": 104048
    }, 
    "ms": {
        "approved": 29, 
        "translated": 650
    }, 
    "nb": {
        "approved": 93027, 
        "pending_since_timestamp": 1494177732.167556, 
        "translated": 98042
    }, 
    "nl": {
        "approved": 106500, 
        "pending_since_timestamp": 1494177732.167556, 
        "translated": 128356
    }, 
    "pl": {
        "approved": 265675, 
        "pending_since_timestamp": 1494084430.237921, 
        "translated": 265767
    }, 
    "pt": {
        "approved": 280182, 
        "pending_since_timestamp": 1494127031.323563, 
        "translated": 315827
    }, 
    "pt-pt": {
        "approved": 84495, 
        "pending_since_timestamp": 1494003306.858774, 
        "translated": 115117
    }, 
    "ru": {
        "approved": 1535, 
        "pending_since_timestamp": 1493981711.338186, 
        "translated": 18452
    }, 
    "sr": {
        "approved": 50455, 
        "pending_since_timestamp": 1494177732.167556, 
        "translated": 68179
    }, 
    "sw": {
        "approved": 40589, 
        "pending_since_timestamp": 1493968816.216344, 
        "translated": 57920
    }, 
    "te": {
        "approved": 16, 
        "translated": 241
    }, 
    "th": {
        "approved": 300, 
        "pending_since_timestamp": 1494177732.167556, 
        "translated": 118499
    }, 
    "tr": {
        "approved": 263785, 
        "translated": 363264
    }, 
    "uk": {
        "approved": 98, 
        "translated": 2531
    }, 
    "ur": {
        "approved": 92, 
        "translated": 1157
    }, 
    "xh": {
        "approved": 40, 
        "translated": 40
    }, 
    "zh-hans": {
        "approved": 3647, 
        "pending_since_timestamp": 1493965067.764739, 
        "translated": 20808
    }, 
    "zu": {
        "approved": 1, 
        "translated": 20
    }
}