{
    "ar": {
        "approved": 0, 
        "pending_since_timestamp": 1452357045.609167, 
        "translated": 4389
    }, 
    "bg": {
        "approved": 113396, 
        "pending_since_timestamp": 1452351390.576113, 
        "translated": 166129
    }, 
    "bn": {
        "approved": 41734, 
        "pending_since_timestamp": 1452369034.35329, 
        "translated": 81379
    }, 
    "cs": {
        "approved": 13180, 
        "pending_since_timestamp": 1452351390.576113, 
        "translated": 29805
    }, 
    "da": {
        "approved": 39098, 
        "translated": 70201
    }, 
    "de": {
        "approved": 113005, 
        "pending_since_timestamp": 1452361683.997051, 
        "translated": 113829
    }, 
    "el": {
        "approved": 0, 
        "pending_since_timestamp": 1452357045.609167, 
        "translated": 6862
    }, 
    "es": {
        "approved": 200070, 
        "translated": 314684
    }, 
    "fa": {
        "approved": 0, 
        "translated": 249
    }, 
    "fa-af": {
        "approved": 0, 
        "translated": 74
    }, 
    "fr": {
        "approved": 107145, 
        "pending_since_timestamp": 1452351390.576113, 
        "translated": 114026
    }, 
    "he": {
        "approved": 8544, 
        "pending_since_timestamp": 1452357045.609167, 
        "translated": 9349
    }, 
    "hi": {
        "approved": 66496, 
        "translated": 73459
    }, 
    "hy": {
        "approved": 0, 
        "translated": 132
    }, 
    "id": {
        "approved": 0, 
        "pending_since_timestamp": 1452357045.609167, 
        "translated": 8788
    }, 
    "it": {
        "approved": 0, 
        "translated": 69114
    }, 
    "ja": {
        "approved": 23501, 
        "translated": 52223
    }, 
    "ko": {
        "approved": 73773, 
        "translated": 87391
    }, 
    "lol": {
        "approved": 612, 
        "translated": 5265
    }, 
    "mn": {
        "approved": 28642, 
        "pending_since_timestamp": 1452351390.576113, 
        "translated": 51462
    }, 
    "ms": {
        "approved": 0, 
        "translated": 805
    }, 
    "nb": {
        "approved": 83706, 
        "translated": 84248
    }, 
    "nl": {
        "approved": 48044, 
        "translated": 78512
    }, 
    "pl": {
        "approved": 122304, 
        "pending_since_timestamp": 1452368079.326865, 
        "translated": 130407
    }, 
    "pt": {
        "approved": 155682, 
        "pending_since_timestamp": 1452357045.609167, 
        "translated": 311412
    }, 
    "pt-pt": {
        "approved": 13645, 
        "translated": 76393
    }, 
    "ru": {
        "approved": 1229, 
        "pending_since_timestamp": 1452351390.576113, 
        "translated": 14571
    }, 
    "sr": {
        "approved": 34378, 
        "pending_since_timestamp": 1452351390.576113, 
        "translated": 310172
    }, 
    "sw": {
        "approved": 12552, 
        "translated": 33606
    }, 
    "te": {
        "approved": 0, 
        "translated": 226
    }, 
    "th": {
        "approved": 0, 
        "translated": 128447
    }, 
    "tr": {
        "approved": 171658, 
        "pending_since_timestamp": 1452358320.167658, 
        "translated": 223317
    }, 
    "uk": {
        "approved": 0, 
        "translated": 2695
    }, 
    "ur": {
        "approved": 0, 
        "translated": 1622
    }, 
    "xh": {
        "approved": 0, 
        "translated": 1
    }, 
    "zh-hans": {
        "approved": 0, 
        "pending_since_timestamp": 1452357045.609167, 
        "translated": 4293
    }, 
    "zu": {
        "approved": 0, 
        "translated": 29
    }
}