{
    "ar": {
        "approved": 0, 
        "translated": 4475
    }, 
    "bg": {
        "approved": 201979, 
        "pending_since_timestamp": 1472484344.190636, 
        "translated": 228016
    }, 
    "bn": {
        "approved": 114697, 
        "pending_since_timestamp": 1472516375.490134, 
        "translated": 132328
    }, 
    "cs": {
        "approved": 12088, 
        "translated": 30206
    }, 
    "da": {
        "approved": 75417, 
        "pending_since_timestamp": 1472516375.490134, 
        "translated": 84281
    }, 
    "de": {
        "approved": 172343, 
        "pending_since_timestamp": 1472470375.643423, 
        "translated": 172343
    }, 
    "el": {
        "approved": 373, 
        "translated": 7717
    }, 
    "es": {
        "approved": 296689, 
        "pending_since_timestamp": 1472454077.314611, 
        "translated": 411921
    }, 
    "fa": {
        "approved": 0, 
        "translated": 104
    }, 
    "fa-af": {
        "approved": 0, 
        "translated": 72
    }, 
    "fr": {
        "approved": 169395, 
        "pending_since_timestamp": 1472543700.748946, 
        "translated": 176927
    }, 
    "he": {
        "approved": 8381, 
        "translated": 8696
    }, 
    "hi": {
        "approved": 91405, 
        "pending_since_timestamp": 1472487230.124253, 
        "translated": 112774
    }, 
    "hy": {
        "approved": 0, 
        "translated": 3013
    }, 
    "id": {
        "approved": 0, 
        "translated": 7152
    }, 
    "it": {
        "approved": 39977, 
        "pending_since_timestamp": 1472454077.314611, 
        "translated": 107837
    }, 
    "ja": {
        "approved": 35915, 
        "pending_since_timestamp": 1472460659.280351, 
        "translated": 81477
    }, 
    "ka": {
        "approved": 155583, 
        "pending_since_timestamp": 1472475278.055919, 
        "translated": 156972
    }, 
    "ko": {
        "approved": 131553, 
        "pending_since_timestamp": 1472516375.490134, 
        "translated": 152249
    }, 
    "lol": {
        "approved": 599, 
        "translated": 8810
    }, 
    "mn": {
        "approved": 74929, 
        "pending_since_timestamp": 1472516375.490134, 
        "translated": 82542
    }, 
    "ms": {
        "approved": 0, 
        "translated": 726
    }, 
    "nb": {
        "approved": 97715, 
        "pending_since_timestamp": 1472516375.490134, 
        "translated": 100907
    }, 
    "nl": {
        "approved": 81842, 
        "pending_since_timestamp": 1472516375.490134, 
        "translated": 117881
    }, 
    "pl": {
        "approved": 214630, 
        "pending_since_timestamp": 1472550792.591935, 
        "translated": 214960
    }, 
    "pt": {
        "approved": 206771, 
        "pending_since_timestamp": 1472487230.124253, 
        "translated": 407081
    }, 
    "pt-pt": {
        "approved": 37887, 
        "pending_since_timestamp": 1472464885.633741, 
        "translated": 73105
    }, 
    "ru": {
        "approved": 1191, 
        "translated": 19396
    }, 
    "sr": {
        "approved": 51991, 
        "pending_since_timestamp": 1472543700.748946, 
        "translated": 405532
    }, 
    "sw": {
        "approved": 11553, 
        "pending_since_timestamp": 1472516375.490134, 
        "translated": 33242
    }, 
    "te": {
        "approved": 0, 
        "translated": 212
    }, 
    "th": {
        "approved": 0, 
        "pending_since_timestamp": 1472516375.490134, 
        "translated": 119484
    }, 
    "tr": {
        "approved": 205066, 
        "translated": 305435
    }, 
    "uk": {
        "approved": 0, 
        "translated": 2521
    }, 
    "ur": {
        "approved": 0, 
        "translated": 1421
    }, 
    "xh": {
        "approved": 0, 
        "translated": 1
    }, 
    "zh-hans": {
        "approved": 0, 
        "translated": 5124
    }, 
    "zu": {
        "approved": 0, 
        "pending_since_timestamp": 1470762331.56727, 
        "translated": 22
    }
}