{
    "ar": {
        "approved": 385, 
        "translated": 4411
    }, 
    "bg": {
        "approved": 232152, 
        "translated": 232379
    }, 
    "bn": {
        "approved": 137605, 
        "translated": 147987
    }, 
    "cs": {
        "approved": 11703, 
        "translated": 29334
    }, 
    "da": {
        "approved": 71810, 
        "pending_since_timestamp": 1494967397.078999, 
        "translated": 89401
    }, 
    "de": {
        "approved": 213780, 
        "translated": 214587
    }, 
    "el": {
        "approved": 1886, 
        "translated": 20055
    }, 
    "es": {
        "approved": 346848, 
        "translated": 363716
    }, 
    "fa": {
        "approved": 1, 
        "translated": 100
    }, 
    "fa-af": {
        "approved": 31, 
        "translated": 104
    }, 
    "fr": {
        "approved": 233566, 
        "pending_since_timestamp": 1494987036.636529, 
        "translated": 241599
    }, 
    "he": {
        "approved": 7274, 
        "translated": 7466
    }, 
    "hi": {
        "approved": 98409, 
        "translated": 114385
    }, 
    "hy": {
        "approved": 7403, 
        "translated": 12274
    }, 
    "id": {
        "approved": 531, 
        "translated": 6458
    }, 
    "it": {
        "approved": 93065, 
        "pending_since_timestamp": 1494967397.078999, 
        "translated": 124142
    }, 
    "ja": {
        "approved": 100835, 
        "translated": 119937
    }, 
    "ka": {
        "approved": 194774, 
        "translated": 203692
    }, 
    "ko": {
        "approved": 156267, 
        "pending_since_timestamp": 1494984173.81442, 
        "translated": 171433
    }, 
    "lol": {
        "approved": 382, 
        "translated": 8598
    }, 
    "mn": {
        "approved": 81312, 
        "pending_since_timestamp": 1494984173.81442, 
        "translated": 104781
    }, 
    "ms": {
        "approved": 29, 
        "translated": 650
    }, 
    "nb": {
        "approved": 93028, 
        "translated": 100254
    }, 
    "nl": {
        "approved": 107000, 
        "translated": 128572
    }, 
    "pl": {
        "approved": 267684, 
        "translated": 267884
    }, 
    "pt": {
        "approved": 281876, 
        "pending_since_timestamp": 1494985781.1745, 
        "translated": 317605
    }, 
    "pt-pt": {
        "approved": 86780, 
        "translated": 116820
    }, 
    "ru": {
        "approved": 1535, 
        "translated": 18461
    }, 
    "sr": {
        "approved": 50484, 
        "translated": 68190
    }, 
    "sw": {
        "approved": 43730, 
        "translated": 59710
    }, 
    "te": {
        "approved": 16, 
        "translated": 241
    }, 
    "th": {
        "approved": 301, 
        "pending_since_timestamp": 1494974868.525927, 
        "translated": 121452
    }, 
    "tr": {
        "approved": 263809, 
        "translated": 364460
    }, 
    "uk": {
        "approved": 98, 
        "translated": 2532
    }, 
    "ur": {
        "approved": 92, 
        "translated": 1162
    }, 
    "xh": {
        "approved": 40, 
        "translated": 40
    }, 
    "zh-hans": {
        "approved": 5405, 
        "pending_since_timestamp": 1494974868.525927, 
        "translated": 27656
    }, 
    "zu": {
        "approved": 1, 
        "translated": 20
    }
}