{
    "ar": {
        "approved": 0, 
        "translated": 4634
    }, 
    "bg": {
        "approved": 170340, 
        "translated": 187724
    }, 
    "bn": {
        "approved": 73378, 
        "pending_since_timestamp": 1460911898.667632, 
        "translated": 121976
    }, 
    "cs": {
        "approved": 12764, 
        "translated": 30141
    }, 
    "da": {
        "approved": 40055, 
        "pending_since_timestamp": 1460903792.722679, 
        "translated": 88817
    }, 
    "de": {
        "approved": 150073, 
        "pending_since_timestamp": 1460911898.667632, 
        "translated": 150385
    }, 
    "el": {
        "approved": 257, 
        "translated": 7431
    }, 
    "es": {
        "approved": 251504, 
        "pending_since_timestamp": 1460911898.667632, 
        "translated": 368267
    }, 
    "fa": {
        "approved": 0, 
        "translated": 211
    }, 
    "fa-af": {
        "approved": 0, 
        "translated": 72
    }, 
    "fr": {
        "approved": 149352, 
        "pending_since_timestamp": 1460911898.667632, 
        "translated": 157593
    }, 
    "he": {
        "approved": 9242, 
        "translated": 9257
    }, 
    "hi": {
        "approved": 70116, 
        "pending_since_timestamp": 1460911898.667632, 
        "translated": 88588
    }, 
    "hy": {
        "approved": 0, 
        "pending_since_timestamp": 1460887712.684009, 
        "translated": 1609
    }, 
    "id": {
        "approved": 0, 
        "translated": 8153
    }, 
    "it": {
        "approved": 0, 
        "pending_since_timestamp": 1460903792.722679, 
        "translated": 94183
    }, 
    "ja": {
        "approved": 26998, 
        "pending_since_timestamp": 1460911898.667632, 
        "translated": 58968
    }, 
    "ka": {
        "approved": 117328, 
        "translated": 118854
    }, 
    "ko": {
        "approved": 110214, 
        "pending_since_timestamp": 1460911898.667632, 
        "translated": 134430
    }, 
    "lol": {
        "approved": 587, 
        "translated": 7585
    }, 
    "mn": {
        "approved": 75560, 
        "pending_since_timestamp": 1460887712.684009, 
        "translated": 82686
    }, 
    "ms": {
        "approved": 0, 
        "translated": 750
    }, 
    "nb": {
        "approved": 88694, 
        "pending_since_timestamp": 1460911898.667632, 
        "translated": 89735
    }, 
    "nl": {
        "approved": 56431, 
        "pending_since_timestamp": 1460911898.667632, 
        "translated": 104790
    }, 
    "pl": {
        "approved": 187521, 
        "pending_since_timestamp": 1460913183.658824, 
        "translated": 189930
    }, 
    "pt": {
        "approved": 184730, 
        "pending_since_timestamp": 1460907491.339107, 
        "translated": 365417
    }, 
    "pt-pt": {
        "approved": 17619, 
        "pending_since_timestamp": 1460911898.667632, 
        "translated": 117913
    }, 
    "ru": {
        "approved": 1176, 
        "pending_since_timestamp": 1460911898.667632, 
        "translated": 20886
    }, 
    "sr": {
        "approved": 47736, 
        "pending_since_timestamp": 1460911898.667632, 
        "translated": 364241
    }, 
    "sw": {
        "approved": 12156, 
        "pending_since_timestamp": 1460911898.667632, 
        "translated": 35898
    }, 
    "te": {
        "approved": 0, 
        "translated": 216
    }, 
    "th": {
        "approved": 0, 
        "pending_since_timestamp": 1460911898.667632, 
        "translated": 128659
    }, 
    "tr": {
        "approved": 170056, 
        "pending_since_timestamp": 1460913183.658824, 
        "translated": 274547
    }, 
    "uk": {
        "approved": 0, 
        "translated": 2580
    }, 
    "ur": {
        "approved": 0, 
        "translated": 1552
    }, 
    "xh": {
        "approved": 0, 
        "translated": 1
    }, 
    "zh-hans": {
        "approved": 0, 
        "translated": 4105
    }, 
    "zu": {
        "approved": 0, 
        "translated": 23
    }
}