{
    "ar": {
        "approved": 160, 
        "translated": 3665
    }, 
    "bg": {
        "approved": 197862, 
        "translated": 203517
    }, 
    "bn": {
        "approved": 125111, 
        "translated": 138518
    }, 
    "cs": {
        "approved": 12210, 
        "translated": 28912
    }, 
    "da": {
        "approved": 73793, 
        "translated": 81500
    }, 
    "de": {
        "approved": 201401, 
        "translated": 201684
    }, 
    "el": {
        "approved": 1029, 
        "translated": 15376
    }, 
    "es": {
        "approved": 315991, 
        "pending_since_timestamp": 1485185291.715492, 
        "translated": 338171
    }, 
    "fa": {
        "approved": 1, 
        "translated": 103
    }, 
    "fa-af": {
        "approved": 31, 
        "translated": 104
    }, 
    "fr": {
        "approved": 213164, 
        "pending_since_timestamp": 1485197980.639095, 
        "translated": 222470
    }, 
    "he": {
        "approved": 6472, 
        "translated": 7016
    }, 
    "hi": {
        "approved": 96833, 
        "translated": 115493
    }, 
    "hy": {
        "approved": 7249, 
        "pending_since_timestamp": 1485183265.438209, 
        "translated": 12273
    }, 
    "id": {
        "approved": 532, 
        "translated": 6295
    }, 
    "it": {
        "approved": 61478, 
        "translated": 112322
    }, 
    "ja": {
        "approved": 99545, 
        "pending_since_timestamp": 1485164958.335892, 
        "translated": 115906
    }, 
    "ka": {
        "approved": 188465, 
        "pending_since_timestamp": 1485183265.438209, 
        "translated": 193676
    }, 
    "ko": {
        "approved": 151100, 
        "translated": 160582
    }, 
    "lol": {
        "approved": 397, 
        "translated": 8653
    }, 
    "mn": {
        "approved": 73291, 
        "translated": 80800
    }, 
    "ms": {
        "approved": 29, 
        "translated": 685
    }, 
    "nb": {
        "approved": 96029, 
        "translated": 99213
    }, 
    "nl": {
        "approved": 99393, 
        "pending_since_timestamp": 1485186952.33693, 
        "translated": 124519
    }, 
    "pl": {
        "approved": 244554, 
        "pending_since_timestamp": 1485196620.493257, 
        "translated": 244817
    }, 
    "pt": {
        "approved": 249173, 
        "pending_since_timestamp": 1485192421.51434, 
        "translated": 285884
    }, 
    "pt-pt": {
        "approved": 65186, 
        "pending_since_timestamp": 1485183265.438209, 
        "translated": 91184
    }, 
    "ru": {
        "approved": 1635, 
        "translated": 18067
    }, 
    "sr": {
        "approved": 50824, 
        "translated": 68764
    }, 
    "sw": {
        "approved": 11632, 
        "translated": 31888
    }, 
    "te": {
        "approved": 16, 
        "translated": 214
    }, 
    "th": {
        "approved": 316, 
        "translated": 120249
    }, 
    "tr": {
        "approved": 242335, 
        "translated": 325172
    }, 
    "uk": {
        "approved": 98, 
        "translated": 2480
    }, 
    "ur": {
        "approved": 92, 
        "translated": 1202
    }, 
    "xh": {
        "approved": 40, 
        "translated": 40
    }, 
    "zh-hans": {
        "approved": 128, 
        "translated": 5021
    }, 
    "zu": {
        "approved": 1, 
        "translated": 22
    }
}