{
    "ar": {
        "approved": 0, 
        "translated": 4316
    }, 
    "bg": {
        "approved": 180931, 
        "translated": 189566
    }, 
    "bn": {
        "approved": 80338, 
        "pending_since_timestamp": 1463244710.080155, 
        "translated": 121097
    }, 
    "cs": {
        "approved": 12407, 
        "pending_since_timestamp": 1463223201.205468, 
        "translated": 30959
    }, 
    "da": {
        "approved": 73341, 
        "translated": 84732
    }, 
    "de": {
        "approved": 148718, 
        "pending_since_timestamp": 1463244710.080155, 
        "translated": 148780
    }, 
    "el": {
        "approved": 281, 
        "pending_since_timestamp": 1463223201.205468, 
        "translated": 7246
    }, 
    "es": {
        "approved": 262291, 
        "pending_since_timestamp": 1463244710.080155, 
        "translated": 370773
    }, 
    "fa": {
        "approved": 0, 
        "translated": 107
    }, 
    "fa-af": {
        "approved": 0, 
        "translated": 72
    }, 
    "fr": {
        "approved": 155112, 
        "pending_since_timestamp": 1463244710.080155, 
        "translated": 162606
    }, 
    "he": {
        "approved": 8643, 
        "translated": 8656
    }, 
    "hi": {
        "approved": 66666, 
        "translated": 89705
    }, 
    "hy": {
        "approved": 0, 
        "translated": 3044
    }, 
    "id": {
        "approved": 0, 
        "translated": 7325
    }, 
    "it": {
        "approved": 0, 
        "pending_since_timestamp": 1463223201.205468, 
        "translated": 93352
    }, 
    "ja": {
        "approved": 27915, 
        "pending_since_timestamp": 1463223201.205468, 
        "translated": 58333
    }, 
    "ka": {
        "approved": 121132, 
        "pending_since_timestamp": 1463248405.365237, 
        "translated": 122549
    }, 
    "ko": {
        "approved": 117034, 
        "translated": 139460
    }, 
    "lol": {
        "approved": 585, 
        "translated": 7531
    }, 
    "mn": {
        "approved": 73469, 
        "translated": 81588
    }, 
    "ms": {
        "approved": 0, 
        "pending_since_timestamp": 1463244710.080155, 
        "translated": 742
    }, 
    "nb": {
        "approved": 97524, 
        "translated": 101389
    }, 
    "nl": {
        "approved": 74049, 
        "translated": 107753
    }, 
    "pl": {
        "approved": 191458, 
        "pending_since_timestamp": 1463244710.080155, 
        "translated": 192009
    }, 
    "pt": {
        "approved": 192019, 
        "pending_since_timestamp": 1463247288.42518, 
        "translated": 367897
    }, 
    "pt-pt": {
        "approved": 18585, 
        "pending_since_timestamp": 1463223201.205468, 
        "translated": 114840
    }, 
    "ru": {
        "approved": 1179, 
        "pending_since_timestamp": 1463244710.080155, 
        "translated": 19912
    }, 
    "sr": {
        "approved": 44950, 
        "translated": 366752
    }, 
    "sw": {
        "approved": 11870, 
        "pending_since_timestamp": 1463223201.205468, 
        "translated": 33871
    }, 
    "te": {
        "approved": 0, 
        "translated": 215
    }, 
    "th": {
        "approved": 0, 
        "pending_since_timestamp": 1463223201.205468, 
        "translated": 122004
    }, 
    "tr": {
        "approved": 184278, 
        "translated": 274527
    }, 
    "uk": {
        "approved": 0, 
        "translated": 2525
    }, 
    "ur": {
        "approved": 0, 
        "pending_since_timestamp": 1463244710.080155, 
        "translated": 1476
    }, 
    "xh": {
        "approved": 0, 
        "translated": 1
    }, 
    "zh-hans": {
        "approved": 0, 
        "translated": 5201
    }, 
    "zu": {
        "approved": 0, 
        "translated": 23
    }
}