{
    "af": {
        "approved": 19, 
        "translated": 1513
    }, 
    "am": {
        "approved": 0, 
        "translated": 0
    }, 
    "ar": {
        "approved": 1794, 
        "pending_since_timestamp": 1536949903.789655, 
        "translated": 35142
    }, 
    "az": {
        "approved": 35929, 
        "translated": 37667
    }, 
    "bg": {
        "approved": 315982, 
        "pending_since_timestamp": 1537032990.084687, 
        "translated": 324637
    }, 
    "bn": {
        "approved": 146471, 
        "pending_since_timestamp": 1536994583.783831, 
        "translated": 158666
    }, 
    "ca": {
        "approved": 3, 
        "translated": 2019
    }, 
    "cs": {
        "approved": 115931, 
        "pending_since_timestamp": 1536996896.388668, 
        "translated": 131765
    }, 
    "da": {
        "approved": 164126, 
        "pending_since_timestamp": 1537032990.084687, 
        "translated": 183365
    }, 
    "de": {
        "approved": 297294, 
        "pending_since_timestamp": 1537001651.139186, 
        "translated": 536187
    }, 
    "el": {
        "approved": 76905, 
        "pending_since_timestamp": 1536949903.789655, 
        "translated": 92412
    }, 
    "es": {
        "approved": 415600, 
        "translated": 438769
    }, 
    "et": {
        "approved": 45000, 
        "translated": 46320
    }, 
    "fa": {
        "approved": 1, 
        "translated": 191
    }, 
    "fa-af": {
        "approved": 31, 
        "translated": 103
    }, 
    "fi": {
        "approved": 82582, 
        "translated": 84301
    }, 
    "fil": {
        "approved": 206, 
        "translated": 299
    }, 
    "fr": {
        "approved": 279318, 
        "translated": 283117
    }, 
    "gu": {
        "approved": 62527, 
        "pending_since_timestamp": 1536907045.669689, 
        "translated": 121652
    }, 
    "he": {
        "approved": 8646, 
        "translated": 8679
    }, 
    "hi": {
        "approved": 167689, 
        "translated": 180059
    }, 
    "hr": {
        "approved": 10948, 
        "translated": 16617
    }, 
    "ht": {
        "approved": 1, 
        "translated": 5
    }, 
    "hu": {
        "approved": 90273, 
        "pending_since_timestamp": 1536916734.826039, 
        "translated": 109408
    }, 
    "hy": {
        "approved": 97272, 
        "pending_since_timestamp": 1536994583.783831, 
        "translated": 111435
    }, 
    "id": {
        "approved": 65702, 
        "pending_since_timestamp": 1537032990.084687, 
        "translated": 78522
    }, 
    "it": {
        "approved": 155811, 
        "translated": 170993
    }, 
    "ja": {
        "approved": 124670, 
        "translated": 143855
    }, 
    "ka": {
        "approved": 270904, 
        "pending_since_timestamp": 1536961688.878921, 
        "translated": 274601
    }, 
    "ki": {
        "approved": 0, 
        "translated": 37
    }, 
    "km": {
        "approved": 0, 
        "translated": 52
    }, 
    "kn": {
        "approved": 13925, 
        "pending_since_timestamp": 1537032990.084687, 
        "translated": 21279
    }, 
    "ko": {
        "approved": 180710, 
        "pending_since_timestamp": 1536980632.190927, 
        "translated": 208878
    }, 
    "ky": {
        "approved": 0, 
        "translated": 25
    }, 
    "lol": {
        "approved": 67033, 
        "translated": 82234
    }, 
    "lt": {
        "approved": 73983, 
        "translated": 75822
    }, 
    "lv": {
        "approved": 54642, 
        "translated": 55077
    }, 
    "mn": {
        "approved": 82607, 
        "translated": 110524
    }, 
    "mr": {
        "approved": 0, 
        "translated": 0
    }, 
    "ms": {
        "approved": 29, 
        "translated": 669
    }, 
    "my": {
        "approved": 1, 
        "translated": 112
    }, 
    "nb": {
        "approved": 131812, 
        "translated": 139568
    }, 
    "ne": {
        "approved": 0, 
        "translated": 1
    }, 
    "nl": {
        "approved": 122819, 
        "translated": 140468
    }, 
    "nn": {
        "approved": 0, 
        "translated": 1636
    }, 
    "or": {
        "approved": 0, 
        "translated": 52
    }, 
    "pl": {
        "approved": 334221, 
        "pending_since_timestamp": 1536985262.917362, 
        "translated": 334753
    }, 
    "ps": {
        "approved": 0, 
        "translated": 23
    }, 
    "pt": {
        "approved": 363752, 
        "translated": 403484
    }, 
    "pt-pt": {
        "approved": 143902, 
        "pending_since_timestamp": 1537032990.084687, 
        "translated": 174666
    }, 
    "ro": {
        "approved": 63956, 
        "translated": 68241
    }, 
    "ru": {
        "approved": 100251, 
        "translated": 121409
    }, 
    "rw": {
        "approved": 0, 
        "translated": 0
    }, 
    "si": {
        "approved": 0, 
        "translated": 198
    }, 
    "sk": {
        "approved": 0, 
        "translated": 2178
    }, 
    "sl": {
        "approved": 0, 
        "translated": 0
    }, 
    "sq": {
        "approved": 97484, 
        "pending_since_timestamp": 1537032990.084687, 
        "translated": 101711
    }, 
    "sr": {
        "approved": 63140, 
        "translated": 81523
    }, 
    "sv": {
        "approved": 160024, 
        "translated": 546531
    }, 
    "sw": {
        "approved": 0, 
        "translated": 0
    }, 
    "ta": {
        "approved": 41103, 
        "pending_since_timestamp": 1536902053.831924, 
        "translated": 62806
    }, 
    "te": {
        "approved": 16, 
        "translated": 227
    }, 
    "th": {
        "approved": 303, 
        "translated": 133475
    }, 
    "tr": {
        "approved": 310121, 
        "translated": 416937
    }, 
    "uk": {
        "approved": 2808, 
        "pending_since_timestamp": 1536949903.789655, 
        "translated": 19135
    }, 
    "ur": {
        "approved": 54621, 
        "translated": 57552
    }, 
    "uz": {
        "approved": 77034, 
        "translated": 79816
    }, 
    "vi": {
        "approved": 2, 
        "translated": 2011
    }, 
    "xh": {
        "approved": 40, 
        "translated": 40
    }, 
    "zh-hans": {
        "approved": 148409, 
        "pending_since_timestamp": 1536964104.525606, 
        "translated": 210608
    }, 
    "zh-hant": {
        "approved": 9756, 
        "pending_since_timestamp": 1536992133.969537, 
        "translated": 69732
    }, 
    "zu": {
        "approved": 1, 
        "translated": 18
    }
}