{
    "af": {
        "approved": 19, 
        "translated": 1517
    }, 
    "am": {
        "approved": 0, 
        "translated": 0
    }, 
    "ar": {
        "approved": 579, 
        "pending_since_timestamp": 1528864049.335576, 
        "translated": 26888
    }, 
    "az": {
        "approved": 35989, 
        "translated": 37765
    }, 
    "bg": {
        "approved": 300278, 
        "translated": 300813
    }, 
    "bn": {
        "approved": 150522, 
        "translated": 159529
    }, 
    "ca": {
        "approved": 3, 
        "translated": 2079
    }, 
    "cs": {
        "approved": 88233, 
        "pending_since_timestamp": 1528961751.677049, 
        "translated": 115385
    }, 
    "da": {
        "approved": 141700, 
        "pending_since_timestamp": 1528895728.911697, 
        "translated": 165324
    }, 
    "de": {
        "approved": 288751, 
        "translated": 533244
    }, 
    "el": {
        "approved": 5516, 
        "translated": 24444
    }, 
    "es": {
        "approved": 400707, 
        "pending_since_timestamp": 1528940593.335911, 
        "translated": 421776
    }, 
    "et": {
        "approved": 45080, 
        "translated": 46409
    }, 
    "fa": {
        "approved": 1, 
        "translated": 192
    }, 
    "fa-af": {
        "approved": 31, 
        "translated": 103
    }, 
    "fi": {
        "approved": 82557, 
        "translated": 84683
    }, 
    "fil": {
        "approved": 210, 
        "translated": 303
    }, 
    "fr": {
        "approved": 279369, 
        "pending_since_timestamp": 1528956937.258174, 
        "translated": 282749
    }, 
    "gu": {
        "approved": 34163, 
        "pending_since_timestamp": 1528956937.258174, 
        "translated": 54149
    }, 
    "he": {
        "approved": 7271, 
        "translated": 8877
    }, 
    "hi": {
        "approved": 169213, 
        "translated": 182049
    }, 
    "hr": {
        "approved": 10999, 
        "translated": 16743
    }, 
    "ht": {
        "approved": 1, 
        "translated": 5
    }, 
    "hu": {
        "approved": 89030, 
        "pending_since_timestamp": 1528700413.068102, 
        "translated": 106961
    }, 
    "hy": {
        "approved": 89470, 
        "pending_since_timestamp": 1528958963.169876, 
        "translated": 97368
    }, 
    "id": {
        "approved": 43943, 
        "pending_since_timestamp": 1528853819.781444, 
        "translated": 63654
    }, 
    "it": {
        "approved": 135530, 
        "translated": 155906
    }, 
    "ja": {
        "approved": 127816, 
        "pending_since_timestamp": 1528940593.335911, 
        "translated": 144793
    }, 
    "ka": {
        "approved": 263227, 
        "pending_since_timestamp": 1528956937.258174, 
        "translated": 264695
    }, 
    "ki": {
        "approved": 0, 
        "translated": 37
    }, 
    "km": {
        "approved": 0, 
        "translated": 52
    }, 
    "kn": {
        "approved": 682, 
        "translated": 15693
    }, 
    "ko": {
        "approved": 180009, 
        "translated": 197826
    }, 
    "ky": {
        "approved": 0, 
        "translated": 25
    }, 
    "lol": {
        "approved": 67365, 
        "translated": 82571
    }, 
    "lt": {
        "approved": 0, 
        "pending_since_timestamp": 1528788264.884677, 
        "translated": 1601
    }, 
    "lv": {
        "approved": 54728, 
        "pending_since_timestamp": 1528900637.158688, 
        "translated": 55056
    }, 
    "mn": {
        "approved": 87391, 
        "translated": 115307
    }, 
    "mr": {
        "approved": 0, 
        "translated": 0
    }, 
    "ms": {
        "approved": 29, 
        "translated": 672
    }, 
    "my": {
        "approved": 1, 
        "translated": 117
    }, 
    "nb": {
        "approved": 135139, 
        "translated": 142489
    }, 
    "ne": {
        "approved": 0, 
        "translated": 1
    }, 
    "nl": {
        "approved": 117850, 
        "translated": 137347
    }, 
    "nn": {
        "approved": 0, 
        "translated": 1654
    }, 
    "or": {
        "approved": 0, 
        "translated": 55
    }, 
    "pl": {
        "approved": 320325, 
        "pending_since_timestamp": 1528954595.834015, 
        "translated": 320980
    }, 
    "ps": {
        "approved": 0, 
        "translated": 24
    }, 
    "pt": {
        "approved": 356008, 
        "pending_since_timestamp": 1528943293.840554, 
        "translated": 397463
    }, 
    "pt-pt": {
        "approved": 143183, 
        "translated": 175193
    }, 
    "ro": {
        "approved": 64188, 
        "translated": 68273
    }, 
    "ru": {
        "approved": 98421, 
        "translated": 122529
    }, 
    "rw": {
        "approved": 0, 
        "translated": 0
    }, 
    "si": {
        "approved": 0, 
        "translated": 200
    }, 
    "sk": {
        "approved": 0, 
        "translated": 2229
    }, 
    "sl": {
        "approved": 0, 
        "translated": 0
    }, 
    "sq": {
        "approved": 49741, 
        "translated": 66131
    }, 
    "sr": {
        "approved": 65565, 
        "translated": 83086
    }, 
    "sv": {
        "approved": 154840, 
        "translated": 548021
    }, 
    "sw": {
        "approved": 0, 
        "translated": 0
    }, 
    "ta": {
        "approved": 44766, 
        "pending_since_timestamp": 1528952243.900087, 
        "translated": 61676
    }, 
    "te": {
        "approved": 16, 
        "translated": 227
    }, 
    "th": {
        "approved": 303, 
        "translated": 135116
    }, 
    "tr": {
        "approved": 304986, 
        "pending_since_timestamp": 1528952243.900087, 
        "translated": 407842
    }, 
    "uk": {
        "approved": 98, 
        "translated": 2500
    }, 
    "ur": {
        "approved": 54677, 
        "translated": 57589
    }, 
    "uz": {
        "approved": 146, 
        "translated": 1440
    }, 
    "vi": {
        "approved": 2, 
        "translated": 1478
    }, 
    "xh": {
        "approved": 40, 
        "translated": 40
    }, 
    "zh-hans": {
        "approved": 74684, 
        "pending_since_timestamp": 1528950231.548449, 
        "translated": 120273
    }, 
    "zh-hant": {
        "approved": 9597, 
        "pending_since_timestamp": 1528698316.629253, 
        "translated": 68707
    }, 
    "zu": {
        "approved": 1, 
        "translated": 18
    }
}