{
    "ar": {
        "approved": 1047, 
        "translated": 4723
    }, 
    "bg": {
        "approved": 216865, 
        "translated": 236709
    }, 
    "bn": {
        "approved": 120883, 
        "pending_since_timestamp": 1477854402.231246, 
        "translated": 137274
    }, 
    "cs": {
        "approved": 13083, 
        "translated": 30212
    }, 
    "da": {
        "approved": 79973, 
        "translated": 87711
    }, 
    "de": {
        "approved": 188798, 
        "translated": 189137
    }, 
    "el": {
        "approved": 2074, 
        "pending_since_timestamp": 1477839293.652759, 
        "translated": 9864
    }, 
    "es": {
        "approved": 337046, 
        "pending_since_timestamp": 1477831860.05753, 
        "translated": 356313
    }, 
    "fa": {
        "approved": 2, 
        "translated": 106
    }, 
    "fa-af": {
        "approved": 0, 
        "translated": 72
    }, 
    "fr": {
        "approved": 195987, 
        "pending_since_timestamp": 1477850138.372482, 
        "translated": 207645
    }, 
    "he": {
        "approved": 9060, 
        "translated": 9626
    }, 
    "hi": {
        "approved": 93494, 
        "translated": 116389
    }, 
    "hy": {
        "approved": 27, 
        "translated": 3017
    }, 
    "id": {
        "approved": 1518, 
        "translated": 7638
    }, 
    "it": {
        "approved": 46661, 
        "pending_since_timestamp": 1477842862.848932, 
        "translated": 113838
    }, 
    "ja": {
        "approved": 42233, 
        "translated": 85491
    }, 
    "ka": {
        "approved": 185253, 
        "pending_since_timestamp": 1477841163.052122, 
        "translated": 189260
    }, 
    "ko": {
        "approved": 142079, 
        "translated": 160510
    }, 
    "lol": {
        "approved": 596, 
        "translated": 8802
    }, 
    "mn": {
        "approved": 75114, 
        "translated": 82691
    }, 
    "ms": {
        "approved": 357, 
        "translated": 1018
    }, 
    "nb": {
        "approved": 98075, 
        "translated": 101163
    }, 
    "nl": {
        "approved": 96923, 
        "translated": 123069
    }, 
    "pl": {
        "approved": 236589, 
        "translated": 237157
    }, 
    "pt": {
        "approved": 239736, 
        "pending_since_timestamp": 1477855720.160908, 
        "translated": 280450
    }, 
    "pt-pt": {
        "approved": 52868, 
        "translated": 82677
    }, 
    "ru": {
        "approved": 3212, 
        "translated": 20008
    }, 
    "sr": {
        "approved": 53347, 
        "translated": 70695
    }, 
    "sw": {
        "approved": 12790, 
        "translated": 33752
    }, 
    "te": {
        "approved": 17, 
        "translated": 217
    }, 
    "th": {
        "approved": 1189, 
        "translated": 119597
    }, 
    "tr": {
        "approved": 223368, 
        "translated": 324959
    }, 
    "uk": {
        "approved": 209, 
        "translated": 2590
    }, 
    "ur": {
        "approved": 369, 
        "translated": 1498
    }, 
    "xh": {
        "approved": 0, 
        "translated": 1
    }, 
    "zh-hans": {
        "approved": 594, 
        "translated": 5466
    }, 
    "zu": {
        "approved": 1, 
        "translated": 22
    }
}