{
    "ar": {
        "approved": 0, 
        "translated": 4313
    }, 
    "bg": {
        "approved": 180675, 
        "translated": 191226
    }, 
    "bn": {
        "approved": 81233, 
        "pending_since_timestamp": 1463568401.369091, 
        "translated": 121139
    }, 
    "cs": {
        "approved": 12326, 
        "pending_since_timestamp": 1463551243.726324, 
        "translated": 30864
    }, 
    "da": {
        "approved": 73644, 
        "translated": 84396
    }, 
    "de": {
        "approved": 148509, 
        "pending_since_timestamp": 1463584871.895562, 
        "translated": 148658
    }, 
    "el": {
        "approved": 281, 
        "translated": 7282
    }, 
    "es": {
        "approved": 263756, 
        "pending_since_timestamp": 1463583616.976363, 
        "translated": 372366
    }, 
    "fa": {
        "approved": 0, 
        "translated": 107
    }, 
    "fa-af": {
        "approved": 0, 
        "translated": 72
    }, 
    "fr": {
        "approved": 156852, 
        "pending_since_timestamp": 1463583616.976363, 
        "translated": 163890
    }, 
    "he": {
        "approved": 8641, 
        "translated": 8654
    }, 
    "hi": {
        "approved": 66426, 
        "translated": 92986
    }, 
    "hy": {
        "approved": 0, 
        "translated": 3044
    }, 
    "id": {
        "approved": 0, 
        "translated": 7320
    }, 
    "it": {
        "approved": 0, 
        "pending_since_timestamp": 1463568401.369091, 
        "translated": 93866
    }, 
    "ja": {
        "approved": 28225, 
        "translated": 58395
    }, 
    "ka": {
        "approved": 121752, 
        "pending_since_timestamp": 1463574496.148081, 
        "translated": 124915
    }, 
    "ko": {
        "approved": 120315, 
        "translated": 140241
    }, 
    "lol": {
        "approved": 585, 
        "translated": 7531
    }, 
    "mn": {
        "approved": 74117, 
        "translated": 82227
    }, 
    "ms": {
        "approved": 0, 
        "translated": 734
    }, 
    "nb": {
        "approved": 98477, 
        "translated": 101209
    }, 
    "nl": {
        "approved": 74361, 
        "pending_since_timestamp": 1463586083.284497, 
        "translated": 109312
    }, 
    "pl": {
        "approved": 192161, 
        "pending_since_timestamp": 1463591275.083447, 
        "translated": 192977
    }, 
    "pt": {
        "approved": 192920, 
        "pending_since_timestamp": 1463592801.071965, 
        "translated": 369498
    }, 
    "pt-pt": {
        "approved": 18967, 
        "translated": 114904
    }, 
    "ru": {
        "approved": 1171, 
        "pending_since_timestamp": 1463551243.726324, 
        "translated": 19907
    }, 
    "sr": {
        "approved": 44941, 
        "pending_since_timestamp": 1463574496.148081, 
        "translated": 368336
    }, 
    "sw": {
        "approved": 11789, 
        "translated": 33786
    }, 
    "te": {
        "approved": 0, 
        "translated": 215
    }, 
    "th": {
        "approved": 0, 
        "translated": 121754
    }, 
    "tr": {
        "approved": 183982, 
        "translated": 275746
    }, 
    "uk": {
        "approved": 0, 
        "translated": 2525
    }, 
    "ur": {
        "approved": 0, 
        "translated": 1468
    }, 
    "xh": {
        "approved": 0, 
        "translated": 1
    }, 
    "zh-hans": {
        "approved": 0, 
        "translated": 5200
    }, 
    "zu": {
        "approved": 0, 
        "translated": 23
    }
}