{
    "af": {
        "approved": 19, 
        "translated": 1513
    }, 
    "am": {
        "approved": 0, 
        "translated": 0
    }, 
    "ar": {
        "approved": 5645, 
        "translated": 50889
    }, 
    "az": {
        "approved": 35927, 
        "translated": 37663
    }, 
    "bg": {
        "approved": 318343, 
        "pending_since_timestamp": 1539385243.85112, 
        "translated": 328253
    }, 
    "bn": {
        "approved": 147792, 
        "pending_since_timestamp": 1539368497.989992, 
        "translated": 160380
    }, 
    "ca": {
        "approved": 3, 
        "pending_since_timestamp": 1538768072.289061, 
        "translated": 2019
    }, 
    "cs": {
        "approved": 124667, 
        "pending_since_timestamp": 1539385243.85112, 
        "translated": 142280
    }, 
    "da": {
        "approved": 168486, 
        "pending_since_timestamp": 1539286278.045106, 
        "translated": 186887
    }, 
    "de": {
        "approved": 298592, 
        "pending_since_timestamp": 1539286278.045106, 
        "translated": 537227
    }, 
    "el": {
        "approved": 77187, 
        "pending_since_timestamp": 1538768072.289061, 
        "translated": 92673
    }, 
    "es": {
        "approved": 420145, 
        "pending_since_timestamp": 1539373734.293839, 
        "translated": 445707
    }, 
    "et": {
        "approved": 44998, 
        "pending_since_timestamp": 1539286278.045106, 
        "translated": 46316
    }, 
    "fa": {
        "approved": 1, 
        "translated": 191
    }, 
    "fa-af": {
        "approved": 31, 
        "translated": 103
    }, 
    "fi": {
        "approved": 82577, 
        "translated": 84296
    }, 
    "fil": {
        "approved": 205, 
        "translated": 298
    }, 
    "fr": {
        "approved": 281497, 
        "pending_since_timestamp": 1539286278.045106, 
        "translated": 284983
    }, 
    "gu": {
        "approved": 94247, 
        "translated": 138110
    }, 
    "he": {
        "approved": 8637, 
        "translated": 8670
    }, 
    "hi": {
        "approved": 167627, 
        "translated": 179997
    }, 
    "hr": {
        "approved": 10947, 
        "translated": 16616
    }, 
    "ht": {
        "approved": 1, 
        "translated": 5
    }, 
    "hu": {
        "approved": 91407, 
        "pending_since_timestamp": 1538548912.407509, 
        "translated": 110049
    }, 
    "hy": {
        "approved": 99982, 
        "pending_since_timestamp": 1539378260.565253, 
        "translated": 120220
    }, 
    "id": {
        "approved": 72986, 
        "pending_since_timestamp": 1539288857.891888, 
        "translated": 85668
    }, 
    "it": {
        "approved": 155760, 
        "translated": 171186
    }, 
    "ja": {
        "approved": 124752, 
        "translated": 144425
    }, 
    "ka": {
        "approved": 273666, 
        "pending_since_timestamp": 1539368497.989992, 
        "translated": 276965
    }, 
    "ki": {
        "approved": 0, 
        "translated": 37
    }, 
    "kk": {
        "approved": 0, 
        "pending_since_timestamp": 1539286278.045106, 
        "translated": 4
    }, 
    "km": {
        "approved": 0, 
        "translated": 52
    }, 
    "kn": {
        "approved": 13868, 
        "pending_since_timestamp": 1538419557.517474, 
        "translated": 21206
    }, 
    "ko": {
        "approved": 180734, 
        "pending_since_timestamp": 1539286278.045106, 
        "translated": 212118
    }, 
    "ky": {
        "approved": 0, 
        "translated": 25
    }, 
    "lol": {
        "approved": 67031, 
        "translated": 82230
    }, 
    "lt": {
        "approved": 73979, 
        "translated": 75863
    }, 
    "lv": {
        "approved": 54639, 
        "translated": 55074
    }, 
    "mn": {
        "approved": 82576, 
        "translated": 110493
    }, 
    "mr": {
        "approved": 0, 
        "translated": 0
    }, 
    "ms": {
        "approved": 29, 
        "translated": 669
    }, 
    "my": {
        "approved": 1, 
        "translated": 112
    }, 
    "nb": {
        "approved": 132108, 
        "translated": 139845
    }, 
    "ne": {
        "approved": 0, 
        "translated": 1
    }, 
    "nl": {
        "approved": 125225, 
        "translated": 140993
    }, 
    "nn": {
        "approved": 0, 
        "translated": 1636
    }, 
    "or": {
        "approved": 0, 
        "translated": 52
    }, 
    "pl": {
        "approved": 336798, 
        "pending_since_timestamp": 1539291586.66713, 
        "translated": 337243
    }, 
    "ps": {
        "approved": 0, 
        "translated": 23
    }, 
    "pt": {
        "approved": 366716, 
        "pending_since_timestamp": 1539368497.989992, 
        "translated": 406916
    }, 
    "pt-pt": {
        "approved": 146951, 
        "translated": 176948
    }, 
    "ro": {
        "approved": 63926, 
        "pending_since_timestamp": 1538768072.289061, 
        "translated": 68209
    }, 
    "ru": {
        "approved": 100825, 
        "pending_since_timestamp": 1539368497.989992, 
        "translated": 122398
    }, 
    "rw": {
        "approved": 0, 
        "translated": 0
    }, 
    "si": {
        "approved": 0, 
        "translated": 198
    }, 
    "sk": {
        "approved": 0, 
        "pending_since_timestamp": 1538768072.289061, 
        "translated": 2176
    }, 
    "sl": {
        "approved": 0, 
        "translated": 0
    }, 
    "sq": {
        "approved": 98771, 
        "translated": 102997
    }, 
    "sr": {
        "approved": 63094, 
        "translated": 81634
    }, 
    "sv": {
        "approved": 161662, 
        "translated": 546880
    }, 
    "sw": {
        "approved": 0, 
        "translated": 0
    }, 
    "ta": {
        "approved": 45822, 
        "translated": 65823
    }, 
    "te": {
        "approved": 16, 
        "translated": 227
    }, 
    "th": {
        "approved": 303, 
        "translated": 133395
    }, 
    "tr": {
        "approved": 310462, 
        "pending_since_timestamp": 1539368497.989992, 
        "translated": 417889
    }, 
    "uk": {
        "approved": 70761, 
        "translated": 90170
    }, 
    "ur": {
        "approved": 54614, 
        "translated": 57544
    }, 
    "uz": {
        "approved": 77029, 
        "pending_since_timestamp": 1538601797.862886, 
        "translated": 79846
    }, 
    "vi": {
        "approved": 2, 
        "translated": 2011
    }, 
    "xh": {
        "approved": 40, 
        "translated": 40
    }, 
    "zh-hans": {
        "approved": 159010, 
        "pending_since_timestamp": 1539380738.132349, 
        "translated": 225167
    }, 
    "zh-hant": {
        "approved": 9877, 
        "pending_since_timestamp": 1538575991.648271, 
        "translated": 69971
    }, 
    "zu": {
        "approved": 1, 
        "translated": 18
    }
}