{
    "ar": {
        "approved": 0, 
        "pending_since_timestamp": 1469843184.452872, 
        "translated": 4287
    }, 
    "bg": {
        "approved": 196421, 
        "pending_since_timestamp": 1469882792.509256, 
        "translated": 221318
    }, 
    "bn": {
        "approved": 107919, 
        "translated": 129360
    }, 
    "cs": {
        "approved": 12229, 
        "translated": 30504
    }, 
    "da": {
        "approved": 75644, 
        "translated": 84079
    }, 
    "de": {
        "approved": 158560, 
        "pending_since_timestamp": 1469889949.776386, 
        "translated": 159168
    }, 
    "el": {
        "approved": 372, 
        "translated": 7714
    }, 
    "es": {
        "approved": 287769, 
        "pending_since_timestamp": 1469900304.434754, 
        "translated": 383237
    }, 
    "fa": {
        "approved": 0, 
        "translated": 106
    }, 
    "fa-af": {
        "approved": 0, 
        "translated": 72
    }, 
    "fr": {
        "approved": 166941, 
        "translated": 174195
    }, 
    "he": {
        "approved": 8448, 
        "translated": 8685
    }, 
    "hi": {
        "approved": 68199, 
        "translated": 111666
    }, 
    "hy": {
        "approved": 0, 
        "pending_since_timestamp": 1469843184.452872, 
        "translated": 3012
    }, 
    "id": {
        "approved": 0, 
        "pending_since_timestamp": 1469843184.452872, 
        "translated": 6820
    }, 
    "it": {
        "approved": 15474, 
        "translated": 107577
    }, 
    "ja": {
        "approved": 34237, 
        "translated": 80725
    }, 
    "ka": {
        "approved": 145153, 
        "pending_since_timestamp": 1469882792.509256, 
        "translated": 146648
    }, 
    "ko": {
        "approved": 125475, 
        "translated": 151051
    }, 
    "lol": {
        "approved": 599, 
        "translated": 8825
    }, 
    "mn": {
        "approved": 75230, 
        "translated": 82852
    }, 
    "ms": {
        "approved": 0, 
        "pending_since_timestamp": 1469843184.452872, 
        "translated": 719
    }, 
    "nb": {
        "approved": 98233, 
        "translated": 101395
    }, 
    "nl": {
        "approved": 80387, 
        "translated": 117532
    }, 
    "pl": {
        "approved": 203620, 
        "pending_since_timestamp": 1469888728.150028, 
        "translated": 203940
    }, 
    "pt": {
        "approved": 204638, 
        "pending_since_timestamp": 1469888728.150028, 
        "translated": 380734
    }, 
    "pt-pt": {
        "approved": 34526, 
        "pending_since_timestamp": 1469889949.776386, 
        "translated": 91030
    }, 
    "ru": {
        "approved": 1191, 
        "translated": 19532
    }, 
    "sr": {
        "approved": 45698, 
        "pending_since_timestamp": 1469896877.340315, 
        "translated": 379273
    }, 
    "sw": {
        "approved": 11695, 
        "translated": 33447
    }, 
    "te": {
        "approved": 0, 
        "pending_since_timestamp": 1469843184.452872, 
        "translated": 202
    }, 
    "th": {
        "approved": 0, 
        "translated": 119943
    }, 
    "tr": {
        "approved": 206048, 
        "translated": 284313
    }, 
    "uk": {
        "approved": 0, 
        "pending_since_timestamp": 1469843184.452872, 
        "translated": 2513
    }, 
    "ur": {
        "approved": 0, 
        "pending_since_timestamp": 1469843184.452872, 
        "translated": 1237
    }, 
    "xh": {
        "approved": 0, 
        "translated": 1
    }, 
    "zh-hans": {
        "approved": 0, 
        "pending_since_timestamp": 1469843184.452872, 
        "translated": 5074
    }, 
    "zu": {
        "approved": 0, 
        "translated": 22
    }
}