{
    "ar": {
        "approved": 0, 
        "pending_since_timestamp": 1471431517.250533, 
        "translated": 4437
    }, 
    "bg": {
        "approved": 196596, 
        "pending_since_timestamp": 1471416172.764804, 
        "translated": 223399
    }, 
    "bn": {
        "approved": 112930, 
        "translated": 130801
    }, 
    "cs": {
        "approved": 12229, 
        "pending_since_timestamp": 1471431517.250533, 
        "translated": 30342
    }, 
    "da": {
        "approved": 75146, 
        "pending_since_timestamp": 1471431517.250533, 
        "translated": 83603
    }, 
    "de": {
        "approved": 166677, 
        "pending_since_timestamp": 1471569987.066264, 
        "translated": 168984
    }, 
    "el": {
        "approved": 371, 
        "pending_since_timestamp": 1471569987.066264, 
        "translated": 7617
    }, 
    "es": {
        "approved": 291649, 
        "pending_since_timestamp": 1471424750.463894, 
        "translated": 404367
    }, 
    "fa": {
        "approved": 0, 
        "translated": 104
    }, 
    "fa-af": {
        "approved": 0, 
        "translated": 72
    }, 
    "fr": {
        "approved": 167994, 
        "pending_since_timestamp": 1471569987.066264, 
        "translated": 174802
    }, 
    "he": {
        "approved": 8398, 
        "pending_since_timestamp": 1471431517.250533, 
        "translated": 8727
    }, 
    "hi": {
        "approved": 91605, 
        "pending_since_timestamp": 1471569987.066264, 
        "translated": 112112
    }, 
    "hy": {
        "approved": 0, 
        "pending_since_timestamp": 1471569987.066264, 
        "translated": 3012
    }, 
    "id": {
        "approved": 0, 
        "pending_since_timestamp": 1471431517.250533, 
        "translated": 7126
    }, 
    "it": {
        "approved": 15494, 
        "pending_since_timestamp": 1471569987.066264, 
        "translated": 108012
    }, 
    "ja": {
        "approved": 34126, 
        "pending_since_timestamp": 1471431517.250533, 
        "translated": 81241
    }, 
    "ka": {
        "approved": 148323, 
        "pending_since_timestamp": 1471421245.880638, 
        "translated": 150475
    }, 
    "ko": {
        "approved": 128724, 
        "pending_since_timestamp": 1471431517.250533, 
        "translated": 151330
    }, 
    "lol": {
        "approved": 599, 
        "translated": 8814
    }, 
    "mn": {
        "approved": 75455, 
        "pending_since_timestamp": 1471416172.764804, 
        "translated": 83069
    }, 
    "ms": {
        "approved": 0, 
        "pending_since_timestamp": 1471431517.250533, 
        "translated": 726
    }, 
    "nb": {
        "approved": 97734, 
        "translated": 100894
    }, 
    "nl": {
        "approved": 80634, 
        "pending_since_timestamp": 1471417314.909825, 
        "translated": 117466
    }, 
    "pl": {
        "approved": 209093, 
        "translated": 209379
    }, 
    "pt": {
        "approved": 204351, 
        "pending_since_timestamp": 1471575454.284542, 
        "translated": 402151
    }, 
    "pt-pt": {
        "approved": 37447, 
        "pending_since_timestamp": 1471424750.463894, 
        "translated": 72725
    }, 
    "ru": {
        "approved": 1190, 
        "pending_since_timestamp": 1471431517.250533, 
        "translated": 19384
    }, 
    "sr": {
        "approved": 49408, 
        "pending_since_timestamp": 1471438672.109434, 
        "translated": 400326
    }, 
    "sw": {
        "approved": 11694, 
        "pending_since_timestamp": 1471431517.250533, 
        "translated": 33299
    }, 
    "te": {
        "approved": 0, 
        "translated": 212
    }, 
    "th": {
        "approved": 0, 
        "pending_since_timestamp": 1471431517.250533, 
        "translated": 119699
    }, 
    "tr": {
        "approved": 204117, 
        "pending_since_timestamp": 1471577549.682974, 
        "translated": 298087
    }, 
    "uk": {
        "approved": 0, 
        "pending_since_timestamp": 1471569987.066264, 
        "translated": 2512
    }, 
    "ur": {
        "approved": 0, 
        "pending_since_timestamp": 1471569987.066264, 
        "translated": 1418
    }, 
    "xh": {
        "approved": 0, 
        "translated": 1
    }, 
    "zh-hans": {
        "approved": 0, 
        "pending_since_timestamp": 1471431517.250533, 
        "translated": 5097
    }, 
    "zu": {
        "approved": 0, 
        "pending_since_timestamp": 1470762331.56727, 
        "translated": 22
    }
}