{
    "af": {
        "approved": 19, 
        "translated": 1519
    }, 
    "am": {
        "approved": 0, 
        "translated": 0
    }, 
    "ar": {
        "approved": 579, 
        "pending_since_timestamp": 1526996392.608177, 
        "translated": 24932
    }, 
    "az": {
        "approved": 36014, 
        "translated": 37791
    }, 
    "bg": {
        "approved": 299302, 
        "pending_since_timestamp": 1526996392.608177, 
        "translated": 299495
    }, 
    "bn": {
        "approved": 150354, 
        "translated": 158832
    }, 
    "ca": {
        "approved": 3, 
        "translated": 2080
    }, 
    "cs": {
        "approved": 86343, 
        "pending_since_timestamp": 1527023549.507158, 
        "translated": 114099
    }, 
    "da": {
        "approved": 93800, 
        "pending_since_timestamp": 1526996392.608177, 
        "translated": 118185
    }, 
    "de": {
        "approved": 282319, 
        "pending_since_timestamp": 1527023549.507158, 
        "translated": 531926
    }, 
    "el": {
        "approved": 5506, 
        "translated": 24432
    }, 
    "es": {
        "approved": 393566, 
        "pending_since_timestamp": 1527030819.730353, 
        "translated": 417698
    }, 
    "et": {
        "approved": 45119, 
        "translated": 46450
    }, 
    "fa": {
        "approved": 1, 
        "translated": 192
    }, 
    "fa-af": {
        "approved": 31, 
        "translated": 103
    }, 
    "fi": {
        "approved": 82670, 
        "translated": 84798
    }, 
    "fil": {
        "approved": 210, 
        "translated": 303
    }, 
    "fr": {
        "approved": 276913, 
        "pending_since_timestamp": 1527010361.859136, 
        "translated": 280800
    }, 
    "gu": {
        "approved": 33590, 
        "pending_since_timestamp": 1526996392.608177, 
        "translated": 43081
    }, 
    "he": {
        "approved": 7274, 
        "pending_since_timestamp": 1526981410.353318, 
        "translated": 8867
    }, 
    "hi": {
        "approved": 169163, 
        "pending_since_timestamp": 1527033133.963568, 
        "translated": 182010
    }, 
    "hr": {
        "approved": 11024, 
        "translated": 16770
    }, 
    "ht": {
        "approved": 1, 
        "translated": 5
    }, 
    "hu": {
        "approved": 89130, 
        "pending_since_timestamp": 1526979005.064101, 
        "translated": 107035
    }, 
    "hy": {
        "approved": 86774, 
        "translated": 95093
    }, 
    "id": {
        "approved": 42381, 
        "pending_since_timestamp": 1526973051.706859, 
        "translated": 58595
    }, 
    "it": {
        "approved": 135654, 
        "translated": 155837
    }, 
    "ja": {
        "approved": 124896, 
        "pending_since_timestamp": 1526996392.608177, 
        "translated": 142659
    }, 
    "ka": {
        "approved": 259838, 
        "pending_since_timestamp": 1527013558.086103, 
        "translated": 261367
    }, 
    "ki": {
        "approved": 0, 
        "translated": 37
    }, 
    "km": {
        "approved": 0, 
        "translated": 52
    }, 
    "kn": {
        "approved": 545, 
        "pending_since_timestamp": 1526904895.848273, 
        "translated": 11943
    }, 
    "ko": {
        "approved": 179097, 
        "translated": 194693
    }, 
    "ky": {
        "approved": 0, 
        "translated": 26
    }, 
    "lol": {
        "approved": 67462, 
        "translated": 82675
    }, 
    "lt": {
        "approved": 0, 
        "translated": 1601
    }, 
    "lv": {
        "approved": 54767, 
        "translated": 54801
    }, 
    "mn": {
        "approved": 87429, 
        "translated": 115345
    }, 
    "mr": {
        "approved": 0, 
        "translated": 0
    }, 
    "ms": {
        "approved": 29, 
        "translated": 674
    }, 
    "my": {
        "approved": 1, 
        "translated": 117
    }, 
    "nb": {
        "approved": 133847, 
        "translated": 141003
    }, 
    "ne": {
        "approved": 0, 
        "translated": 1
    }, 
    "nl": {
        "approved": 117820, 
        "translated": 137217
    }, 
    "nn": {
        "approved": 0, 
        "translated": 1655
    }, 
    "or": {
        "approved": 0, 
        "translated": 56
    }, 
    "pl": {
        "approved": 317771, 
        "translated": 318367
    }, 
    "ps": {
        "approved": 0, 
        "translated": 24
    }, 
    "pt": {
        "approved": 348750, 
        "pending_since_timestamp": 1527026085.890817, 
        "translated": 395423
    }, 
    "pt-pt": {
        "approved": 143181, 
        "pending_since_timestamp": 1527002315.128311, 
        "translated": 175114
    }, 
    "ro": {
        "approved": 63340, 
        "translated": 68060
    }, 
    "ru": {
        "approved": 97872, 
        "translated": 120402
    }, 
    "rw": {
        "approved": 0, 
        "translated": 0
    }, 
    "si": {
        "approved": 0, 
        "translated": 202
    }, 
    "sk": {
        "approved": 0, 
        "translated": 2232
    }, 
    "sl": {
        "approved": 0, 
        "translated": 0
    }, 
    "sq": {
        "approved": 49780, 
        "translated": 66155
    }, 
    "sr": {
        "approved": 65614, 
        "translated": 82797
    }, 
    "sv": {
        "approved": 152262, 
        "pending_since_timestamp": 1527018368.387942, 
        "translated": 547432
    }, 
    "sw": {
        "approved": 0, 
        "translated": 0
    }, 
    "ta": {
        "approved": 42637, 
        "translated": 60299
    }, 
    "te": {
        "approved": 16, 
        "translated": 227
    }, 
    "th": {
        "approved": 303, 
        "translated": 132095
    }, 
    "tr": {
        "approved": 303511, 
        "translated": 406567
    }, 
    "uk": {
        "approved": 98, 
        "pending_since_timestamp": 1526928005.574651, 
        "translated": 2380
    }, 
    "ur": {
        "approved": 54705, 
        "translated": 57621
    }, 
    "uz": {
        "approved": 147, 
        "translated": 1442
    }, 
    "vi": {
        "approved": 2, 
        "translated": 1479
    }, 
    "xh": {
        "approved": 40, 
        "translated": 40
    }, 
    "zh-hans": {
        "approved": 73464, 
        "pending_since_timestamp": 1527033133.963568, 
        "translated": 101682
    }, 
    "zh-hant": {
        "approved": 9600, 
        "translated": 68729
    }, 
    "zu": {
        "approved": 1, 
        "translated": 18
    }
}