{
    "ar": {
        "approved": 0, 
        "pending_since_timestamp": 1468558728.574168, 
        "translated": 4520
    }, 
    "bg": {
        "approved": 205229, 
        "translated": 224342
    }, 
    "bn": {
        "approved": 100836, 
        "pending_since_timestamp": 1468558728.574168, 
        "translated": 128386
    }, 
    "cs": {
        "approved": 12229, 
        "pending_since_timestamp": 1468558728.574168, 
        "translated": 30520
    }, 
    "da": {
        "approved": 75840, 
        "pending_since_timestamp": 1468558728.574168, 
        "translated": 84485
    }, 
    "de": {
        "approved": 152822, 
        "pending_since_timestamp": 1468558728.574168, 
        "translated": 153305
    }, 
    "el": {
        "approved": 325, 
        "pending_since_timestamp": 1468558728.574168, 
        "translated": 7433
    }, 
    "es": {
        "approved": 290086, 
        "pending_since_timestamp": 1468565716.190348, 
        "translated": 390346
    }, 
    "fa": {
        "approved": 0, 
        "translated": 106
    }, 
    "fa-af": {
        "approved": 0, 
        "translated": 72
    }, 
    "fr": {
        "approved": 166799, 
        "pending_since_timestamp": 1468558728.574168, 
        "translated": 174042
    }, 
    "he": {
        "approved": 8478, 
        "pending_since_timestamp": 1468558728.574168, 
        "translated": 8716
    }, 
    "hi": {
        "approved": 68447, 
        "pending_since_timestamp": 1468558728.574168, 
        "translated": 111461
    }, 
    "hy": {
        "approved": 0, 
        "pending_since_timestamp": 1468558728.574168, 
        "translated": 3013
    }, 
    "id": {
        "approved": 0, 
        "pending_since_timestamp": 1468558728.574168, 
        "translated": 7276
    }, 
    "it": {
        "approved": 7723, 
        "pending_since_timestamp": 1468558728.574168, 
        "translated": 104904
    }, 
    "ja": {
        "approved": 34095, 
        "pending_since_timestamp": 1468558728.574168, 
        "translated": 80553
    }, 
    "ka": {
        "approved": 139820, 
        "pending_since_timestamp": 1468568141.197728, 
        "translated": 141411
    }, 
    "ko": {
        "approved": 125995, 
        "pending_since_timestamp": 1468558728.574168, 
        "translated": 152056
    }, 
    "lol": {
        "approved": 603, 
        "translated": 8847
    }, 
    "mn": {
        "approved": 75470, 
        "pending_since_timestamp": 1468558728.574168, 
        "translated": 83142
    }, 
    "ms": {
        "approved": 0, 
        "pending_since_timestamp": 1468558728.574168, 
        "translated": 726
    }, 
    "nb": {
        "approved": 98496, 
        "pending_since_timestamp": 1468558728.574168, 
        "translated": 101659
    }, 
    "nl": {
        "approved": 80587, 
        "pending_since_timestamp": 1468558728.574168, 
        "translated": 117465
    }, 
    "pl": {
        "approved": 205167, 
        "translated": 205446
    }, 
    "pt": {
        "approved": 205764, 
        "translated": 378074
    }, 
    "pt-pt": {
        "approved": 26295, 
        "translated": 89748
    }, 
    "ru": {
        "approved": 1191, 
        "pending_since_timestamp": 1468558728.574168, 
        "translated": 19554
    }, 
    "sr": {
        "approved": 45763, 
        "translated": 375295
    }, 
    "sw": {
        "approved": 11695, 
        "pending_since_timestamp": 1468558728.574168, 
        "translated": 33456
    }, 
    "te": {
        "approved": 0, 
        "pending_since_timestamp": 1468558728.574168, 
        "translated": 204
    }, 
    "th": {
        "approved": 0, 
        "pending_since_timestamp": 1468558728.574168, 
        "translated": 120375
    }, 
    "tr": {
        "approved": 214767, 
        "pending_since_timestamp": 1468568141.197728, 
        "translated": 288018
    }, 
    "uk": {
        "approved": 0, 
        "pending_since_timestamp": 1468558728.574168, 
        "translated": 2528
    }, 
    "ur": {
        "approved": 0, 
        "pending_since_timestamp": 1468558728.574168, 
        "translated": 1467
    }, 
    "xh": {
        "approved": 0, 
        "translated": 1
    }, 
    "zh-hans": {
        "approved": 0, 
        "pending_since_timestamp": 1468558728.574168, 
        "translated": 5146
    }, 
    "zu": {
        "approved": 0, 
        "translated": 22
    }
}