{
    "ar": {
        "approved": 160, 
        "translated": 3664
    }, 
    "bg": {
        "approved": 197820, 
        "translated": 205679
    }, 
    "bn": {
        "approved": 125431, 
        "pending_since_timestamp": 1485534539.666203, 
        "translated": 138622
    }, 
    "cs": {
        "approved": 12210, 
        "translated": 28913
    }, 
    "da": {
        "approved": 73789, 
        "pending_since_timestamp": 1485518385.118468, 
        "translated": 81507
    }, 
    "de": {
        "approved": 201320, 
        "pending_since_timestamp": 1485534539.666203, 
        "translated": 201646
    }, 
    "el": {
        "approved": 1024, 
        "translated": 15529
    }, 
    "es": {
        "approved": 319643, 
        "pending_since_timestamp": 1485531149.743492, 
        "translated": 341124
    }, 
    "fa": {
        "approved": 1, 
        "translated": 103
    }, 
    "fa-af": {
        "approved": 31, 
        "translated": 104
    }, 
    "fr": {
        "approved": 214751, 
        "pending_since_timestamp": 1485529276.369988, 
        "translated": 223514
    }, 
    "he": {
        "approved": 6471, 
        "translated": 7015
    }, 
    "hi": {
        "approved": 96801, 
        "translated": 115466
    }, 
    "hy": {
        "approved": 7379, 
        "translated": 12271
    }, 
    "id": {
        "approved": 532, 
        "translated": 6299
    }, 
    "it": {
        "approved": 61406, 
        "pending_since_timestamp": 1485504286.762456, 
        "translated": 112316
    }, 
    "ja": {
        "approved": 99801, 
        "pending_since_timestamp": 1485518385.118468, 
        "translated": 115997
    }, 
    "ka": {
        "approved": 188850, 
        "pending_since_timestamp": 1485518385.118468, 
        "translated": 194037
    }, 
    "ko": {
        "approved": 151022, 
        "pending_since_timestamp": 1485330077.613994, 
        "translated": 160489
    }, 
    "lol": {
        "approved": 397, 
        "translated": 8651
    }, 
    "mn": {
        "approved": 73259, 
        "pending_since_timestamp": 1485518385.118468, 
        "translated": 80767
    }, 
    "ms": {
        "approved": 29, 
        "pending_since_timestamp": 1485518385.118468, 
        "translated": 685
    }, 
    "nb": {
        "approved": 95996, 
        "translated": 99180
    }, 
    "nl": {
        "approved": 100994, 
        "translated": 125176
    }, 
    "pl": {
        "approved": 246136, 
        "pending_since_timestamp": 1485527783.501381, 
        "translated": 246423
    }, 
    "pt": {
        "approved": 250353, 
        "pending_since_timestamp": 1485525867.107593, 
        "translated": 287310
    }, 
    "pt-pt": {
        "approved": 66614, 
        "pending_since_timestamp": 1485518385.118468, 
        "translated": 92314
    }, 
    "ru": {
        "approved": 1635, 
        "translated": 18065
    }, 
    "sr": {
        "approved": 50790, 
        "pending_since_timestamp": 1485518385.118468, 
        "translated": 68730
    }, 
    "sw": {
        "approved": 11632, 
        "pending_since_timestamp": 1485518385.118468, 
        "translated": 31887
    }, 
    "te": {
        "approved": 16, 
        "translated": 214
    }, 
    "th": {
        "approved": 316, 
        "pending_since_timestamp": 1485518385.118468, 
        "translated": 120206
    }, 
    "tr": {
        "approved": 242339, 
        "pending_since_timestamp": 1485531149.743492, 
        "translated": 330261
    }, 
    "uk": {
        "approved": 98, 
        "translated": 2479
    }, 
    "ur": {
        "approved": 92, 
        "translated": 1201
    }, 
    "xh": {
        "approved": 40, 
        "translated": 40
    }, 
    "zh-hans": {
        "approved": 128, 
        "translated": 5021
    }, 
    "zu": {
        "approved": 1, 
        "translated": 22
    }
}