{
    "ar": {
        "approved": 160, 
        "translated": 3665
    }, 
    "bg": {
        "approved": 197814, 
        "pending_since_timestamp": 1485456338.039203, 
        "translated": 205023
    }, 
    "bn": {
        "approved": 125446, 
        "translated": 138629
    }, 
    "cs": {
        "approved": 12210, 
        "translated": 28914
    }, 
    "da": {
        "approved": 73789, 
        "translated": 81513
    }, 
    "de": {
        "approved": 201327, 
        "translated": 201646
    }, 
    "el": {
        "approved": 1028, 
        "translated": 15535
    }, 
    "es": {
        "approved": 318239, 
        "pending_since_timestamp": 1485451750.119832, 
        "translated": 340460
    }, 
    "fa": {
        "approved": 1, 
        "translated": 103
    }, 
    "fa-af": {
        "approved": 31, 
        "translated": 104
    }, 
    "fr": {
        "approved": 214580, 
        "translated": 223269
    }, 
    "he": {
        "approved": 6472, 
        "translated": 7016
    }, 
    "hi": {
        "approved": 96802, 
        "translated": 115462
    }, 
    "hy": {
        "approved": 7379, 
        "translated": 12272
    }, 
    "id": {
        "approved": 532, 
        "translated": 6300
    }, 
    "it": {
        "approved": 61406, 
        "translated": 112316
    }, 
    "ja": {
        "approved": 99801, 
        "pending_since_timestamp": 1485436406.281294, 
        "translated": 115984
    }, 
    "ka": {
        "approved": 188744, 
        "pending_since_timestamp": 1485466072.206832, 
        "translated": 194037
    }, 
    "ko": {
        "approved": 151026, 
        "pending_since_timestamp": 1485330077.613994, 
        "translated": 160507
    }, 
    "lol": {
        "approved": 397, 
        "translated": 8651
    }, 
    "mn": {
        "approved": 73259, 
        "translated": 80768
    }, 
    "ms": {
        "approved": 29, 
        "translated": 685
    }, 
    "nb": {
        "approved": 95997, 
        "translated": 99181
    }, 
    "nl": {
        "approved": 99527, 
        "pending_since_timestamp": 1485464114.551418, 
        "translated": 125064
    }, 
    "pl": {
        "approved": 246008, 
        "pending_since_timestamp": 1485462460.600405, 
        "translated": 246302
    }, 
    "pt": {
        "approved": 250130, 
        "pending_since_timestamp": 1485466072.206832, 
        "translated": 287049
    }, 
    "pt-pt": {
        "approved": 66565, 
        "pending_since_timestamp": 1485457820.546572, 
        "translated": 92296
    }, 
    "ru": {
        "approved": 1635, 
        "translated": 18066
    }, 
    "sr": {
        "approved": 50790, 
        "translated": 68730
    }, 
    "sw": {
        "approved": 11632, 
        "translated": 31887
    }, 
    "te": {
        "approved": 16, 
        "translated": 214
    }, 
    "th": {
        "approved": 316, 
        "translated": 120206
    }, 
    "tr": {
        "approved": 242330, 
        "pending_since_timestamp": 1485464114.551418, 
        "translated": 328713
    }, 
    "uk": {
        "approved": 98, 
        "translated": 2480
    }, 
    "ur": {
        "approved": 92, 
        "translated": 1202
    }, 
    "xh": {
        "approved": 40, 
        "translated": 40
    }, 
    "zh-hans": {
        "approved": 128, 
        "translated": 5021
    }, 
    "zu": {
        "approved": 1, 
        "translated": 22
    }
}