{
    "ar": {
        "approved": 0, 
        "pending_since_timestamp": 1450169541.851862, 
        "translated": 4221
    }, 
    "bg": {
        "approved": 120657, 
        "pending_since_timestamp": 1450179404.648846, 
        "translated": 164728
    }, 
    "bn": {
        "approved": 39569, 
        "pending_since_timestamp": 1450181216.948614, 
        "translated": 73782
    }, 
    "cs": {
        "approved": 13520, 
        "pending_since_timestamp": 1450179404.648846, 
        "translated": 30039
    }, 
    "da": {
        "approved": 39917, 
        "pending_since_timestamp": 1450175168.459684, 
        "translated": 73013
    }, 
    "de": {
        "approved": 108675, 
        "pending_since_timestamp": 1450179404.648846, 
        "translated": 108920
    }, 
    "el": {
        "approved": 0, 
        "pending_since_timestamp": 1450179404.648846, 
        "translated": 6864
    }, 
    "es": {
        "approved": 201343, 
        "pending_since_timestamp": 1450184927.63986, 
        "translated": 301528
    }, 
    "fa": {
        "approved": 0, 
        "translated": 249
    }, 
    "fa-af": {
        "approved": 0, 
        "translated": 10
    }, 
    "fr": {
        "approved": 109215, 
        "pending_since_timestamp": 1450183064.695311, 
        "translated": 115306
    }, 
    "he": {
        "approved": 8582, 
        "translated": 9163
    }, 
    "hi": {
        "approved": 72182, 
        "pending_since_timestamp": 1450183936.335955, 
        "translated": 73433
    }, 
    "hy": {
        "approved": 0, 
        "translated": 132
    }, 
    "id": {
        "approved": 0, 
        "translated": 9179
    }, 
    "it": {
        "approved": 0, 
        "pending_since_timestamp": 1450179404.648846, 
        "translated": 57453
    }, 
    "ja": {
        "approved": 21745, 
        "pending_since_timestamp": 1450179404.648846, 
        "translated": 53964
    }, 
    "ko": {
        "approved": 77441, 
        "pending_since_timestamp": 1450166816.521879, 
        "translated": 88127
    }, 
    "lol": {
        "approved": 704, 
        "translated": 5615
    }, 
    "mn": {
        "approved": 25814, 
        "translated": 45331
    }, 
    "ms": {
        "approved": 0, 
        "translated": 804
    }, 
    "nb": {
        "approved": 88125, 
        "translated": 88867
    }, 
    "nl": {
        "approved": 45588, 
        "translated": 64880
    }, 
    "pl": {
        "approved": 118993, 
        "pending_since_timestamp": 1450176058.569913, 
        "translated": 128027
    }, 
    "pt": {
        "approved": 160790, 
        "translated": 298736
    }, 
    "pt-pt": {
        "approved": 13968, 
        "pending_since_timestamp": 1450179404.648846, 
        "translated": 79664
    }, 
    "ru": {
        "approved": 1228, 
        "pending_since_timestamp": 1450179404.648846, 
        "translated": 14228
    }, 
    "sr": {
        "approved": 35962, 
        "translated": 297503
    }, 
    "sw": {
        "approved": 13015, 
        "pending_since_timestamp": 1450175168.459684, 
        "translated": 32695
    }, 
    "te": {
        "approved": 0, 
        "translated": 202
    }, 
    "th": {
        "approved": 0, 
        "pending_since_timestamp": 1450165920.241943, 
        "translated": 129947
    }, 
    "tr": {
        "approved": 174103, 
        "pending_since_timestamp": 1450182167.369847, 
        "translated": 213017
    }, 
    "uk": {
        "approved": 0, 
        "translated": 1930
    }, 
    "ur": {
        "approved": 0, 
        "translated": 1624
    }, 
    "xh": {
        "approved": 0, 
        "translated": 1
    }, 
    "zh-hans": {
        "approved": 0, 
        "translated": 4321
    }, 
    "zu": {
        "approved": 0, 
        "translated": 29
    }
}