{
    "ar": {
        "approved": 0, 
        "pending_since_timestamp": 1471431517.250533, 
        "translated": 4437
    }, 
    "bg": {
        "approved": 196157, 
        "pending_since_timestamp": 1471591217.980618, 
        "translated": 223365
    }, 
    "bn": {
        "approved": 112926, 
        "translated": 130797
    }, 
    "cs": {
        "approved": 12229, 
        "pending_since_timestamp": 1471431517.250533, 
        "translated": 30342
    }, 
    "da": {
        "approved": 75427, 
        "translated": 83971
    }, 
    "de": {
        "approved": 166672, 
        "pending_since_timestamp": 1471569987.066264, 
        "translated": 168979
    }, 
    "el": {
        "approved": 371, 
        "pending_since_timestamp": 1471569987.066264, 
        "translated": 7617
    }, 
    "es": {
        "approved": 292191, 
        "translated": 405441
    }, 
    "fa": {
        "approved": 0, 
        "translated": 104
    }, 
    "fa-af": {
        "approved": 0, 
        "translated": 72
    }, 
    "fr": {
        "approved": 167994, 
        "pending_since_timestamp": 1471569987.066264, 
        "translated": 174802
    }, 
    "he": {
        "approved": 8394, 
        "translated": 8710
    }, 
    "hi": {
        "approved": 91605, 
        "pending_since_timestamp": 1471569987.066264, 
        "translated": 112112
    }, 
    "hy": {
        "approved": 0, 
        "pending_since_timestamp": 1471569987.066264, 
        "translated": 3012
    }, 
    "id": {
        "approved": 0, 
        "pending_since_timestamp": 1471431517.250533, 
        "translated": 7126
    }, 
    "it": {
        "approved": 15494, 
        "pending_since_timestamp": 1471569987.066264, 
        "translated": 108011
    }, 
    "ja": {
        "approved": 34121, 
        "pending_since_timestamp": 1471431517.250533, 
        "translated": 81236
    }, 
    "ka": {
        "approved": 148214, 
        "pending_since_timestamp": 1471597467.110958, 
        "translated": 150639
    }, 
    "ko": {
        "approved": 129571, 
        "pending_since_timestamp": 1471597467.110958, 
        "translated": 151373
    }, 
    "lol": {
        "approved": 599, 
        "translated": 8814
    }, 
    "mn": {
        "approved": 74878, 
        "translated": 82492
    }, 
    "ms": {
        "approved": 0, 
        "pending_since_timestamp": 1471431517.250533, 
        "translated": 726
    }, 
    "nb": {
        "approved": 97734, 
        "translated": 100894
    }, 
    "nl": {
        "approved": 81865, 
        "translated": 117602
    }, 
    "pl": {
        "approved": 209090, 
        "pending_since_timestamp": 1471597467.110958, 
        "translated": 209376
    }, 
    "pt": {
        "approved": 204345, 
        "pending_since_timestamp": 1471575454.284542, 
        "translated": 402151
    }, 
    "pt-pt": {
        "approved": 37447, 
        "pending_since_timestamp": 1471424750.463894, 
        "translated": 72725
    }, 
    "ru": {
        "approved": 1190, 
        "pending_since_timestamp": 1471431517.250533, 
        "translated": 19384
    }, 
    "sr": {
        "approved": 50976, 
        "translated": 401099
    }, 
    "sw": {
        "approved": 11694, 
        "pending_since_timestamp": 1471431517.250533, 
        "translated": 33299
    }, 
    "te": {
        "approved": 0, 
        "translated": 212
    }, 
    "th": {
        "approved": 0, 
        "pending_since_timestamp": 1471431517.250533, 
        "translated": 119699
    }, 
    "tr": {
        "approved": 204113, 
        "pending_since_timestamp": 1471577549.682974, 
        "translated": 298081
    }, 
    "uk": {
        "approved": 0, 
        "pending_since_timestamp": 1471569987.066264, 
        "translated": 2512
    }, 
    "ur": {
        "approved": 0, 
        "pending_since_timestamp": 1471569987.066264, 
        "translated": 1418
    }, 
    "xh": {
        "approved": 0, 
        "translated": 1
    }, 
    "zh-hans": {
        "approved": 0, 
        "pending_since_timestamp": 1471431517.250533, 
        "translated": 5097
    }, 
    "zu": {
        "approved": 0, 
        "pending_since_timestamp": 1470762331.56727, 
        "translated": 22
    }
}