{
    "ar": {
        "approved": 0, 
        "translated": 4459
    }, 
    "bg": {
        "approved": 197682, 
        "translated": 223316
    }, 
    "bn": {
        "approved": 110534, 
        "pending_since_timestamp": 1470616061.959058, 
        "translated": 130571
    }, 
    "cs": {
        "approved": 12229, 
        "translated": 30498
    }, 
    "da": {
        "approved": 75570, 
        "translated": 84018
    }, 
    "de": {
        "approved": 163190, 
        "pending_since_timestamp": 1470605470.161986, 
        "translated": 164560
    }, 
    "el": {
        "approved": 371, 
        "translated": 7734
    }, 
    "es": {
        "approved": 290655, 
        "pending_since_timestamp": 1470618532.579295, 
        "translated": 392440
    }, 
    "fa": {
        "approved": 0, 
        "translated": 104
    }, 
    "fa-af": {
        "approved": 0, 
        "translated": 72
    }, 
    "fr": {
        "approved": 167472, 
        "pending_since_timestamp": 1470616061.959058, 
        "translated": 174203
    }, 
    "he": {
        "approved": 8430, 
        "translated": 8668
    }, 
    "hi": {
        "approved": 91729, 
        "translated": 112020
    }, 
    "hy": {
        "approved": 0, 
        "translated": 3015
    }, 
    "id": {
        "approved": 0, 
        "translated": 7214
    }, 
    "it": {
        "approved": 15549, 
        "translated": 107949
    }, 
    "ja": {
        "approved": 34166, 
        "translated": 80835
    }, 
    "ka": {
        "approved": 147905, 
        "translated": 149194
    }, 
    "ko": {
        "approved": 126267, 
        "pending_since_timestamp": 1470616061.959058, 
        "translated": 151441
    }, 
    "lol": {
        "approved": 599, 
        "translated": 8825
    }, 
    "mn": {
        "approved": 75408, 
        "pending_since_timestamp": 1470621940.058238, 
        "translated": 83025
    }, 
    "ms": {
        "approved": 0, 
        "translated": 728
    }, 
    "nb": {
        "approved": 98142, 
        "pending_since_timestamp": 1470616061.959058, 
        "translated": 101307
    }, 
    "nl": {
        "approved": 80765, 
        "pending_since_timestamp": 1470616061.959058, 
        "translated": 117719
    }, 
    "pl": {
        "approved": 204841, 
        "pending_since_timestamp": 1470616061.959058, 
        "translated": 205105
    }, 
    "pt": {
        "approved": 204974, 
        "pending_since_timestamp": 1470620294.582604, 
        "translated": 388416
    }, 
    "pt-pt": {
        "approved": 36453, 
        "pending_since_timestamp": 1470589614.125503, 
        "translated": 71732
    }, 
    "ru": {
        "approved": 1191, 
        "translated": 19519
    }, 
    "sr": {
        "approved": 48660, 
        "pending_since_timestamp": 1470616061.959058, 
        "translated": 386374
    }, 
    "sw": {
        "approved": 11695, 
        "translated": 33411
    }, 
    "te": {
        "approved": 0, 
        "translated": 212
    }, 
    "th": {
        "approved": 0, 
        "translated": 119860
    }, 
    "tr": {
        "approved": 206243, 
        "translated": 291028
    }, 
    "uk": {
        "approved": 0, 
        "translated": 2524
    }, 
    "ur": {
        "approved": 0, 
        "translated": 1424
    }, 
    "xh": {
        "approved": 0, 
        "translated": 1
    }, 
    "zh-hans": {
        "approved": 0, 
        "translated": 5138
    }, 
    "zu": {
        "approved": 0, 
        "translated": 22
    }
}