{
    "ar": {
        "approved": 1047, 
        "translated": 4723
    }, 
    "bg": {
        "approved": 216865, 
        "translated": 236584
    }, 
    "bn": {
        "approved": 119971, 
        "translated": 136629
    }, 
    "cs": {
        "approved": 13083, 
        "translated": 30212
    }, 
    "da": {
        "approved": 79973, 
        "pending_since_timestamp": 1477616878.442183, 
        "translated": 87590
    }, 
    "de": {
        "approved": 188798, 
        "translated": 188880
    }, 
    "el": {
        "approved": 2074, 
        "translated": 9864
    }, 
    "es": {
        "approved": 333487, 
        "pending_since_timestamp": 1477580264.160782, 
        "translated": 432766
    }, 
    "fa": {
        "approved": 2, 
        "translated": 106
    }, 
    "fa-af": {
        "approved": 0, 
        "translated": 72
    }, 
    "fr": {
        "approved": 194124, 
        "pending_since_timestamp": 1477616878.442183, 
        "translated": 204830
    }, 
    "he": {
        "approved": 9060, 
        "translated": 9594
    }, 
    "hi": {
        "approved": 93494, 
        "translated": 116389
    }, 
    "hy": {
        "approved": 27, 
        "translated": 3017
    }, 
    "id": {
        "approved": 1518, 
        "translated": 7638
    }, 
    "it": {
        "approved": 46661, 
        "translated": 113366
    }, 
    "ja": {
        "approved": 42061, 
        "pending_since_timestamp": 1477596206.570493, 
        "translated": 85441
    }, 
    "ka": {
        "approved": 183777, 
        "pending_since_timestamp": 1477593986.090332, 
        "translated": 188364
    }, 
    "ko": {
        "approved": 141895, 
        "pending_since_timestamp": 1477618840.247202, 
        "translated": 160206
    }, 
    "lol": {
        "approved": 596, 
        "translated": 8802
    }, 
    "mn": {
        "approved": 75114, 
        "translated": 82691
    }, 
    "ms": {
        "approved": 357, 
        "translated": 1018
    }, 
    "nb": {
        "approved": 98075, 
        "translated": 101163
    }, 
    "nl": {
        "approved": 96923, 
        "translated": 123059
    }, 
    "pl": {
        "approved": 235834, 
        "translated": 236374
    }, 
    "pt": {
        "approved": 238377, 
        "pending_since_timestamp": 1477616878.442183, 
        "translated": 429087
    }, 
    "pt-pt": {
        "approved": 52596, 
        "translated": 82486
    }, 
    "ru": {
        "approved": 3212, 
        "translated": 20008
    }, 
    "sr": {
        "approved": 53347, 
        "translated": 70695
    }, 
    "sw": {
        "approved": 12790, 
        "translated": 33752
    }, 
    "te": {
        "approved": 17, 
        "translated": 217
    }, 
    "th": {
        "approved": 1189, 
        "translated": 119597
    }, 
    "tr": {
        "approved": 223368, 
        "translated": 324696
    }, 
    "uk": {
        "approved": 209, 
        "translated": 2590
    }, 
    "ur": {
        "approved": 369, 
        "translated": 1498
    }, 
    "xh": {
        "approved": 0, 
        "translated": 1
    }, 
    "zh-hans": {
        "approved": 594, 
        "translated": 5466
    }, 
    "zu": {
        "approved": 1, 
        "translated": 22
    }
}