{
    "ar": {
        "approved": 160, 
        "translated": 3667
    }, 
    "bg": {
        "approved": 182614, 
        "translated": 203008
    }, 
    "bn": {
        "approved": 121712, 
        "translated": 135555
    }, 
    "cs": {
        "approved": 12230, 
        "translated": 28921
    }, 
    "da": {
        "approved": 73885, 
        "translated": 81617
    }, 
    "de": {
        "approved": 197227, 
        "translated": 198084
    }, 
    "el": {
        "approved": 882, 
        "pending_since_timestamp": 1482219470.441699, 
        "translated": 9754
    }, 
    "es": {
        "approved": 305169, 
        "pending_since_timestamp": 1482242930.703696, 
        "translated": 324690
    }, 
    "fa": {
        "approved": 1, 
        "translated": 103
    }, 
    "fa-af": {
        "approved": 31, 
        "translated": 104
    }, 
    "fr": {
        "approved": 203085, 
        "translated": 217346
    }, 
    "he": {
        "approved": 6510, 
        "translated": 7054
    }, 
    "hi": {
        "approved": 96450, 
        "pending_since_timestamp": 1482259750.344514, 
        "translated": 115522
    }, 
    "hy": {
        "approved": 5189, 
        "pending_since_timestamp": 1482248672.165195, 
        "translated": 10294
    }, 
    "id": {
        "approved": 532, 
        "translated": 6319
    }, 
    "it": {
        "approved": 61357, 
        "pending_since_timestamp": 1482248672.165195, 
        "translated": 110140
    }, 
    "ja": {
        "approved": 96717, 
        "pending_since_timestamp": 1482236048.585967, 
        "translated": 114813
    }, 
    "ka": {
        "approved": 186728, 
        "translated": 191939
    }, 
    "ko": {
        "approved": 142228, 
        "translated": 156246
    }, 
    "lol": {
        "approved": 397, 
        "translated": 8672
    }, 
    "mn": {
        "approved": 73620, 
        "translated": 81198
    }, 
    "ms": {
        "approved": 29, 
        "translated": 689
    }, 
    "nb": {
        "approved": 96236, 
        "translated": 99302
    }, 
    "nl": {
        "approved": 96799, 
        "translated": 120476
    }, 
    "pl": {
        "approved": 235214, 
        "translated": 235715
    }, 
    "pt": {
        "approved": 244931, 
        "translated": 281928
    }, 
    "pt-pt": {
        "approved": 60582, 
        "pending_since_timestamp": 1482242930.703696, 
        "translated": 87988
    }, 
    "ru": {
        "approved": 1638, 
        "translated": 18145
    }, 
    "sr": {
        "approved": 50979, 
        "translated": 68763
    }, 
    "sw": {
        "approved": 11652, 
        "translated": 31798
    }, 
    "te": {
        "approved": 16, 
        "translated": 214
    }, 
    "th": {
        "approved": 316, 
        "translated": 117760
    }, 
    "tr": {
        "approved": 239129, 
        "translated": 321052
    }, 
    "uk": {
        "approved": 98, 
        "translated": 2481
    }, 
    "ur": {
        "approved": 92, 
        "translated": 1204
    }, 
    "xh": {
        "approved": 40, 
        "translated": 40
    }, 
    "zh-hans": {
        "approved": 128, 
        "translated": 5042
    }, 
    "zu": {
        "approved": 1, 
        "translated": 22
    }
}