{
    "ar": {
        "approved": 0, 
        "pending_since_timestamp": 1463625431.131303, 
        "translated": 4313
    }, 
    "bg": {
        "approved": 180675, 
        "pending_since_timestamp": 1463596942.033442, 
        "translated": 191226
    }, 
    "bn": {
        "approved": 81553, 
        "pending_since_timestamp": 1463608838.601645, 
        "translated": 121255
    }, 
    "cs": {
        "approved": 12326, 
        "pending_since_timestamp": 1463625431.131303, 
        "translated": 30863
    }, 
    "da": {
        "approved": 73644, 
        "pending_since_timestamp": 1463625431.131303, 
        "translated": 84396
    }, 
    "de": {
        "approved": 148509, 
        "pending_since_timestamp": 1463625431.131303, 
        "translated": 148665
    }, 
    "el": {
        "approved": 281, 
        "pending_since_timestamp": 1463625431.131303, 
        "translated": 7282
    }, 
    "es": {
        "approved": 264199, 
        "pending_since_timestamp": 1463625431.131303, 
        "translated": 372372
    }, 
    "fa": {
        "approved": 0, 
        "translated": 107
    }, 
    "fa-af": {
        "approved": 0, 
        "translated": 72
    }, 
    "fr": {
        "approved": 156867, 
        "pending_since_timestamp": 1463625431.131303, 
        "translated": 163909
    }, 
    "he": {
        "approved": 8641, 
        "pending_since_timestamp": 1463625431.131303, 
        "translated": 8654
    }, 
    "hi": {
        "approved": 66452, 
        "translated": 93278
    }, 
    "hy": {
        "approved": 0, 
        "pending_since_timestamp": 1463625431.131303, 
        "translated": 3044
    }, 
    "id": {
        "approved": 0, 
        "pending_since_timestamp": 1463625431.131303, 
        "translated": 7320
    }, 
    "it": {
        "approved": 0, 
        "pending_since_timestamp": 1463568401.369091, 
        "translated": 93866
    }, 
    "ja": {
        "approved": 28225, 
        "pending_since_timestamp": 1463625431.131303, 
        "translated": 58395
    }, 
    "ka": {
        "approved": 121752, 
        "pending_since_timestamp": 1463602403.423665, 
        "translated": 125498
    }, 
    "ko": {
        "approved": 120315, 
        "pending_since_timestamp": 1463625431.131303, 
        "translated": 140241
    }, 
    "lol": {
        "approved": 585, 
        "translated": 7531
    }, 
    "mn": {
        "approved": 74117, 
        "pending_since_timestamp": 1463625431.131303, 
        "translated": 82227
    }, 
    "ms": {
        "approved": 0, 
        "pending_since_timestamp": 1463625431.131303, 
        "translated": 734
    }, 
    "nb": {
        "approved": 98477, 
        "pending_since_timestamp": 1463625431.131303, 
        "translated": 101209
    }, 
    "nl": {
        "approved": 74361, 
        "pending_since_timestamp": 1463611697.152493, 
        "translated": 109403
    }, 
    "pl": {
        "approved": 192208, 
        "pending_since_timestamp": 1463606172.334572, 
        "translated": 193051
    }, 
    "pt": {
        "approved": 192979, 
        "pending_since_timestamp": 1463608838.601645, 
        "translated": 369718
    }, 
    "pt-pt": {
        "approved": 18967, 
        "pending_since_timestamp": 1463625431.131303, 
        "translated": 114904
    }, 
    "ru": {
        "approved": 1171, 
        "pending_since_timestamp": 1463625431.131303, 
        "translated": 19906
    }, 
    "sr": {
        "approved": 44941, 
        "pending_since_timestamp": 1463611697.152493, 
        "translated": 368338
    }, 
    "sw": {
        "approved": 11789, 
        "pending_since_timestamp": 1463625431.131303, 
        "translated": 33786
    }, 
    "te": {
        "approved": 0, 
        "pending_since_timestamp": 1463625431.131303, 
        "translated": 215
    }, 
    "th": {
        "approved": 0, 
        "pending_since_timestamp": 1463625431.131303, 
        "translated": 121754
    }, 
    "tr": {
        "approved": 183982, 
        "pending_since_timestamp": 1463625431.131303, 
        "translated": 275746
    }, 
    "uk": {
        "approved": 0, 
        "pending_since_timestamp": 1463625431.131303, 
        "translated": 2525
    }, 
    "ur": {
        "approved": 0, 
        "pending_since_timestamp": 1463625431.131303, 
        "translated": 1468
    }, 
    "xh": {
        "approved": 0, 
        "translated": 1
    }, 
    "zh-hans": {
        "approved": 0, 
        "pending_since_timestamp": 1463625431.131303, 
        "translated": 5200
    }, 
    "zu": {
        "approved": 0, 
        "translated": 23
    }
}