{
    "ar": {
        "approved": 0, 
        "pending_since_timestamp": 1452836774.482562, 
        "translated": 4413
    }, 
    "bg": {
        "approved": 112198, 
        "translated": 168662
    }, 
    "bn": {
        "approved": 45884, 
        "pending_since_timestamp": 1452905859.189072, 
        "translated": 83231
    }, 
    "cs": {
        "approved": 13069, 
        "pending_since_timestamp": 1452905859.189072, 
        "translated": 29863
    }, 
    "da": {
        "approved": 38748, 
        "pending_since_timestamp": 1452905859.189072, 
        "translated": 69640
    }, 
    "de": {
        "approved": 114126, 
        "pending_since_timestamp": 1452914285.31283, 
        "translated": 114316
    }, 
    "el": {
        "approved": 0, 
        "translated": 6862
    }, 
    "es": {
        "approved": 200141, 
        "pending_since_timestamp": 1452905859.189072, 
        "translated": 315998
    }, 
    "fa": {
        "approved": 0, 
        "translated": 249
    }, 
    "fa-af": {
        "approved": 0, 
        "translated": 74
    }, 
    "fr": {
        "approved": 108463, 
        "pending_since_timestamp": 1452905859.189072, 
        "translated": 115604
    }, 
    "he": {
        "approved": 8545, 
        "translated": 9347
    }, 
    "hi": {
        "approved": 66165, 
        "translated": 73899
    }, 
    "hy": {
        "approved": 0, 
        "translated": 132
    }, 
    "id": {
        "approved": 0, 
        "translated": 8779
    }, 
    "it": {
        "approved": 0, 
        "pending_since_timestamp": 1452905859.189072, 
        "translated": 68886
    }, 
    "ja": {
        "approved": 23254, 
        "pending_since_timestamp": 1452905859.189072, 
        "translated": 53362
    }, 
    "ko": {
        "approved": 73008, 
        "pending_since_timestamp": 1452852179.655753, 
        "translated": 87510
    }, 
    "lol": {
        "approved": 618, 
        "translated": 8075
    }, 
    "mn": {
        "approved": 36137, 
        "pending_since_timestamp": 1452905859.189072, 
        "translated": 52567
    }, 
    "ms": {
        "approved": 0, 
        "translated": 804
    }, 
    "nb": {
        "approved": 83256, 
        "translated": 83976
    }, 
    "nl": {
        "approved": 47970, 
        "translated": 79152
    }, 
    "pl": {
        "approved": 123134, 
        "translated": 132111
    }, 
    "pt": {
        "approved": 154108, 
        "pending_since_timestamp": 1452911140.255859, 
        "translated": 313184
    }, 
    "pt-pt": {
        "approved": 13664, 
        "pending_since_timestamp": 1452905859.189072, 
        "translated": 76485
    }, 
    "ru": {
        "approved": 1231, 
        "pending_since_timestamp": 1452854074.703278, 
        "translated": 15713
    }, 
    "sr": {
        "approved": 34241, 
        "pending_since_timestamp": 1452911140.255859, 
        "translated": 311949
    }, 
    "sw": {
        "approved": 12444, 
        "pending_since_timestamp": 1452905859.189072, 
        "translated": 33967
    }, 
    "te": {
        "approved": 0, 
        "translated": 226
    }, 
    "th": {
        "approved": 0, 
        "translated": 127690
    }, 
    "tr": {
        "approved": 170692, 
        "pending_since_timestamp": 1452911140.255859, 
        "translated": 224819
    }, 
    "uk": {
        "approved": 0, 
        "pending_since_timestamp": 1452905859.189072, 
        "translated": 2701
    }, 
    "ur": {
        "approved": 0, 
        "translated": 1622
    }, 
    "xh": {
        "approved": 0, 
        "translated": 1
    }, 
    "zh-hans": {
        "approved": 0, 
        "pending_since_timestamp": 1452836774.482562, 
        "translated": 4289
    }, 
    "zu": {
        "approved": 0, 
        "translated": 29
    }
}