{
    "ar": {
        "approved": 381, 
        "translated": 4329
    }, 
    "bg": {
        "approved": 196586, 
        "pending_since_timestamp": 1492783932.287173, 
        "translated": 228988
    }, 
    "bn": {
        "approved": 133418, 
        "translated": 143955
    }, 
    "cs": {
        "approved": 11819, 
        "pending_since_timestamp": 1492772443.520633, 
        "translated": 29220
    }, 
    "da": {
        "approved": 72877, 
        "translated": 85220
    }, 
    "de": {
        "approved": 212379, 
        "pending_since_timestamp": 1492801759.90708, 
        "translated": 213087
    }, 
    "el": {
        "approved": 1610, 
        "pending_since_timestamp": 1492797671.70884, 
        "translated": 17438
    }, 
    "es": {
        "approved": 344132, 
        "pending_since_timestamp": 1492801759.90708, 
        "translated": 360622
    }, 
    "fa": {
        "approved": 1, 
        "translated": 99
    }, 
    "fa-af": {
        "approved": 31, 
        "translated": 104
    }, 
    "fr": {
        "approved": 230995, 
        "translated": 239449
    }, 
    "he": {
        "approved": 6338, 
        "translated": 7310
    }, 
    "hi": {
        "approved": 99479, 
        "translated": 115116
    }, 
    "hy": {
        "approved": 7403, 
        "translated": 12283
    }, 
    "id": {
        "approved": 531, 
        "translated": 6474
    }, 
    "it": {
        "approved": 91184, 
        "pending_since_timestamp": 1492766057.346313, 
        "translated": 122078
    }, 
    "ja": {
        "approved": 99842, 
        "pending_since_timestamp": 1492772443.520633, 
        "translated": 120004
    }, 
    "ka": {
        "approved": 193163, 
        "pending_since_timestamp": 1492810727.857755, 
        "translated": 202336
    }, 
    "ko": {
        "approved": 152236, 
        "translated": 169382
    }, 
    "lol": {
        "approved": 385, 
        "translated": 8627
    }, 
    "mn": {
        "approved": 81431, 
        "translated": 101269
    }, 
    "ms": {
        "approved": 29, 
        "translated": 640
    }, 
    "nb": {
        "approved": 93628, 
        "translated": 98653
    }, 
    "nl": {
        "approved": 105439, 
        "translated": 128471
    }, 
    "pl": {
        "approved": 266085, 
        "pending_since_timestamp": 1492810727.857755, 
        "translated": 266276
    }, 
    "pt": {
        "approved": 273330, 
        "pending_since_timestamp": 1492803313.806818, 
        "translated": 310282
    }, 
    "pt-pt": {
        "approved": 83197, 
        "pending_since_timestamp": 1492788512.974251, 
        "translated": 114383
    }, 
    "ru": {
        "approved": 1537, 
        "translated": 18478
    }, 
    "sr": {
        "approved": 50577, 
        "translated": 68302
    }, 
    "sw": {
        "approved": 38809, 
        "pending_since_timestamp": 1492754030.690768, 
        "translated": 56323
    }, 
    "te": {
        "approved": 15, 
        "translated": 205
    }, 
    "th": {
        "approved": 301, 
        "translated": 121389
    }, 
    "tr": {
        "approved": 266948, 
        "pending_since_timestamp": 1492807991.445754, 
        "translated": 362217
    }, 
    "uk": {
        "approved": 98, 
        "translated": 2532
    }, 
    "ur": {
        "approved": 92, 
        "translated": 1158
    }, 
    "xh": {
        "approved": 40, 
        "translated": 40
    }, 
    "zh-hans": {
        "approved": 1886, 
        "translated": 15008
    }, 
    "zu": {
        "approved": 1, 
        "translated": 20
    }
}