{
    "ar": {
        "approved": 0, 
        "pending_since_timestamp": 1468972948.805066, 
        "translated": 4661
    }, 
    "bg": {
        "approved": 206081, 
        "translated": 227970
    }, 
    "bn": {
        "approved": 104030, 
        "pending_since_timestamp": 1468997374.575789, 
        "translated": 129518
    }, 
    "cs": {
        "approved": 12231, 
        "translated": 30645
    }, 
    "da": {
        "approved": 76739, 
        "translated": 85547
    }, 
    "de": {
        "approved": 155038, 
        "pending_since_timestamp": 1468981196.798949, 
        "translated": 155388
    }, 
    "el": {
        "approved": 326, 
        "pending_since_timestamp": 1468972948.805066, 
        "translated": 7736
    }, 
    "es": {
        "approved": 293167, 
        "pending_since_timestamp": 1468984425.89809, 
        "translated": 391310
    }, 
    "fa": {
        "approved": 0, 
        "translated": 106
    }, 
    "fa-af": {
        "approved": 0, 
        "translated": 72
    }, 
    "fr": {
        "approved": 167918, 
        "pending_since_timestamp": 1469000305.476974, 
        "translated": 175250
    }, 
    "he": {
        "approved": 8492, 
        "translated": 8731
    }, 
    "hi": {
        "approved": 68281, 
        "pending_since_timestamp": 1468994941.943713, 
        "translated": 111749
    }, 
    "hy": {
        "approved": 0, 
        "pending_since_timestamp": 1468972948.805066, 
        "translated": 3017
    }, 
    "id": {
        "approved": 0, 
        "pending_since_timestamp": 1468972948.805066, 
        "translated": 7627
    }, 
    "it": {
        "approved": 7723, 
        "translated": 105603
    }, 
    "ja": {
        "approved": 34145, 
        "translated": 81248
    }, 
    "ka": {
        "approved": 141642, 
        "translated": 142536
    }, 
    "ko": {
        "approved": 126966, 
        "pending_since_timestamp": 1468996138.183291, 
        "translated": 153044
    }, 
    "lol": {
        "approved": 603, 
        "translated": 8847
    }, 
    "mn": {
        "approved": 75552, 
        "translated": 83220
    }, 
    "ms": {
        "approved": 0, 
        "pending_since_timestamp": 1468972948.805066, 
        "translated": 733
    }, 
    "nb": {
        "approved": 98560, 
        "translated": 101772
    }, 
    "nl": {
        "approved": 80616, 
        "translated": 118237
    }, 
    "pl": {
        "approved": 205713, 
        "translated": 206042
    }, 
    "pt": {
        "approved": 206308, 
        "pending_since_timestamp": 1468991101.72699, 
        "translated": 378961
    }, 
    "pt-pt": {
        "approved": 28095, 
        "translated": 90713
    }, 
    "ru": {
        "approved": 1196, 
        "pending_since_timestamp": 1468972948.805066, 
        "translated": 19695
    }, 
    "sr": {
        "approved": 45766, 
        "translated": 376148
    }, 
    "sw": {
        "approved": 11695, 
        "pending_since_timestamp": 1468972948.805066, 
        "translated": 33703
    }, 
    "te": {
        "approved": 0, 
        "translated": 210
    }, 
    "th": {
        "approved": 0, 
        "pending_since_timestamp": 1468972948.805066, 
        "translated": 120458
    }, 
    "tr": {
        "approved": 214959, 
        "pending_since_timestamp": 1468992122.736899, 
        "translated": 289696
    }, 
    "uk": {
        "approved": 0, 
        "pending_since_timestamp": 1468972948.805066, 
        "translated": 2539
    }, 
    "ur": {
        "approved": 0, 
        "pending_since_timestamp": 1468972948.805066, 
        "translated": 1632
    }, 
    "xh": {
        "approved": 0, 
        "translated": 1
    }, 
    "zh-hans": {
        "approved": 0, 
        "pending_since_timestamp": 1468972948.805066, 
        "translated": 5202
    }, 
    "zu": {
        "approved": 0, 
        "translated": 22
    }
}