{
    "ar": {
        "approved": 0, 
        "translated": 4662
    }, 
    "bg": {
        "approved": 206081, 
        "translated": 228151
    }, 
    "bn": {
        "approved": 104721, 
        "pending_since_timestamp": 1469039444.896011, 
        "translated": 129539
    }, 
    "cs": {
        "approved": 12231, 
        "translated": 30645
    }, 
    "da": {
        "approved": 76739, 
        "translated": 85547
    }, 
    "de": {
        "approved": 155289, 
        "pending_since_timestamp": 1469022885.32742, 
        "translated": 155484
    }, 
    "el": {
        "approved": 327, 
        "translated": 7737
    }, 
    "es": {
        "approved": 293167, 
        "pending_since_timestamp": 1468984425.89809, 
        "translated": 391310
    }, 
    "fa": {
        "approved": 0, 
        "translated": 106
    }, 
    "fa-af": {
        "approved": 0, 
        "translated": 72
    }, 
    "fr": {
        "approved": 167990, 
        "translated": 175368
    }, 
    "he": {
        "approved": 8492, 
        "translated": 8731
    }, 
    "hi": {
        "approved": 68281, 
        "pending_since_timestamp": 1469037515.017205, 
        "translated": 111802
    }, 
    "hy": {
        "approved": 0, 
        "pending_since_timestamp": 1468972948.805066, 
        "translated": 3017
    }, 
    "id": {
        "approved": 0, 
        "translated": 7628
    }, 
    "it": {
        "approved": 7723, 
        "pending_since_timestamp": 1469031555.05641, 
        "translated": 105603
    }, 
    "ja": {
        "approved": 34145, 
        "translated": 81248
    }, 
    "ka": {
        "approved": 141642, 
        "pending_since_timestamp": 1469010062.706719, 
        "translated": 142536
    }, 
    "ko": {
        "approved": 127090, 
        "translated": 153047
    }, 
    "lol": {
        "approved": 603, 
        "translated": 8847
    }, 
    "mn": {
        "approved": 75552, 
        "pending_since_timestamp": 1469031555.05641, 
        "translated": 83220
    }, 
    "ms": {
        "approved": 0, 
        "translated": 734
    }, 
    "nb": {
        "approved": 98560, 
        "translated": 101772
    }, 
    "nl": {
        "approved": 80616, 
        "pending_since_timestamp": 1469031555.05641, 
        "translated": 118237
    }, 
    "pl": {
        "approved": 205724, 
        "pending_since_timestamp": 1469026519.325653, 
        "translated": 206053
    }, 
    "pt": {
        "approved": 206394, 
        "pending_since_timestamp": 1469034845.43747, 
        "translated": 378986
    }, 
    "pt-pt": {
        "approved": 28095, 
        "pending_since_timestamp": 1469010062.706719, 
        "translated": 90713
    }, 
    "ru": {
        "approved": 1197, 
        "translated": 19697
    }, 
    "sr": {
        "approved": 45766, 
        "translated": 376148
    }, 
    "sw": {
        "approved": 11695, 
        "translated": 33705
    }, 
    "te": {
        "approved": 0, 
        "translated": 210
    }, 
    "th": {
        "approved": 0, 
        "translated": 120460
    }, 
    "tr": {
        "approved": 214959, 
        "pending_since_timestamp": 1469026519.325653, 
        "translated": 289726
    }, 
    "uk": {
        "approved": 0, 
        "pending_since_timestamp": 1468972948.805066, 
        "translated": 2539
    }, 
    "ur": {
        "approved": 0, 
        "pending_since_timestamp": 1468972948.805066, 
        "translated": 1632
    }, 
    "xh": {
        "approved": 0, 
        "translated": 1
    }, 
    "zh-hans": {
        "approved": 0, 
        "translated": 5206
    }, 
    "zu": {
        "approved": 0, 
        "translated": 22
    }
}