{
    "ar": {
        "approved": 380, 
        "translated": 4287
    }, 
    "bg": {
        "approved": 196601, 
        "pending_since_timestamp": 1491312209.354656, 
        "translated": 226740
    }, 
    "bn": {
        "approved": 128835, 
        "translated": 141142
    }, 
    "cs": {
        "approved": 11912, 
        "translated": 29090
    }, 
    "da": {
        "approved": 73026, 
        "translated": 83334
    }, 
    "de": {
        "approved": 203913, 
        "translated": 206557
    }, 
    "el": {
        "approved": 1458, 
        "translated": 16998
    }, 
    "es": {
        "approved": 340117, 
        "pending_since_timestamp": 1491317755.074441, 
        "translated": 355930
    }, 
    "fa": {
        "approved": 1, 
        "translated": 99
    }, 
    "fa-af": {
        "approved": 31, 
        "translated": 104
    }, 
    "fr": {
        "approved": 227438, 
        "pending_since_timestamp": 1491321055.994276, 
        "translated": 236090
    }, 
    "he": {
        "approved": 6342, 
        "translated": 6986
    }, 
    "hi": {
        "approved": 99845, 
        "translated": 115369
    }, 
    "hy": {
        "approved": 7403, 
        "translated": 12288
    }, 
    "id": {
        "approved": 531, 
        "translated": 6414
    }, 
    "it": {
        "approved": 89043, 
        "pending_since_timestamp": 1491295956.997549, 
        "translated": 118153
    }, 
    "ja": {
        "approved": 100006, 
        "translated": 117626
    }, 
    "ka": {
        "approved": 193124, 
        "translated": 199888
    }, 
    "ko": {
        "approved": 152112, 
        "translated": 162783
    }, 
    "lol": {
        "approved": 392, 
        "translated": 8630
    }, 
    "mn": {
        "approved": 79764, 
        "translated": 97486
    }, 
    "ms": {
        "approved": 29, 
        "translated": 640
    }, 
    "nb": {
        "approved": 93663, 
        "translated": 98690
    }, 
    "nl": {
        "approved": 104465, 
        "translated": 127836
    }, 
    "pl": {
        "approved": 260247, 
        "pending_since_timestamp": 1491317755.074441, 
        "translated": 260332
    }, 
    "pt": {
        "approved": 268179, 
        "pending_since_timestamp": 1491329638.855992, 
        "translated": 305732
    }, 
    "pt-pt": {
        "approved": 80278, 
        "pending_since_timestamp": 1491302779.344954, 
        "translated": 111198
    }, 
    "ru": {
        "approved": 1537, 
        "translated": 18456
    }, 
    "sr": {
        "approved": 50745, 
        "translated": 68520
    }, 
    "sw": {
        "approved": 32746, 
        "pending_since_timestamp": 1491287228.793222, 
        "translated": 50811
    }, 
    "te": {
        "approved": 15, 
        "translated": 205
    }, 
    "th": {
        "approved": 301, 
        "translated": 121619
    }, 
    "tr": {
        "approved": 253976, 
        "pending_since_timestamp": 1491321055.994276, 
        "translated": 341010
    }, 
    "uk": {
        "approved": 98, 
        "translated": 2515
    }, 
    "ur": {
        "approved": 92, 
        "translated": 1160
    }, 
    "xh": {
        "approved": 40, 
        "translated": 40
    }, 
    "zh-hans": {
        "approved": 336, 
        "translated": 9473
    }, 
    "zu": {
        "approved": 1, 
        "translated": 20
    }
}