{
    "ar": {
        "approved": 0, 
        "translated": 3944
    }, 
    "bg": {
        "approved": 120758, 
        "pending_since_timestamp": 1448711266.79664, 
        "translated": 157693
    }, 
    "bn": {
        "approved": 34094, 
        "pending_since_timestamp": 1448701785.77255, 
        "translated": 66901
    }, 
    "cs": {
        "approved": 13548, 
        "pending_since_timestamp": 1448696207.060158, 
        "translated": 25707
    }, 
    "da": {
        "approved": 23815, 
        "pending_since_timestamp": 1448721724.683927, 
        "translated": 66381
    }, 
    "de": {
        "approved": 106298, 
        "pending_since_timestamp": 1448718059.982138, 
        "translated": 106330
    }, 
    "el": {
        "approved": 0, 
        "translated": 6790
    }, 
    "es": {
        "approved": 197069, 
        "pending_since_timestamp": 1448720803.625636, 
        "translated": 297483
    }, 
    "fa": {
        "approved": 0, 
        "translated": 225
    }, 
    "fa-af": {
        "approved": 0, 
        "translated": 8
    }, 
    "fr": {
        "approved": 106439, 
        "pending_since_timestamp": 1448717079.997803, 
        "translated": 112554
    }, 
    "he": {
        "approved": 8603, 
        "pending_since_timestamp": 1448711266.79664, 
        "translated": 9128
    }, 
    "hi": {
        "approved": 42321, 
        "pending_since_timestamp": 1448719910.074474, 
        "translated": 68601
    }, 
    "hy": {
        "approved": 0, 
        "translated": 118
    }, 
    "id": {
        "approved": 0, 
        "translated": 9210
    }, 
    "it": {
        "approved": 0, 
        "pending_since_timestamp": 1448711266.79664, 
        "translated": 55893
    }, 
    "ja": {
        "approved": 20514, 
        "pending_since_timestamp": 1448711266.79664, 
        "translated": 53543
    }, 
    "ko": {
        "approved": 77830, 
        "translated": 88171
    }, 
    "lol": {
        "approved": 705, 
        "translated": 5654
    }, 
    "mn": {
        "approved": 9910, 
        "pending_since_timestamp": 1448697158.751694, 
        "translated": 37407
    }, 
    "ms": {
        "approved": 0, 
        "translated": 798
    }, 
    "nb": {
        "approved": 86718, 
        "translated": 89080
    }, 
    "nl": {
        "approved": 45760, 
        "pending_since_timestamp": 1448711266.79664, 
        "translated": 62953
    }, 
    "pl": {
        "approved": 116504, 
        "pending_since_timestamp": 1448722688.902381, 
        "translated": 126792
    }, 
    "pt": {
        "approved": 154650, 
        "translated": 294761
    }, 
    "pt-pt": {
        "approved": 13859, 
        "pending_since_timestamp": 1448711266.79664, 
        "translated": 79000
    }, 
    "ru": {
        "approved": 1227, 
        "pending_since_timestamp": 1448711266.79664, 
        "translated": 13982
    }, 
    "sr": {
        "approved": 35907, 
        "pending_since_timestamp": 1448721724.683927, 
        "translated": 293478
    }, 
    "sw": {
        "approved": 13043, 
        "pending_since_timestamp": 1448711266.79664, 
        "translated": 30777
    }, 
    "te": {
        "approved": 0, 
        "translated": 101
    }, 
    "th": {
        "approved": 0, 
        "pending_since_timestamp": 1448711266.79664, 
        "translated": 128235
    }, 
    "tr": {
        "approved": 174696, 
        "pending_since_timestamp": 1448718059.982138, 
        "translated": 208949
    }, 
    "uk": {
        "approved": 0, 
        "translated": 1589
    }, 
    "ur": {
        "approved": 0, 
        "translated": 1567
    }, 
    "xh": {
        "approved": 0, 
        "translated": 1
    }, 
    "zh-hans": {
        "approved": 0, 
        "translated": 4280
    }, 
    "zu": {
        "approved": 0, 
        "translated": 29
    }
}