{
    "ar": {
        "approved": 381, 
        "translated": 4331
    }, 
    "bg": {
        "approved": 196454, 
        "pending_since_timestamp": 1492185053.447878, 
        "translated": 227815
    }, 
    "bn": {
        "approved": 130738, 
        "translated": 141435
    }, 
    "cs": {
        "approved": 11819, 
        "translated": 29275
    }, 
    "da": {
        "approved": 72900, 
        "translated": 83853
    }, 
    "de": {
        "approved": 206508, 
        "translated": 212275
    }, 
    "el": {
        "approved": 1544, 
        "translated": 17181
    }, 
    "es": {
        "approved": 343346, 
        "pending_since_timestamp": 1492200853.800285, 
        "translated": 358741
    }, 
    "fa": {
        "approved": 1, 
        "translated": 99
    }, 
    "fa-af": {
        "approved": 31, 
        "translated": 104
    }, 
    "fr": {
        "approved": 229017, 
        "translated": 237845
    }, 
    "he": {
        "approved": 6340, 
        "translated": 7197
    }, 
    "hi": {
        "approved": 99514, 
        "translated": 115082
    }, 
    "hy": {
        "approved": 7403, 
        "translated": 12285
    }, 
    "id": {
        "approved": 531, 
        "translated": 6414
    }, 
    "it": {
        "approved": 88833, 
        "pending_since_timestamp": 1492173766.037594, 
        "translated": 118146
    }, 
    "ja": {
        "approved": 99826, 
        "pending_since_timestamp": 1492180628.272378, 
        "translated": 117419
    }, 
    "ka": {
        "approved": 192749, 
        "translated": 201005
    }, 
    "ko": {
        "approved": 151907, 
        "translated": 164705
    }, 
    "lol": {
        "approved": 385, 
        "translated": 8629
    }, 
    "mn": {
        "approved": 81422, 
        "translated": 100677
    }, 
    "ms": {
        "approved": 29, 
        "translated": 640
    }, 
    "nb": {
        "approved": 93635, 
        "translated": 98659
    }, 
    "nl": {
        "approved": 104795, 
        "translated": 127967
    }, 
    "pl": {
        "approved": 264699, 
        "pending_since_timestamp": 1492195684.801237, 
        "translated": 264872
    }, 
    "pt": {
        "approved": 269912, 
        "pending_since_timestamp": 1492203932.621986, 
        "translated": 308983
    }, 
    "pt-pt": {
        "approved": 81498, 
        "translated": 113377
    }, 
    "ru": {
        "approved": 1537, 
        "translated": 18481
    }, 
    "sr": {
        "approved": 50583, 
        "translated": 68362
    }, 
    "sw": {
        "approved": 34220, 
        "translated": 51963
    }, 
    "te": {
        "approved": 15, 
        "translated": 205
    }, 
    "th": {
        "approved": 301, 
        "translated": 121478
    }, 
    "tr": {
        "approved": 266955, 
        "translated": 359991
    }, 
    "uk": {
        "approved": 98, 
        "translated": 2514
    }, 
    "ur": {
        "approved": 92, 
        "translated": 1160
    }, 
    "xh": {
        "approved": 40, 
        "translated": 40
    }, 
    "zh-hans": {
        "approved": 925, 
        "translated": 11968
    }, 
    "zu": {
        "approved": 1, 
        "translated": 20
    }
}