{
    "ar": {
        "approved": 1048, 
        "translated": 4736
    }, 
    "bg": {
        "approved": 214775, 
        "translated": 235815
    }, 
    "bn": {
        "approved": 118836, 
        "pending_since_timestamp": 1476292291.105304, 
        "translated": 136385
    }, 
    "cs": {
        "approved": 13084, 
        "translated": 30257
    }, 
    "da": {
        "approved": 80036, 
        "translated": 87413
    }, 
    "de": {
        "approved": 184411, 
        "pending_since_timestamp": 1476294318.820719, 
        "translated": 185311
    }, 
    "el": {
        "approved": 2074, 
        "pending_since_timestamp": 1476248254.597689, 
        "translated": 9722
    }, 
    "es": {
        "approved": 328782, 
        "pending_since_timestamp": 1476273291.664676, 
        "translated": 429859
    }, 
    "fa": {
        "approved": 2, 
        "translated": 106
    }, 
    "fa-af": {
        "approved": 0, 
        "translated": 72
    }, 
    "fr": {
        "approved": 185315, 
        "translated": 198667
    }, 
    "he": {
        "approved": 9088, 
        "translated": 9627
    }, 
    "hi": {
        "approved": 93525, 
        "translated": 116443
    }, 
    "hy": {
        "approved": 27, 
        "translated": 3015
    }, 
    "id": {
        "approved": 1518, 
        "translated": 7664
    }, 
    "it": {
        "approved": 45300, 
        "pending_since_timestamp": 1476264420.93793, 
        "translated": 110501
    }, 
    "ja": {
        "approved": 41533, 
        "pending_since_timestamp": 1476273291.664676, 
        "translated": 84916
    }, 
    "ka": {
        "approved": 175983, 
        "pending_since_timestamp": 1476283929.73152, 
        "translated": 179516
    }, 
    "ko": {
        "approved": 139189, 
        "translated": 158657
    }, 
    "lol": {
        "approved": 597, 
        "translated": 8806
    }, 
    "mn": {
        "approved": 75162, 
        "translated": 82741
    }, 
    "ms": {
        "approved": 357, 
        "translated": 1022
    }, 
    "nb": {
        "approved": 98151, 
        "translated": 101239
    }, 
    "nl": {
        "approved": 95666, 
        "pending_since_timestamp": 1476310930.350413, 
        "translated": 122627
    }, 
    "pl": {
        "approved": 231968, 
        "pending_since_timestamp": 1476303518.769688, 
        "translated": 232390
    }, 
    "pt": {
        "approved": 229369, 
        "pending_since_timestamp": 1476310930.350413, 
        "translated": 425498
    }, 
    "pt-pt": {
        "approved": 50176, 
        "pending_since_timestamp": 1476273291.664676, 
        "translated": 81716
    }, 
    "ru": {
        "approved": 3210, 
        "translated": 20042
    }, 
    "sr": {
        "approved": 53417, 
        "pending_since_timestamp": 1476299326.905651, 
        "translated": 422819
    }, 
    "sw": {
        "approved": 12791, 
        "translated": 33806
    }, 
    "te": {
        "approved": 17, 
        "translated": 217
    }, 
    "th": {
        "approved": 1191, 
        "translated": 119664
    }, 
    "tr": {
        "approved": 221361, 
        "translated": 321765
    }, 
    "uk": {
        "approved": 210, 
        "translated": 2604
    }, 
    "ur": {
        "approved": 369, 
        "translated": 1502
    }, 
    "xh": {
        "approved": 0, 
        "translated": 1
    }, 
    "zh-hans": {
        "approved": 595, 
        "translated": 5473
    }, 
    "zu": {
        "approved": 1, 
        "translated": 22
    }
}