{
    "ar": {
        "approved": 1049, 
        "translated": 4586
    }, 
    "bg": {
        "approved": 216899, 
        "pending_since_timestamp": 1479201599.596508, 
        "translated": 236947
    }, 
    "bn": {
        "approved": 122923, 
        "translated": 138923
    }, 
    "cs": {
        "approved": 13071, 
        "translated": 30242
    }, 
    "da": {
        "approved": 79791, 
        "translated": 87467
    }, 
    "de": {
        "approved": 190390, 
        "translated": 190390
    }, 
    "el": {
        "approved": 2115, 
        "translated": 9969
    }, 
    "es": {
        "approved": 340798, 
        "translated": 357422
    }, 
    "fa": {
        "approved": 2, 
        "translated": 105
    }, 
    "fa-af": {
        "approved": 0, 
        "translated": 72
    }, 
    "fr": {
        "approved": 203433, 
        "pending_since_timestamp": 1479203725.158079, 
        "translated": 214601
    }, 
    "he": {
        "approved": 8992, 
        "translated": 9555
    }, 
    "hi": {
        "approved": 95474, 
        "translated": 116365
    }, 
    "hy": {
        "approved": 68, 
        "pending_since_timestamp": 1479203725.158079, 
        "translated": 3495
    }, 
    "id": {
        "approved": 1537, 
        "translated": 7622
    }, 
    "it": {
        "approved": 64757, 
        "translated": 116464
    }, 
    "ja": {
        "approved": 43519, 
        "translated": 97424
    }, 
    "ka": {
        "approved": 186589, 
        "pending_since_timestamp": 1479201599.596508, 
        "translated": 191757
    }, 
    "ko": {
        "approved": 144975, 
        "translated": 162547
    }, 
    "lol": {
        "approved": 595, 
        "translated": 8801
    }, 
    "mn": {
        "approved": 75040, 
        "translated": 82616
    }, 
    "ms": {
        "approved": 358, 
        "translated": 1019
    }, 
    "nb": {
        "approved": 97974, 
        "translated": 101060
    }, 
    "nl": {
        "approved": 96868, 
        "pending_since_timestamp": 1479199431.942455, 
        "translated": 123156
    }, 
    "pl": {
        "approved": 242358, 
        "pending_since_timestamp": 1479201599.596508, 
        "translated": 243037
    }, 
    "pt": {
        "approved": 244821, 
        "pending_since_timestamp": 1479199431.942455, 
        "translated": 286810
    }, 
    "pt-pt": {
        "approved": 54946, 
        "translated": 83213
    }, 
    "ru": {
        "approved": 3234, 
        "translated": 20347
    }, 
    "sr": {
        "approved": 53303, 
        "pending_since_timestamp": 1479193185.709399, 
        "translated": 70686
    }, 
    "sw": {
        "approved": 12780, 
        "translated": 33693
    }, 
    "te": {
        "approved": 17, 
        "pending_since_timestamp": 1478608196.385763, 
        "translated": 217
    }, 
    "th": {
        "approved": 1208, 
        "translated": 119515
    }, 
    "tr": {
        "approved": 249319, 
        "translated": 327961
    }, 
    "uk": {
        "approved": 225, 
        "translated": 2607
    }, 
    "ur": {
        "approved": 371, 
        "translated": 1499
    }, 
    "xh": {
        "approved": 0, 
        "translated": 1
    }, 
    "zh-hans": {
        "approved": 603, 
        "translated": 5544
    }, 
    "zu": {
        "approved": 1, 
        "translated": 22
    }
}