{
    "ar": {
        "approved": 0, 
        "pending_since_timestamp": 1463625431.131303, 
        "translated": 4117
    }, 
    "bg": {
        "approved": 180584, 
        "pending_since_timestamp": 1463662350.003882, 
        "translated": 191528
    }, 
    "bn": {
        "approved": 81910, 
        "translated": 121163
    }, 
    "cs": {
        "approved": 12326, 
        "pending_since_timestamp": 1463625431.131303, 
        "translated": 30707
    }, 
    "da": {
        "approved": 73567, 
        "translated": 84304
    }, 
    "de": {
        "approved": 148382, 
        "translated": 148625
    }, 
    "el": {
        "approved": 277, 
        "pending_since_timestamp": 1463625431.131303, 
        "translated": 7173
    }, 
    "es": {
        "approved": 264385, 
        "pending_since_timestamp": 1463691270.443958, 
        "translated": 372357
    }, 
    "fa": {
        "approved": 0, 
        "translated": 107
    }, 
    "fa-af": {
        "approved": 0, 
        "translated": 72
    }, 
    "fr": {
        "approved": 156956, 
        "translated": 164044
    }, 
    "he": {
        "approved": 8622, 
        "translated": 8635
    }, 
    "hi": {
        "approved": 66424, 
        "translated": 93209
    }, 
    "hy": {
        "approved": 0, 
        "pending_since_timestamp": 1463625431.131303, 
        "translated": 3043
    }, 
    "id": {
        "approved": 0, 
        "pending_since_timestamp": 1463625431.131303, 
        "translated": 7154
    }, 
    "it": {
        "approved": 0, 
        "translated": 93855
    }, 
    "ja": {
        "approved": 28175, 
        "translated": 58344
    }, 
    "ka": {
        "approved": 121639, 
        "pending_since_timestamp": 1463670037.667233, 
        "translated": 125772
    }, 
    "ko": {
        "approved": 120915, 
        "translated": 140184
    }, 
    "lol": {
        "approved": 582, 
        "translated": 7527
    }, 
    "mn": {
        "approved": 74067, 
        "translated": 82300
    }, 
    "ms": {
        "approved": 0, 
        "pending_since_timestamp": 1463625431.131303, 
        "translated": 714
    }, 
    "nb": {
        "approved": 98392, 
        "translated": 101124
    }, 
    "nl": {
        "approved": 74278, 
        "pending_since_timestamp": 1463671333.589252, 
        "translated": 109353
    }, 
    "pl": {
        "approved": 192161, 
        "translated": 193013
    }, 
    "pt": {
        "approved": 193174, 
        "pending_since_timestamp": 1463681539.320891, 
        "translated": 369535
    }, 
    "pt-pt": {
        "approved": 18913, 
        "pending_since_timestamp": 1463698112.748462, 
        "translated": 114814
    }, 
    "ru": {
        "approved": 1167, 
        "translated": 19856
    }, 
    "sr": {
        "approved": 44905, 
        "pending_since_timestamp": 1463684237.813933, 
        "translated": 368376
    }, 
    "sw": {
        "approved": 11789, 
        "pending_since_timestamp": 1463625431.131303, 
        "translated": 33692
    }, 
    "te": {
        "approved": 0, 
        "pending_since_timestamp": 1463625431.131303, 
        "translated": 212
    }, 
    "th": {
        "approved": 0, 
        "translated": 121696
    }, 
    "tr": {
        "approved": 183964, 
        "translated": 275901
    }, 
    "uk": {
        "approved": 0, 
        "pending_since_timestamp": 1463625431.131303, 
        "translated": 2500
    }, 
    "ur": {
        "approved": 0, 
        "pending_since_timestamp": 1463625431.131303, 
        "translated": 1447
    }, 
    "xh": {
        "approved": 0, 
        "translated": 1
    }, 
    "zh-hans": {
        "approved": 0, 
        "pending_since_timestamp": 1463625431.131303, 
        "translated": 5141
    }, 
    "zu": {
        "approved": 0, 
        "translated": 23
    }
}