{
    "ar": {
        "approved": 0, 
        "translated": 4662
    }, 
    "bg": {
        "approved": 206081, 
        "pending_since_timestamp": 1469131871.762354, 
        "translated": 228314
    }, 
    "bn": {
        "approved": 105614, 
        "pending_since_timestamp": 1469120117.738158, 
        "translated": 129676
    }, 
    "cs": {
        "approved": 12231, 
        "translated": 30645
    }, 
    "da": {
        "approved": 76739, 
        "translated": 85547
    }, 
    "de": {
        "approved": 155598, 
        "pending_since_timestamp": 1469124842.86992, 
        "translated": 155799
    }, 
    "el": {
        "approved": 327, 
        "pending_since_timestamp": 1469133253.509286, 
        "translated": 7737
    }, 
    "es": {
        "approved": 293548, 
        "pending_since_timestamp": 1469114382.051428, 
        "translated": 391336
    }, 
    "fa": {
        "approved": 0, 
        "translated": 106
    }, 
    "fa-af": {
        "approved": 0, 
        "translated": 72
    }, 
    "fr": {
        "approved": 167995, 
        "translated": 175476
    }, 
    "he": {
        "approved": 8492, 
        "translated": 8731
    }, 
    "hi": {
        "approved": 68263, 
        "translated": 111856
    }, 
    "hy": {
        "approved": 0, 
        "translated": 3018
    }, 
    "id": {
        "approved": 0, 
        "translated": 7628
    }, 
    "it": {
        "approved": 15230, 
        "translated": 107066
    }, 
    "ja": {
        "approved": 34145, 
        "pending_since_timestamp": 1469102704.730775, 
        "translated": 81248
    }, 
    "ka": {
        "approved": 142646, 
        "pending_since_timestamp": 1469133253.509286, 
        "translated": 143562
    }, 
    "ko": {
        "approved": 127129, 
        "translated": 153070
    }, 
    "lol": {
        "approved": 603, 
        "translated": 8847
    }, 
    "mn": {
        "approved": 75569, 
        "translated": 83232
    }, 
    "ms": {
        "approved": 0, 
        "translated": 734
    }, 
    "nb": {
        "approved": 98560, 
        "translated": 101772
    }, 
    "nl": {
        "approved": 80617, 
        "translated": 118476
    }, 
    "pl": {
        "approved": 205821, 
        "pending_since_timestamp": 1469133253.509286, 
        "translated": 206139
    }, 
    "pt": {
        "approved": 206574, 
        "pending_since_timestamp": 1469130223.549541, 
        "translated": 379177
    }, 
    "pt-pt": {
        "approved": 28317, 
        "translated": 90806
    }, 
    "ru": {
        "approved": 1197, 
        "translated": 19697
    }, 
    "sr": {
        "approved": 45766, 
        "pending_since_timestamp": 1469121598.239634, 
        "translated": 376155
    }, 
    "sw": {
        "approved": 11695, 
        "translated": 33705
    }, 
    "te": {
        "approved": 0, 
        "translated": 210
    }, 
    "th": {
        "approved": 0, 
        "translated": 120460
    }, 
    "tr": {
        "approved": 212269, 
        "translated": 289775
    }, 
    "uk": {
        "approved": 0, 
        "translated": 2540
    }, 
    "ur": {
        "approved": 0, 
        "translated": 1633
    }, 
    "xh": {
        "approved": 0, 
        "translated": 1
    }, 
    "zh-hans": {
        "approved": 0, 
        "translated": 5206
    }, 
    "zu": {
        "approved": 0, 
        "translated": 22
    }
}