{
    "ar": {
        "approved": 0, 
        "translated": 4662
    }, 
    "bg": {
        "approved": 206081, 
        "pending_since_timestamp": 1469107570.663603, 
        "translated": 228313
    }, 
    "bn": {
        "approved": 105335, 
        "pending_since_timestamp": 1469101290.10345, 
        "translated": 129673
    }, 
    "cs": {
        "approved": 12231, 
        "translated": 30645
    }, 
    "da": {
        "approved": 76739, 
        "translated": 85547
    }, 
    "de": {
        "approved": 155598, 
        "pending_since_timestamp": 1469106092.758907, 
        "translated": 155750
    }, 
    "el": {
        "approved": 327, 
        "translated": 7737
    }, 
    "es": {
        "approved": 293548, 
        "pending_since_timestamp": 1469114382.051428, 
        "translated": 391336
    }, 
    "fa": {
        "approved": 0, 
        "translated": 106
    }, 
    "fa-af": {
        "approved": 0, 
        "translated": 72
    }, 
    "fr": {
        "approved": 167990, 
        "pending_since_timestamp": 1469111136.499522, 
        "translated": 175431
    }, 
    "he": {
        "approved": 8492, 
        "translated": 8731
    }, 
    "hi": {
        "approved": 68263, 
        "translated": 111849
    }, 
    "hy": {
        "approved": 0, 
        "translated": 3018
    }, 
    "id": {
        "approved": 0, 
        "translated": 7628
    }, 
    "it": {
        "approved": 15079, 
        "pending_since_timestamp": 1469094269.443913, 
        "translated": 106628
    }, 
    "ja": {
        "approved": 34145, 
        "pending_since_timestamp": 1469102704.730775, 
        "translated": 81248
    }, 
    "ka": {
        "approved": 142389, 
        "translated": 143465
    }, 
    "ko": {
        "approved": 127129, 
        "translated": 153070
    }, 
    "lol": {
        "approved": 603, 
        "translated": 8847
    }, 
    "mn": {
        "approved": 75569, 
        "translated": 83232
    }, 
    "ms": {
        "approved": 0, 
        "translated": 734
    }, 
    "nb": {
        "approved": 98560, 
        "translated": 101772
    }, 
    "nl": {
        "approved": 80617, 
        "translated": 118476
    }, 
    "pl": {
        "approved": 205770, 
        "translated": 206077
    }, 
    "pt": {
        "approved": 206439, 
        "pending_since_timestamp": 1469111136.499522, 
        "translated": 378947
    }, 
    "pt-pt": {
        "approved": 28226, 
        "pending_since_timestamp": 1469102704.730775, 
        "translated": 90795
    }, 
    "ru": {
        "approved": 1197, 
        "translated": 19697
    }, 
    "sr": {
        "approved": 45766, 
        "pending_since_timestamp": 1469104384.449243, 
        "translated": 376153
    }, 
    "sw": {
        "approved": 11695, 
        "translated": 33705
    }, 
    "te": {
        "approved": 0, 
        "translated": 210
    }, 
    "th": {
        "approved": 0, 
        "translated": 120460
    }, 
    "tr": {
        "approved": 212269, 
        "pending_since_timestamp": 1469112903.016483, 
        "translated": 289750
    }, 
    "uk": {
        "approved": 0, 
        "translated": 2540
    }, 
    "ur": {
        "approved": 0, 
        "translated": 1633
    }, 
    "xh": {
        "approved": 0, 
        "translated": 1
    }, 
    "zh-hans": {
        "approved": 0, 
        "translated": 5206
    }, 
    "zu": {
        "approved": 0, 
        "translated": 22
    }
}