{
    "ar": {
        "approved": 1278, 
        "translated": 4796
    }, 
    "bg": {
        "approved": 229122, 
        "pending_since_timestamp": 1480509005.291717, 
        "translated": 249446
    }, 
    "bn": {
        "approved": 128263, 
        "translated": 142167
    }, 
    "cs": {
        "approved": 13326, 
        "translated": 30037
    }, 
    "da": {
        "approved": 81455, 
        "translated": 89095
    }, 
    "de": {
        "approved": 207288, 
        "pending_since_timestamp": 1480496713.784396, 
        "translated": 207917
    }, 
    "el": {
        "approved": 2612, 
        "translated": 10059
    }, 
    "es": {
        "approved": 370775, 
        "pending_since_timestamp": 1480480216.736169, 
        "translated": 388800
    }, 
    "fa": {
        "approved": 3, 
        "translated": 106
    }, 
    "fa-af": {
        "approved": 31, 
        "translated": 104
    }, 
    "fr": {
        "approved": 210834, 
        "pending_since_timestamp": 1480516843.054668, 
        "translated": 223363
    }, 
    "he": {
        "approved": 9999, 
        "pending_since_timestamp": 1480509005.291717, 
        "translated": 10553
    }, 
    "hi": {
        "approved": 96685, 
        "translated": 116024
    }, 
    "hy": {
        "approved": 1048, 
        "pending_since_timestamp": 1480494813.374107, 
        "translated": 8295
    }, 
    "id": {
        "approved": 2147, 
        "pending_since_timestamp": 1480509005.291717, 
        "translated": 7962
    }, 
    "it": {
        "approved": 66697, 
        "pending_since_timestamp": 1480509005.291717, 
        "translated": 118439
    }, 
    "ja": {
        "approved": 89357, 
        "pending_since_timestamp": 1480467756.213641, 
        "translated": 118295
    }, 
    "ka": {
        "approved": 188298, 
        "pending_since_timestamp": 1480490902.89477, 
        "translated": 193390
    }, 
    "ko": {
        "approved": 150099, 
        "translated": 167600
    }, 
    "lol": {
        "approved": 516, 
        "translated": 8801
    }, 
    "mn": {
        "approved": 74440, 
        "translated": 82019
    }, 
    "ms": {
        "approved": 394, 
        "translated": 1060
    }, 
    "nb": {
        "approved": 97419, 
        "translated": 100487
    }, 
    "nl": {
        "approved": 102483, 
        "pending_since_timestamp": 1480494813.374107, 
        "translated": 126112
    }, 
    "pl": {
        "approved": 256447, 
        "translated": 256966
    }, 
    "pt": {
        "approved": 256995, 
        "pending_since_timestamp": 1480496713.784396, 
        "translated": 299260
    }, 
    "pt-pt": {
        "approved": 62941, 
        "pending_since_timestamp": 1480509005.291717, 
        "translated": 90660
    }, 
    "ru": {
        "approved": 3702, 
        "pending_since_timestamp": 1480452594.176334, 
        "translated": 20267
    }, 
    "sr": {
        "approved": 53296, 
        "translated": 71108
    }, 
    "sw": {
        "approved": 12977, 
        "translated": 33153
    }, 
    "te": {
        "approved": 38, 
        "translated": 240
    }, 
    "th": {
        "approved": 1582, 
        "translated": 119073
    }, 
    "tr": {
        "approved": 263044, 
        "pending_since_timestamp": 1480502150.772836, 
        "translated": 345383
    }, 
    "uk": {
        "approved": 339, 
        "translated": 2723
    }, 
    "ur": {
        "approved": 480, 
        "translated": 1600
    }, 
    "xh": {
        "approved": 40, 
        "translated": 41
    }, 
    "zh-hans": {
        "approved": 778, 
        "pending_since_timestamp": 1480509005.291717, 
        "translated": 5724
    }, 
    "zu": {
        "approved": 2, 
        "translated": 23
    }
}