{
    "ar": {
        "approved": 0, 
        "translated": 3763
    }, 
    "bg": {
        "approved": 69635, 
        "pending_since_timestamp": 1443208537.941033, 
        "translated": 134018
    }, 
    "bn": {
        "approved": 15815, 
        "pending_since_timestamp": 1443209586.254643, 
        "translated": 40116
    }, 
    "cs": {
        "approved": 0, 
        "pending_since_timestamp": 1443217487.530911, 
        "translated": 3026
    }, 
    "da": {
        "approved": 22787, 
        "translated": 68205
    }, 
    "de": {
        "approved": 91941, 
        "pending_since_timestamp": 1443217487.530911, 
        "translated": 100357
    }, 
    "el": {
        "approved": 0, 
        "pending_since_timestamp": 1443217487.530911, 
        "translated": 6421
    }, 
    "es": {
        "approved": 182219, 
        "pending_since_timestamp": 1443212731.449144, 
        "translated": 281046
    }, 
    "fa": {
        "approved": 0, 
        "pending_since_timestamp": 1443141619.513416, 
        "translated": 223
    }, 
    "fa-af": {
        "approved": 0, 
        "translated": 0
    }, 
    "fr": {
        "approved": 102031, 
        "translated": 105377
    }, 
    "he": {
        "approved": 8707, 
        "translated": 9113
    }, 
    "hi": {
        "approved": 37298, 
        "pending_since_timestamp": 1443208537.941033, 
        "translated": 60250
    }, 
    "hy": {
        "approved": 0, 
        "translated": 107
    }, 
    "id": {
        "approved": 0, 
        "translated": 9037
    }, 
    "it": {
        "approved": 0, 
        "pending_since_timestamp": 1443217487.530911, 
        "translated": 41872
    }, 
    "ja": {
        "approved": 16098, 
        "pending_since_timestamp": 1443217487.530911, 
        "translated": 50870
    }, 
    "ko": {
        "approved": 81176, 
        "pending_since_timestamp": 1443217487.530911, 
        "translated": 89275
    }, 
    "mn": {
        "approved": 0, 
        "pending_since_timestamp": 1443217487.530911, 
        "translated": 5849
    }, 
    "ms": {
        "approved": 0, 
        "pending_since_timestamp": 1443217487.530911, 
        "translated": 696
    }, 
    "nb": {
        "approved": 84826, 
        "translated": 87682
    }, 
    "nl": {
        "approved": 27568, 
        "pending_since_timestamp": 1443204572.434864, 
        "translated": 40890
    }, 
    "pl": {
        "approved": 108620, 
        "pending_since_timestamp": 1443217487.530911, 
        "translated": 124594
    }, 
    "pt": {
        "approved": 145913, 
        "translated": 278297
    }, 
    "pt-pt": {
        "approved": 13509, 
        "translated": 40909
    }, 
    "ru": {
        "approved": 0, 
        "pending_since_timestamp": 1443217487.530911, 
        "translated": 11201
    }, 
    "sr": {
        "approved": 33143, 
        "pending_since_timestamp": 1443217487.530911, 
        "translated": 277037
    }, 
    "sw": {
        "approved": 0, 
        "translated": 12761
    }, 
    "te": {
        "approved": 0, 
        "translated": 101
    }, 
    "th": {
        "approved": 0, 
        "translated": 104953
    }, 
    "tr": {
        "approved": 176445, 
        "translated": 197237
    }, 
    "uk": {
        "approved": 0, 
        "pending_since_timestamp": 1443210582.427185, 
        "translated": 1498
    }, 
    "ur": {
        "approved": 0, 
        "pending_since_timestamp": 1443217487.530911, 
        "translated": 1514
    }, 
    "xh": {
        "approved": 0, 
        "translated": 1
    }, 
    "zh-hans": {
        "approved": 0, 
        "pending_since_timestamp": 1443206567.569302, 
        "translated": 4637
    }, 
    "zu": {
        "approved": 0, 
        "translated": 26
    }
}