{
    "ar": {
        "approved": 0, 
        "translated": 3846
    }, 
    "bg": {
        "approved": 121366, 
        "pending_since_timestamp": 1448100765.015535, 
        "translated": 157281
    }, 
    "bn": {
        "approved": 30254, 
        "pending_since_timestamp": 1448093620.755361, 
        "translated": 64382
    }, 
    "cs": {
        "approved": 13626, 
        "pending_since_timestamp": 1448084557.134942, 
        "translated": 25540
    }, 
    "da": {
        "approved": 21667, 
        "translated": 65489
    }, 
    "de": {
        "approved": 106087, 
        "pending_since_timestamp": 1448090688.703487, 
        "translated": 106109
    }, 
    "el": {
        "approved": 0, 
        "translated": 6769
    }, 
    "es": {
        "approved": 196271, 
        "pending_since_timestamp": 1448105525.004212, 
        "translated": 295628
    }, 
    "fa": {
        "approved": 0, 
        "translated": 225
    }, 
    "fa-af": {
        "approved": 0, 
        "translated": 7
    }, 
    "fr": {
        "approved": 106258, 
        "pending_since_timestamp": 1448107918.534239, 
        "translated": 111826
    }, 
    "he": {
        "approved": 8607, 
        "translated": 9113
    }, 
    "hi": {
        "approved": 40149, 
        "pending_since_timestamp": 1448106799.319985, 
        "translated": 65738
    }, 
    "hy": {
        "approved": 0, 
        "translated": 117
    }, 
    "id": {
        "approved": 0, 
        "translated": 9200
    }, 
    "it": {
        "approved": 0, 
        "pending_since_timestamp": 1448084557.134942, 
        "translated": 56011
    }, 
    "ja": {
        "approved": 19579, 
        "translated": 53295
    }, 
    "ko": {
        "approved": 78143, 
        "pending_since_timestamp": 1448084557.134942, 
        "translated": 88543
    }, 
    "lol": {
        "approved": 705, 
        "translated": 5656
    }, 
    "mn": {
        "approved": 9911, 
        "pending_since_timestamp": 1448102661.041109, 
        "translated": 34558
    }, 
    "ms": {
        "approved": 0, 
        "translated": 796
    }, 
    "nb": {
        "approved": 87111, 
        "translated": 88959
    }, 
    "nl": {
        "approved": 45800, 
        "pending_since_timestamp": 1448084557.134942, 
        "translated": 59837
    }, 
    "pl": {
        "approved": 115538, 
        "translated": 125743
    }, 
    "pt": {
        "approved": 152510, 
        "translated": 292871
    }, 
    "pt-pt": {
        "approved": 13905, 
        "translated": 78700
    }, 
    "ru": {
        "approved": 1224, 
        "translated": 13673
    }, 
    "sr": {
        "approved": 35832, 
        "pending_since_timestamp": 1448112427.454145, 
        "translated": 291629
    }, 
    "sw": {
        "approved": 13121, 
        "translated": 30847
    }, 
    "te": {
        "approved": 0, 
        "translated": 101
    }, 
    "th": {
        "approved": 0, 
        "translated": 127993
    }, 
    "tr": {
        "approved": 173270, 
        "pending_since_timestamp": 1448109088.598955, 
        "translated": 208487
    }, 
    "uk": {
        "approved": 0, 
        "translated": 1565
    }, 
    "ur": {
        "approved": 0, 
        "translated": 1558
    }, 
    "xh": {
        "approved": 0, 
        "translated": 1
    }, 
    "zh-hans": {
        "approved": 0, 
        "translated": 4251
    }, 
    "zu": {
        "approved": 0, 
        "translated": 29
    }
}