{
    "ar": {
        "approved": 1277, 
        "translated": 4806
    }, 
    "bg": {
        "approved": 228043, 
        "translated": 248382
    }, 
    "bn": {
        "approved": 128370, 
        "translated": 142313
    }, 
    "cs": {
        "approved": 13290, 
        "translated": 30461
    }, 
    "da": {
        "approved": 82029, 
        "pending_since_timestamp": 1479820242.783429, 
        "translated": 89913
    }, 
    "de": {
        "approved": 196755, 
        "pending_since_timestamp": 1479854159.745257, 
        "translated": 207837
    }, 
    "el": {
        "approved": 2584, 
        "translated": 10563
    }, 
    "es": {
        "approved": 367806, 
        "pending_since_timestamp": 1479795602.369237, 
        "translated": 384853
    }, 
    "fa": {
        "approved": 3, 
        "translated": 106
    }, 
    "fa-af": {
        "approved": 31, 
        "translated": 104
    }, 
    "fr": {
        "approved": 208805, 
        "pending_since_timestamp": 1479831010.61402, 
        "translated": 220710
    }, 
    "he": {
        "approved": 10155, 
        "translated": 10718
    }, 
    "hi": {
        "approved": 97402, 
        "translated": 116746
    }, 
    "hy": {
        "approved": 102, 
        "pending_since_timestamp": 1479806857.292869, 
        "translated": 5655
    }, 
    "id": {
        "approved": 2097, 
        "pending_since_timestamp": 1479820242.783429, 
        "translated": 8196
    }, 
    "it": {
        "approved": 66661, 
        "pending_since_timestamp": 1479793698.598621, 
        "translated": 118756
    }, 
    "ja": {
        "approved": 79577, 
        "pending_since_timestamp": 1479806857.292869, 
        "translated": 118406
    }, 
    "ka": {
        "approved": 187629, 
        "translated": 193048
    }, 
    "ko": {
        "approved": 149424, 
        "pending_since_timestamp": 1479806857.292869, 
        "translated": 167838
    }, 
    "lol": {
        "approved": 595, 
        "translated": 8801
    }, 
    "mn": {
        "approved": 75200, 
        "translated": 82779
    }, 
    "ms": {
        "approved": 392, 
        "translated": 1057
    }, 
    "nb": {
        "approved": 98197, 
        "translated": 101283
    }, 
    "nl": {
        "approved": 99143, 
        "translated": 125899
    }, 
    "pl": {
        "approved": 254021, 
        "pending_since_timestamp": 1479849711.742793, 
        "translated": 254566
    }, 
    "pt": {
        "approved": 249437, 
        "pending_since_timestamp": 1479828753.45139, 
        "translated": 290760
    }, 
    "pt-pt": {
        "approved": 63176, 
        "pending_since_timestamp": 1479820242.783429, 
        "translated": 90992
    }, 
    "ru": {
        "approved": 3669, 
        "pending_since_timestamp": 1479849711.742793, 
        "translated": 20800
    }, 
    "sr": {
        "approved": 54064, 
        "pending_since_timestamp": 1479820242.783429, 
        "translated": 71882
    }, 
    "sw": {
        "approved": 12941, 
        "translated": 33850
    }, 
    "te": {
        "approved": 34, 
        "translated": 234
    }, 
    "th": {
        "approved": 1546, 
        "pending_since_timestamp": 1479820242.783429, 
        "translated": 119804
    }, 
    "tr": {
        "approved": 263705, 
        "translated": 345848
    }, 
    "uk": {
        "approved": 337, 
        "translated": 2722
    }, 
    "ur": {
        "approved": 480, 
        "translated": 1611
    }, 
    "xh": {
        "approved": 40, 
        "translated": 41
    }, 
    "zh-hans": {
        "approved": 744, 
        "translated": 5691
    }, 
    "zu": {
        "approved": 2, 
        "translated": 23
    }
}