{
    "ar": {
        "approved": 0, 
        "translated": 4473
    }, 
    "bg": {
        "approved": 196510, 
        "translated": 221638
    }, 
    "bn": {
        "approved": 109001, 
        "pending_since_timestamp": 1470115539.824551, 
        "translated": 129848
    }, 
    "cs": {
        "approved": 12229, 
        "translated": 30510
    }, 
    "da": {
        "approved": 75672, 
        "translated": 84111
    }, 
    "de": {
        "approved": 160141, 
        "pending_since_timestamp": 1470098332.942902, 
        "translated": 160145
    }, 
    "el": {
        "approved": 372, 
        "translated": 7728
    }, 
    "es": {
        "approved": 289024, 
        "pending_since_timestamp": 1470075642.819789, 
        "translated": 384034
    }, 
    "fa": {
        "approved": 0, 
        "translated": 106
    }, 
    "fa-af": {
        "approved": 0, 
        "translated": 72
    }, 
    "fr": {
        "approved": 167363, 
        "pending_since_timestamp": 1470115539.824551, 
        "translated": 174317
    }, 
    "he": {
        "approved": 8453, 
        "translated": 8690
    }, 
    "hi": {
        "approved": 82346, 
        "translated": 111671
    }, 
    "hy": {
        "approved": 0, 
        "translated": 3014
    }, 
    "id": {
        "approved": 0, 
        "translated": 7233
    }, 
    "it": {
        "approved": 15477, 
        "translated": 107726
    }, 
    "ja": {
        "approved": 34263, 
        "translated": 80853
    }, 
    "ka": {
        "approved": 145915, 
        "pending_since_timestamp": 1470090076.33397, 
        "translated": 147623
    }, 
    "ko": {
        "approved": 126125, 
        "pending_since_timestamp": 1470102536.454765, 
        "translated": 151315
    }, 
    "lol": {
        "approved": 599, 
        "translated": 8825
    }, 
    "mn": {
        "approved": 75236, 
        "translated": 82858
    }, 
    "ms": {
        "approved": 0, 
        "translated": 727
    }, 
    "nb": {
        "approved": 98252, 
        "translated": 101416
    }, 
    "nl": {
        "approved": 80390, 
        "pending_since_timestamp": 1470115539.824551, 
        "translated": 117602
    }, 
    "pl": {
        "approved": 204458, 
        "pending_since_timestamp": 1470115539.824551, 
        "translated": 204638
    }, 
    "pt": {
        "approved": 205080, 
        "translated": 381253
    }, 
    "pt-pt": {
        "approved": 34666, 
        "translated": 91497
    }, 
    "ru": {
        "approved": 1191, 
        "translated": 19536
    }, 
    "sr": {
        "approved": 45702, 
        "pending_since_timestamp": 1470115539.824551, 
        "translated": 379357
    }, 
    "sw": {
        "approved": 11695, 
        "translated": 33453
    }, 
    "te": {
        "approved": 0, 
        "translated": 211
    }, 
    "th": {
        "approved": 0, 
        "translated": 119947
    }, 
    "tr": {
        "approved": 206486, 
        "pending_since_timestamp": 1470115539.824551, 
        "translated": 285182
    }, 
    "uk": {
        "approved": 0, 
        "translated": 2527
    }, 
    "ur": {
        "approved": 0, 
        "translated": 1446
    }, 
    "xh": {
        "approved": 0, 
        "translated": 1
    }, 
    "zh-hans": {
        "approved": 0, 
        "pending_since_timestamp": 1470115539.824551, 
        "translated": 5140
    }, 
    "zu": {
        "approved": 0, 
        "translated": 22
    }
}