{
    "ar": {
        "approved": 0, 
        "pending_since_timestamp": 1447997908.729597, 
        "translated": 3843
    }, 
    "bg": {
        "approved": 121406, 
        "pending_since_timestamp": 1447997908.729597, 
        "translated": 157279
    }, 
    "bn": {
        "approved": 29902, 
        "pending_since_timestamp": 1447997908.729597, 
        "translated": 63942
    }, 
    "cs": {
        "approved": 13626, 
        "pending_since_timestamp": 1447997908.729597, 
        "translated": 25461
    }, 
    "da": {
        "approved": 21666, 
        "pending_since_timestamp": 1447997908.729597, 
        "translated": 65519
    }, 
    "de": {
        "approved": 104950, 
        "translated": 105523
    }, 
    "el": {
        "approved": 0, 
        "pending_since_timestamp": 1447997908.729597, 
        "translated": 6767
    }, 
    "es": {
        "approved": 196300, 
        "pending_since_timestamp": 1447998945.262654, 
        "translated": 295154
    }, 
    "fa": {
        "approved": 0, 
        "pending_since_timestamp": 1447997908.729597, 
        "translated": 224
    }, 
    "fa-af": {
        "approved": 0, 
        "translated": 7
    }, 
    "fr": {
        "approved": 106240, 
        "translated": 111442
    }, 
    "he": {
        "approved": 8604, 
        "pending_since_timestamp": 1447997908.729597, 
        "translated": 9110
    }, 
    "hi": {
        "approved": 40692, 
        "pending_since_timestamp": 1447997908.729597, 
        "translated": 65635
    }, 
    "hy": {
        "approved": 0, 
        "translated": 117
    }, 
    "id": {
        "approved": 0, 
        "pending_since_timestamp": 1447997908.729597, 
        "translated": 9198
    }, 
    "it": {
        "approved": 0, 
        "pending_since_timestamp": 1447997908.729597, 
        "translated": 56040
    }, 
    "ja": {
        "approved": 19579, 
        "pending_since_timestamp": 1447997908.729597, 
        "translated": 53293
    }, 
    "ko": {
        "approved": 78178, 
        "pending_since_timestamp": 1447997908.729597, 
        "translated": 88578
    }, 
    "lol": {
        "approved": 705, 
        "translated": 5656
    }, 
    "mn": {
        "approved": 9910, 
        "pending_since_timestamp": 1447986175.604246, 
        "translated": 34244
    }, 
    "ms": {
        "approved": 0, 
        "pending_since_timestamp": 1447997908.729597, 
        "translated": 795
    }, 
    "nb": {
        "approved": 87148, 
        "pending_since_timestamp": 1447997908.729597, 
        "translated": 88997
    }, 
    "nl": {
        "approved": 43308, 
        "pending_since_timestamp": 1447997908.729597, 
        "translated": 59666
    }, 
    "pl": {
        "approved": 115081, 
        "pending_since_timestamp": 1447997908.729597, 
        "translated": 125226
    }, 
    "pt": {
        "approved": 152429, 
        "translated": 292382
    }, 
    "pt-pt": {
        "approved": 13904, 
        "pending_since_timestamp": 1447997908.729597, 
        "translated": 78737
    }, 
    "ru": {
        "approved": 1223, 
        "pending_since_timestamp": 1447997908.729597, 
        "translated": 13671
    }, 
    "sr": {
        "approved": 35818, 
        "translated": 291162
    }, 
    "sw": {
        "approved": 13121, 
        "pending_since_timestamp": 1447997908.729597, 
        "translated": 30835
    }, 
    "te": {
        "approved": 0, 
        "translated": 101
    }, 
    "th": {
        "approved": 0, 
        "pending_since_timestamp": 1447997908.729597, 
        "translated": 127807
    }, 
    "tr": {
        "approved": 173234, 
        "pending_since_timestamp": 1448003548.324651, 
        "translated": 207933
    }, 
    "uk": {
        "approved": 0, 
        "pending_since_timestamp": 1447997908.729597, 
        "translated": 1563
    }, 
    "ur": {
        "approved": 0, 
        "pending_since_timestamp": 1447997908.729597, 
        "translated": 1556
    }, 
    "xh": {
        "approved": 0, 
        "translated": 1
    }, 
    "zh-hans": {
        "approved": 0, 
        "pending_since_timestamp": 1447997908.729597, 
        "translated": 4248
    }, 
    "zu": {
        "approved": 0, 
        "translated": 29
    }
}