{
    "af": {
        "approved": 19, 
        "translated": 1513
    }, 
    "am": {
        "approved": 0, 
        "translated": 0
    }, 
    "ar": {
        "approved": 1389, 
        "pending_since_timestamp": 1536415463.299, 
        "translated": 34331
    }, 
    "az": {
        "approved": 35929, 
        "translated": 37667
    }, 
    "bg": {
        "approved": 315570, 
        "pending_since_timestamp": 1536516634.145968, 
        "translated": 323593
    }, 
    "bn": {
        "approved": 146283, 
        "pending_since_timestamp": 1536471202.03224, 
        "translated": 158008
    }, 
    "ca": {
        "approved": 3, 
        "translated": 2019
    }, 
    "cs": {
        "approved": 112529, 
        "pending_since_timestamp": 1536471202.03224, 
        "translated": 128428
    }, 
    "da": {
        "approved": 162650, 
        "pending_since_timestamp": 1536484572.121197, 
        "translated": 182195
    }, 
    "de": {
        "approved": 297056, 
        "pending_since_timestamp": 1536505397.097054, 
        "translated": 535862
    }, 
    "el": {
        "approved": 76930, 
        "translated": 92354
    }, 
    "es": {
        "approved": 415059, 
        "pending_since_timestamp": 1536521905.797647, 
        "translated": 437597
    }, 
    "et": {
        "approved": 45001, 
        "translated": 46321
    }, 
    "fa": {
        "approved": 1, 
        "translated": 191
    }, 
    "fa-af": {
        "approved": 31, 
        "translated": 103
    }, 
    "fi": {
        "approved": 82599, 
        "translated": 84318
    }, 
    "fil": {
        "approved": 206, 
        "translated": 299
    }, 
    "fr": {
        "approved": 278764, 
        "pending_since_timestamp": 1536476483.912925, 
        "translated": 282364
    }, 
    "gu": {
        "approved": 50034, 
        "pending_since_timestamp": 1536466550.729989, 
        "translated": 120134
    }, 
    "he": {
        "approved": 8649, 
        "translated": 8682
    }, 
    "hi": {
        "approved": 167712, 
        "translated": 180083
    }, 
    "hr": {
        "approved": 10948, 
        "translated": 16617
    }, 
    "ht": {
        "approved": 1, 
        "translated": 5
    }, 
    "hu": {
        "approved": 90070, 
        "pending_since_timestamp": 1536505397.097054, 
        "translated": 109310
    }, 
    "hy": {
        "approved": 96323, 
        "pending_since_timestamp": 1536505397.097054, 
        "translated": 108355
    }, 
    "id": {
        "approved": 63560, 
        "translated": 77735
    }, 
    "it": {
        "approved": 155830, 
        "translated": 170879
    }, 
    "ja": {
        "approved": 124554, 
        "pending_since_timestamp": 1536415463.299, 
        "translated": 143464
    }, 
    "ka": {
        "approved": 269986, 
        "pending_since_timestamp": 1536484572.121197, 
        "translated": 273921
    }, 
    "ki": {
        "approved": 0, 
        "translated": 37
    }, 
    "km": {
        "approved": 0, 
        "translated": 52
    }, 
    "kn": {
        "approved": 13876, 
        "pending_since_timestamp": 1536505397.097054, 
        "translated": 21066
    }, 
    "ko": {
        "approved": 179863, 
        "pending_since_timestamp": 1536471202.03224, 
        "translated": 208491
    }, 
    "ky": {
        "approved": 0, 
        "translated": 25
    }, 
    "lol": {
        "approved": 67050, 
        "translated": 82251
    }, 
    "lt": {
        "approved": 73998, 
        "pending_since_timestamp": 1536171072.720784, 
        "translated": 75837
    }, 
    "lv": {
        "approved": 54643, 
        "translated": 55048
    }, 
    "mn": {
        "approved": 82610, 
        "translated": 110527
    }, 
    "mr": {
        "approved": 0, 
        "translated": 0
    }, 
    "ms": {
        "approved": 29, 
        "translated": 669
    }, 
    "my": {
        "approved": 1, 
        "translated": 112
    }, 
    "nb": {
        "approved": 131814, 
        "translated": 139593
    }, 
    "ne": {
        "approved": 0, 
        "translated": 1
    }, 
    "nl": {
        "approved": 122783, 
        "pending_since_timestamp": 1536481529.073585, 
        "translated": 140482
    }, 
    "nn": {
        "approved": 0, 
        "translated": 1636
    }, 
    "or": {
        "approved": 0, 
        "translated": 52
    }, 
    "pl": {
        "approved": 333309, 
        "pending_since_timestamp": 1536505397.097054, 
        "translated": 333793
    }, 
    "ps": {
        "approved": 0, 
        "translated": 23
    }, 
    "pt": {
        "approved": 363623, 
        "translated": 402988
    }, 
    "pt-pt": {
        "approved": 143616, 
        "translated": 174035
    }, 
    "ro": {
        "approved": 63961, 
        "pending_since_timestamp": 1536171072.720784, 
        "translated": 68246
    }, 
    "ru": {
        "approved": 100276, 
        "translated": 121436
    }, 
    "rw": {
        "approved": 0, 
        "translated": 0
    }, 
    "si": {
        "approved": 0, 
        "translated": 198
    }, 
    "sk": {
        "approved": 0, 
        "translated": 2178
    }, 
    "sl": {
        "approved": 0, 
        "translated": 0
    }, 
    "sq": {
        "approved": 90640, 
        "translated": 95087
    }, 
    "sr": {
        "approved": 63143, 
        "translated": 81520
    }, 
    "sv": {
        "approved": 159496, 
        "translated": 546277
    }, 
    "sw": {
        "approved": 0, 
        "translated": 0
    }, 
    "ta": {
        "approved": 41115, 
        "pending_since_timestamp": 1536516634.145968, 
        "translated": 62087
    }, 
    "te": {
        "approved": 16, 
        "translated": 227
    }, 
    "th": {
        "approved": 303, 
        "translated": 133478
    }, 
    "tr": {
        "approved": 309881, 
        "pending_since_timestamp": 1536521905.797647, 
        "translated": 415949
    }, 
    "uk": {
        "approved": 2795, 
        "pending_since_timestamp": 1536342033.10364, 
        "translated": 17933
    }, 
    "ur": {
        "approved": 54621, 
        "translated": 57552
    }, 
    "uz": {
        "approved": 77051, 
        "translated": 79833
    }, 
    "vi": {
        "approved": 2, 
        "translated": 2011
    }, 
    "xh": {
        "approved": 40, 
        "translated": 40
    }, 
    "zh-hans": {
        "approved": 145036, 
        "pending_since_timestamp": 1536505397.097054, 
        "translated": 208994
    }, 
    "zh-hant": {
        "approved": 9589, 
        "pending_since_timestamp": 1536171072.720784, 
        "translated": 69105
    }, 
    "zu": {
        "approved": 1, 
        "translated": 18
    }
}