{
    "ar": {
        "approved": 0, 
        "translated": 4634
    }, 
    "bg": {
        "approved": 170353, 
        "translated": 187423
    }, 
    "bn": {
        "approved": 73358, 
        "pending_since_timestamp": 1460683743.016996, 
        "translated": 121957
    }, 
    "cs": {
        "approved": 12764, 
        "translated": 30140
    }, 
    "da": {
        "approved": 40055, 
        "pending_since_timestamp": 1460833840.026777, 
        "translated": 88738
    }, 
    "de": {
        "approved": 149910, 
        "translated": 150156
    }, 
    "el": {
        "approved": 257, 
        "translated": 7378
    }, 
    "es": {
        "approved": 250605, 
        "pending_since_timestamp": 1460845811.777421, 
        "translated": 368271
    }, 
    "fa": {
        "approved": 0, 
        "translated": 211
    }, 
    "fa-af": {
        "approved": 0, 
        "translated": 72
    }, 
    "fr": {
        "approved": 149357, 
        "translated": 157598
    }, 
    "he": {
        "approved": 9242, 
        "translated": 9257
    }, 
    "hi": {
        "approved": 69606, 
        "translated": 88572
    }, 
    "hy": {
        "approved": 0, 
        "pending_since_timestamp": 1460838517.916761, 
        "translated": 1608
    }, 
    "id": {
        "approved": 0, 
        "translated": 8153
    }, 
    "it": {
        "approved": 0, 
        "pending_since_timestamp": 1460841058.642122, 
        "translated": 94177
    }, 
    "ja": {
        "approved": 26402, 
        "translated": 58963
    }, 
    "ka": {
        "approved": 116370, 
        "pending_since_timestamp": 1460830259.251229, 
        "translated": 118468
    }, 
    "ko": {
        "approved": 110215, 
        "pending_since_timestamp": 1460809453.453369, 
        "translated": 134276
    }, 
    "lol": {
        "approved": 587, 
        "translated": 7585
    }, 
    "mn": {
        "approved": 75554, 
        "pending_since_timestamp": 1460819361.380016, 
        "translated": 82681
    }, 
    "ms": {
        "approved": 0, 
        "translated": 750
    }, 
    "nb": {
        "approved": 88695, 
        "translated": 89736
    }, 
    "nl": {
        "approved": 54534, 
        "pending_since_timestamp": 1460815479.536364, 
        "translated": 103929
    }, 
    "pl": {
        "approved": 187042, 
        "pending_since_timestamp": 1460843386.280706, 
        "translated": 189453
    }, 
    "pt": {
        "approved": 184572, 
        "translated": 365507
    }, 
    "pt-pt": {
        "approved": 17619, 
        "translated": 117913
    }, 
    "ru": {
        "approved": 1176, 
        "translated": 20876
    }, 
    "sr": {
        "approved": 47736, 
        "translated": 364232
    }, 
    "sw": {
        "approved": 12156, 
        "translated": 35898
    }, 
    "te": {
        "approved": 0, 
        "translated": 216
    }, 
    "th": {
        "approved": 0, 
        "translated": 128659
    }, 
    "tr": {
        "approved": 170062, 
        "translated": 274450
    }, 
    "uk": {
        "approved": 0, 
        "translated": 2580
    }, 
    "ur": {
        "approved": 0, 
        "translated": 1552
    }, 
    "xh": {
        "approved": 0, 
        "translated": 1
    }, 
    "zh-hans": {
        "approved": 0, 
        "translated": 4105
    }, 
    "zu": {
        "approved": 0, 
        "translated": 23
    }
}