{
    "ar": {
        "approved": 0, 
        "translated": 4343
    }, 
    "bg": {
        "approved": 197916, 
        "translated": 200294
    }, 
    "bn": {
        "approved": 94206, 
        "pending_since_timestamp": 1466438214.958569, 
        "translated": 124453
    }, 
    "cs": {
        "approved": 12269, 
        "translated": 30632
    }, 
    "da": {
        "approved": 76037, 
        "translated": 84229
    }, 
    "de": {
        "approved": 152557, 
        "translated": 152724
    }, 
    "el": {
        "approved": 323, 
        "translated": 7392
    }, 
    "es": {
        "approved": 279586, 
        "pending_since_timestamp": 1466456109.055839, 
        "translated": 376416
    }, 
    "fa": {
        "approved": 0, 
        "translated": 107
    }, 
    "fa-af": {
        "approved": 0, 
        "translated": 72
    }, 
    "fr": {
        "approved": 162374, 
        "pending_since_timestamp": 1466447956.584251, 
        "translated": 169978
    }, 
    "he": {
        "approved": 8580, 
        "translated": 8590
    }, 
    "hi": {
        "approved": 69757, 
        "pending_since_timestamp": 1466455472.090206, 
        "translated": 105703
    }, 
    "hy": {
        "approved": 0, 
        "translated": 3014
    }, 
    "id": {
        "approved": 0, 
        "translated": 7309
    }, 
    "it": {
        "approved": 0, 
        "pending_since_timestamp": 1466413344.122271, 
        "translated": 98227
    }, 
    "ja": {
        "approved": 32375, 
        "pending_since_timestamp": 1466412599.978984, 
        "translated": 80083
    }, 
    "ka": {
        "approved": 133152, 
        "pending_since_timestamp": 1466438214.958569, 
        "translated": 136268
    }, 
    "ko": {
        "approved": 125711, 
        "translated": 145536
    }, 
    "lol": {
        "approved": 603, 
        "translated": 8849
    }, 
    "mn": {
        "approved": 75377, 
        "translated": 83202
    }, 
    "ms": {
        "approved": 0, 
        "pending_since_timestamp": 1465568490.645855, 
        "translated": 734
    }, 
    "nb": {
        "approved": 98555, 
        "translated": 101635
    }, 
    "nl": {
        "approved": 80650, 
        "translated": 116541
    }, 
    "pl": {
        "approved": 199512, 
        "pending_since_timestamp": 1466452570.633847, 
        "translated": 200134
    }, 
    "pt": {
        "approved": 200583, 
        "translated": 373683
    }, 
    "pt-pt": {
        "approved": 18882, 
        "pending_since_timestamp": 1466419205.490918, 
        "translated": 114388
    }, 
    "ru": {
        "approved": 1163, 
        "translated": 19674
    }, 
    "sr": {
        "approved": 45317, 
        "pending_since_timestamp": 1466452570.633847, 
        "translated": 372384
    }, 
    "sw": {
        "approved": 11735, 
        "translated": 33643
    }, 
    "te": {
        "approved": 0, 
        "translated": 216
    }, 
    "th": {
        "approved": 0, 
        "translated": 120798
    }, 
    "tr": {
        "approved": 210099, 
        "translated": 279221
    }, 
    "uk": {
        "approved": 0, 
        "translated": 2563
    }, 
    "ur": {
        "approved": 0, 
        "translated": 1465
    }, 
    "xh": {
        "approved": 0, 
        "translated": 1
    }, 
    "zh-hans": {
        "approved": 0, 
        "translated": 5153
    }, 
    "zu": {
        "approved": 0, 
        "translated": 23
    }
}