{
    "ar": {
        "approved": 0, 
        "translated": 4343
    }, 
    "bg": {
        "approved": 197925, 
        "translated": 200558
    }, 
    "bn": {
        "approved": 94217, 
        "pending_since_timestamp": 1466533824.430893, 
        "translated": 124602
    }, 
    "cs": {
        "approved": 12269, 
        "pending_since_timestamp": 1466533824.430893, 
        "translated": 30632
    }, 
    "da": {
        "approved": 76037, 
        "pending_since_timestamp": 1466533824.430893, 
        "translated": 84229
    }, 
    "de": {
        "approved": 152620, 
        "pending_since_timestamp": 1466521469.745417, 
        "translated": 152791
    }, 
    "el": {
        "approved": 323, 
        "pending_since_timestamp": 1466524556.605278, 
        "translated": 7392
    }, 
    "es": {
        "approved": 279719, 
        "pending_since_timestamp": 1466490249.303185, 
        "translated": 376549
    }, 
    "fa": {
        "approved": 0, 
        "translated": 107
    }, 
    "fa-af": {
        "approved": 0, 
        "translated": 72
    }, 
    "fr": {
        "approved": 162436, 
        "pending_since_timestamp": 1466533824.430893, 
        "translated": 170027
    }, 
    "he": {
        "approved": 8580, 
        "translated": 8590
    }, 
    "hi": {
        "approved": 69755, 
        "translated": 106073
    }, 
    "hy": {
        "approved": 0, 
        "pending_since_timestamp": 1466533824.430893, 
        "translated": 3014
    }, 
    "id": {
        "approved": 0, 
        "pending_since_timestamp": 1466533824.430893, 
        "translated": 7309
    }, 
    "it": {
        "approved": 0, 
        "pending_since_timestamp": 1466494910.717966, 
        "translated": 98247
    }, 
    "ja": {
        "approved": 32375, 
        "pending_since_timestamp": 1466501580.583016, 
        "translated": 80177
    }, 
    "ka": {
        "approved": 133213, 
        "pending_since_timestamp": 1466541665.536471, 
        "translated": 136644
    }, 
    "ko": {
        "approved": 125718, 
        "pending_since_timestamp": 1466533824.430893, 
        "translated": 145780
    }, 
    "lol": {
        "approved": 603, 
        "translated": 8849
    }, 
    "mn": {
        "approved": 75386, 
        "pending_since_timestamp": 1466533824.430893, 
        "translated": 83212
    }, 
    "ms": {
        "approved": 0, 
        "translated": 735
    }, 
    "nb": {
        "approved": 98555, 
        "pending_since_timestamp": 1466533824.430893, 
        "translated": 101635
    }, 
    "nl": {
        "approved": 80650, 
        "pending_since_timestamp": 1466533824.430893, 
        "translated": 116541
    }, 
    "pl": {
        "approved": 199706, 
        "translated": 200465
    }, 
    "pt": {
        "approved": 200623, 
        "pending_since_timestamp": 1466548555.107746, 
        "translated": 373705
    }, 
    "pt-pt": {
        "approved": 18892, 
        "pending_since_timestamp": 1466500341.88778, 
        "translated": 114572
    }, 
    "ru": {
        "approved": 1163, 
        "pending_since_timestamp": 1466533824.430893, 
        "translated": 19674
    }, 
    "sr": {
        "approved": 45317, 
        "pending_since_timestamp": 1466524556.605278, 
        "translated": 372377
    }, 
    "sw": {
        "approved": 11735, 
        "pending_since_timestamp": 1466533824.430893, 
        "translated": 33643
    }, 
    "te": {
        "approved": 0, 
        "pending_since_timestamp": 1466533824.430893, 
        "translated": 216
    }, 
    "th": {
        "approved": 0, 
        "pending_since_timestamp": 1466533824.430893, 
        "translated": 120798
    }, 
    "tr": {
        "approved": 210139, 
        "translated": 279283
    }, 
    "uk": {
        "approved": 0, 
        "pending_since_timestamp": 1466533824.430893, 
        "translated": 2563
    }, 
    "ur": {
        "approved": 0, 
        "translated": 1465
    }, 
    "xh": {
        "approved": 0, 
        "translated": 1
    }, 
    "zh-hans": {
        "approved": 0, 
        "pending_since_timestamp": 1466533824.430893, 
        "translated": 5153
    }, 
    "zu": {
        "approved": 0, 
        "translated": 23
    }
}