{
    "af": {
        "approved": 19, 
        "translated": 1516
    }, 
    "am": {
        "approved": 0, 
        "translated": 0
    }, 
    "ar": {
        "approved": 579, 
        "pending_since_timestamp": 1529584215.564083, 
        "translated": 27471
    }, 
    "az": {
        "approved": 35988, 
        "translated": 37763
    }, 
    "bg": {
        "approved": 300540, 
        "pending_since_timestamp": 1529613779.051223, 
        "translated": 301053
    }, 
    "bn": {
        "approved": 150610, 
        "translated": 160961
    }, 
    "ca": {
        "approved": 3, 
        "translated": 2077
    }, 
    "cs": {
        "approved": 88319, 
        "pending_since_timestamp": 1529604449.874256, 
        "translated": 116911
    }, 
    "da": {
        "approved": 145755, 
        "pending_since_timestamp": 1529604449.874256, 
        "translated": 169147
    }, 
    "de": {
        "approved": 289026, 
        "translated": 533311
    }, 
    "el": {
        "approved": 5532, 
        "pending_since_timestamp": 1529613779.051223, 
        "translated": 24445
    }, 
    "es": {
        "approved": 402381, 
        "pending_since_timestamp": 1529624994.670747, 
        "translated": 423612
    }, 
    "et": {
        "approved": 45080, 
        "translated": 46408
    }, 
    "fa": {
        "approved": 1, 
        "translated": 192
    }, 
    "fa-af": {
        "approved": 31, 
        "translated": 103
    }, 
    "fi": {
        "approved": 82554, 
        "pending_since_timestamp": 1529472433.382866, 
        "translated": 84679
    }, 
    "fil": {
        "approved": 210, 
        "translated": 303
    }, 
    "fr": {
        "approved": 279450, 
        "translated": 283033
    }, 
    "gu": {
        "approved": 34178, 
        "pending_since_timestamp": 1529584215.564083, 
        "translated": 61962
    }, 
    "he": {
        "approved": 7268, 
        "translated": 8873
    }, 
    "hi": {
        "approved": 169208, 
        "translated": 182092
    }, 
    "hr": {
        "approved": 10999, 
        "translated": 16742
    }, 
    "ht": {
        "approved": 1, 
        "translated": 5
    }, 
    "hu": {
        "approved": 89029, 
        "pending_since_timestamp": 1529483104.09179, 
        "translated": 107056
    }, 
    "hy": {
        "approved": 91797, 
        "translated": 99528
    }, 
    "id": {
        "approved": 43943, 
        "translated": 64158
    }, 
    "it": {
        "approved": 135524, 
        "translated": 155992
    }, 
    "ja": {
        "approved": 127967, 
        "translated": 145011
    }, 
    "ka": {
        "approved": 263275, 
        "translated": 265160
    }, 
    "ki": {
        "approved": 0, 
        "translated": 37
    }, 
    "km": {
        "approved": 0, 
        "translated": 52
    }, 
    "kn": {
        "approved": 984, 
        "pending_since_timestamp": 1529584215.564083, 
        "translated": 16145
    }, 
    "ko": {
        "approved": 180344, 
        "translated": 198933
    }, 
    "ky": {
        "approved": 0, 
        "translated": 25
    }, 
    "lol": {
        "approved": 67364, 
        "translated": 82570
    }, 
    "lt": {
        "approved": 74325, 
        "translated": 76218
    }, 
    "lv": {
        "approved": 54728, 
        "pending_since_timestamp": 1529480776.637717, 
        "translated": 55097
    }, 
    "mn": {
        "approved": 87372, 
        "translated": 115288
    }, 
    "mr": {
        "approved": 0, 
        "translated": 0
    }, 
    "ms": {
        "approved": 29, 
        "pending_since_timestamp": 1529558024.788411, 
        "translated": 671
    }, 
    "my": {
        "approved": 1, 
        "translated": 117
    }, 
    "nb": {
        "approved": 135132, 
        "translated": 142620
    }, 
    "ne": {
        "approved": 0, 
        "translated": 1
    }, 
    "nl": {
        "approved": 118387, 
        "translated": 137548
    }, 
    "nn": {
        "approved": 0, 
        "translated": 1653
    }, 
    "or": {
        "approved": 0, 
        "translated": 54
    }, 
    "pl": {
        "approved": 320966, 
        "translated": 321692
    }, 
    "ps": {
        "approved": 0, 
        "translated": 24
    }, 
    "pt": {
        "approved": 357187, 
        "translated": 397578
    }, 
    "pt-pt": {
        "approved": 143189, 
        "pending_since_timestamp": 1529584215.564083, 
        "translated": 175398
    }, 
    "ro": {
        "approved": 64185, 
        "translated": 68270
    }, 
    "ru": {
        "approved": 98417, 
        "pending_since_timestamp": 1529602548.030644, 
        "translated": 122601
    }, 
    "rw": {
        "approved": 0, 
        "translated": 0
    }, 
    "si": {
        "approved": 0, 
        "translated": 200
    }, 
    "sk": {
        "approved": 0, 
        "translated": 2228
    }, 
    "sl": {
        "approved": 0, 
        "translated": 0
    }, 
    "sq": {
        "approved": 49739, 
        "pending_since_timestamp": 1529480776.637717, 
        "translated": 66129
    }, 
    "sr": {
        "approved": 65561, 
        "pending_since_timestamp": 1529624994.670747, 
        "translated": 83198
    }, 
    "sv": {
        "approved": 155049, 
        "translated": 548090
    }, 
    "sw": {
        "approved": 0, 
        "translated": 0
    }, 
    "ta": {
        "approved": 46208, 
        "translated": 63067
    }, 
    "te": {
        "approved": 16, 
        "translated": 227
    }, 
    "th": {
        "approved": 303, 
        "pending_since_timestamp": 1529598128.436067, 
        "translated": 135501
    }, 
    "tr": {
        "approved": 305389, 
        "translated": 408166
    }, 
    "uk": {
        "approved": 98, 
        "translated": 2499
    }, 
    "ur": {
        "approved": 54677, 
        "translated": 57587
    }, 
    "uz": {
        "approved": 143, 
        "pending_since_timestamp": 1529584215.564083, 
        "translated": 1757
    }, 
    "vi": {
        "approved": 2, 
        "translated": 1888
    }, 
    "xh": {
        "approved": 40, 
        "translated": 40
    }, 
    "zh-hans": {
        "approved": 76545, 
        "translated": 126234
    }, 
    "zh-hant": {
        "approved": 9595, 
        "translated": 68821
    }, 
    "zu": {
        "approved": 1, 
        "translated": 18
    }
}