{
    "af": {
        "approved": 19, 
        "translated": 1514
    }, 
    "am": {
        "approved": 0, 
        "translated": 0
    }, 
    "ar": {
        "approved": 624, 
        "pending_since_timestamp": 1534181168.872592, 
        "translated": 32095
    }, 
    "az": {
        "approved": 35950, 
        "translated": 37712
    }, 
    "bg": {
        "approved": 308506, 
        "pending_since_timestamp": 1534533618.731217, 
        "translated": 313495
    }, 
    "bn": {
        "approved": 146443, 
        "pending_since_timestamp": 1534422923.808572, 
        "translated": 156976
    }, 
    "ca": {
        "approved": 3, 
        "translated": 2048
    }, 
    "cs": {
        "approved": 105144, 
        "pending_since_timestamp": 1534432832.683013, 
        "translated": 119969
    }, 
    "da": {
        "approved": 156737, 
        "pending_since_timestamp": 1534322705.505004, 
        "translated": 178009
    }, 
    "de": {
        "approved": 291145, 
        "translated": 532847
    }, 
    "el": {
        "approved": 77007, 
        "pending_since_timestamp": 1534278380.732946, 
        "translated": 92374
    }, 
    "es": {
        "approved": 411096, 
        "pending_since_timestamp": 1534422923.808572, 
        "translated": 433929
    }, 
    "et": {
        "approved": 45022, 
        "translated": 46343
    }, 
    "fa": {
        "approved": 1, 
        "translated": 191
    }, 
    "fa-af": {
        "approved": 31, 
        "translated": 103
    }, 
    "fi": {
        "approved": 82630, 
        "pending_since_timestamp": 1534422923.808572, 
        "translated": 84315
    }, 
    "fil": {
        "approved": 206, 
        "translated": 299
    }, 
    "fr": {
        "approved": 277692, 
        "pending_since_timestamp": 1534422923.808572, 
        "translated": 281451
    }, 
    "gu": {
        "approved": 35704, 
        "pending_since_timestamp": 1534283410.467031, 
        "translated": 117004
    }, 
    "he": {
        "approved": 8699, 
        "pending_since_timestamp": 1534533618.731217, 
        "translated": 8721
    }, 
    "hi": {
        "approved": 167904, 
        "translated": 180280
    }, 
    "hr": {
        "approved": 10969, 
        "translated": 16650
    }, 
    "ht": {
        "approved": 1, 
        "translated": 5
    }, 
    "hu": {
        "approved": 89945, 
        "pending_since_timestamp": 1534181168.872592, 
        "translated": 108638
    }, 
    "hy": {
        "approved": 95290, 
        "pending_since_timestamp": 1534430655.759054, 
        "translated": 105371
    }, 
    "id": {
        "approved": 58133, 
        "translated": 76678
    }, 
    "it": {
        "approved": 155940, 
        "translated": 170943
    }, 
    "ja": {
        "approved": 124532, 
        "pending_since_timestamp": 1534422923.808572, 
        "translated": 142640
    }, 
    "ka": {
        "approved": 266145, 
        "pending_since_timestamp": 1534422923.808572, 
        "translated": 268575
    }, 
    "ki": {
        "approved": 0, 
        "translated": 37
    }, 
    "km": {
        "approved": 0, 
        "translated": 52
    }, 
    "kn": {
        "approved": 7969, 
        "pending_since_timestamp": 1534138557.644147, 
        "translated": 20197
    }, 
    "ko": {
        "approved": 178886, 
        "pending_since_timestamp": 1534422923.808572, 
        "translated": 205885
    }, 
    "ky": {
        "approved": 0, 
        "translated": 25
    }, 
    "lol": {
        "approved": 67080, 
        "translated": 82284
    }, 
    "lt": {
        "approved": 74029, 
        "translated": 75900
    }, 
    "lv": {
        "approved": 54664, 
        "translated": 55070
    }, 
    "mn": {
        "approved": 82708, 
        "translated": 110625
    }, 
    "mr": {
        "approved": 0, 
        "translated": 0
    }, 
    "ms": {
        "approved": 29, 
        "translated": 672
    }, 
    "my": {
        "approved": 1, 
        "translated": 112
    }, 
    "nb": {
        "approved": 130328, 
        "pending_since_timestamp": 1534422923.808572, 
        "translated": 137819
    }, 
    "ne": {
        "approved": 0, 
        "translated": 1
    }, 
    "nl": {
        "approved": 121435, 
        "translated": 139576
    }, 
    "nn": {
        "approved": 0, 
        "translated": 1651
    }, 
    "or": {
        "approved": 0, 
        "translated": 52
    }, 
    "pl": {
        "approved": 328368, 
        "pending_since_timestamp": 1534422923.808572, 
        "translated": 329146
    }, 
    "ps": {
        "approved": 0, 
        "translated": 23
    }, 
    "pt": {
        "approved": 359726, 
        "pending_since_timestamp": 1534454164.055207, 
        "translated": 399506
    }, 
    "pt-pt": {
        "approved": 143405, 
        "pending_since_timestamp": 1534283410.467031, 
        "translated": 173319
    }, 
    "ro": {
        "approved": 64015, 
        "translated": 68305
    }, 
    "ru": {
        "approved": 100357, 
        "pending_since_timestamp": 1534533618.731217, 
        "translated": 121549
    }, 
    "rw": {
        "approved": 0, 
        "translated": 0
    }, 
    "si": {
        "approved": 0, 
        "translated": 198
    }, 
    "sk": {
        "approved": 0, 
        "translated": 2180
    }, 
    "sl": {
        "approved": 0, 
        "translated": 0
    }, 
    "sq": {
        "approved": 64203, 
        "translated": 69110
    }, 
    "sr": {
        "approved": 63220, 
        "pending_since_timestamp": 1534422923.808572, 
        "translated": 81499
    }, 
    "sv": {
        "approved": 156089, 
        "pending_since_timestamp": 1534422923.808572, 
        "translated": 544302
    }, 
    "sw": {
        "approved": 0, 
        "translated": 0
    }, 
    "ta": {
        "approved": 41279, 
        "pending_since_timestamp": 1534422923.808572, 
        "translated": 59414
    }, 
    "te": {
        "approved": 16, 
        "translated": 227
    }, 
    "th": {
        "approved": 303, 
        "translated": 133582
    }, 
    "tr": {
        "approved": 308994, 
        "pending_since_timestamp": 1534430655.759054, 
        "translated": 412594
    }, 
    "uk": {
        "approved": 138, 
        "pending_since_timestamp": 1534181168.872592, 
        "translated": 16435
    }, 
    "ur": {
        "approved": 54643, 
        "pending_since_timestamp": 1534181168.872592, 
        "translated": 57536
    }, 
    "uz": {
        "approved": 139, 
        "pending_since_timestamp": 1534094227.593186, 
        "translated": 1864
    }, 
    "vi": {
        "approved": 2, 
        "pending_since_timestamp": 1534094227.593186, 
        "translated": 1983
    }, 
    "xh": {
        "approved": 40, 
        "translated": 40
    }, 
    "zh-hans": {
        "approved": 130579, 
        "pending_since_timestamp": 1534533618.731217, 
        "translated": 199274
    }, 
    "zh-hant": {
        "approved": 9573, 
        "pending_since_timestamp": 1533973041.2175, 
        "translated": 66247
    }, 
    "zu": {
        "approved": 1, 
        "translated": 18
    }
}