{
    "af": {
        "approved": 19, 
        "translated": 1519
    }, 
    "am": {
        "approved": 0, 
        "translated": 0
    }, 
    "ar": {
        "approved": 579, 
        "pending_since_timestamp": 1526298740.825981, 
        "translated": 23878
    }, 
    "az": {
        "approved": 36014, 
        "translated": 37791
    }, 
    "bg": {
        "approved": 297684, 
        "translated": 299389
    }, 
    "bn": {
        "approved": 150342, 
        "pending_since_timestamp": 1526401727.696034, 
        "translated": 158427
    }, 
    "ca": {
        "approved": 3, 
        "translated": 2080
    }, 
    "cs": {
        "approved": 86012, 
        "pending_since_timestamp": 1526412127.929408, 
        "translated": 113566
    }, 
    "da": {
        "approved": 93617, 
        "translated": 117991
    }, 
    "de": {
        "approved": 278106, 
        "pending_since_timestamp": 1526396473.285507, 
        "translated": 529944
    }, 
    "el": {
        "approved": 5382, 
        "pending_since_timestamp": 1526286014.747128, 
        "translated": 24315
    }, 
    "es": {
        "approved": 390881, 
        "pending_since_timestamp": 1526430018.982026, 
        "translated": 413458
    }, 
    "et": {
        "approved": 45119, 
        "translated": 46450
    }, 
    "fa": {
        "approved": 1, 
        "translated": 192
    }, 
    "fa-af": {
        "approved": 31, 
        "translated": 103
    }, 
    "fi": {
        "approved": 82680, 
        "translated": 84808
    }, 
    "fil": {
        "approved": 210, 
        "translated": 303
    }, 
    "fr": {
        "approved": 276713, 
        "pending_since_timestamp": 1526388703.129901, 
        "translated": 280427
    }, 
    "gu": {
        "approved": 33585, 
        "translated": 37526
    }, 
    "he": {
        "approved": 7275, 
        "pending_since_timestamp": 1526363962.931134, 
        "translated": 8719
    }, 
    "hi": {
        "approved": 169162, 
        "pending_since_timestamp": 1526424870.685485, 
        "translated": 182014
    }, 
    "hr": {
        "approved": 11024, 
        "translated": 16770
    }, 
    "ht": {
        "approved": 1, 
        "translated": 5
    }, 
    "hu": {
        "approved": 89136, 
        "pending_since_timestamp": 1526424870.685485, 
        "translated": 107017
    }, 
    "hy": {
        "approved": 86508, 
        "pending_since_timestamp": 1526388703.129901, 
        "translated": 94872
    }, 
    "id": {
        "approved": 37401, 
        "pending_since_timestamp": 1526268209.584644, 
        "translated": 49975
    }, 
    "it": {
        "approved": 135665, 
        "translated": 155848
    }, 
    "ja": {
        "approved": 124288, 
        "pending_since_timestamp": 1526424870.685485, 
        "translated": 142013
    }, 
    "ka": {
        "approved": 259223, 
        "pending_since_timestamp": 1526406544.479182, 
        "translated": 260903
    }, 
    "ki": {
        "approved": 0, 
        "translated": 37
    }, 
    "km": {
        "approved": 0, 
        "translated": 52
    }, 
    "kn": {
        "approved": 0, 
        "pending_since_timestamp": 1526276023.957965, 
        "translated": 9662
    }, 
    "ko": {
        "approved": 179022, 
        "pending_since_timestamp": 1526434823.749887, 
        "translated": 193689
    }, 
    "ky": {
        "approved": 0, 
        "translated": 26
    }, 
    "lol": {
        "approved": -158, 
        "translated": 7938
    }, 
    "lt": {
        "approved": 0, 
        "translated": 1601
    }, 
    "lv": {
        "approved": 54767, 
        "translated": 54801
    }, 
    "mn": {
        "approved": 87431, 
        "translated": 115347
    }, 
    "mr": {
        "approved": 0, 
        "translated": 0
    }, 
    "ms": {
        "approved": 29, 
        "translated": 674
    }, 
    "my": {
        "approved": 0, 
        "pending_since_timestamp": 1526315239.791419, 
        "translated": 113
    }, 
    "nb": {
        "approved": 133859, 
        "translated": 141016
    }, 
    "ne": {
        "approved": 0, 
        "translated": 1
    }, 
    "nl": {
        "approved": 117850, 
        "translated": 137247
    }, 
    "nn": {
        "approved": 0, 
        "translated": 1655
    }, 
    "or": {
        "approved": 0, 
        "translated": 56
    }, 
    "pl": {
        "approved": 317488, 
        "pending_since_timestamp": 1526404255.216419, 
        "translated": 318015
    }, 
    "ps": {
        "approved": 0, 
        "translated": 24
    }, 
    "pt": {
        "approved": 345064, 
        "pending_since_timestamp": 1526388703.129901, 
        "translated": 394725
    }, 
    "pt-pt": {
        "approved": 143194, 
        "translated": 175126
    }, 
    "ro": {
        "approved": 63334, 
        "pending_since_timestamp": 1526246961.721005, 
        "translated": 68007
    }, 
    "ru": {
        "approved": 97836, 
        "translated": 120389
    }, 
    "rw": {
        "approved": 0, 
        "translated": 0
    }, 
    "si": {
        "approved": 0, 
        "translated": 202
    }, 
    "sk": {
        "approved": 0, 
        "translated": 2232
    }, 
    "sl": {
        "approved": 0, 
        "translated": 0
    }, 
    "sq": {
        "approved": 49780, 
        "translated": 66155
    }, 
    "sr": {
        "approved": 65624, 
        "translated": 82618
    }, 
    "sv": {
        "approved": 149385, 
        "translated": 547089
    }, 
    "sw": {
        "approved": 0, 
        "translated": 0
    }, 
    "ta": {
        "approved": 41954, 
        "pending_since_timestamp": 1526424870.685485, 
        "translated": 60210
    }, 
    "te": {
        "approved": 16, 
        "translated": 227
    }, 
    "th": {
        "approved": 303, 
        "pending_since_timestamp": 1526388703.129901, 
        "translated": 130219
    }, 
    "tr": {
        "approved": 302936, 
        "pending_since_timestamp": 1526427290.563022, 
        "translated": 406180
    }, 
    "uk": {
        "approved": 98, 
        "translated": 2373
    }, 
    "ur": {
        "approved": 54705, 
        "translated": 57621
    }, 
    "uz": {
        "approved": 147, 
        "translated": 1442
    }, 
    "vi": {
        "approved": 2, 
        "translated": 1479
    }, 
    "xh": {
        "approved": 40, 
        "translated": 40
    }, 
    "zh-hans": {
        "approved": 73035, 
        "pending_since_timestamp": 1526414090.185161, 
        "translated": 99532
    }, 
    "zh-hant": {
        "approved": 9513, 
        "pending_since_timestamp": 1526281798.627156, 
        "translated": 68711
    }, 
    "zu": {
        "approved": 1, 
        "translated": 18
    }
}