{
    "ar": {
        "approved": 221, 
        "translated": 4032
    }, 
    "bg": {
        "approved": 198064, 
        "pending_since_timestamp": 1488114987.018363, 
        "translated": 213856
    }, 
    "bn": {
        "approved": 127218, 
        "translated": 140673
    }, 
    "cs": {
        "approved": 12206, 
        "translated": 28903
    }, 
    "da": {
        "approved": 74385, 
        "translated": 81600
    }, 
    "de": {
        "approved": 203593, 
        "pending_since_timestamp": 1488117510.204007, 
        "translated": 203736
    }, 
    "el": {
        "approved": 1214, 
        "pending_since_timestamp": 1488103447.670324, 
        "translated": 16159
    }, 
    "es": {
        "approved": 334749, 
        "translated": 351390
    }, 
    "fa": {
        "approved": 1, 
        "translated": 103
    }, 
    "fa-af": {
        "approved": 31, 
        "translated": 104
    }, 
    "fr": {
        "approved": 221168, 
        "pending_since_timestamp": 1488116316.649623, 
        "translated": 228639
    }, 
    "he": {
        "approved": 6492, 
        "translated": 7038
    }, 
    "hi": {
        "approved": 100289, 
        "translated": 115609
    }, 
    "hy": {
        "approved": 7405, 
        "translated": 12321
    }, 
    "id": {
        "approved": 532, 
        "translated": 6441
    }, 
    "it": {
        "approved": 66981, 
        "translated": 114852
    }, 
    "ja": {
        "approved": 99939, 
        "translated": 117044
    }, 
    "ka": {
        "approved": 191929, 
        "pending_since_timestamp": 1488117510.204007, 
        "translated": 197068
    }, 
    "ko": {
        "approved": 153468, 
        "translated": 162944
    }, 
    "lol": {
        "approved": 397, 
        "translated": 8647
    }, 
    "mn": {
        "approved": 79859, 
        "translated": 89902
    }, 
    "ms": {
        "approved": 29, 
        "translated": 682
    }, 
    "nb": {
        "approved": 95984, 
        "translated": 99184
    }, 
    "nl": {
        "approved": 103427, 
        "translated": 127090
    }, 
    "pl": {
        "approved": 254284, 
        "translated": 254516
    }, 
    "pt": {
        "approved": 258091, 
        "translated": 295067
    }, 
    "pt-pt": {
        "approved": 71433, 
        "pending_since_timestamp": 1488114987.018363, 
        "translated": 103561
    }, 
    "ru": {
        "approved": 1634, 
        "translated": 18383
    }, 
    "sr": {
        "approved": 50791, 
        "translated": 68715
    }, 
    "sw": {
        "approved": 11627, 
        "translated": 31878
    }, 
    "te": {
        "approved": 16, 
        "translated": 214
    }, 
    "th": {
        "approved": 316, 
        "translated": 122097
    }, 
    "tr": {
        "approved": 249901, 
        "translated": 331321
    }, 
    "uk": {
        "approved": 98, 
        "translated": 2516
    }, 
    "ur": {
        "approved": 92, 
        "translated": 1200
    }, 
    "xh": {
        "approved": 40, 
        "translated": 40
    }, 
    "zh-hans": {
        "approved": 142, 
        "translated": 5473
    }, 
    "zu": {
        "approved": 1, 
        "translated": 22
    }
}