{
    "af": {
        "approved": 19, 
        "pending_since_timestamp": 1542057306.169735, 
        "translated": 1478
    }, 
    "am": {
        "approved": 0, 
        "translated": 0
    }, 
    "ar": {
        "approved": 83558, 
        "pending_since_timestamp": 1546005250.224248, 
        "translated": 213075
    }, 
    "az": {
        "approved": 35920, 
        "translated": 37637
    }, 
    "bg": {
        "approved": 332416, 
        "pending_since_timestamp": 1546075075.662563, 
        "translated": 338140
    }, 
    "bn": {
        "approved": 147680, 
        "translated": 161987
    }, 
    "ca": {
        "approved": 3, 
        "translated": 1927
    }, 
    "cs": {
        "approved": 130985, 
        "translated": 150207
    }, 
    "da": {
        "approved": 175219, 
        "pending_since_timestamp": 1546075075.662563, 
        "translated": 194388
    }, 
    "de": {
        "approved": 301831, 
        "pending_since_timestamp": 1546089296.353063, 
        "translated": 537164
    }, 
    "el": {
        "approved": 78390, 
        "pending_since_timestamp": 1545960609.686027, 
        "translated": 94115
    }, 
    "es": {
        "approved": 431698, 
        "translated": 448121
    }, 
    "et": {
        "approved": 44980, 
        "translated": 46293
    }, 
    "fa": {
        "approved": 1, 
        "translated": 190
    }, 
    "fa-af": {
        "approved": 31, 
        "translated": 103
    }, 
    "fi": {
        "approved": 82287, 
        "translated": 84182
    }, 
    "fil": {
        "approved": 204, 
        "translated": 297
    }, 
    "fr": {
        "approved": 285772, 
        "translated": 289209
    }, 
    "fv": {
        "approved": 85610, 
        "pending_since_timestamp": 1546089296.353063, 
        "translated": 85726
    }, 
    "gu": {
        "approved": 97492, 
        "translated": 141047
    }, 
    "he": {
        "approved": 8443, 
        "translated": 8446
    }, 
    "hi": {
        "approved": 167124, 
        "translated": 179493
    }, 
    "hr": {
        "approved": 10947, 
        "translated": 16547
    }, 
    "ht": {
        "approved": 1, 
        "translated": 5
    }, 
    "hu": {
        "approved": 93135, 
        "pending_since_timestamp": 1546021506.665935, 
        "translated": 113030
    }, 
    "hy": {
        "approved": 129219, 
        "pending_since_timestamp": 1546100192.591488, 
        "translated": 151851
    }, 
    "id": {
        "approved": 74700, 
        "translated": 91077
    }, 
    "it": {
        "approved": 155513, 
        "translated": 173386
    }, 
    "ja": {
        "approved": 125654, 
        "pending_since_timestamp": 1546019034.592693, 
        "translated": 146122
    }, 
    "ka": {
        "approved": 279246, 
        "pending_since_timestamp": 1546075075.662563, 
        "translated": 283456
    }, 
    "ki": {
        "approved": 0, 
        "translated": 37
    }, 
    "kk": {
        "approved": 103, 
        "translated": 103
    }, 
    "km": {
        "approved": 0, 
        "translated": 52
    }, 
    "kn": {
        "approved": 34291, 
        "pending_since_timestamp": 1545985285.079832, 
        "translated": 39913
    }, 
    "ko": {
        "approved": 189333, 
        "translated": 216350
    }, 
    "ky": {
        "approved": 0, 
        "translated": 25
    }, 
    "lol": {
        "approved": 66861, 
        "translated": 82042
    }, 
    "lt": {
        "approved": 80827, 
        "pending_since_timestamp": 1546005250.224248, 
        "translated": 82771
    }, 
    "lv": {
        "approved": 54621, 
        "translated": 55054
    }, 
    "mn": {
        "approved": 82633, 
        "translated": 110536
    }, 
    "mr": {
        "approved": 0, 
        "translated": 0
    }, 
    "ms": {
        "approved": 29, 
        "translated": 637
    }, 
    "my": {
        "approved": 1, 
        "translated": 122
    }, 
    "nb": {
        "approved": 133173, 
        "translated": 143242
    }, 
    "ne": {
        "approved": 0, 
        "translated": 1
    }, 
    "nl": {
        "approved": 129604, 
        "pending_since_timestamp": 1546089296.353063, 
        "translated": 145474
    }, 
    "nn": {
        "approved": 0, 
        "translated": 1626
    }, 
    "or": {
        "approved": 0, 
        "translated": 52
    }, 
    "pl": {
        "approved": 342851, 
        "translated": 343248
    }, 
    "ps": {
        "approved": 582, 
        "pending_since_timestamp": 1545856092.580932, 
        "translated": 923
    }, 
    "pt": {
        "approved": 372993, 
        "translated": 413964
    }, 
    "pt-pt": {
        "approved": 150565, 
        "pending_since_timestamp": 1546089296.353063, 
        "translated": 181154
    }, 
    "ro": {
        "approved": 63703, 
        "translated": 67973
    }, 
    "ru": {
        "approved": 100577, 
        "translated": 122060
    }, 
    "rw": {
        "approved": 0, 
        "translated": 0
    }, 
    "si": {
        "approved": 0, 
        "translated": 196
    }, 
    "sk": {
        "approved": 0, 
        "translated": 2153
    }, 
    "sl": {
        "approved": 0, 
        "translated": 0
    }, 
    "sq": {
        "approved": 98727, 
        "translated": 102951
    }, 
    "sr": {
        "approved": 62847, 
        "pending_since_timestamp": 1546100192.591488, 
        "translated": 81532
    }, 
    "sv": {
        "approved": 167356, 
        "translated": 541391
    }, 
    "sw": {
        "approved": 0, 
        "translated": 0
    }, 
    "ta": {
        "approved": 53798, 
        "pending_since_timestamp": 1546063143.472047, 
        "translated": 77142
    }, 
    "te": {
        "approved": 16, 
        "translated": 208
    }, 
    "th": {
        "approved": 299, 
        "translated": 134525
    }, 
    "tr": {
        "approved": 309930, 
        "pending_since_timestamp": 1546075075.662563, 
        "translated": 417989
    }, 
    "uk": {
        "approved": 70577, 
        "pending_since_timestamp": 1545856092.580932, 
        "translated": 91114
    }, 
    "ur": {
        "approved": 54603, 
        "translated": 57484
    }, 
    "uz": {
        "approved": 76754, 
        "pending_since_timestamp": 1545978407.670044, 
        "translated": 92042
    }, 
    "vi": {
        "approved": 2, 
        "translated": 1982
    }, 
    "xh": {
        "approved": 40, 
        "translated": 40
    }, 
    "zh-hans": {
        "approved": 183873, 
        "pending_since_timestamp": 1546051292.874216, 
        "translated": 253728
    }, 
    "zh-hant": {
        "approved": 10005, 
        "translated": 74511
    }, 
    "zu": {
        "approved": 1, 
        "translated": 18
    }
}