{
    "ar": {
        "approved": 0, 
        "translated": 4635
    }, 
    "bg": {
        "approved": 170407, 
        "translated": 186831
    }, 
    "bn": {
        "approved": 73375, 
        "translated": 121981
    }, 
    "cs": {
        "approved": 12765, 
        "pending_since_timestamp": 1460631177.165864, 
        "translated": 29722
    }, 
    "da": {
        "approved": 40072, 
        "pending_since_timestamp": 1460663803.177115, 
        "translated": 88284
    }, 
    "de": {
        "approved": 148994, 
        "pending_since_timestamp": 1460657177.916793, 
        "translated": 149475
    }, 
    "el": {
        "approved": 252, 
        "pending_since_timestamp": 1460631177.165864, 
        "translated": 7247
    }, 
    "es": {
        "approved": 249267, 
        "pending_since_timestamp": 1460679803.522419, 
        "translated": 367815
    }, 
    "fa": {
        "approved": 0, 
        "translated": 211
    }, 
    "fa-af": {
        "approved": 0, 
        "translated": 72
    }, 
    "fr": {
        "approved": 147280, 
        "translated": 155370
    }, 
    "he": {
        "approved": 9248, 
        "translated": 9263
    }, 
    "hi": {
        "approved": 68907, 
        "translated": 87201
    }, 
    "hy": {
        "approved": 0, 
        "translated": 1608
    }, 
    "id": {
        "approved": 0, 
        "pending_since_timestamp": 1460631177.165864, 
        "translated": 8154
    }, 
    "it": {
        "approved": 0, 
        "translated": 89839
    }, 
    "ja": {
        "approved": 26264, 
        "pending_since_timestamp": 1460631177.165864, 
        "translated": 57942
    }, 
    "ka": {
        "approved": 115724, 
        "pending_since_timestamp": 1460661327.652443, 
        "translated": 117703
    }, 
    "ko": {
        "approved": 110184, 
        "pending_since_timestamp": 1460679803.522419, 
        "translated": 133317
    }, 
    "lol": {
        "approved": 595, 
        "translated": 7594
    }, 
    "mn": {
        "approved": 75569, 
        "translated": 82546
    }, 
    "ms": {
        "approved": 0, 
        "translated": 750
    }, 
    "nb": {
        "approved": 88700, 
        "translated": 89742
    }, 
    "nl": {
        "approved": 54530, 
        "translated": 102882
    }, 
    "pl": {
        "approved": 185002, 
        "pending_since_timestamp": 1460674425.183629, 
        "translated": 187809
    }, 
    "pt": {
        "approved": 184421, 
        "translated": 365208
    }, 
    "pt-pt": {
        "approved": 17458, 
        "translated": 93679
    }, 
    "ru": {
        "approved": 1177, 
        "pending_since_timestamp": 1460631177.165864, 
        "translated": 20874
    }, 
    "sr": {
        "approved": 47736, 
        "pending_since_timestamp": 1460679803.522419, 
        "translated": 363655
    }, 
    "sw": {
        "approved": 12156, 
        "pending_since_timestamp": 1460631177.165864, 
        "translated": 35894
    }, 
    "te": {
        "approved": 0, 
        "translated": 216
    }, 
    "th": {
        "approved": 0, 
        "pending_since_timestamp": 1460631177.165864, 
        "translated": 128661
    }, 
    "tr": {
        "approved": 170072, 
        "translated": 273657
    }, 
    "uk": {
        "approved": 0, 
        "translated": 2580
    }, 
    "ur": {
        "approved": 0, 
        "translated": 1553
    }, 
    "xh": {
        "approved": 0, 
        "translated": 1
    }, 
    "zh-hans": {
        "approved": 0, 
        "translated": 4105
    }, 
    "zu": {
        "approved": 0, 
        "translated": 23
    }
}