{
    "ar": {
        "approved": 0, 
        "translated": 4837
    }, 
    "bg": {
        "approved": 175299, 
        "translated": 180540
    }, 
    "bn": {
        "approved": 60211, 
        "pending_since_timestamp": 1456416040.266161, 
        "translated": 102270
    }, 
    "cs": {
        "approved": 12911, 
        "pending_since_timestamp": 1456422485.149217, 
        "translated": 30704
    }, 
    "da": {
        "approved": 39300, 
        "pending_since_timestamp": 1456422485.149217, 
        "translated": 73942
    }, 
    "de": {
        "approved": 121342, 
        "translated": 121942
    }, 
    "el": {
        "approved": 3, 
        "pending_since_timestamp": 1456422485.149217, 
        "translated": 7412
    }, 
    "es": {
        "approved": 207158, 
        "pending_since_timestamp": 1456426207.192929, 
        "translated": 325596
    }, 
    "fa": {
        "approved": 0, 
        "translated": 247
    }, 
    "fa-af": {
        "approved": 0, 
        "translated": 72
    }, 
    "fr": {
        "approved": 120998, 
        "pending_since_timestamp": 1456428547.940337, 
        "translated": 129186
    }, 
    "he": {
        "approved": 8501, 
        "pending_since_timestamp": 1456422485.149217, 
        "translated": 9625
    }, 
    "hi": {
        "approved": 63844, 
        "translated": 79438
    }, 
    "hy": {
        "approved": 0, 
        "translated": 141
    }, 
    "id": {
        "approved": 0, 
        "translated": 8645
    }, 
    "it": {
        "approved": 0, 
        "pending_since_timestamp": 1456422485.149217, 
        "translated": 74951
    }, 
    "ja": {
        "approved": 24473, 
        "translated": 56863
    }, 
    "ko": {
        "approved": 72003, 
        "pending_since_timestamp": 1456404835.625356, 
        "translated": 103861
    }, 
    "lol": {
        "approved": 596, 
        "translated": 7925
    }, 
    "mn": {
        "approved": 41190, 
        "translated": 64507
    }, 
    "ms": {
        "approved": 0, 
        "translated": 824
    }, 
    "nb": {
        "approved": 86367, 
        "translated": 87178
    }, 
    "nl": {
        "approved": 49322, 
        "translated": 85445
    }, 
    "pl": {
        "approved": 141941, 
        "translated": 145725
    }, 
    "pt": {
        "approved": 159674, 
        "translated": 322743
    }, 
    "pt-pt": {
        "approved": 14794, 
        "pending_since_timestamp": 1456416040.266161, 
        "translated": 84975
    }, 
    "ru": {
        "approved": 1244, 
        "pending_since_timestamp": 1456422485.149217, 
        "translated": 21088
    }, 
    "sr": {
        "approved": 35894, 
        "pending_since_timestamp": 1456422485.149217, 
        "translated": 321448
    }, 
    "sw": {
        "approved": 12268, 
        "translated": 36263
    }, 
    "te": {
        "approved": 0, 
        "translated": 238
    }, 
    "th": {
        "approved": 0, 
        "pending_since_timestamp": 1456422485.149217, 
        "translated": 128896
    }, 
    "tr": {
        "approved": 170867, 
        "pending_since_timestamp": 1456425095.482126, 
        "translated": 235843
    }, 
    "uk": {
        "approved": 0, 
        "translated": 2572
    }, 
    "ur": {
        "approved": 0, 
        "pending_since_timestamp": 1456422485.149217, 
        "translated": 1645
    }, 
    "xh": {
        "approved": 0, 
        "translated": 1
    }, 
    "zh-hans": {
        "approved": 0, 
        "translated": 4444
    }, 
    "zu": {
        "approved": 0, 
        "translated": 32
    }
}