{
    "af": {
        "approved": 19, 
        "translated": 1467
    }, 
    "am": {
        "approved": 0, 
        "translated": 0
    }, 
    "ar": {
        "approved": 103962, 
        "pending_since_timestamp": 1550611931.156282, 
        "translated": 213444
    }, 
    "az": {
        "approved": 35846, 
        "translated": 37560
    }, 
    "bg": {
        "approved": 337707, 
        "pending_since_timestamp": 1550310226.057365, 
        "translated": 339533
    }, 
    "bn": {
        "approved": 148193, 
        "pending_since_timestamp": 1550286911.063226, 
        "translated": 163533
    }, 
    "ca": {
        "approved": 3, 
        "translated": 1890
    }, 
    "cs": {
        "approved": 135610, 
        "pending_since_timestamp": 1550272073.307702, 
        "translated": 153678
    }, 
    "da": {
        "approved": 175256, 
        "pending_since_timestamp": 1550272073.307702, 
        "translated": 197688
    }, 
    "de": {
        "approved": 303947, 
        "translated": 537651
    }, 
    "el": {
        "approved": 78867, 
        "pending_since_timestamp": 1550611931.156282, 
        "translated": 94620
    }, 
    "es": {
        "approved": 431205, 
        "translated": 447633
    }, 
    "et": {
        "approved": 44899, 
        "translated": 46207
    }, 
    "fa": {
        "approved": 1, 
        "translated": 189
    }, 
    "fa-af": {
        "approved": 31, 
        "translated": 103
    }, 
    "fi": {
        "approved": 82165, 
        "translated": 84057
    }, 
    "fil": {
        "approved": 202, 
        "translated": 295
    }, 
    "fr": {
        "approved": 286861, 
        "pending_since_timestamp": 1550302224.671988, 
        "translated": 290376
    }, 
    "fv": {
        "approved": 85684, 
        "translated": 85691
    }, 
    "gu": {
        "approved": 103820, 
        "pending_since_timestamp": 1550611931.156282, 
        "translated": 146996
    }, 
    "he": {
        "approved": 8329, 
        "translated": 8332
    }, 
    "hi": {
        "approved": 166766, 
        "translated": 179132
    }, 
    "hr": {
        "approved": 10873, 
        "translated": 16472
    }, 
    "ht": {
        "approved": 1, 
        "translated": 5
    }, 
    "hu": {
        "approved": 95563, 
        "pending_since_timestamp": 1550272073.307702, 
        "translated": 114914
    }, 
    "hy": {
        "approved": 148335, 
        "pending_since_timestamp": 1550272073.307702, 
        "translated": 170561
    }, 
    "id": {
        "approved": 87318, 
        "pending_since_timestamp": 1550611931.156282, 
        "translated": 91698
    }, 
    "it": {
        "approved": 155147, 
        "pending_since_timestamp": 1550611931.156282, 
        "translated": 173909
    }, 
    "ja": {
        "approved": 125516, 
        "pending_since_timestamp": 1550611931.156282, 
        "translated": 146862
    }, 
    "ka": {
        "approved": 282706, 
        "pending_since_timestamp": 1550310226.057365, 
        "translated": 286298
    }, 
    "ki": {
        "approved": 0, 
        "translated": 37
    }, 
    "kk": {
        "approved": 103, 
        "translated": 103
    }, 
    "km": {
        "approved": 0, 
        "pending_since_timestamp": 1550611931.156282, 
        "translated": 52
    }, 
    "kn": {
        "approved": 35867, 
        "translated": 40832
    }, 
    "ko": {
        "approved": 194242, 
        "pending_since_timestamp": 1550611931.156282, 
        "translated": 219488
    }, 
    "ky": {
        "approved": 67, 
        "pending_since_timestamp": 1550611931.156282, 
        "translated": 328
    }, 
    "lol": {
        "approved": 66840, 
        "translated": 82019
    }, 
    "lt": {
        "approved": 80813, 
        "translated": 82766
    }, 
    "lv": {
        "approved": 54513, 
        "translated": 54946
    }, 
    "mn": {
        "approved": 82427, 
        "pending_since_timestamp": 1550611931.156282, 
        "translated": 110312
    }, 
    "mr": {
        "approved": 0, 
        "translated": 0
    }, 
    "ms": {
        "approved": 29, 
        "translated": 606
    }, 
    "my": {
        "approved": 1, 
        "translated": 125
    }, 
    "nb": {
        "approved": 135449, 
        "pending_since_timestamp": 1550272073.307702, 
        "translated": 143260
    }, 
    "ne": {
        "approved": 0, 
        "translated": 1
    }, 
    "nl": {
        "approved": 132072, 
        "pending_since_timestamp": 1550611931.156282, 
        "translated": 153296
    }, 
    "nn": {
        "approved": 0, 
        "translated": 1626
    }, 
    "or": {
        "approved": 0, 
        "translated": 52
    }, 
    "pl": {
        "approved": 346494, 
        "translated": 346885
    }, 
    "ps": {
        "approved": 579, 
        "translated": 970
    }, 
    "pt": {
        "approved": 376831, 
        "pending_since_timestamp": 1550272073.307702, 
        "translated": 419553
    }, 
    "pt-pt": {
        "approved": 158716, 
        "pending_since_timestamp": 1550611931.156282, 
        "translated": 187788
    }, 
    "ro": {
        "approved": 63516, 
        "translated": 67786
    }, 
    "ru": {
        "approved": 101672, 
        "pending_since_timestamp": 1550276315.026646, 
        "translated": 122175
    }, 
    "rw": {
        "approved": 0, 
        "translated": 0
    }, 
    "si": {
        "approved": 0, 
        "translated": 192
    }, 
    "sk": {
        "approved": 0, 
        "translated": 2135
    }, 
    "sl": {
        "approved": 0, 
        "translated": 33
    }, 
    "sq": {
        "approved": 98629, 
        "translated": 102888
    }, 
    "sr": {
        "approved": 62612, 
        "translated": 81466
    }, 
    "sv": {
        "approved": 171443, 
        "translated": 541748
    }, 
    "sw": {
        "approved": 0, 
        "translated": 0
    }, 
    "ta": {
        "approved": 58603, 
        "pending_since_timestamp": 1550272073.307702, 
        "translated": 78927
    }, 
    "te": {
        "approved": 16, 
        "translated": 208
    }, 
    "th": {
        "approved": 299, 
        "translated": 134354
    }, 
    "tr": {
        "approved": 309423, 
        "pending_since_timestamp": 1550304958.520021, 
        "translated": 417984
    }, 
    "uk": {
        "approved": 70868, 
        "pending_since_timestamp": 1550178388.285071, 
        "translated": 92115
    }, 
    "ur": {
        "approved": 54495, 
        "translated": 57340
    }, 
    "uz": {
        "approved": 76635, 
        "pending_since_timestamp": 1550085077.088902, 
        "translated": 108694
    }, 
    "vi": {
        "approved": 2, 
        "translated": 1969
    }, 
    "xh": {
        "approved": 40, 
        "translated": 40
    }, 
    "zh-hans": {
        "approved": 195392, 
        "pending_since_timestamp": 1550293026.082189, 
        "translated": 273872
    }, 
    "zh-hant": {
        "approved": 9913, 
        "translated": 74191
    }, 
    "zu": {
        "approved": 1, 
        "translated": 18
    }
}