{
    "ar": {
        "approved": 0, 
        "pending_since_timestamp": 1458582391.071002, 
        "translated": 4756
    }, 
    "bg": {
        "approved": 172205, 
        "translated": 187720
    }, 
    "bn": {
        "approved": 59300, 
        "pending_since_timestamp": 1458582391.071002, 
        "translated": 102149
    }, 
    "cs": {
        "approved": 12873, 
        "pending_since_timestamp": 1458582391.071002, 
        "translated": 30187
    }, 
    "da": {
        "approved": 39206, 
        "translated": 76885
    }, 
    "de": {
        "approved": 135407, 
        "pending_since_timestamp": 1458592437.636704, 
        "translated": 135469
    }, 
    "el": {
        "approved": 3, 
        "pending_since_timestamp": 1458582391.071002, 
        "translated": 7257
    }, 
    "es": {
        "approved": 222126, 
        "pending_since_timestamp": 1458608822.778233, 
        "translated": 355048
    }, 
    "fa": {
        "approved": 0, 
        "pending_since_timestamp": 1458582391.071002, 
        "translated": 241
    }, 
    "fa-af": {
        "approved": 0, 
        "translated": 72
    }, 
    "fr": {
        "approved": 127547, 
        "translated": 136578
    }, 
    "he": {
        "approved": 8373, 
        "pending_since_timestamp": 1458582391.071002, 
        "translated": 9452
    }, 
    "hi": {
        "approved": 66365, 
        "translated": 79903
    }, 
    "hy": {
        "approved": 0, 
        "pending_since_timestamp": 1458582391.071002, 
        "translated": 138
    }, 
    "id": {
        "approved": 0, 
        "pending_since_timestamp": 1458582391.071002, 
        "translated": 8307
    }, 
    "it": {
        "approved": 0, 
        "translated": 80374
    }, 
    "ja": {
        "approved": 24375, 
        "translated": 56070
    }, 
    "ko": {
        "approved": 92521, 
        "pending_since_timestamp": 1458603262.483303, 
        "translated": 112223
    }, 
    "lol": {
        "approved": 596, 
        "translated": 7832
    }, 
    "mn": {
        "approved": 61553, 
        "pending_since_timestamp": 1458605773.545245, 
        "translated": 78587
    }, 
    "ms": {
        "approved": 0, 
        "pending_since_timestamp": 1458582391.071002, 
        "translated": 784
    }, 
    "nb": {
        "approved": 85799, 
        "translated": 86591
    }, 
    "nl": {
        "approved": 49835, 
        "translated": 90320
    }, 
    "pl": {
        "approved": 167574, 
        "translated": 170708
    }, 
    "pt": {
        "approved": 164108, 
        "pending_since_timestamp": 1458608822.778233, 
        "translated": 352334
    }, 
    "pt-pt": {
        "approved": 14307, 
        "pending_since_timestamp": 1458582391.071002, 
        "translated": 84915
    }, 
    "ru": {
        "approved": 1228, 
        "pending_since_timestamp": 1458582391.071002, 
        "translated": 20534
    }, 
    "sr": {
        "approved": 39557, 
        "pending_since_timestamp": 1458588322.634957, 
        "translated": 351068
    }, 
    "sw": {
        "approved": 12235, 
        "translated": 36765
    }, 
    "te": {
        "approved": 0, 
        "pending_since_timestamp": 1458582391.071002, 
        "translated": 230
    }, 
    "th": {
        "approved": 0, 
        "pending_since_timestamp": 1458582391.071002, 
        "translated": 126319
    }, 
    "tr": {
        "approved": 171252, 
        "translated": 262463
    }, 
    "uk": {
        "approved": 0, 
        "pending_since_timestamp": 1458582391.071002, 
        "translated": 2522
    }, 
    "ur": {
        "approved": 0, 
        "pending_since_timestamp": 1458582391.071002, 
        "translated": 1608
    }, 
    "xh": {
        "approved": 0, 
        "translated": 1
    }, 
    "zh-hans": {
        "approved": 0, 
        "pending_since_timestamp": 1458582391.071002, 
        "translated": 4309
    }, 
    "zu": {
        "approved": 0, 
        "pending_since_timestamp": 1458582391.071002, 
        "translated": 30
    }
}