{
    "ar": {
        "approved": 380, 
        "translated": 4396
    }, 
    "bg": {
        "approved": 235314, 
        "pending_since_timestamp": 1497163985.176757, 
        "translated": 238568
    }, 
    "bn": {
        "approved": 140676, 
        "pending_since_timestamp": 1497171772.968511, 
        "translated": 149198
    }, 
    "cs": {
        "approved": 43167, 
        "translated": 66665
    }, 
    "da": {
        "approved": 71732, 
        "pending_since_timestamp": 1497163985.176757, 
        "translated": 93388
    }, 
    "de": {
        "approved": 214727, 
        "translated": 215664
    }, 
    "el": {
        "approved": 2157, 
        "pending_since_timestamp": 1497176259.683327, 
        "translated": 21849
    }, 
    "es": {
        "approved": 350550, 
        "translated": 366273
    }, 
    "fa": {
        "approved": 1, 
        "translated": 100
    }, 
    "fa-af": {
        "approved": 31, 
        "translated": 104
    }, 
    "fr": {
        "approved": 238083, 
        "translated": 245918
    }, 
    "he": {
        "approved": 7246, 
        "translated": 7477
    }, 
    "hi": {
        "approved": 98311, 
        "translated": 114308
    }, 
    "hy": {
        "approved": 7403, 
        "translated": 12239
    }, 
    "id": {
        "approved": 531, 
        "translated": 6433
    }, 
    "it": {
        "approved": 93359, 
        "translated": 126290
    }, 
    "ja": {
        "approved": 101268, 
        "translated": 121332
    }, 
    "ka": {
        "approved": 203080, 
        "translated": 208060
    }, 
    "ko": {
        "approved": 160295, 
        "translated": 174571
    }, 
    "lol": {
        "approved": 382, 
        "translated": 8548
    }, 
    "mn": {
        "approved": 81256, 
        "translated": 107959
    }, 
    "ms": {
        "approved": 29, 
        "translated": 629
    }, 
    "nb": {
        "approved": 103162, 
        "pending_since_timestamp": 1497179606.723049, 
        "translated": 111476
    }, 
    "nl": {
        "approved": 107733, 
        "pending_since_timestamp": 1497176259.683327, 
        "translated": 129543
    }, 
    "pl": {
        "approved": 271886, 
        "pending_since_timestamp": 1497176259.683327, 
        "translated": 272083
    }, 
    "pt": {
        "approved": 289029, 
        "pending_since_timestamp": 1497183396.562045, 
        "translated": 326415
    }, 
    "pt-pt": {
        "approved": 89526, 
        "translated": 120052
    }, 
    "ru": {
        "approved": 1533, 
        "translated": 18422
    }, 
    "sr": {
        "approved": 50409, 
        "translated": 68062
    }, 
    "sw": {
        "approved": 49061, 
        "translated": 62634
    }, 
    "te": {
        "approved": 16, 
        "translated": 241
    }, 
    "th": {
        "approved": 303, 
        "translated": 132851
    }, 
    "tr": {
        "approved": 268704, 
        "translated": 367588
    }, 
    "uk": {
        "approved": 98, 
        "translated": 2516
    }, 
    "ur": {
        "approved": 92, 
        "translated": 1161
    }, 
    "xh": {
        "approved": 40, 
        "translated": 40
    }, 
    "zh-hans": {
        "approved": 5817, 
        "pending_since_timestamp": 1497156764.809426, 
        "translated": 37312
    }, 
    "zu": {
        "approved": 1, 
        "translated": 20
    }
}