{
    "ar": {
        "approved": 381, 
        "translated": 4329
    }, 
    "bg": {
        "approved": 196414, 
        "pending_since_timestamp": 1492601243.958009, 
        "translated": 228069
    }, 
    "bn": {
        "approved": 133340, 
        "translated": 143959
    }, 
    "cs": {
        "approved": 11819, 
        "translated": 29245
    }, 
    "da": {
        "approved": 72897, 
        "translated": 84997
    }, 
    "de": {
        "approved": 212420, 
        "pending_since_timestamp": 1492607027.557312, 
        "translated": 213032
    }, 
    "el": {
        "approved": 1561, 
        "translated": 17345
    }, 
    "es": {
        "approved": 343804, 
        "pending_since_timestamp": 1492607027.557312, 
        "translated": 359785
    }, 
    "fa": {
        "approved": 1, 
        "translated": 99
    }, 
    "fa-af": {
        "approved": 31, 
        "translated": 104
    }, 
    "fr": {
        "approved": 230703, 
        "translated": 239352
    }, 
    "he": {
        "approved": 6338, 
        "translated": 7284
    }, 
    "hi": {
        "approved": 99510, 
        "translated": 115124
    }, 
    "hy": {
        "approved": 7403, 
        "translated": 12283
    }, 
    "id": {
        "approved": 531, 
        "translated": 6474
    }, 
    "it": {
        "approved": 91171, 
        "translated": 121110
    }, 
    "ja": {
        "approved": 99822, 
        "pending_since_timestamp": 1492601243.958009, 
        "translated": 119686
    }, 
    "ka": {
        "approved": 192803, 
        "pending_since_timestamp": 1492611594.110882, 
        "translated": 202181
    }, 
    "ko": {
        "approved": 152062, 
        "translated": 168027
    }, 
    "lol": {
        "approved": 385, 
        "translated": 8627
    }, 
    "mn": {
        "approved": 81433, 
        "translated": 101290
    }, 
    "ms": {
        "approved": 29, 
        "translated": 640
    }, 
    "nb": {
        "approved": 93633, 
        "translated": 98657
    }, 
    "nl": {
        "approved": 105105, 
        "translated": 128093
    }, 
    "pl": {
        "approved": 265896, 
        "translated": 265991
    }, 
    "pt": {
        "approved": 272392, 
        "pending_since_timestamp": 1492617484.854585, 
        "translated": 309600
    }, 
    "pt-pt": {
        "approved": 81731, 
        "pending_since_timestamp": 1492615825.104663, 
        "translated": 113566
    }, 
    "ru": {
        "approved": 1537, 
        "translated": 18479
    }, 
    "sr": {
        "approved": 50581, 
        "translated": 68306
    }, 
    "sw": {
        "approved": 36050, 
        "pending_since_timestamp": 1492580823.904515, 
        "translated": 54914
    }, 
    "te": {
        "approved": 15, 
        "translated": 205
    }, 
    "th": {
        "approved": 301, 
        "translated": 121422
    }, 
    "tr": {
        "approved": 266984, 
        "pending_since_timestamp": 1492613148.441871, 
        "translated": 361015
    }, 
    "uk": {
        "approved": 98, 
        "translated": 2532
    }, 
    "ur": {
        "approved": 92, 
        "translated": 1158
    }, 
    "xh": {
        "approved": 40, 
        "translated": 40
    }, 
    "zh-hans": {
        "approved": 1231, 
        "pending_since_timestamp": 1492583588.611358, 
        "translated": 13710
    }, 
    "zu": {
        "approved": 1, 
        "translated": 20
    }
}