{
    "ar": {
        "approved": 380, 
        "pending_since_timestamp": 1497594455.82073, 
        "translated": 4393
    }, 
    "bg": {
        "approved": 234089, 
        "translated": 239634
    }, 
    "bn": {
        "approved": 140806, 
        "translated": 149480
    }, 
    "cs": {
        "approved": 43131, 
        "pending_since_timestamp": 1497614696.206982, 
        "translated": 66597
    }, 
    "da": {
        "approved": 71688, 
        "translated": 93406
    }, 
    "de": {
        "approved": 213755, 
        "translated": 215864
    }, 
    "el": {
        "approved": 2158, 
        "translated": 22147
    }, 
    "es": {
        "approved": 351204, 
        "pending_since_timestamp": 1497660222.304759, 
        "translated": 367567
    }, 
    "fa": {
        "approved": 1, 
        "translated": 148
    }, 
    "fa-af": {
        "approved": 31, 
        "translated": 104
    }, 
    "fr": {
        "approved": 238759, 
        "translated": 246536
    }, 
    "he": {
        "approved": 7142, 
        "translated": 7472
    }, 
    "hi": {
        "approved": 98264, 
        "translated": 114261
    }, 
    "hy": {
        "approved": 7403, 
        "translated": 12230
    }, 
    "id": {
        "approved": 531, 
        "translated": 6430
    }, 
    "it": {
        "approved": 93273, 
        "pending_since_timestamp": 1497614696.206982, 
        "translated": 126664
    }, 
    "ja": {
        "approved": 101158, 
        "translated": 121357
    }, 
    "ka": {
        "approved": 202653, 
        "translated": 208381
    }, 
    "ko": {
        "approved": 162837, 
        "translated": 174449
    }, 
    "lol": {
        "approved": 382, 
        "translated": 8546
    }, 
    "mn": {
        "approved": 81142, 
        "translated": 107989
    }, 
    "ms": {
        "approved": 29, 
        "pending_since_timestamp": 1497594455.82073, 
        "translated": 756
    }, 
    "nb": {
        "approved": 128517, 
        "translated": 133494
    }, 
    "nl": {
        "approved": 107610, 
        "translated": 129450
    }, 
    "pl": {
        "approved": 271996, 
        "pending_since_timestamp": 1497666036.432069, 
        "translated": 272780
    }, 
    "pt": {
        "approved": 289325, 
        "translated": 327288
    }, 
    "pt-pt": {
        "approved": 90582, 
        "translated": 121067
    }, 
    "ru": {
        "approved": 1531, 
        "translated": 18385
    }, 
    "sr": {
        "approved": 50359, 
        "translated": 68011
    }, 
    "sw": {
        "approved": 49140, 
        "translated": 62629
    }, 
    "te": {
        "approved": 16, 
        "translated": 243
    }, 
    "th": {
        "approved": 303, 
        "translated": 132718
    }, 
    "tr": {
        "approved": 268305, 
        "translated": 369120
    }, 
    "uk": {
        "approved": 98, 
        "translated": 2513
    }, 
    "ur": {
        "approved": 92, 
        "translated": 1157
    }, 
    "xh": {
        "approved": 40, 
        "translated": 40
    }, 
    "zh-hans": {
        "approved": 6262, 
        "pending_since_timestamp": 1497668875.795188, 
        "translated": 38228
    }, 
    "zu": {
        "approved": 1, 
        "translated": 20
    }
}