{
    "af": {
        "approved": 19, 
        "pending_since_timestamp": 1542057306.169735, 
        "translated": 1478
    }, 
    "am": {
        "approved": 0, 
        "translated": 0
    }, 
    "ar": {
        "approved": 71060, 
        "pending_since_timestamp": 1545112631.663414, 
        "translated": 205267
    }, 
    "az": {
        "approved": 35926, 
        "translated": 37643
    }, 
    "bg": {
        "approved": 331540, 
        "translated": 336214
    }, 
    "bn": {
        "approved": 147817, 
        "pending_since_timestamp": 1545195202.461449, 
        "translated": 161482
    }, 
    "ca": {
        "approved": 3, 
        "translated": 1947
    }, 
    "cs": {
        "approved": 130346, 
        "pending_since_timestamp": 1545165390.056567, 
        "translated": 149113
    }, 
    "da": {
        "approved": 174975, 
        "translated": 192770
    }, 
    "de": {
        "approved": 301484, 
        "pending_since_timestamp": 1545167910.083936, 
        "translated": 537180
    }, 
    "el": {
        "approved": 77936, 
        "pending_since_timestamp": 1545167910.083936, 
        "translated": 93709
    }, 
    "es": {
        "approved": 431857, 
        "translated": 448281
    }, 
    "et": {
        "approved": 44984, 
        "translated": 46297
    }, 
    "fa": {
        "approved": 1, 
        "translated": 190
    }, 
    "fa-af": {
        "approved": 31, 
        "translated": 103
    }, 
    "fi": {
        "approved": 82291, 
        "translated": 84189
    }, 
    "fil": {
        "approved": 204, 
        "translated": 297
    }, 
    "fr": {
        "approved": 285704, 
        "translated": 289144
    }, 
    "fv": {
        "approved": 79873, 
        "pending_since_timestamp": 1544955125.825077, 
        "translated": 83369
    }, 
    "gu": {
        "approved": 96595, 
        "pending_since_timestamp": 1545189444.104541, 
        "translated": 140364
    }, 
    "he": {
        "approved": 8458, 
        "translated": 8461
    }, 
    "hi": {
        "approved": 167232, 
        "translated": 179604
    }, 
    "hr": {
        "approved": 10947, 
        "translated": 16549
    }, 
    "ht": {
        "approved": 1, 
        "translated": 5
    }, 
    "hu": {
        "approved": 92945, 
        "pending_since_timestamp": 1544907968.088526, 
        "translated": 112836
    }, 
    "hy": {
        "approved": 126706, 
        "pending_since_timestamp": 1545116000.615354, 
        "translated": 150301
    }, 
    "id": {
        "approved": 74128, 
        "translated": 91185
    }, 
    "it": {
        "approved": 155639, 
        "translated": 173424
    }, 
    "ja": {
        "approved": 125568, 
        "pending_since_timestamp": 1545175230.976342, 
        "translated": 145841
    }, 
    "ka": {
        "approved": 278795, 
        "pending_since_timestamp": 1545155310.642668, 
        "translated": 283275
    }, 
    "ki": {
        "approved": 0, 
        "translated": 37
    }, 
    "kk": {
        "approved": 103, 
        "translated": 103
    }, 
    "km": {
        "approved": 0, 
        "translated": 52
    }, 
    "kn": {
        "approved": 33464, 
        "pending_since_timestamp": 1545178695.457513, 
        "translated": 39755
    }, 
    "ko": {
        "approved": 186821, 
        "pending_since_timestamp": 1545162654.556469, 
        "translated": 216257
    }, 
    "ky": {
        "approved": 0, 
        "translated": 25
    }, 
    "lol": {
        "approved": 66865, 
        "translated": 82046
    }, 
    "lt": {
        "approved": 80827, 
        "translated": 82781
    }, 
    "lv": {
        "approved": 54625, 
        "translated": 55058
    }, 
    "mn": {
        "approved": 82758, 
        "translated": 110661
    }, 
    "mr": {
        "approved": 0, 
        "translated": 0
    }, 
    "ms": {
        "approved": 29, 
        "translated": 639
    }, 
    "my": {
        "approved": 1, 
        "translated": 112
    }, 
    "nb": {
        "approved": 133316, 
        "translated": 143386
    }, 
    "ne": {
        "approved": 0, 
        "translated": 1
    }, 
    "nl": {
        "approved": 129322, 
        "translated": 144178
    }, 
    "nn": {
        "approved": 0, 
        "translated": 1629
    }, 
    "or": {
        "approved": 0, 
        "translated": 52
    }, 
    "pl": {
        "approved": 342213, 
        "pending_since_timestamp": 1545167910.083936, 
        "translated": 342645
    }, 
    "ps": {
        "approved": 583, 
        "translated": 925
    }, 
    "pt": {
        "approved": 372467, 
        "pending_since_timestamp": 1545201997.152107, 
        "translated": 413810
    }, 
    "pt-pt": {
        "approved": 150101, 
        "translated": 180831
    }, 
    "ro": {
        "approved": 63714, 
        "translated": 67985
    }, 
    "ru": {
        "approved": 100607, 
        "translated": 122027
    }, 
    "rw": {
        "approved": 0, 
        "translated": 0
    }, 
    "si": {
        "approved": 0, 
        "translated": 196
    }, 
    "sk": {
        "approved": 0, 
        "translated": 2154
    }, 
    "sl": {
        "approved": 0, 
        "translated": 0
    }, 
    "sq": {
        "approved": 98737, 
        "translated": 102961
    }, 
    "sr": {
        "approved": 62990, 
        "translated": 81676
    }, 
    "sv": {
        "approved": 166921, 
        "translated": 541506
    }, 
    "sw": {
        "approved": 0, 
        "translated": 0
    }, 
    "ta": {
        "approved": 52033, 
        "pending_since_timestamp": 1545195202.461449, 
        "translated": 76310
    }, 
    "te": {
        "approved": 16, 
        "translated": 208
    }, 
    "th": {
        "approved": 299, 
        "translated": 134499
    }, 
    "tr": {
        "approved": 310061, 
        "translated": 417890
    }, 
    "uk": {
        "approved": 70582, 
        "pending_since_timestamp": 1545121442.227405, 
        "translated": 90890
    }, 
    "ur": {
        "approved": 54613, 
        "translated": 57500
    }, 
    "uz": {
        "approved": 76758, 
        "translated": 89834
    }, 
    "vi": {
        "approved": 2, 
        "translated": 1982
    }, 
    "xh": {
        "approved": 40, 
        "translated": 40
    }, 
    "zh-hans": {
        "approved": 183523, 
        "pending_since_timestamp": 1545178695.457513, 
        "translated": 252934
    }, 
    "zh-hant": {
        "approved": 10010, 
        "translated": 74584
    }, 
    "zu": {
        "approved": 1, 
        "translated": 18
    }
}