{
    "ar": {
        "approved": 385, 
        "translated": 4399
    }, 
    "bg": {
        "approved": 196888, 
        "pending_since_timestamp": 1494593788.303647, 
        "translated": 231278
    }, 
    "bn": {
        "approved": 136681, 
        "translated": 147182
    }, 
    "cs": {
        "approved": 11703, 
        "translated": 29334
    }, 
    "da": {
        "approved": 71810, 
        "pending_since_timestamp": 1494595512.256485, 
        "translated": 85329
    }, 
    "de": {
        "approved": 213348, 
        "pending_since_timestamp": 1494597471.483916, 
        "translated": 214030
    }, 
    "el": {
        "approved": 1844, 
        "pending_since_timestamp": 1494578992.826715, 
        "translated": 19532
    }, 
    "es": {
        "approved": 346394, 
        "translated": 363315
    }, 
    "fa": {
        "approved": 1, 
        "translated": 100
    }, 
    "fa-af": {
        "approved": 31, 
        "translated": 104
    }, 
    "fr": {
        "approved": 232864, 
        "pending_since_timestamp": 1494597471.483916, 
        "translated": 241025
    }, 
    "he": {
        "approved": 7274, 
        "translated": 7382
    }, 
    "hi": {
        "approved": 98409, 
        "translated": 114385
    }, 
    "hy": {
        "approved": 7403, 
        "translated": 12274
    }, 
    "id": {
        "approved": 531, 
        "translated": 6458
    }, 
    "it": {
        "approved": 93067, 
        "translated": 124109
    }, 
    "ja": {
        "approved": 100656, 
        "pending_since_timestamp": 1494592096.020607, 
        "translated": 119520
    }, 
    "ka": {
        "approved": 194140, 
        "pending_since_timestamp": 1494580683.447821, 
        "translated": 203238
    }, 
    "ko": {
        "approved": 154695, 
        "pending_since_timestamp": 1494580683.447821, 
        "translated": 170915
    }, 
    "lol": {
        "approved": 382, 
        "translated": 8598
    }, 
    "mn": {
        "approved": 81312, 
        "translated": 104790
    }, 
    "ms": {
        "approved": 29, 
        "translated": 650
    }, 
    "nb": {
        "approved": 93028, 
        "translated": 98044
    }, 
    "nl": {
        "approved": 106549, 
        "translated": 128479
    }, 
    "pl": {
        "approved": 266642, 
        "pending_since_timestamp": 1494597471.483916, 
        "translated": 266756
    }, 
    "pt": {
        "approved": 281651, 
        "translated": 317051
    }, 
    "pt-pt": {
        "approved": 86154, 
        "translated": 116523
    }, 
    "ru": {
        "approved": 1535, 
        "translated": 18462
    }, 
    "sr": {
        "approved": 50484, 
        "translated": 68190
    }, 
    "sw": {
        "approved": 41969, 
        "pending_since_timestamp": 1494571286.676286, 
        "translated": 58954
    }, 
    "te": {
        "approved": 16, 
        "translated": 241
    }, 
    "th": {
        "approved": 300, 
        "translated": 118500
    }, 
    "tr": {
        "approved": 263813, 
        "translated": 364275
    }, 
    "uk": {
        "approved": 98, 
        "translated": 2532
    }, 
    "ur": {
        "approved": 92, 
        "translated": 1157
    }, 
    "xh": {
        "approved": 40, 
        "translated": 40
    }, 
    "zh-hans": {
        "approved": 5062, 
        "translated": 26428
    }, 
    "zu": {
        "approved": 1, 
        "translated": 20
    }
}