{
    "af": {
        "approved": 19, 
        "translated": 1516
    }, 
    "am": {
        "approved": 0, 
        "translated": 0
    }, 
    "ar": {
        "approved": 577, 
        "pending_since_timestamp": 1533558731.867598, 
        "translated": 31519
    }, 
    "az": {
        "approved": 35951, 
        "translated": 37720
    }, 
    "bg": {
        "approved": 307864, 
        "pending_since_timestamp": 1533622239.192258, 
        "translated": 308944
    }, 
    "bn": {
        "approved": 146491, 
        "pending_since_timestamp": 1533622239.192258, 
        "translated": 156979
    }, 
    "ca": {
        "approved": 3, 
        "translated": 2060
    }, 
    "cs": {
        "approved": 101664, 
        "pending_since_timestamp": 1533631913.233181, 
        "translated": 119375
    }, 
    "da": {
        "approved": 151899, 
        "pending_since_timestamp": 1533631913.233181, 
        "translated": 174083
    }, 
    "de": {
        "approved": 288097, 
        "pending_since_timestamp": 1533631913.233181, 
        "translated": 529987
    }, 
    "el": {
        "approved": 77018, 
        "pending_since_timestamp": 1533504428.142127, 
        "translated": 92430
    }, 
    "es": {
        "approved": 409681, 
        "pending_since_timestamp": 1533631913.233181, 
        "translated": 432039
    }, 
    "et": {
        "approved": 45022, 
        "translated": 46345
    }, 
    "fa": {
        "approved": 1, 
        "translated": 192
    }, 
    "fa-af": {
        "approved": 31, 
        "translated": 103
    }, 
    "fi": {
        "approved": 82630, 
        "translated": 84320
    }, 
    "fil": {
        "approved": 210, 
        "translated": 303
    }, 
    "fr": {
        "approved": 276946, 
        "pending_since_timestamp": 1533631913.233181, 
        "translated": 280707
    }, 
    "gu": {
        "approved": 35430, 
        "translated": 114232
    }, 
    "he": {
        "approved": 8719, 
        "pending_since_timestamp": 1533631913.233181, 
        "translated": 8722
    }, 
    "hi": {
        "approved": 167952, 
        "pending_since_timestamp": 1533631913.233181, 
        "translated": 180331
    }, 
    "hr": {
        "approved": 10969, 
        "translated": 16658
    }, 
    "ht": {
        "approved": 1, 
        "translated": 5
    }, 
    "hu": {
        "approved": 89833, 
        "pending_since_timestamp": 1533449114.785663, 
        "translated": 108335
    }, 
    "hy": {
        "approved": 95350, 
        "pending_since_timestamp": 1533629261.188434, 
        "translated": 104916
    }, 
    "id": {
        "approved": 55428, 
        "pending_since_timestamp": 1533627074.254794, 
        "translated": 75556
    }, 
    "it": {
        "approved": 155987, 
        "pending_since_timestamp": 1533631913.233181, 
        "translated": 171000
    }, 
    "ja": {
        "approved": 124010, 
        "pending_since_timestamp": 1533563917.904841, 
        "translated": 141950
    }, 
    "ka": {
        "approved": 265354, 
        "pending_since_timestamp": 1533629261.188434, 
        "translated": 267545
    }, 
    "ki": {
        "approved": 0, 
        "translated": 37
    }, 
    "km": {
        "approved": 0, 
        "translated": 52
    }, 
    "kn": {
        "approved": 1752, 
        "pending_since_timestamp": 1533459783.191651, 
        "translated": 19725
    }, 
    "ko": {
        "approved": 178314, 
        "pending_since_timestamp": 1533609962.075863, 
        "translated": 203193
    }, 
    "ky": {
        "approved": 0, 
        "translated": 25
    }, 
    "lol": {
        "approved": 67082, 
        "translated": 82287
    }, 
    "lt": {
        "approved": 74031, 
        "translated": 75912
    }, 
    "lv": {
        "approved": 54664, 
        "translated": 55073
    }, 
    "mn": {
        "approved": 82738, 
        "pending_since_timestamp": 1533631913.233181, 
        "translated": 110654
    }, 
    "mr": {
        "approved": 0, 
        "translated": 0
    }, 
    "ms": {
        "approved": 29, 
        "translated": 678
    }, 
    "my": {
        "approved": 1, 
        "translated": 116
    }, 
    "nb": {
        "approved": 130351, 
        "pending_since_timestamp": 1533631913.233181, 
        "translated": 137794
    }, 
    "ne": {
        "approved": 0, 
        "translated": 1
    }, 
    "nl": {
        "approved": 116658, 
        "pending_since_timestamp": 1533631913.233181, 
        "translated": 136483
    }, 
    "nn": {
        "approved": 0, 
        "translated": 1651
    }, 
    "or": {
        "approved": 0, 
        "translated": 54
    }, 
    "pl": {
        "approved": 325094, 
        "pending_since_timestamp": 1533631913.233181, 
        "translated": 326098
    }, 
    "ps": {
        "approved": 0, 
        "translated": 23
    }, 
    "pt": {
        "approved": 359542, 
        "pending_since_timestamp": 1533631913.233181, 
        "translated": 399110
    }, 
    "pt-pt": {
        "approved": 143098, 
        "pending_since_timestamp": 1533634281.517585, 
        "translated": 172694
    }, 
    "ro": {
        "approved": 64029, 
        "pending_since_timestamp": 1533558731.867598, 
        "translated": 68217
    }, 
    "ru": {
        "approved": 100385, 
        "pending_since_timestamp": 1533631913.233181, 
        "translated": 121515
    }, 
    "rw": {
        "approved": 0, 
        "translated": 0
    }, 
    "si": {
        "approved": 0, 
        "pending_since_timestamp": 1533631913.233181, 
        "translated": 199
    }, 
    "sk": {
        "approved": 0, 
        "translated": 2185
    }, 
    "sl": {
        "approved": 0, 
        "translated": 0
    }, 
    "sq": {
        "approved": 64207, 
        "translated": 69116
    }, 
    "sr": {
        "approved": 63242, 
        "pending_since_timestamp": 1533631913.233181, 
        "translated": 81496
    }, 
    "sv": {
        "approved": 155779, 
        "pending_since_timestamp": 1533631913.233181, 
        "translated": 544039
    }, 
    "sw": {
        "approved": 0, 
        "translated": 0
    }, 
    "ta": {
        "approved": 41354, 
        "pending_since_timestamp": 1533619703.981515, 
        "translated": 58477
    }, 
    "te": {
        "approved": 16, 
        "translated": 227
    }, 
    "th": {
        "approved": 303, 
        "pending_since_timestamp": 1533538095.935559, 
        "translated": 133483
    }, 
    "tr": {
        "approved": 307567, 
        "pending_since_timestamp": 1533619703.981515, 
        "translated": 410745
    }, 
    "uk": {
        "approved": 98, 
        "pending_since_timestamp": 1533572026.207052, 
        "translated": 16199
    }, 
    "ur": {
        "approved": 54643, 
        "translated": 57547
    }, 
    "uz": {
        "approved": 141, 
        "translated": 1874
    }, 
    "vi": {
        "approved": 2, 
        "translated": 1986
    }, 
    "xh": {
        "approved": 40, 
        "translated": 40
    }, 
    "zh-hans": {
        "approved": 126286, 
        "pending_since_timestamp": 1533629261.188434, 
        "translated": 193242
    }, 
    "zh-hant": {
        "approved": 9583, 
        "pending_since_timestamp": 1533488873.082002, 
        "translated": 66070
    }, 
    "zu": {
        "approved": 1, 
        "translated": 18
    }
}