{
    "ar": {
        "approved": 0, 
        "translated": 4317
    }, 
    "bg": {
        "approved": 196688, 
        "pending_since_timestamp": 1467722352.16872, 
        "translated": 206676
    }, 
    "bn": {
        "approved": 99218, 
        "translated": 127441
    }, 
    "cs": {
        "approved": 12229, 
        "translated": 30438
    }, 
    "da": {
        "approved": 75717, 
        "translated": 84364
    }, 
    "de": {
        "approved": 151913, 
        "translated": 152478
    }, 
    "el": {
        "approved": 322, 
        "translated": 7366
    }, 
    "es": {
        "approved": 283536, 
        "pending_since_timestamp": 1467732942.1621, 
        "translated": 377692
    }, 
    "fa": {
        "approved": 0, 
        "translated": 106
    }, 
    "fa-af": {
        "approved": 0, 
        "translated": 72
    }, 
    "fr": {
        "approved": 165330, 
        "pending_since_timestamp": 1467725778.029559, 
        "translated": 172432
    }, 
    "he": {
        "approved": 8469, 
        "pending_since_timestamp": 1467715335.2986, 
        "translated": 8690
    }, 
    "hi": {
        "approved": 68752, 
        "translated": 110063
    }, 
    "hy": {
        "approved": 0, 
        "translated": 3012
    }, 
    "id": {
        "approved": 0, 
        "translated": 7239
    }, 
    "it": {
        "approved": 544, 
        "pending_since_timestamp": 1467723915.413354, 
        "translated": 101029
    }, 
    "ja": {
        "approved": 34029, 
        "translated": 80043
    }, 
    "ka": {
        "approved": 137398, 
        "pending_since_timestamp": 1467731473.816582, 
        "translated": 140015
    }, 
    "ko": {
        "approved": 125200, 
        "translated": 146869
    }, 
    "lol": {
        "approved": 603, 
        "translated": 8847
    }, 
    "mn": {
        "approved": 75307, 
        "translated": 83047
    }, 
    "ms": {
        "approved": 0, 
        "translated": 730
    }, 
    "nb": {
        "approved": 98203, 
        "translated": 101282
    }, 
    "nl": {
        "approved": 80312, 
        "translated": 116515
    }, 
    "pl": {
        "approved": 200588, 
        "pending_since_timestamp": 1467727264.500042, 
        "translated": 201391
    }, 
    "pt": {
        "approved": 201392, 
        "pending_since_timestamp": 1467728760.640095, 
        "translated": 374693
    }, 
    "pt-pt": {
        "approved": 21931, 
        "pending_since_timestamp": 1467711445.590351, 
        "translated": 114231
    }, 
    "ru": {
        "approved": 1163, 
        "translated": 19518
    }, 
    "sr": {
        "approved": 45472, 
        "pending_since_timestamp": 1467715335.2986, 
        "translated": 373650
    }, 
    "sw": {
        "approved": 11695, 
        "translated": 33432
    }, 
    "te": {
        "approved": 0, 
        "translated": 204
    }, 
    "th": {
        "approved": 0, 
        "translated": 120249
    }, 
    "tr": {
        "approved": 209171, 
        "translated": 281085
    }, 
    "uk": {
        "approved": 0, 
        "translated": 2531
    }, 
    "ur": {
        "approved": 0, 
        "translated": 1448
    }, 
    "xh": {
        "approved": 0, 
        "translated": 1
    }, 
    "zh-hans": {
        "approved": 0, 
        "translated": 5113
    }, 
    "zu": {
        "approved": 0, 
        "translated": 22
    }
}