{
    "ar": {
        "approved": 160, 
        "translated": 3667
    }, 
    "bg": {
        "approved": 182593, 
        "translated": 202981
    }, 
    "bn": {
        "approved": 121713, 
        "translated": 135434
    }, 
    "cs": {
        "approved": 12230, 
        "translated": 28921
    }, 
    "da": {
        "approved": 73885, 
        "translated": 81618
    }, 
    "de": {
        "approved": 197228, 
        "pending_since_timestamp": 1482158397.051124, 
        "translated": 198032
    }, 
    "el": {
        "approved": 864, 
        "pending_since_timestamp": 1482139161.715429, 
        "translated": 9561
    }, 
    "es": {
        "approved": 305020, 
        "translated": 324397
    }, 
    "fa": {
        "approved": 1, 
        "translated": 103
    }, 
    "fa-af": {
        "approved": 31, 
        "translated": 104
    }, 
    "fr": {
        "approved": 203036, 
        "translated": 216961
    }, 
    "he": {
        "approved": 6510, 
        "translated": 7054
    }, 
    "hi": {
        "approved": 96168, 
        "pending_since_timestamp": 1482160003.002261, 
        "translated": 115450
    }, 
    "hy": {
        "approved": 4976, 
        "pending_since_timestamp": 1482145047.451655, 
        "translated": 10251
    }, 
    "id": {
        "approved": 532, 
        "translated": 6319
    }, 
    "it": {
        "approved": 61357, 
        "pending_since_timestamp": 1482158397.051124, 
        "translated": 110079
    }, 
    "ja": {
        "approved": 96709, 
        "pending_since_timestamp": 1482158397.051124, 
        "translated": 114764
    }, 
    "ka": {
        "approved": 186728, 
        "translated": 191918
    }, 
    "ko": {
        "approved": 141757, 
        "pending_since_timestamp": 1482151625.136188, 
        "translated": 156103
    }, 
    "lol": {
        "approved": 397, 
        "translated": 8672
    }, 
    "mn": {
        "approved": 73620, 
        "translated": 81198
    }, 
    "ms": {
        "approved": 29, 
        "translated": 689
    }, 
    "nb": {
        "approved": 96236, 
        "translated": 99302
    }, 
    "nl": {
        "approved": 96799, 
        "translated": 120477
    }, 
    "pl": {
        "approved": 235178, 
        "pending_since_timestamp": 1482158397.051124, 
        "translated": 235679
    }, 
    "pt": {
        "approved": 243807, 
        "pending_since_timestamp": 1482151625.136188, 
        "translated": 281593
    }, 
    "pt-pt": {
        "approved": 60524, 
        "pending_since_timestamp": 1482145047.451655, 
        "translated": 87938
    }, 
    "ru": {
        "approved": 1638, 
        "translated": 18145
    }, 
    "sr": {
        "approved": 50979, 
        "translated": 68763
    }, 
    "sw": {
        "approved": 11652, 
        "translated": 31798
    }, 
    "te": {
        "approved": 16, 
        "translated": 214
    }, 
    "th": {
        "approved": 316, 
        "translated": 117760
    }, 
    "tr": {
        "approved": 236119, 
        "pending_since_timestamp": 1482151625.136188, 
        "translated": 320329
    }, 
    "uk": {
        "approved": 98, 
        "translated": 2481
    }, 
    "ur": {
        "approved": 92, 
        "translated": 1204
    }, 
    "xh": {
        "approved": 40, 
        "translated": 40
    }, 
    "zh-hans": {
        "approved": 128, 
        "translated": 5042
    }, 
    "zu": {
        "approved": 1, 
        "translated": 22
    }
}