{
    "af": {
        "approved": 19, 
        "translated": 1521
    }, 
    "am": {
        "approved": 0, 
        "translated": 0
    }, 
    "ar": {
        "approved": 580, 
        "translated": 22941
    }, 
    "az": {
        "approved": 36018, 
        "translated": 37567
    }, 
    "bg": {
        "approved": 282363, 
        "translated": 289006
    }, 
    "bn": {
        "approved": 150028, 
        "pending_since_timestamp": 1522772756.602233, 
        "translated": 157299
    }, 
    "ca": {
        "approved": 3, 
        "translated": 2089
    }, 
    "cs": {
        "approved": 79759, 
        "pending_since_timestamp": 1522775160.577344, 
        "translated": 106707
    }, 
    "da": {
        "approved": 84040, 
        "pending_since_timestamp": 1522758921.207604, 
        "translated": 114367
    }, 
    "de": {
        "approved": 267965, 
        "translated": 515167
    }, 
    "el": {
        "approved": 4826, 
        "pending_since_timestamp": 1522761460.858921, 
        "translated": 23849
    }, 
    "es": {
        "approved": 387042, 
        "pending_since_timestamp": 1522770397.961444, 
        "translated": 405663
    }, 
    "et": {
        "approved": 45125, 
        "translated": 46457
    }, 
    "fa": {
        "approved": 1, 
        "translated": 195
    }, 
    "fa-af": {
        "approved": 31, 
        "translated": 104
    }, 
    "fi": {
        "approved": 12361, 
        "translated": 13394
    }, 
    "fil": {
        "approved": 210, 
        "translated": 303
    }, 
    "fr": {
        "approved": 274305, 
        "pending_since_timestamp": 1522763748.784416, 
        "translated": 277852
    }, 
    "gu": {
        "approved": 33585, 
        "translated": 36305
    }, 
    "he": {
        "approved": 7307, 
        "translated": 7309
    }, 
    "hi": {
        "approved": 166705, 
        "pending_since_timestamp": 1522777741.640237, 
        "translated": 179433
    }, 
    "hr": {
        "approved": 11030, 
        "translated": 16782
    }, 
    "ht": {
        "approved": 1, 
        "translated": 5
    }, 
    "hu": {
        "approved": 88504, 
        "pending_since_timestamp": 1522777741.640237, 
        "translated": 106473
    }, 
    "hy": {
        "approved": 85099, 
        "pending_since_timestamp": 1522758921.207604, 
        "translated": 93803
    }, 
    "id": {
        "approved": 26739, 
        "translated": 39376
    }, 
    "it": {
        "approved": 135867, 
        "pending_since_timestamp": 1522777741.640237, 
        "translated": 156047
    }, 
    "ja": {
        "approved": 122024, 
        "pending_since_timestamp": 1522777741.640237, 
        "translated": 140556
    }, 
    "ka": {
        "approved": 253201, 
        "pending_since_timestamp": 1522779919.602088, 
        "translated": 256337
    }, 
    "ki": {
        "approved": 0, 
        "translated": 37
    }, 
    "km": {
        "approved": 0, 
        "translated": 52
    }, 
    "kn": {
        "approved": 0, 
        "translated": 153
    }, 
    "ko": {
        "approved": 179165, 
        "translated": 190290
    }, 
    "ky": {
        "approved": 0, 
        "translated": 26
    }, 
    "lol": {
        "approved": -153, 
        "translated": 7946
    }, 
    "lt": {
        "approved": 0, 
        "translated": 1598
    }, 
    "lv": {
        "approved": 54773, 
        "translated": 54808
    }, 
    "mn": {
        "approved": 87577, 
        "translated": 115493
    }, 
    "mr": {
        "approved": 0, 
        "translated": 0
    }, 
    "ms": {
        "approved": 29, 
        "translated": 678
    }, 
    "my": {
        "approved": 0, 
        "translated": 114
    }, 
    "nb": {
        "approved": 133777, 
        "translated": 141079
    }, 
    "nl": {
        "approved": 117744, 
        "translated": 137033
    }, 
    "nn": {
        "approved": 0, 
        "translated": 1656
    }, 
    "or": {
        "approved": 0, 
        "translated": 56
    }, 
    "pl": {
        "approved": 313996, 
        "pending_since_timestamp": 1522770397.961444, 
        "translated": 314437
    }, 
    "pt": {
        "approved": 336617, 
        "pending_since_timestamp": 1522777741.640237, 
        "translated": 386725
    }, 
    "pt-pt": {
        "approved": 142565, 
        "pending_since_timestamp": 1522758921.207604, 
        "translated": 174772
    }, 
    "ro": {
        "approved": 63370, 
        "translated": 68044
    }, 
    "ru": {
        "approved": 1982, 
        "translated": 23702
    }, 
    "rw": {
        "approved": 0, 
        "translated": 0
    }, 
    "si": {
        "approved": 0, 
        "translated": 204
    }, 
    "sk": {
        "approved": 0, 
        "translated": 2235
    }, 
    "sl": {
        "approved": 0, 
        "translated": 0
    }, 
    "sq": {
        "approved": 49784, 
        "translated": 66094
    }, 
    "sr": {
        "approved": 65763, 
        "translated": 82491
    }, 
    "sv": {
        "approved": 145904, 
        "translated": 543564
    }, 
    "sw": {
        "approved": 0, 
        "translated": 0
    }, 
    "ta": {
        "approved": 40046, 
        "translated": 57088
    }, 
    "te": {
        "approved": 16, 
        "translated": 227
    }, 
    "th": {
        "approved": 303, 
        "translated": 130445
    }, 
    "tr": {
        "approved": 299735, 
        "translated": 402737
    }, 
    "uk": {
        "approved": 98, 
        "translated": 2384
    }, 
    "ur": {
        "approved": 54718, 
        "translated": 57643
    }, 
    "uz": {
        "approved": 147, 
        "translated": 1442
    }, 
    "vi": {
        "approved": 2, 
        "translated": 1480
    }, 
    "xh": {
        "approved": 40, 
        "translated": 40
    }, 
    "zh-hans": {
        "approved": 72864, 
        "translated": 98931
    }, 
    "zh-hant": {
        "approved": 9301, 
        "pending_since_timestamp": 1522737834.637147, 
        "translated": 68097
    }, 
    "zu": {
        "approved": 1, 
        "translated": 18
    }
}