{
    "af": {
        "approved": 20, 
        "translated": 1571
    }, 
    "am": {
        "approved": 0, 
        "translated": 0
    }, 
    "ar": {
        "approved": 391, 
        "pending_since_timestamp": 1510132648.457616, 
        "translated": 10562
    }, 
    "az": {
        "approved": 36095, 
        "translated": 37112
    }, 
    "bg": {
        "approved": 264841, 
        "pending_since_timestamp": 1510171110.982662, 
        "translated": 266913
    }, 
    "bn": {
        "approved": 147039, 
        "pending_since_timestamp": 1510166006.83066, 
        "translated": 155009
    }, 
    "ca": {
        "approved": 3, 
        "translated": 2178
    }, 
    "cs": {
        "approved": 43576, 
        "pending_since_timestamp": 1510146353.378058, 
        "translated": 73474
    }, 
    "da": {
        "approved": 76669, 
        "translated": 99210
    }, 
    "de": {
        "approved": 245556, 
        "pending_since_timestamp": 1510157484.049279, 
        "translated": 262454
    }, 
    "el": {
        "approved": 3558, 
        "pending_since_timestamp": 1510171110.982662, 
        "translated": 21915
    }, 
    "es": {
        "approved": 371530, 
        "pending_since_timestamp": 1510154186.90977, 
        "translated": 393069
    }, 
    "et": {
        "approved": 45280, 
        "translated": 46667
    }, 
    "fa": {
        "approved": 1, 
        "translated": 205
    }, 
    "fa-af": {
        "approved": 31, 
        "translated": 104
    }, 
    "fi": {
        "approved": 12421, 
        "translated": 13491
    }, 
    "fil": {
        "approved": 0, 
        "translated": 1
    }, 
    "fr": {
        "approved": 261102, 
        "pending_since_timestamp": 1510169627.272318, 
        "translated": 265099
    }, 
    "gu": {
        "approved": 33852, 
        "translated": 36701
    }, 
    "he": {
        "approved": 6951, 
        "translated": 7530
    }, 
    "hi": {
        "approved": 149255, 
        "pending_since_timestamp": 1510171110.982662, 
        "translated": 166141
    }, 
    "hr": {
        "approved": 11082, 
        "translated": 16916
    }, 
    "ht": {
        "approved": 1, 
        "translated": 5
    }, 
    "hu": {
        "approved": 46410, 
        "pending_since_timestamp": 1510146353.378058, 
        "translated": 53442
    }, 
    "hy": {
        "approved": 75421, 
        "pending_since_timestamp": 1510166006.83066, 
        "translated": 86262
    }, 
    "id": {
        "approved": 11945, 
        "pending_since_timestamp": 1510122494.199665, 
        "translated": 22934
    }, 
    "it": {
        "approved": 129986, 
        "pending_since_timestamp": 1510151901.284536, 
        "translated": 151304
    }, 
    "ja": {
        "approved": 111919, 
        "pending_since_timestamp": 1510161778.483625, 
        "translated": 128030
    }, 
    "ka": {
        "approved": 221939, 
        "pending_since_timestamp": 1510155927.695376, 
        "translated": 226639
    }, 
    "kn": {
        "approved": 0, 
        "translated": 161
    }, 
    "ko": {
        "approved": 174969, 
        "translated": 186578
    }, 
    "ky": {
        "approved": 0, 
        "pending_since_timestamp": 1509126093.85747, 
        "translated": 28
    }, 
    "lol": {
        "approved": 281, 
        "translated": 8433
    }, 
    "lt": {
        "approved": 0, 
        "translated": 1662
    }, 
    "lv": {
        "approved": 54948, 
        "translated": 54977
    }, 
    "mn": {
        "approved": 87005, 
        "translated": 116241
    }, 
    "mr": {
        "approved": 0, 
        "translated": 0
    }, 
    "ms": {
        "approved": 29, 
        "translated": 714
    }, 
    "my": {
        "approved": 0, 
        "pending_since_timestamp": 1508989970.357992, 
        "translated": 123
    }, 
    "nb": {
        "approved": 134029, 
        "translated": 140074
    }, 
    "nl": {
        "approved": 111458, 
        "translated": 132573
    }, 
    "nn": {
        "approved": 0, 
        "translated": 1693
    }, 
    "or": {
        "approved": 0, 
        "translated": 70
    }, 
    "pl": {
        "approved": 295938, 
        "pending_since_timestamp": 1510151901.284536, 
        "translated": 296250
    }, 
    "pt": {
        "approved": 319439, 
        "translated": 367172
    }, 
    "pt-pt": {
        "approved": 117200, 
        "translated": 137324
    }, 
    "ro": {
        "approved": 62604, 
        "translated": 68391
    }, 
    "ru": {
        "approved": 1832, 
        "translated": 21452
    }, 
    "rw": {
        "approved": 0, 
        "translated": 0
    }, 
    "si": {
        "approved": 0, 
        "translated": 229
    }, 
    "sk": {
        "approved": 0, 
        "translated": 2317
    }, 
    "sl": {
        "approved": 0, 
        "translated": 0
    }, 
    "sq": {
        "approved": 49903, 
        "pending_since_timestamp": 1510146353.378058, 
        "translated": 65368
    }, 
    "sr": {
        "approved": 54460, 
        "translated": 71079
    }, 
    "sv": {
        "approved": 72550, 
        "pending_since_timestamp": 1510042591.136794, 
        "translated": 134596
    }, 
    "sw": {
        "approved": 0, 
        "translated": 0
    }, 
    "ta": {
        "approved": 32132, 
        "translated": 49767
    }, 
    "te": {
        "approved": 16, 
        "translated": 235
    }, 
    "th": {
        "approved": 303, 
        "translated": 131551
    }, 
    "tr": {
        "approved": 275661, 
        "pending_since_timestamp": 1510164091.707391, 
        "translated": 390560
    }, 
    "uk": {
        "approved": 98, 
        "pending_since_timestamp": 1509598318.378423, 
        "translated": 2459
    }, 
    "ur": {
        "approved": 2401, 
        "pending_since_timestamp": 1510109374.119873, 
        "translated": 3909
    }, 
    "uz": {
        "approved": 154, 
        "pending_since_timestamp": 1510150173.287201, 
        "translated": 1481
    }, 
    "vi": {
        "approved": 2, 
        "translated": 1494
    }, 
    "xh": {
        "approved": 40, 
        "translated": 40
    }, 
    "zh-hans": {
        "approved": 41975, 
        "translated": 95908
    }, 
    "zh-hant": {
        "approved": 7632, 
        "pending_since_timestamp": 1510160311.17378, 
        "translated": 66437
    }, 
    "zu": {
        "approved": 1, 
        "translated": 20
    }
}