{
    "ar": {
        "approved": 0, 
        "pending_since_timestamp": 1448117545.015563, 
        "translated": 3846
    }, 
    "bg": {
        "approved": 121366, 
        "pending_since_timestamp": 1448121520.75125, 
        "translated": 157295
    }, 
    "bn": {
        "approved": 30983, 
        "pending_since_timestamp": 1448124295.997252, 
        "translated": 64543
    }, 
    "cs": {
        "approved": 13626, 
        "pending_since_timestamp": 1448133065.72612, 
        "translated": 25579
    }, 
    "da": {
        "approved": 21828, 
        "translated": 65510
    }, 
    "de": {
        "approved": 106215, 
        "translated": 106288
    }, 
    "el": {
        "approved": 0, 
        "pending_since_timestamp": 1448133065.72612, 
        "translated": 6769
    }, 
    "es": {
        "approved": 196342, 
        "pending_since_timestamp": 1448134063.201007, 
        "translated": 295673
    }, 
    "fa": {
        "approved": 0, 
        "translated": 225
    }, 
    "fa-af": {
        "approved": 0, 
        "pending_since_timestamp": 1448123393.033823, 
        "translated": 7
    }, 
    "fr": {
        "approved": 106265, 
        "pending_since_timestamp": 1448133065.72612, 
        "translated": 111855
    }, 
    "he": {
        "approved": 8607, 
        "pending_since_timestamp": 1448133065.72612, 
        "translated": 9113
    }, 
    "hi": {
        "approved": 40093, 
        "pending_since_timestamp": 1448123393.033823, 
        "translated": 65832
    }, 
    "hy": {
        "approved": 0, 
        "pending_since_timestamp": 1448133065.72612, 
        "translated": 117
    }, 
    "id": {
        "approved": 0, 
        "pending_since_timestamp": 1448133065.72612, 
        "translated": 9200
    }, 
    "it": {
        "approved": 0, 
        "pending_since_timestamp": 1448133065.72612, 
        "translated": 56015
    }, 
    "ja": {
        "approved": 19579, 
        "pending_since_timestamp": 1448113549.787122, 
        "translated": 53295
    }, 
    "ko": {
        "approved": 78142, 
        "pending_since_timestamp": 1448133065.72612, 
        "translated": 88542
    }, 
    "lol": {
        "approved": 705, 
        "translated": 5656
    }, 
    "mn": {
        "approved": 9911, 
        "pending_since_timestamp": 1448102661.041109, 
        "translated": 34558
    }, 
    "ms": {
        "approved": 0, 
        "pending_since_timestamp": 1448133065.72612, 
        "translated": 796
    }, 
    "nb": {
        "approved": 87111, 
        "pending_since_timestamp": 1448133065.72612, 
        "translated": 88959
    }, 
    "nl": {
        "approved": 45871, 
        "pending_since_timestamp": 1448118552.604295, 
        "translated": 59859
    }, 
    "pl": {
        "approved": 115625, 
        "translated": 125990
    }, 
    "pt": {
        "approved": 152521, 
        "translated": 292867
    }, 
    "pt-pt": {
        "approved": 13905, 
        "pending_since_timestamp": 1448121520.75125, 
        "translated": 78700
    }, 
    "ru": {
        "approved": 1224, 
        "pending_since_timestamp": 1448133065.72612, 
        "translated": 13673
    }, 
    "sr": {
        "approved": 35843, 
        "translated": 291628
    }, 
    "sw": {
        "approved": 13121, 
        "pending_since_timestamp": 1448133065.72612, 
        "translated": 30847
    }, 
    "te": {
        "approved": 0, 
        "translated": 101
    }, 
    "th": {
        "approved": 0, 
        "pending_since_timestamp": 1448133065.72612, 
        "translated": 127993
    }, 
    "tr": {
        "approved": 173284, 
        "pending_since_timestamp": 1448138939.151131, 
        "translated": 208608
    }, 
    "uk": {
        "approved": 0, 
        "pending_since_timestamp": 1448133065.72612, 
        "translated": 1565
    }, 
    "ur": {
        "approved": 0, 
        "pending_since_timestamp": 1448116584.209088, 
        "translated": 1558
    }, 
    "xh": {
        "approved": 0, 
        "translated": 1
    }, 
    "zh-hans": {
        "approved": 0, 
        "pending_since_timestamp": 1448133065.72612, 
        "translated": 4251
    }, 
    "zu": {
        "approved": 0, 
        "translated": 29
    }
}