{
    "ar": {
        "approved": 256, 
        "translated": 4077
    }, 
    "bg": {
        "approved": 198033, 
        "pending_since_timestamp": 1489147077.862622, 
        "translated": 219390
    }, 
    "bn": {
        "approved": 128198, 
        "translated": 140876
    }, 
    "cs": {
        "approved": 12206, 
        "translated": 28881
    }, 
    "da": {
        "approved": 74346, 
        "translated": 81565
    }, 
    "de": {
        "approved": 203475, 
        "pending_since_timestamp": 1489147077.862622, 
        "translated": 204182
    }, 
    "el": {
        "approved": 1247, 
        "translated": 16375
    }, 
    "es": {
        "approved": 335889, 
        "translated": 352392
    }, 
    "fa": {
        "approved": 1, 
        "translated": 103
    }, 
    "fa-af": {
        "approved": 31, 
        "translated": 104
    }, 
    "fr": {
        "approved": 223815, 
        "pending_since_timestamp": 1489147077.862622, 
        "translated": 231902
    }, 
    "he": {
        "approved": 6466, 
        "translated": 6940
    }, 
    "hi": {
        "approved": 100294, 
        "pending_since_timestamp": 1489147077.862622, 
        "translated": 115631
    }, 
    "hy": {
        "approved": 7405, 
        "translated": 12300
    }, 
    "id": {
        "approved": 532, 
        "translated": 6426
    }, 
    "it": {
        "approved": 68550, 
        "pending_since_timestamp": 1489136530.638622, 
        "translated": 115771
    }, 
    "ja": {
        "approved": 100063, 
        "translated": 117193
    }, 
    "ka": {
        "approved": 192302, 
        "pending_since_timestamp": 1489147077.862622, 
        "translated": 197997
    }, 
    "ko": {
        "approved": 153958, 
        "pending_since_timestamp": 1489134781.236943, 
        "translated": 162915
    }, 
    "lol": {
        "approved": 392, 
        "translated": 8632
    }, 
    "mn": {
        "approved": 79795, 
        "translated": 92283
    }, 
    "ms": {
        "approved": 29, 
        "translated": 659
    }, 
    "nb": {
        "approved": 95984, 
        "translated": 99195
    }, 
    "nl": {
        "approved": 104319, 
        "translated": 127139
    }, 
    "pl": {
        "approved": 255569, 
        "translated": 255796
    }, 
    "pt": {
        "approved": 259689, 
        "translated": 298112
    }, 
    "pt-pt": {
        "approved": 73860, 
        "translated": 109542
    }, 
    "ru": {
        "approved": 1629, 
        "translated": 18352
    }, 
    "sr": {
        "approved": 50738, 
        "translated": 68665
    }, 
    "sw": {
        "approved": 15910, 
        "pending_since_timestamp": 1489131762.760104, 
        "translated": 34062
    }, 
    "te": {
        "approved": 16, 
        "translated": 210
    }, 
    "th": {
        "approved": 316, 
        "translated": 122092
    }, 
    "tr": {
        "approved": 249905, 
        "translated": 333660
    }, 
    "uk": {
        "approved": 98, 
        "translated": 2487
    }, 
    "ur": {
        "approved": 92, 
        "translated": 1180
    }, 
    "xh": {
        "approved": 40, 
        "translated": 40
    }, 
    "zh-hans": {
        "approved": 148, 
        "translated": 5868
    }, 
    "zu": {
        "approved": 1, 
        "translated": 22
    }
}