{
    "ar": {
        "approved": 0, 
        "pending_since_timestamp": 1449003328.783327, 
        "translated": 3944
    }, 
    "bg": {
        "approved": 120752, 
        "pending_since_timestamp": 1448995084.38818, 
        "translated": 159097
    }, 
    "bn": {
        "approved": 37938, 
        "pending_since_timestamp": 1449002099.233071, 
        "translated": 68827
    }, 
    "cs": {
        "approved": 13548, 
        "translated": 26185
    }, 
    "da": {
        "approved": 29798, 
        "pending_since_timestamp": 1448998064.577617, 
        "translated": 69824
    }, 
    "de": {
        "approved": 106380, 
        "translated": 106936
    }, 
    "el": {
        "approved": 0, 
        "pending_since_timestamp": 1449003328.783327, 
        "translated": 6863
    }, 
    "es": {
        "approved": 197686, 
        "pending_since_timestamp": 1449006810.718817, 
        "translated": 297712
    }, 
    "fa": {
        "approved": 0, 
        "pending_since_timestamp": 1449003328.783327, 
        "translated": 225
    }, 
    "fa-af": {
        "approved": 0, 
        "translated": 8
    }, 
    "fr": {
        "approved": 106804, 
        "pending_since_timestamp": 1449002099.233071, 
        "translated": 113571
    }, 
    "he": {
        "approved": 8604, 
        "pending_since_timestamp": 1449003328.783327, 
        "translated": 9134
    }, 
    "hi": {
        "approved": 70373, 
        "pending_since_timestamp": 1448998936.24005, 
        "translated": 72285
    }, 
    "hy": {
        "approved": 0, 
        "translated": 132
    }, 
    "id": {
        "approved": 0, 
        "pending_since_timestamp": 1449003328.783327, 
        "translated": 9213
    }, 
    "it": {
        "approved": 0, 
        "pending_since_timestamp": 1449003328.783327, 
        "translated": 55957
    }, 
    "ja": {
        "approved": 21276, 
        "pending_since_timestamp": 1448991234.211212, 
        "translated": 53989
    }, 
    "ko": {
        "approved": 77798, 
        "pending_since_timestamp": 1448991234.211212, 
        "translated": 88313
    }, 
    "lol": {
        "approved": 705, 
        "translated": 5654
    }, 
    "mn": {
        "approved": 17478, 
        "pending_since_timestamp": 1448979750.55141, 
        "translated": 38791
    }, 
    "ms": {
        "approved": 0, 
        "pending_since_timestamp": 1449003328.783327, 
        "translated": 798
    }, 
    "nb": {
        "approved": 86670, 
        "pending_since_timestamp": 1449003328.783327, 
        "translated": 89059
    }, 
    "nl": {
        "approved": 45766, 
        "pending_since_timestamp": 1448991234.211212, 
        "translated": 63626
    }, 
    "pl": {
        "approved": 116498, 
        "pending_since_timestamp": 1449005896.688934, 
        "translated": 126915
    }, 
    "pt": {
        "approved": 156990, 
        "pending_since_timestamp": 1449003328.783327, 
        "translated": 295047
    }, 
    "pt-pt": {
        "approved": 13911, 
        "pending_since_timestamp": 1448997208.141687, 
        "translated": 79273
    }, 
    "ru": {
        "approved": 1227, 
        "pending_since_timestamp": 1449003328.783327, 
        "translated": 13991
    }, 
    "sr": {
        "approved": 36012, 
        "pending_since_timestamp": 1449004196.465159, 
        "translated": 293672
    }, 
    "sw": {
        "approved": 13043, 
        "pending_since_timestamp": 1448982484.920137, 
        "translated": 30927
    }, 
    "te": {
        "approved": 0, 
        "pending_since_timestamp": 1449003328.783327, 
        "translated": 101
    }, 
    "th": {
        "approved": 0, 
        "pending_since_timestamp": 1448980627.368428, 
        "translated": 128288
    }, 
    "tr": {
        "approved": 174721, 
        "pending_since_timestamp": 1449003328.783327, 
        "translated": 209257
    }, 
    "uk": {
        "approved": 0, 
        "pending_since_timestamp": 1449003328.783327, 
        "translated": 1603
    }, 
    "ur": {
        "approved": 0, 
        "pending_since_timestamp": 1449003328.783327, 
        "translated": 1567
    }, 
    "xh": {
        "approved": 0, 
        "translated": 1
    }, 
    "zh-hans": {
        "approved": 0, 
        "pending_since_timestamp": 1449003328.783327, 
        "translated": 4290
    }, 
    "zu": {
        "approved": 0, 
        "translated": 29
    }
}