{
    "af": {
        "approved": 19, 
        "pending_since_timestamp": 1542057306.169735, 
        "translated": 1478
    }, 
    "am": {
        "approved": 0, 
        "translated": 0
    }, 
    "ar": {
        "approved": 69122, 
        "pending_since_timestamp": 1544903245.44724, 
        "translated": 200086
    }, 
    "az": {
        "approved": 35926, 
        "translated": 37643
    }, 
    "bg": {
        "approved": 331457, 
        "pending_since_timestamp": 1544978163.452224, 
        "translated": 335865
    }, 
    "bn": {
        "approved": 147817, 
        "translated": 161455
    }, 
    "ca": {
        "approved": 3, 
        "translated": 1947
    }, 
    "cs": {
        "approved": 130348, 
        "pending_since_timestamp": 1544952319.792278, 
        "translated": 148404
    }, 
    "da": {
        "approved": 174975, 
        "translated": 192770
    }, 
    "de": {
        "approved": 301312, 
        "pending_since_timestamp": 1544968445.15428, 
        "translated": 537174
    }, 
    "el": {
        "approved": 77936, 
        "translated": 93709
    }, 
    "es": {
        "approved": 431860, 
        "translated": 448284
    }, 
    "et": {
        "approved": 44984, 
        "translated": 46297
    }, 
    "fa": {
        "approved": 1, 
        "translated": 190
    }, 
    "fa-af": {
        "approved": 31, 
        "translated": 103
    }, 
    "fi": {
        "approved": 82291, 
        "translated": 84189
    }, 
    "fil": {
        "approved": 204, 
        "translated": 297
    }, 
    "fr": {
        "approved": 285702, 
        "pending_since_timestamp": 1545070338.77864, 
        "translated": 289139
    }, 
    "fv": {
        "approved": 79873, 
        "pending_since_timestamp": 1544955125.825077, 
        "translated": 83369
    }, 
    "gu": {
        "approved": 96582, 
        "pending_since_timestamp": 1545070338.77864, 
        "translated": 140352
    }, 
    "he": {
        "approved": 8458, 
        "translated": 8461
    }, 
    "hi": {
        "approved": 167232, 
        "translated": 179604
    }, 
    "hr": {
        "approved": 10947, 
        "translated": 16549
    }, 
    "ht": {
        "approved": 1, 
        "translated": 5
    }, 
    "hu": {
        "approved": 92945, 
        "pending_since_timestamp": 1544907968.088526, 
        "translated": 112836
    }, 
    "hy": {
        "approved": 126346, 
        "pending_since_timestamp": 1544968445.15428, 
        "translated": 148534
    }, 
    "id": {
        "approved": 73651, 
        "translated": 91185
    }, 
    "it": {
        "approved": 155639, 
        "pending_since_timestamp": 1545070338.77864, 
        "translated": 173314
    }, 
    "ja": {
        "approved": 125486, 
        "pending_since_timestamp": 1545070338.77864, 
        "translated": 145785
    }, 
    "ka": {
        "approved": 278739, 
        "pending_since_timestamp": 1544968445.15428, 
        "translated": 283269
    }, 
    "ki": {
        "approved": 0, 
        "translated": 37
    }, 
    "kk": {
        "approved": 103, 
        "translated": 103
    }, 
    "km": {
        "approved": 0, 
        "translated": 52
    }, 
    "kn": {
        "approved": 33445, 
        "pending_since_timestamp": 1545070338.77864, 
        "translated": 39744
    }, 
    "ko": {
        "approved": 186821, 
        "translated": 216257
    }, 
    "ky": {
        "approved": 0, 
        "translated": 25
    }, 
    "lol": {
        "approved": 66865, 
        "translated": 82046
    }, 
    "lt": {
        "approved": 80827, 
        "translated": 82781
    }, 
    "lv": {
        "approved": 54625, 
        "translated": 55058
    }, 
    "mn": {
        "approved": 82707, 
        "translated": 110614
    }, 
    "mr": {
        "approved": 0, 
        "translated": 0
    }, 
    "ms": {
        "approved": 29, 
        "translated": 639
    }, 
    "my": {
        "approved": 1, 
        "translated": 112
    }, 
    "nb": {
        "approved": 133316, 
        "translated": 143386
    }, 
    "ne": {
        "approved": 0, 
        "translated": 1
    }, 
    "nl": {
        "approved": 129322, 
        "translated": 144136
    }, 
    "nn": {
        "approved": 0, 
        "translated": 1629
    }, 
    "or": {
        "approved": 0, 
        "translated": 52
    }, 
    "pl": {
        "approved": 342181, 
        "pending_since_timestamp": 1544994015.052408, 
        "translated": 342546
    }, 
    "ps": {
        "approved": 473, 
        "pending_since_timestamp": 1544821719.524284, 
        "translated": 782
    }, 
    "pt": {
        "approved": 371629, 
        "pending_since_timestamp": 1544968445.15428, 
        "translated": 412752
    }, 
    "pt-pt": {
        "approved": 149798, 
        "pending_since_timestamp": 1545070338.77864, 
        "translated": 180758
    }, 
    "ro": {
        "approved": 63714, 
        "translated": 67985
    }, 
    "ru": {
        "approved": 100607, 
        "pending_since_timestamp": 1544991494.960755, 
        "translated": 122009
    }, 
    "rw": {
        "approved": 0, 
        "translated": 0
    }, 
    "si": {
        "approved": 0, 
        "translated": 196
    }, 
    "sk": {
        "approved": 0, 
        "translated": 2154
    }, 
    "sl": {
        "approved": 0, 
        "translated": 0
    }, 
    "sq": {
        "approved": 98737, 
        "translated": 102961
    }, 
    "sr": {
        "approved": 62990, 
        "translated": 81676
    }, 
    "sv": {
        "approved": 166921, 
        "translated": 541373
    }, 
    "sw": {
        "approved": 0, 
        "translated": 0
    }, 
    "ta": {
        "approved": 51513, 
        "pending_since_timestamp": 1544968445.15428, 
        "translated": 75287
    }, 
    "te": {
        "approved": 16, 
        "translated": 208
    }, 
    "th": {
        "approved": 299, 
        "pending_since_timestamp": 1544949733.19335, 
        "translated": 134226
    }, 
    "tr": {
        "approved": 310061, 
        "translated": 417891
    }, 
    "uk": {
        "approved": 70582, 
        "pending_since_timestamp": 1544917676.562602, 
        "translated": 90755
    }, 
    "ur": {
        "approved": 54613, 
        "translated": 57500
    }, 
    "uz": {
        "approved": 76758, 
        "pending_since_timestamp": 1544821719.524284, 
        "translated": 88297
    }, 
    "vi": {
        "approved": 2, 
        "translated": 1982
    }, 
    "xh": {
        "approved": 40, 
        "translated": 40
    }, 
    "zh-hans": {
        "approved": 183055, 
        "pending_since_timestamp": 1544981392.839541, 
        "translated": 252855
    }, 
    "zh-hant": {
        "approved": 10010, 
        "translated": 74584
    }, 
    "zu": {
        "approved": 1, 
        "translated": 18
    }
}