{
    "ar": {
        "approved": 0, 
        "translated": 4457
    }, 
    "bg": {
        "approved": 168150, 
        "pending_since_timestamp": 1454571601.956298, 
        "translated": 174111
    }, 
    "bn": {
        "approved": 54625, 
        "pending_since_timestamp": 1454557330.217758, 
        "translated": 93867
    }, 
    "cs": {
        "approved": 12927, 
        "pending_since_timestamp": 1454561097.273124, 
        "translated": 30753
    }, 
    "da": {
        "approved": 39502, 
        "translated": 68999
    }, 
    "de": {
        "approved": 119424, 
        "pending_since_timestamp": 1454576581.796551, 
        "translated": 120160
    }, 
    "el": {
        "approved": 3, 
        "translated": 7276
    }, 
    "es": {
        "approved": 200211, 
        "pending_since_timestamp": 1454578718.578031, 
        "translated": 323118
    }, 
    "fa": {
        "approved": 0, 
        "translated": 247
    }, 
    "fa-af": {
        "approved": 0, 
        "translated": 74
    }, 
    "fr": {
        "approved": 114598, 
        "pending_since_timestamp": 1454579691.145083, 
        "translated": 122043
    }, 
    "he": {
        "approved": 8512, 
        "translated": 9509
    }, 
    "hi": {
        "approved": 64294, 
        "translated": 79274
    }, 
    "hy": {
        "approved": 0, 
        "translated": 141
    }, 
    "id": {
        "approved": 0, 
        "translated": 8669
    }, 
    "it": {
        "approved": 0, 
        "pending_since_timestamp": 1454561097.273124, 
        "translated": 75039
    }, 
    "ja": {
        "approved": 23926, 
        "pending_since_timestamp": 1454561097.273124, 
        "translated": 56215
    }, 
    "ko": {
        "approved": 72630, 
        "pending_since_timestamp": 1454569691.473421, 
        "translated": 94236
    }, 
    "lol": {
        "approved": 615, 
        "translated": 8058
    }, 
    "mn": {
        "approved": 36303, 
        "translated": 56997
    }, 
    "ms": {
        "approved": 0, 
        "translated": 824
    }, 
    "nb": {
        "approved": 84900, 
        "pending_since_timestamp": 1454579691.145083, 
        "translated": 85956
    }, 
    "nl": {
        "approved": 47985, 
        "pending_since_timestamp": 1454561097.273124, 
        "translated": 81773
    }, 
    "pl": {
        "approved": 131965, 
        "translated": 135286
    }, 
    "pt": {
        "approved": 150534, 
        "translated": 320243
    }, 
    "pt-pt": {
        "approved": 14285, 
        "pending_since_timestamp": 1454561097.273124, 
        "translated": 79951
    }, 
    "ru": {
        "approved": 1244, 
        "translated": 19926
    }, 
    "sr": {
        "approved": 35517, 
        "translated": 319068
    }, 
    "sw": {
        "approved": 12308, 
        "pending_since_timestamp": 1454577531.317448, 
        "translated": 34936
    }, 
    "te": {
        "approved": 0, 
        "translated": 238
    }, 
    "th": {
        "approved": 0, 
        "pending_since_timestamp": 1454561097.273124, 
        "translated": 128347
    }, 
    "tr": {
        "approved": 170471, 
        "pending_since_timestamp": 1454576581.796551, 
        "translated": 230830
    }, 
    "uk": {
        "approved": 0, 
        "translated": 2723
    }, 
    "ur": {
        "approved": 0, 
        "translated": 1645
    }, 
    "xh": {
        "approved": 0, 
        "translated": 1
    }, 
    "zh-hans": {
        "approved": 0, 
        "translated": 4367
    }, 
    "zu": {
        "approved": 0, 
        "translated": 32
    }
}