{
    "ar": {
        "approved": 0, 
        "pending_since_timestamp": 1447316884.235631, 
        "translated": 3818
    }, 
    "bg": {
        "approved": 91099, 
        "translated": 157007
    }, 
    "bn": {
        "approved": 27288, 
        "pending_since_timestamp": 1447320013.828899, 
        "translated": 60882
    }, 
    "cs": {
        "approved": 0, 
        "pending_since_timestamp": 1447322021.727753, 
        "translated": 5650
    }, 
    "da": {
        "approved": 21922, 
        "translated": 66715
    }, 
    "de": {
        "approved": 105039, 
        "pending_since_timestamp": 1447337504.854866, 
        "translated": 105071
    }, 
    "el": {
        "approved": 0, 
        "pending_since_timestamp": 1447337504.854866, 
        "translated": 6705
    }, 
    "es": {
        "approved": 195645, 
        "pending_since_timestamp": 1447337504.854866, 
        "translated": 293067
    }, 
    "fa": {
        "approved": 0, 
        "translated": 223
    }, 
    "fa-af": {
        "approved": 0, 
        "translated": 1
    }, 
    "fr": {
        "approved": 106732, 
        "pending_since_timestamp": 1447337504.854866, 
        "translated": 111710
    }, 
    "he": {
        "approved": 8664, 
        "translated": 9171
    }, 
    "hi": {
        "approved": 38672, 
        "pending_since_timestamp": 1447338489.697417, 
        "translated": 64806
    }, 
    "hy": {
        "approved": 0, 
        "translated": 117
    }, 
    "id": {
        "approved": 0, 
        "translated": 9081
    }, 
    "it": {
        "approved": 0, 
        "pending_since_timestamp": 1447329368.263175, 
        "translated": 56401
    }, 
    "ja": {
        "approved": 19843, 
        "pending_since_timestamp": 1447323160.67534, 
        "translated": 53013
    }, 
    "ko": {
        "approved": 78640, 
        "translated": 89061
    }, 
    "lol": {
        "approved": 706, 
        "translated": 4125
    }, 
    "mn": {
        "approved": 701, 
        "pending_since_timestamp": 1447316884.235631, 
        "translated": 30060
    }, 
    "ms": {
        "approved": 0, 
        "translated": 801
    }, 
    "nb": {
        "approved": 86939, 
        "translated": 89270
    }, 
    "nl": {
        "approved": 43004, 
        "pending_since_timestamp": 1447316884.235631, 
        "translated": 54469
    }, 
    "pl": {
        "approved": 115891, 
        "pending_since_timestamp": 1447330939.273895, 
        "translated": 125707
    }, 
    "pt": {
        "approved": 152108, 
        "pending_since_timestamp": 1447334724.50393, 
        "translated": 290333
    }, 
    "pt-pt": {
        "approved": 13812, 
        "translated": 74888
    }, 
    "ru": {
        "approved": 945, 
        "pending_since_timestamp": 1447326413.055021, 
        "translated": 13603
    }, 
    "sr": {
        "approved": 35727, 
        "pending_since_timestamp": 1447329368.263175, 
        "translated": 289060
    }, 
    "sw": {
        "approved": 0, 
        "translated": 18671
    }, 
    "te": {
        "approved": 0, 
        "translated": 101
    }, 
    "th": {
        "approved": 0, 
        "translated": 128866
    }, 
    "tr": {
        "approved": 174559, 
        "translated": 206919
    }, 
    "uk": {
        "approved": 0, 
        "translated": 1566
    }, 
    "ur": {
        "approved": 0, 
        "translated": 1537
    }, 
    "xh": {
        "approved": 0, 
        "translated": 1
    }, 
    "zh-hans": {
        "approved": 0, 
        "translated": 4309
    }, 
    "zu": {
        "approved": 0, 
        "translated": 29
    }
}