{
    "ar": {
        "approved": 0, 
        "translated": 4635
    }, 
    "bg": {
        "approved": 170477, 
        "translated": 186901
    }, 
    "bn": {
        "approved": 73443, 
        "translated": 122049
    }, 
    "cs": {
        "approved": 12785, 
        "pending_since_timestamp": 1460631177.165864, 
        "translated": 29741
    }, 
    "da": {
        "approved": 40140, 
        "translated": 88353
    }, 
    "de": {
        "approved": 149071, 
        "pending_since_timestamp": 1460657177.916793, 
        "translated": 149553
    }, 
    "el": {
        "approved": 252, 
        "pending_since_timestamp": 1460631177.165864, 
        "translated": 7247
    }, 
    "es": {
        "approved": 249199, 
        "pending_since_timestamp": 1460661327.652443, 
        "translated": 367713
    }, 
    "fa": {
        "approved": 0, 
        "translated": 211
    }, 
    "fa-af": {
        "approved": 0, 
        "translated": 72
    }, 
    "fr": {
        "approved": 147207, 
        "pending_since_timestamp": 1460654599.420576, 
        "translated": 155356
    }, 
    "he": {
        "approved": 9249, 
        "translated": 9264
    }, 
    "hi": {
        "approved": 68975, 
        "pending_since_timestamp": 1460652989.233942, 
        "translated": 87013
    }, 
    "hy": {
        "approved": 0, 
        "translated": 1608
    }, 
    "id": {
        "approved": 0, 
        "pending_since_timestamp": 1460631177.165864, 
        "translated": 8154
    }, 
    "it": {
        "approved": 0, 
        "pending_since_timestamp": 1460625669.695259, 
        "translated": 89874
    }, 
    "ja": {
        "approved": 26266, 
        "pending_since_timestamp": 1460631177.165864, 
        "translated": 58013
    }, 
    "ka": {
        "approved": 115797, 
        "pending_since_timestamp": 1460661327.652443, 
        "translated": 117776
    }, 
    "ko": {
        "approved": 110258, 
        "pending_since_timestamp": 1460611461.268685, 
        "translated": 132346
    }, 
    "lol": {
        "approved": 595, 
        "translated": 7597
    }, 
    "mn": {
        "approved": 75637, 
        "pending_since_timestamp": 1460615399.451155, 
        "translated": 82612
    }, 
    "ms": {
        "approved": 0, 
        "translated": 750
    }, 
    "nb": {
        "approved": 88730, 
        "pending_since_timestamp": 1460652989.233942, 
        "translated": 89719
    }, 
    "nl": {
        "approved": 54595, 
        "pending_since_timestamp": 1460615399.451155, 
        "translated": 102669
    }, 
    "pl": {
        "approved": 184432, 
        "pending_since_timestamp": 1460658545.719737, 
        "translated": 186994
    }, 
    "pt": {
        "approved": 184084, 
        "pending_since_timestamp": 1460649482.448352, 
        "translated": 364832
    }, 
    "pt-pt": {
        "approved": 17360, 
        "pending_since_timestamp": 1460625669.695259, 
        "translated": 93358
    }, 
    "ru": {
        "approved": 1177, 
        "pending_since_timestamp": 1460631177.165864, 
        "translated": 20911
    }, 
    "sr": {
        "approved": 47803, 
        "translated": 363655
    }, 
    "sw": {
        "approved": 12175, 
        "pending_since_timestamp": 1460631177.165864, 
        "translated": 35961
    }, 
    "te": {
        "approved": 0, 
        "translated": 216
    }, 
    "th": {
        "approved": 0, 
        "pending_since_timestamp": 1460631177.165864, 
        "translated": 128729
    }, 
    "tr": {
        "approved": 170140, 
        "translated": 273748
    }, 
    "uk": {
        "approved": 0, 
        "translated": 2580
    }, 
    "ur": {
        "approved": 0, 
        "translated": 1553
    }, 
    "xh": {
        "approved": 0, 
        "translated": 1
    }, 
    "zh-hans": {
        "approved": 0, 
        "translated": 4105
    }, 
    "zu": {
        "approved": 0, 
        "translated": 23
    }
}