{
    "ar": {
        "approved": 0, 
        "translated": 4616
    }, 
    "bg": {
        "approved": 168261, 
        "pending_since_timestamp": 1461835184.278847, 
        "translated": 189465
    }, 
    "bn": {
        "approved": 72825, 
        "pending_since_timestamp": 1461836444.640432, 
        "translated": 122984
    }, 
    "cs": {
        "approved": 12502, 
        "translated": 29892
    }, 
    "da": {
        "approved": 42016, 
        "translated": 88274
    }, 
    "de": {
        "approved": 150770, 
        "translated": 150932
    }, 
    "el": {
        "approved": 257, 
        "pending_since_timestamp": 1461777643.868291, 
        "translated": 7555
    }, 
    "es": {
        "approved": 256414, 
        "pending_since_timestamp": 1461876144.549012, 
        "translated": 371634
    }, 
    "fa": {
        "approved": 0, 
        "translated": 211
    }, 
    "fa-af": {
        "approved": 0, 
        "translated": 72
    }, 
    "fr": {
        "approved": 155770, 
        "translated": 163325
    }, 
    "he": {
        "approved": 9220, 
        "translated": 9233
    }, 
    "hi": {
        "approved": 68823, 
        "translated": 88044
    }, 
    "hy": {
        "approved": 0, 
        "translated": 3050
    }, 
    "id": {
        "approved": 0, 
        "pending_since_timestamp": 1461777643.868291, 
        "translated": 8097
    }, 
    "it": {
        "approved": 0, 
        "pending_since_timestamp": 1461792876.659742, 
        "translated": 93948
    }, 
    "ja": {
        "approved": 28321, 
        "pending_since_timestamp": 1461777643.868291, 
        "translated": 58215
    }, 
    "ka": {
        "approved": 120449, 
        "pending_since_timestamp": 1461863039.70912, 
        "translated": 120570
    }, 
    "ko": {
        "approved": 112619, 
        "pending_since_timestamp": 1461835184.278847, 
        "translated": 142358
    }, 
    "lol": {
        "approved": 587, 
        "translated": 7578
    }, 
    "mn": {
        "approved": 74775, 
        "translated": 82780
    }, 
    "ms": {
        "approved": 0, 
        "translated": 750
    }, 
    "nb": {
        "approved": 92245, 
        "translated": 93458
    }, 
    "nl": {
        "approved": 55469, 
        "pending_since_timestamp": 1461829550.248307, 
        "translated": 105241
    }, 
    "pl": {
        "approved": 192789, 
        "pending_since_timestamp": 1461881993.61078, 
        "translated": 193458
    }, 
    "pt": {
        "approved": 190515, 
        "pending_since_timestamp": 1461863039.70912, 
        "translated": 368501
    }, 
    "pt-pt": {
        "approved": 17628, 
        "pending_since_timestamp": 1461788281.437276, 
        "translated": 116880
    }, 
    "ru": {
        "approved": 1175, 
        "pending_since_timestamp": 1461777643.868291, 
        "translated": 20491
    }, 
    "sr": {
        "approved": 46834, 
        "pending_since_timestamp": 1461829550.248307, 
        "translated": 367124
    }, 
    "sw": {
        "approved": 11948, 
        "translated": 34899
    }, 
    "te": {
        "approved": 0, 
        "translated": 215
    }, 
    "th": {
        "approved": 0, 
        "translated": 126543
    }, 
    "tr": {
        "approved": 167738, 
        "translated": 276479
    }, 
    "uk": {
        "approved": 0, 
        "translated": 2579
    }, 
    "ur": {
        "approved": 0, 
        "pending_since_timestamp": 1461777643.868291, 
        "translated": 1536
    }, 
    "xh": {
        "approved": 0, 
        "translated": 1
    }, 
    "zh-hans": {
        "approved": 0, 
        "translated": 4084
    }, 
    "zu": {
        "approved": 0, 
        "translated": 23
    }
}