{
    "ar": {
        "approved": 0, 
        "pending_since_timestamp": 1471222841.835013, 
        "translated": 4438
    }, 
    "bg": {
        "approved": 196676, 
        "pending_since_timestamp": 1471250506.278209, 
        "translated": 223122
    }, 
    "bn": {
        "approved": 112237, 
        "translated": 130985
    }, 
    "cs": {
        "approved": 12229, 
        "pending_since_timestamp": 1471222841.835013, 
        "translated": 30369
    }, 
    "da": {
        "approved": 75346, 
        "translated": 83762
    }, 
    "de": {
        "approved": 166840, 
        "translated": 167127
    }, 
    "el": {
        "approved": 371, 
        "pending_since_timestamp": 1471237839.455904, 
        "translated": 7653
    }, 
    "es": {
        "approved": 291139, 
        "pending_since_timestamp": 1471233346.562673, 
        "translated": 403121
    }, 
    "fa": {
        "approved": 0, 
        "translated": 104
    }, 
    "fa-af": {
        "approved": 0, 
        "translated": 72
    }, 
    "fr": {
        "approved": 167928, 
        "pending_since_timestamp": 1471266652.833087, 
        "translated": 174427
    }, 
    "he": {
        "approved": 8417, 
        "translated": 8746
    }, 
    "hi": {
        "approved": 91607, 
        "translated": 111982
    }, 
    "hy": {
        "approved": 0, 
        "translated": 3013
    }, 
    "id": {
        "approved": 0, 
        "pending_since_timestamp": 1471237839.455904, 
        "translated": 7141
    }, 
    "it": {
        "approved": 15494, 
        "pending_since_timestamp": 1471237839.455904, 
        "translated": 108013
    }, 
    "ja": {
        "approved": 34141, 
        "translated": 81209
    }, 
    "ka": {
        "approved": 148420, 
        "pending_since_timestamp": 1471247126.793251, 
        "translated": 150358
    }, 
    "ko": {
        "approved": 126824, 
        "translated": 151316
    }, 
    "lol": {
        "approved": 599, 
        "translated": 8823
    }, 
    "mn": {
        "approved": 75461, 
        "translated": 83075
    }, 
    "ms": {
        "approved": 0, 
        "translated": 727
    }, 
    "nb": {
        "approved": 98000, 
        "translated": 101159
    }, 
    "nl": {
        "approved": 80691, 
        "translated": 117392
    }, 
    "pl": {
        "approved": 207096, 
        "pending_since_timestamp": 1471273518.473729, 
        "translated": 207411
    }, 
    "pt": {
        "approved": 204886, 
        "pending_since_timestamp": 1471266652.833087, 
        "translated": 401065
    }, 
    "pt-pt": {
        "approved": 37318, 
        "pending_since_timestamp": 1471275165.234101, 
        "translated": 72392
    }, 
    "ru": {
        "approved": 1190, 
        "pending_since_timestamp": 1471222841.835013, 
        "translated": 19406
    }, 
    "sr": {
        "approved": 48706, 
        "pending_since_timestamp": 1471275165.234101, 
        "translated": 398614
    }, 
    "sw": {
        "approved": 11694, 
        "pending_since_timestamp": 1471222841.835013, 
        "translated": 33306
    }, 
    "te": {
        "approved": 0, 
        "pending_since_timestamp": 1470762331.56727, 
        "translated": 212
    }, 
    "th": {
        "approved": 0, 
        "pending_since_timestamp": 1471222841.835013, 
        "translated": 119724
    }, 
    "tr": {
        "approved": 204165, 
        "translated": 291043
    }, 
    "uk": {
        "approved": 0, 
        "pending_since_timestamp": 1471237839.455904, 
        "translated": 2513
    }, 
    "ur": {
        "approved": 0, 
        "pending_since_timestamp": 1471237839.455904, 
        "translated": 1418
    }, 
    "xh": {
        "approved": 0, 
        "translated": 1
    }, 
    "zh-hans": {
        "approved": 0, 
        "pending_since_timestamp": 1471237839.455904, 
        "translated": 5115
    }, 
    "zu": {
        "approved": 0, 
        "pending_since_timestamp": 1470762331.56727, 
        "translated": 22
    }
}