{
    "af": {
        "approved": 19, 
        "pending_since_timestamp": 1542057306.169735, 
        "translated": 1478
    }, 
    "am": {
        "approved": 0, 
        "translated": 0
    }, 
    "ar": {
        "approved": 64862, 
        "pending_since_timestamp": 1544465640.621037, 
        "translated": 184238
    }, 
    "az": {
        "approved": 35926, 
        "translated": 37643
    }, 
    "bg": {
        "approved": 331403, 
        "translated": 335683
    }, 
    "bn": {
        "approved": 147817, 
        "translated": 161450
    }, 
    "ca": {
        "approved": 3, 
        "translated": 1947
    }, 
    "cs": {
        "approved": 130345, 
        "pending_since_timestamp": 1544562220.166869, 
        "translated": 147649
    }, 
    "da": {
        "approved": 174621, 
        "pending_since_timestamp": 1544648611.909307, 
        "translated": 192433
    }, 
    "de": {
        "approved": 301214, 
        "pending_since_timestamp": 1544648611.909307, 
        "translated": 537162
    }, 
    "el": {
        "approved": 77936, 
        "translated": 93693
    }, 
    "es": {
        "approved": 431860, 
        "translated": 448296
    }, 
    "et": {
        "approved": 44984, 
        "translated": 46297
    }, 
    "fa": {
        "approved": 1, 
        "translated": 190
    }, 
    "fa-af": {
        "approved": 31, 
        "translated": 103
    }, 
    "fi": {
        "approved": 82291, 
        "pending_since_timestamp": 1544536397.60095, 
        "translated": 84164
    }, 
    "fil": {
        "approved": 204, 
        "translated": 297
    }, 
    "fr": {
        "approved": 285684, 
        "pending_since_timestamp": 1544601145.393271, 
        "translated": 289121
    }, 
    "fv": {
        "approved": 77621, 
        "pending_since_timestamp": 1544648611.909307, 
        "translated": 82666
    }, 
    "gu": {
        "approved": 96536, 
        "pending_since_timestamp": 1544597557.975141, 
        "translated": 140324
    }, 
    "he": {
        "approved": 8458, 
        "translated": 8461
    }, 
    "hi": {
        "approved": 167232, 
        "translated": 179604
    }, 
    "hr": {
        "approved": 10947, 
        "translated": 16549
    }, 
    "ht": {
        "approved": 1, 
        "translated": 5
    }, 
    "hu": {
        "approved": 92944, 
        "pending_since_timestamp": 1544465640.621037, 
        "translated": 112724
    }, 
    "hy": {
        "approved": 125285, 
        "pending_since_timestamp": 1544609571.302473, 
        "translated": 146768
    }, 
    "id": {
        "approved": 72670, 
        "pending_since_timestamp": 1544648611.909307, 
        "translated": 91184
    }, 
    "it": {
        "approved": 155639, 
        "pending_since_timestamp": 1544648611.909307, 
        "translated": 173181
    }, 
    "ja": {
        "approved": 125458, 
        "pending_since_timestamp": 1544648611.909307, 
        "translated": 145762
    }, 
    "ka": {
        "approved": 277601, 
        "pending_since_timestamp": 1544609571.302473, 
        "translated": 283156
    }, 
    "ki": {
        "approved": 0, 
        "translated": 37
    }, 
    "kk": {
        "approved": 103, 
        "translated": 103
    }, 
    "km": {
        "approved": 0, 
        "translated": 52
    }, 
    "kn": {
        "approved": 33274, 
        "pending_since_timestamp": 1544583156.944372, 
        "translated": 39658
    }, 
    "ko": {
        "approved": 186821, 
        "translated": 216257
    }, 
    "ky": {
        "approved": 0, 
        "translated": 25
    }, 
    "lol": {
        "approved": 66865, 
        "translated": 82046
    }, 
    "lt": {
        "approved": 79868, 
        "pending_since_timestamp": 1544465640.621037, 
        "translated": 81792
    }, 
    "lv": {
        "approved": 54625, 
        "translated": 55058
    }, 
    "mn": {
        "approved": 82707, 
        "translated": 110614
    }, 
    "mr": {
        "approved": 0, 
        "translated": 0
    }, 
    "ms": {
        "approved": 29, 
        "translated": 639
    }, 
    "my": {
        "approved": 1, 
        "translated": 112
    }, 
    "nb": {
        "approved": 133316, 
        "translated": 143386
    }, 
    "ne": {
        "approved": 0, 
        "translated": 1
    }, 
    "nl": {
        "approved": 129322, 
        "translated": 144131
    }, 
    "nn": {
        "approved": 0, 
        "translated": 1629
    }, 
    "or": {
        "approved": 0, 
        "translated": 52
    }, 
    "pl": {
        "approved": 341724, 
        "pending_since_timestamp": 1544648611.909307, 
        "translated": 342191
    }, 
    "ps": {
        "approved": 385, 
        "pending_since_timestamp": 1544296476.782084, 
        "translated": 751
    }, 
    "pt": {
        "approved": 371187, 
        "pending_since_timestamp": 1544648611.909307, 
        "translated": 412109
    }, 
    "pt-pt": {
        "approved": 149844, 
        "pending_since_timestamp": 1544609571.302473, 
        "translated": 180548
    }, 
    "ro": {
        "approved": 63714, 
        "translated": 67985
    }, 
    "ru": {
        "approved": 100607, 
        "translated": 121923
    }, 
    "rw": {
        "approved": 0, 
        "translated": 0
    }, 
    "si": {
        "approved": 0, 
        "translated": 196
    }, 
    "sk": {
        "approved": 0, 
        "translated": 2154
    }, 
    "sl": {
        "approved": 0, 
        "translated": 0
    }, 
    "sq": {
        "approved": 98737, 
        "translated": 102961
    }, 
    "sr": {
        "approved": 62990, 
        "translated": 81676
    }, 
    "sv": {
        "approved": 165729, 
        "translated": 540764
    }, 
    "sw": {
        "approved": 0, 
        "translated": 0
    }, 
    "ta": {
        "approved": 51033, 
        "pending_since_timestamp": 1544591867.831539, 
        "translated": 73585
    }, 
    "te": {
        "approved": 16, 
        "translated": 208
    }, 
    "th": {
        "approved": 299, 
        "pending_since_timestamp": 1544465640.621037, 
        "translated": 133706
    }, 
    "tr": {
        "approved": 310052, 
        "translated": 417857
    }, 
    "uk": {
        "approved": 70582, 
        "pending_since_timestamp": 1544536397.60095, 
        "translated": 90682
    }, 
    "ur": {
        "approved": 54613, 
        "translated": 57500
    }, 
    "uz": {
        "approved": 76758, 
        "pending_since_timestamp": 1544342187.36723, 
        "translated": 86394
    }, 
    "vi": {
        "approved": 2, 
        "translated": 1982
    }, 
    "xh": {
        "approved": 40, 
        "translated": 40
    }, 
    "zh-hans": {
        "approved": 181264, 
        "translated": 249907
    }, 
    "zh-hant": {
        "approved": 10010, 
        "pending_since_timestamp": 1544652110.273142, 
        "translated": 74582
    }, 
    "zu": {
        "approved": 1, 
        "translated": 18
    }
}