{
    "ar": {
        "approved": 0, 
        "translated": 3772
    }, 
    "bg": {
        "approved": 86475, 
        "pending_since_timestamp": 1444832023.486422, 
        "translated": 144618
    }, 
    "bn": {
        "approved": 16725, 
        "pending_since_timestamp": 1444833860.158004, 
        "translated": 47552
    }, 
    "cs": {
        "approved": 0, 
        "translated": 3069
    }, 
    "da": {
        "approved": 22956, 
        "pending_since_timestamp": 1444844495.369315, 
        "translated": 68951
    }, 
    "de": {
        "approved": 101346, 
        "pending_since_timestamp": 1444841092.189497, 
        "translated": 101359
    }, 
    "el": {
        "approved": 0, 
        "translated": 6470
    }, 
    "es": {
        "approved": 186419, 
        "pending_since_timestamp": 1444844495.369315, 
        "translated": 285175
    }, 
    "fa": {
        "approved": 0, 
        "translated": 223
    }, 
    "fa-af": {
        "approved": 0, 
        "translated": 0
    }, 
    "fr": {
        "approved": 103810, 
        "pending_since_timestamp": 1444843298.416062, 
        "translated": 107578
    }, 
    "he": {
        "approved": 8750, 
        "translated": 9275
    }, 
    "hi": {
        "approved": 40606, 
        "pending_since_timestamp": 1444841092.189497, 
        "translated": 62732
    }, 
    "hy": {
        "approved": 0, 
        "translated": 107
    }, 
    "id": {
        "approved": 0, 
        "translated": 8993
    }, 
    "it": {
        "approved": 0, 
        "pending_since_timestamp": 1444836866.77481, 
        "translated": 50243
    }, 
    "ja": {
        "approved": 16745, 
        "translated": 51672
    }, 
    "ko": {
        "approved": 80397, 
        "translated": 91039
    }, 
    "mn": {
        "approved": 0, 
        "pending_since_timestamp": 1444818506.538438, 
        "translated": 8385
    }, 
    "ms": {
        "approved": 0, 
        "translated": 697
    }, 
    "nb": {
        "approved": 85338, 
        "pending_since_timestamp": 1444841092.189497, 
        "translated": 88242
    }, 
    "nl": {
        "approved": 33589, 
        "pending_since_timestamp": 1444841092.189497, 
        "translated": 46205
    }, 
    "pl": {
        "approved": 113377, 
        "pending_since_timestamp": 1444843298.416062, 
        "translated": 125632
    }, 
    "pt": {
        "approved": 149923, 
        "translated": 282365
    }, 
    "pt-pt": {
        "approved": 13630, 
        "translated": 47149
    }, 
    "ru": {
        "approved": 73, 
        "pending_since_timestamp": 1444824164.167398, 
        "translated": 13063
    }, 
    "sr": {
        "approved": 33137, 
        "pending_since_timestamp": 1444843298.416062, 
        "translated": 281099
    }, 
    "sw": {
        "approved": 0, 
        "pending_since_timestamp": 1444828015.428852, 
        "translated": 16040
    }, 
    "te": {
        "approved": 0, 
        "translated": 101
    }, 
    "th": {
        "approved": 0, 
        "translated": 117916
    }, 
    "tr": {
        "approved": 177351, 
        "translated": 201036
    }, 
    "uk": {
        "approved": 0, 
        "translated": 1566
    }, 
    "ur": {
        "approved": 0, 
        "translated": 1501
    }, 
    "xh": {
        "approved": 0, 
        "translated": 1
    }, 
    "zh-hans": {
        "approved": 0, 
        "translated": 4632
    }, 
    "zu": {
        "approved": 0, 
        "pending_since_timestamp": 1444772562.338999, 
        "translated": 26
    }
}