{
    "ar": {
        "approved": 0, 
        "pending_since_timestamp": 1454036530.261734, 
        "translated": 4431
    }, 
    "bg": {
        "approved": 168112, 
        "pending_since_timestamp": 1454115643.844306, 
        "translated": 170385
    }, 
    "bn": {
        "approved": 52088, 
        "pending_since_timestamp": 1454142221.104113, 
        "translated": 91142
    }, 
    "cs": {
        "approved": 12930, 
        "translated": 30537
    }, 
    "da": {
        "approved": 38971, 
        "translated": 68471
    }, 
    "de": {
        "approved": 118611, 
        "translated": 118818
    }, 
    "el": {
        "approved": 3, 
        "translated": 6958
    }, 
    "es": {
        "approved": 198841, 
        "pending_since_timestamp": 1454137562.76312, 
        "translated": 321418
    }, 
    "fa": {
        "approved": 0, 
        "translated": 235
    }, 
    "fa-af": {
        "approved": 0, 
        "translated": 74
    }, 
    "fr": {
        "approved": 113620, 
        "pending_since_timestamp": 1454146756.220434, 
        "translated": 120765
    }, 
    "he": {
        "approved": 8525, 
        "translated": 9448
    }, 
    "hi": {
        "approved": 64372, 
        "pending_since_timestamp": 1454137562.76312, 
        "translated": 74659
    }, 
    "hy": {
        "approved": 0, 
        "translated": 141
    }, 
    "id": {
        "approved": 0, 
        "translated": 8669
    }, 
    "it": {
        "approved": 0, 
        "pending_since_timestamp": 1454115643.844306, 
        "translated": 74494
    }, 
    "ja": {
        "approved": 23602, 
        "translated": 55155
    }, 
    "ko": {
        "approved": 72637, 
        "pending_since_timestamp": 1454036530.261734, 
        "translated": 91183
    }, 
    "lol": {
        "approved": 615, 
        "translated": 8059
    }, 
    "mn": {
        "approved": 36097, 
        "pending_since_timestamp": 1454036530.261734, 
        "translated": 56339
    }, 
    "ms": {
        "approved": 0, 
        "translated": 827
    }, 
    "nb": {
        "approved": 84501, 
        "translated": 85616
    }, 
    "nl": {
        "approved": 47802, 
        "pending_since_timestamp": 1454036530.261734, 
        "translated": 80544
    }, 
    "pl": {
        "approved": 130590, 
        "pending_since_timestamp": 1454115643.844306, 
        "translated": 134192
    }, 
    "pt": {
        "approved": 150673, 
        "translated": 318599
    }, 
    "pt-pt": {
        "approved": 13743, 
        "pending_since_timestamp": 1454036530.261734, 
        "translated": 77666
    }, 
    "ru": {
        "approved": 1233, 
        "translated": 18361
    }, 
    "sr": {
        "approved": 35201, 
        "pending_since_timestamp": 1454115643.844306, 
        "translated": 317024
    }, 
    "sw": {
        "approved": 12324, 
        "pending_since_timestamp": 1454144931.555534, 
        "translated": 34444
    }, 
    "te": {
        "approved": 0, 
        "translated": 238
    }, 
    "th": {
        "approved": 0, 
        "translated": 125781
    }, 
    "tr": {
        "approved": 169097, 
        "pending_since_timestamp": 1454139426.312082, 
        "translated": 228983
    }, 
    "uk": {
        "approved": 0, 
        "pending_since_timestamp": 1454036530.261734, 
        "translated": 2710
    }, 
    "ur": {
        "approved": 0, 
        "translated": 1638
    }, 
    "xh": {
        "approved": 0, 
        "translated": 1
    }, 
    "zh-hans": {
        "approved": 0, 
        "pending_since_timestamp": 1454036530.261734, 
        "translated": 4388
    }, 
    "zu": {
        "approved": 0, 
        "translated": 32
    }
}