{
    "ar": {
        "approved": 0, 
        "translated": 4430
    }, 
    "bg": {
        "approved": 111767, 
        "pending_since_timestamp": 1453448840.60973, 
        "translated": 167902
    }, 
    "bn": {
        "approved": 49435, 
        "pending_since_timestamp": 1453415733.700491, 
        "translated": 86825
    }, 
    "cs": {
        "approved": 12930, 
        "translated": 30150
    }, 
    "da": {
        "approved": 38809, 
        "translated": 68252
    }, 
    "de": {
        "approved": 117519, 
        "pending_since_timestamp": 1453438287.18001, 
        "translated": 117667
    }, 
    "el": {
        "approved": 0, 
        "translated": 6898
    }, 
    "es": {
        "approved": 197612, 
        "translated": 319370
    }, 
    "fa": {
        "approved": 0, 
        "pending_since_timestamp": 1453408124.318381, 
        "translated": 249
    }, 
    "fa-af": {
        "approved": 0, 
        "translated": 74
    }, 
    "fr": {
        "approved": 109990, 
        "pending_since_timestamp": 1453447088.480389, 
        "translated": 116969
    }, 
    "he": {
        "approved": 8573, 
        "pending_since_timestamp": 1453437301.561711, 
        "translated": 9364
    }, 
    "hi": {
        "approved": 64489, 
        "pending_since_timestamp": 1453443525.198185, 
        "translated": 72285
    }, 
    "hy": {
        "approved": 0, 
        "pending_since_timestamp": 1453408124.318381, 
        "translated": 132
    }, 
    "id": {
        "approved": 0, 
        "translated": 8766
    }, 
    "it": {
        "approved": 0, 
        "translated": 74630
    }, 
    "ja": {
        "approved": 23328, 
        "translated": 54349
    }, 
    "ko": {
        "approved": 72640, 
        "pending_since_timestamp": 1453432740.123726, 
        "translated": 89462
    }, 
    "lol": {
        "approved": 616, 
        "translated": 8064
    }, 
    "mn": {
        "approved": 36098, 
        "pending_since_timestamp": 1453436406.696779, 
        "translated": 54626
    }, 
    "ms": {
        "approved": 0, 
        "translated": 827
    }, 
    "nb": {
        "approved": 84418, 
        "pending_since_timestamp": 1453448840.60973, 
        "translated": 85164
    }, 
    "nl": {
        "approved": 47500, 
        "pending_since_timestamp": 1453412003.799585, 
        "translated": 78876
    }, 
    "pl": {
        "approved": 124419, 
        "pending_since_timestamp": 1453442610.807013, 
        "translated": 131984
    }, 
    "pt": {
        "approved": 150937, 
        "pending_since_timestamp": 1453441627.206904, 
        "translated": 316432
    }, 
    "pt-pt": {
        "approved": 13740, 
        "translated": 76294
    }, 
    "ru": {
        "approved": 1233, 
        "pending_since_timestamp": 1453447088.480389, 
        "translated": 16889
    }, 
    "sr": {
        "approved": 34692, 
        "pending_since_timestamp": 1453441627.206904, 
        "translated": 315223
    }, 
    "sw": {
        "approved": 12324, 
        "translated": 34195
    }, 
    "te": {
        "approved": 0, 
        "pending_since_timestamp": 1453408124.318381, 
        "translated": 234
    }, 
    "th": {
        "approved": 0, 
        "pending_since_timestamp": 1453441627.206904, 
        "translated": 125825
    }, 
    "tr": {
        "approved": 168258, 
        "translated": 227176
    }, 
    "uk": {
        "approved": 0, 
        "pending_since_timestamp": 1453408124.318381, 
        "translated": 2697
    }, 
    "ur": {
        "approved": 0, 
        "translated": 1638
    }, 
    "xh": {
        "approved": 0, 
        "translated": 1
    }, 
    "zh-hans": {
        "approved": 0, 
        "translated": 4306
    }, 
    "zu": {
        "approved": 0, 
        "pending_since_timestamp": 1453408124.318381, 
        "translated": 29
    }
}