{
    "ar": {
        "approved": 0, 
        "translated": 4327
    }, 
    "bg": {
        "approved": 179927, 
        "pending_since_timestamp": 1464605490.371059, 
        "translated": 195537
    }, 
    "bn": {
        "approved": 86165, 
        "pending_since_timestamp": 1464622869.354533, 
        "translated": 121803
    }, 
    "cs": {
        "approved": 12277, 
        "pending_since_timestamp": 1464605490.371059, 
        "translated": 30742
    }, 
    "da": {
        "approved": 73426, 
        "translated": 84528
    }, 
    "de": {
        "approved": 149921, 
        "pending_since_timestamp": 1464621798.900156, 
        "translated": 149950
    }, 
    "el": {
        "approved": 324, 
        "translated": 7288
    }, 
    "es": {
        "approved": 270181, 
        "pending_since_timestamp": 1464619624.292265, 
        "translated": 373322
    }, 
    "fa": {
        "approved": 0, 
        "translated": 107
    }, 
    "fa-af": {
        "approved": 0, 
        "translated": 72
    }, 
    "fr": {
        "approved": 158918, 
        "pending_since_timestamp": 1464622869.354533, 
        "translated": 166241
    }, 
    "he": {
        "approved": 8595, 
        "translated": 8608
    }, 
    "hi": {
        "approved": 70100, 
        "pending_since_timestamp": 1464627014.906849, 
        "translated": 97652
    }, 
    "hy": {
        "approved": 0, 
        "translated": 3014
    }, 
    "id": {
        "approved": 0, 
        "translated": 7312
    }, 
    "it": {
        "approved": 0, 
        "pending_since_timestamp": 1464619624.292265, 
        "translated": 94694
    }, 
    "ja": {
        "approved": 28684, 
        "pending_since_timestamp": 1464597670.902002, 
        "translated": 61277
    }, 
    "ka": {
        "approved": 129247, 
        "pending_since_timestamp": 1464619624.292265, 
        "translated": 131834
    }, 
    "ko": {
        "approved": 123072, 
        "translated": 141039
    }, 
    "lol": {
        "approved": 581, 
        "translated": 7508
    }, 
    "mn": {
        "approved": 74397, 
        "pending_since_timestamp": 1464605490.371059, 
        "translated": 82302
    }, 
    "ms": {
        "approved": 0, 
        "translated": 731
    }, 
    "nb": {
        "approved": 98738, 
        "translated": 101618
    }, 
    "nl": {
        "approved": 77633, 
        "pending_since_timestamp": 1464605490.371059, 
        "translated": 109993
    }, 
    "pl": {
        "approved": 196182, 
        "translated": 196729
    }, 
    "pt": {
        "approved": 195290, 
        "pending_since_timestamp": 1464617486.040072, 
        "translated": 370325
    }, 
    "pt-pt": {
        "approved": 18903, 
        "pending_since_timestamp": 1464605490.371059, 
        "translated": 114648
    }, 
    "ru": {
        "approved": 1164, 
        "translated": 19800
    }, 
    "sr": {
        "approved": 44676, 
        "pending_since_timestamp": 1464605490.371059, 
        "translated": 369287
    }, 
    "sw": {
        "approved": 11742, 
        "pending_since_timestamp": 1464605490.371059, 
        "translated": 33641
    }, 
    "te": {
        "approved": 0, 
        "translated": 215
    }, 
    "th": {
        "approved": 0, 
        "pending_since_timestamp": 1464605490.371059, 
        "translated": 121324
    }, 
    "tr": {
        "approved": 182942, 
        "pending_since_timestamp": 1464627014.906849, 
        "translated": 276857
    }, 
    "uk": {
        "approved": 0, 
        "translated": 2540
    }, 
    "ur": {
        "approved": 0, 
        "translated": 1464
    }, 
    "xh": {
        "approved": 0, 
        "translated": 1
    }, 
    "zh-hans": {
        "approved": 0, 
        "translated": 5164
    }, 
    "zu": {
        "approved": 0, 
        "translated": 23
    }
}