{
    "ar": {
        "approved": 160, 
        "translated": 3664
    }, 
    "bg": {
        "approved": 182628, 
        "translated": 202937
    }, 
    "bn": {
        "approved": 121460, 
        "pending_since_timestamp": 1481539158.135879, 
        "translated": 134743
    }, 
    "cs": {
        "approved": 12229, 
        "translated": 28922
    }, 
    "da": {
        "approved": 73899, 
        "translated": 81581
    }, 
    "de": {
        "approved": 197229, 
        "translated": 197229
    }, 
    "el": {
        "approved": 873, 
        "translated": 8409
    }, 
    "es": {
        "approved": 303993, 
        "pending_since_timestamp": 1481532065.758624, 
        "translated": 322476
    }, 
    "fa": {
        "approved": 1, 
        "translated": 103
    }, 
    "fa-af": {
        "approved": 31, 
        "translated": 104
    }, 
    "fr": {
        "approved": 201720, 
        "pending_since_timestamp": 1481535551.737998, 
        "translated": 214866
    }, 
    "he": {
        "approved": 6515, 
        "translated": 7059
    }, 
    "hi": {
        "approved": 96046, 
        "translated": 115369
    }, 
    "hy": {
        "approved": 3488, 
        "pending_since_timestamp": 1481537398.525737, 
        "translated": 9397
    }, 
    "id": {
        "approved": 532, 
        "translated": 6324
    }, 
    "it": {
        "approved": 60961, 
        "translated": 109816
    }, 
    "ja": {
        "approved": 93553, 
        "pending_since_timestamp": 1481535551.737998, 
        "translated": 114477
    }, 
    "ka": {
        "approved": 186842, 
        "translated": 192002
    }, 
    "ko": {
        "approved": 139734, 
        "translated": 155312
    }, 
    "lol": {
        "approved": 402, 
        "translated": 8677
    }, 
    "mn": {
        "approved": 73638, 
        "translated": 81216
    }, 
    "ms": {
        "approved": 29, 
        "translated": 689
    }, 
    "nb": {
        "approved": 96256, 
        "translated": 99320
    }, 
    "nl": {
        "approved": 96406, 
        "pending_since_timestamp": 1481530391.092067, 
        "translated": 120204
    }, 
    "pl": {
        "approved": 233432, 
        "pending_since_timestamp": 1481539158.135879, 
        "translated": 234117
    }, 
    "pt": {
        "approved": 239075, 
        "pending_since_timestamp": 1481537398.525737, 
        "translated": 278516
    }, 
    "pt-pt": {
        "approved": 59919, 
        "pending_since_timestamp": 1481539158.135879, 
        "translated": 87457
    }, 
    "ru": {
        "approved": 1638, 
        "translated": 18159
    }, 
    "sr": {
        "approved": 51010, 
        "translated": 68791
    }, 
    "sw": {
        "approved": 11652, 
        "translated": 31811
    }, 
    "te": {
        "approved": 16, 
        "translated": 214
    }, 
    "th": {
        "approved": 316, 
        "translated": 117772
    }, 
    "tr": {
        "approved": 232109, 
        "translated": 317480
    }, 
    "uk": {
        "approved": 98, 
        "translated": 2481
    }, 
    "ur": {
        "approved": 92, 
        "translated": 1204
    }, 
    "xh": {
        "approved": 40, 
        "translated": 40
    }, 
    "zh-hans": {
        "approved": 128, 
        "translated": 5047
    }, 
    "zu": {
        "approved": 1, 
        "translated": 22
    }
}