{
    "ar": {
        "approved": 0, 
        "translated": 4316
    }, 
    "bg": {
        "approved": 180927, 
        "pending_since_timestamp": 1463344430.237464, 
        "translated": 189956
    }, 
    "bn": {
        "approved": 80711, 
        "translated": 121157
    }, 
    "cs": {
        "approved": 12407, 
        "translated": 30947
    }, 
    "da": {
        "approved": 73339, 
        "translated": 84475
    }, 
    "de": {
        "approved": 148672, 
        "pending_since_timestamp": 1463335590.751598, 
        "translated": 148787
    }, 
    "el": {
        "approved": 281, 
        "translated": 7286
    }, 
    "es": {
        "approved": 262119, 
        "pending_since_timestamp": 1463350319.317401, 
        "translated": 370892
    }, 
    "fa": {
        "approved": 0, 
        "translated": 107
    }, 
    "fa-af": {
        "approved": 0, 
        "translated": 72
    }, 
    "fr": {
        "approved": 155107, 
        "translated": 162592
    }, 
    "he": {
        "approved": 8643, 
        "translated": 8656
    }, 
    "hi": {
        "approved": 66649, 
        "pending_since_timestamp": 1463343231.391567, 
        "translated": 90235
    }, 
    "hy": {
        "approved": 0, 
        "translated": 3044
    }, 
    "id": {
        "approved": 0, 
        "translated": 7325
    }, 
    "it": {
        "approved": 0, 
        "pending_since_timestamp": 1463341887.206295, 
        "translated": 93475
    }, 
    "ja": {
        "approved": 27919, 
        "pending_since_timestamp": 1463333315.671815, 
        "translated": 58322
    }, 
    "ka": {
        "approved": 121129, 
        "pending_since_timestamp": 1463339337.684685, 
        "translated": 123630
    }, 
    "ko": {
        "approved": 117036, 
        "pending_since_timestamp": 1463346809.042643, 
        "translated": 139459
    }, 
    "lol": {
        "approved": 585, 
        "translated": 7531
    }, 
    "mn": {
        "approved": 73501, 
        "translated": 81616
    }, 
    "ms": {
        "approved": 0, 
        "translated": 734
    }, 
    "nb": {
        "approved": 97517, 
        "pending_since_timestamp": 1463346809.042643, 
        "translated": 101382
    }, 
    "nl": {
        "approved": 74140, 
        "translated": 107911
    }, 
    "pl": {
        "approved": 191680, 
        "pending_since_timestamp": 1463347995.776523, 
        "translated": 192345
    }, 
    "pt": {
        "approved": 192159, 
        "translated": 368075
    }, 
    "pt-pt": {
        "approved": 18586, 
        "translated": 114875
    }, 
    "ru": {
        "approved": 1171, 
        "translated": 19910
    }, 
    "sr": {
        "approved": 44950, 
        "translated": 366873
    }, 
    "sw": {
        "approved": 11870, 
        "translated": 33872
    }, 
    "te": {
        "approved": 0, 
        "translated": 215
    }, 
    "th": {
        "approved": 0, 
        "translated": 122003
    }, 
    "tr": {
        "approved": 184252, 
        "pending_since_timestamp": 1463346809.042643, 
        "translated": 274623
    }, 
    "uk": {
        "approved": 0, 
        "translated": 2525
    }, 
    "ur": {
        "approved": 0, 
        "translated": 1468
    }, 
    "xh": {
        "approved": 0, 
        "translated": 1
    }, 
    "zh-hans": {
        "approved": 0, 
        "translated": 5200
    }, 
    "zu": {
        "approved": 0, 
        "translated": 23
    }
}