{
    "ar": {
        "approved": 0, 
        "translated": 4654
    }, 
    "bg": {
        "approved": 171647, 
        "translated": 187624
    }, 
    "bn": {
        "approved": 71594, 
        "pending_since_timestamp": 1459292064.530009, 
        "translated": 120171
    }, 
    "cs": {
        "approved": 12800, 
        "translated": 29960
    }, 
    "da": {
        "approved": 39187, 
        "pending_since_timestamp": 1459276376.886311, 
        "translated": 76655
    }, 
    "de": {
        "approved": 148396, 
        "translated": 148446
    }, 
    "el": {
        "approved": 252, 
        "translated": 7177
    }, 
    "es": {
        "approved": 234986, 
        "translated": 361569
    }, 
    "fa": {
        "approved": 0, 
        "translated": 210
    }, 
    "fa-af": {
        "approved": 0, 
        "translated": 72
    }, 
    "fr": {
        "approved": 133291, 
        "pending_since_timestamp": 1459304210.245611, 
        "translated": 143567
    }, 
    "he": {
        "approved": 9291, 
        "translated": 9306
    }, 
    "hi": {
        "approved": 66495, 
        "pending_since_timestamp": 1459304210.245611, 
        "translated": 80544
    }, 
    "hy": {
        "approved": 0, 
        "translated": 713
    }, 
    "id": {
        "approved": 0, 
        "translated": 8226
    }, 
    "it": {
        "approved": 0, 
        "pending_since_timestamp": 1459238206.880704, 
        "translated": 87582
    }, 
    "ja": {
        "approved": 24662, 
        "pending_since_timestamp": 1459283463.663385, 
        "translated": 56554
    }, 
    "ka": {
        "approved": 102096, 
        "pending_since_timestamp": 1459276376.886311, 
        "translated": 112044
    }, 
    "ko": {
        "approved": 105831, 
        "pending_since_timestamp": 1459233452.280221, 
        "translated": 127345
    }, 
    "lol": {
        "approved": 595, 
        "translated": 7789
    }, 
    "mn": {
        "approved": 75297, 
        "pending_since_timestamp": 1459244455.354138, 
        "translated": 82541
    }, 
    "ms": {
        "approved": 0, 
        "translated": 755
    }, 
    "nb": {
        "approved": 87165, 
        "translated": 88118
    }, 
    "nl": {
        "approved": 49721, 
        "pending_since_timestamp": 1459241881.298854, 
        "translated": 99716
    }, 
    "pl": {
        "approved": 177487, 
        "translated": 180894
    }, 
    "pt": {
        "approved": 172183, 
        "translated": 358735
    }, 
    "pt-pt": {
        "approved": 15736, 
        "pending_since_timestamp": 1459276376.886311, 
        "translated": 89253
    }, 
    "ru": {
        "approved": 1179, 
        "translated": 20793
    }, 
    "sr": {
        "approved": 47951, 
        "translated": 357558
    }, 
    "sw": {
        "approved": 12190, 
        "pending_since_timestamp": 1459235869.290014, 
        "translated": 36671
    }, 
    "te": {
        "approved": 0, 
        "translated": 220
    }, 
    "th": {
        "approved": 0, 
        "translated": 129774
    }, 
    "tr": {
        "approved": 171071, 
        "pending_since_timestamp": 1459290750.098972, 
        "translated": 269471
    }, 
    "uk": {
        "approved": 0, 
        "translated": 2594
    }, 
    "ur": {
        "approved": 0, 
        "translated": 1556
    }, 
    "xh": {
        "approved": 0, 
        "translated": 1
    }, 
    "zh-hans": {
        "approved": 0, 
        "translated": 4183
    }, 
    "zu": {
        "approved": 0, 
        "translated": 23
    }
}