{
    "ar": {
        "approved": 160, 
        "translated": 3667
    }, 
    "bg": {
        "approved": 182660, 
        "translated": 202906
    }, 
    "bn": {
        "approved": 120114, 
        "translated": 133974
    }, 
    "cs": {
        "approved": 12233, 
        "translated": 28927
    }, 
    "da": {
        "approved": 73909, 
        "translated": 81598
    }, 
    "de": {
        "approved": 196185, 
        "translated": 196484
    }, 
    "el": {
        "approved": 873, 
        "pending_since_timestamp": 1481242169.63993, 
        "translated": 8198
    }, 
    "es": {
        "approved": 302822, 
        "pending_since_timestamp": 1481250585.613697, 
        "translated": 321189
    }, 
    "fa": {
        "approved": 1, 
        "translated": 103
    }, 
    "fa-af": {
        "approved": 31, 
        "translated": 104
    }, 
    "fr": {
        "approved": 200921, 
        "pending_since_timestamp": 1481264651.009831, 
        "translated": 214127
    }, 
    "he": {
        "approved": 6515, 
        "translated": 7059
    }, 
    "hi": {
        "approved": 96097, 
        "translated": 115420
    }, 
    "hy": {
        "approved": 2250, 
        "translated": 9275
    }, 
    "id": {
        "approved": 532, 
        "pending_since_timestamp": 1481242169.63993, 
        "translated": 6331
    }, 
    "it": {
        "approved": 60972, 
        "translated": 109860
    }, 
    "ja": {
        "approved": 92545, 
        "pending_since_timestamp": 1481243768.236263, 
        "translated": 114101
    }, 
    "ka": {
        "approved": 186903, 
        "translated": 192058
    }, 
    "ko": {
        "approved": 139239, 
        "pending_since_timestamp": 1481264651.009831, 
        "translated": 155109
    }, 
    "lol": {
        "approved": 402, 
        "translated": 8677
    }, 
    "mn": {
        "approved": 73650, 
        "translated": 81228
    }, 
    "ms": {
        "approved": 29, 
        "translated": 689
    }, 
    "nb": {
        "approved": 96261, 
        "translated": 99326
    }, 
    "nl": {
        "approved": 96432, 
        "translated": 120239
    }, 
    "pl": {
        "approved": 232666, 
        "translated": 233432
    }, 
    "pt": {
        "approved": 237181, 
        "pending_since_timestamp": 1481263154.887749, 
        "translated": 277293
    }, 
    "pt-pt": {
        "approved": 59707, 
        "pending_since_timestamp": 1481242169.63993, 
        "translated": 87300
    }, 
    "ru": {
        "approved": 1638, 
        "translated": 18167
    }, 
    "sr": {
        "approved": 51016, 
        "translated": 68803
    }, 
    "sw": {
        "approved": 11656, 
        "translated": 31817
    }, 
    "te": {
        "approved": 16, 
        "translated": 214
    }, 
    "th": {
        "approved": 316, 
        "pending_since_timestamp": 1481242169.63993, 
        "translated": 117780
    }, 
    "tr": {
        "approved": 231602, 
        "translated": 315465
    }, 
    "uk": {
        "approved": 98, 
        "translated": 2481
    }, 
    "ur": {
        "approved": 92, 
        "translated": 1204
    }, 
    "xh": {
        "approved": 40, 
        "translated": 41
    }, 
    "zh-hans": {
        "approved": 128, 
        "translated": 5047
    }, 
    "zu": {
        "approved": 1, 
        "translated": 22
    }
}