{
    "ar": {
        "approved": 0, 
        "pending_since_timestamp": 1463625431.131303, 
        "translated": 4126
    }, 
    "bg": {
        "approved": 180659, 
        "pending_since_timestamp": 1463662350.003882, 
        "translated": 191603
    }, 
    "bn": {
        "approved": 81910, 
        "translated": 121231
    }, 
    "cs": {
        "approved": 12326, 
        "pending_since_timestamp": 1463625431.131303, 
        "translated": 30750
    }, 
    "da": {
        "approved": 73096, 
        "pending_since_timestamp": 1463625431.131303, 
        "translated": 83210
    }, 
    "de": {
        "approved": 147630, 
        "pending_since_timestamp": 1463625431.131303, 
        "translated": 147788
    }, 
    "el": {
        "approved": 277, 
        "pending_since_timestamp": 1463625431.131303, 
        "translated": 7190
    }, 
    "es": {
        "approved": 264196, 
        "pending_since_timestamp": 1463665049.63079, 
        "translated": 372337
    }, 
    "fa": {
        "approved": 0, 
        "translated": 107
    }, 
    "fa-af": {
        "approved": 0, 
        "translated": 72
    }, 
    "fr": {
        "approved": 156900, 
        "pending_since_timestamp": 1463666300.456907, 
        "translated": 163999
    }, 
    "he": {
        "approved": 8602, 
        "pending_since_timestamp": 1463625431.131303, 
        "translated": 8615
    }, 
    "hi": {
        "approved": 66420, 
        "pending_since_timestamp": 1463648970.420442, 
        "translated": 93229
    }, 
    "hy": {
        "approved": 0, 
        "pending_since_timestamp": 1463625431.131303, 
        "translated": 3043
    }, 
    "id": {
        "approved": 0, 
        "pending_since_timestamp": 1463625431.131303, 
        "translated": 7160
    }, 
    "it": {
        "approved": 0, 
        "translated": 93911
    }, 
    "ja": {
        "approved": 28196, 
        "pending_since_timestamp": 1463625431.131303, 
        "translated": 57973
    }, 
    "ka": {
        "approved": 121706, 
        "pending_since_timestamp": 1463670037.667233, 
        "translated": 125835
    }, 
    "ko": {
        "approved": 117819, 
        "pending_since_timestamp": 1463625431.131303, 
        "translated": 137345
    }, 
    "lol": {
        "approved": 582, 
        "translated": 7527
    }, 
    "mn": {
        "approved": 74079, 
        "pending_since_timestamp": 1463625431.131303, 
        "translated": 82224
    }, 
    "ms": {
        "approved": 0, 
        "pending_since_timestamp": 1463625431.131303, 
        "translated": 714
    }, 
    "nb": {
        "approved": 98442, 
        "translated": 101174
    }, 
    "nl": {
        "approved": 74326, 
        "pending_since_timestamp": 1463671333.589252, 
        "translated": 109412
    }, 
    "pl": {
        "approved": 192248, 
        "pending_since_timestamp": 1463650367.312175, 
        "translated": 193038
    }, 
    "pt": {
        "approved": 193028, 
        "pending_since_timestamp": 1463652216.637366, 
        "translated": 368954
    }, 
    "pt-pt": {
        "approved": 18932, 
        "pending_since_timestamp": 1463625431.131303, 
        "translated": 114628
    }, 
    "ru": {
        "approved": 1166, 
        "pending_since_timestamp": 1463625431.131303, 
        "translated": 19706
    }, 
    "sr": {
        "approved": 44905, 
        "translated": 368376
    }, 
    "sw": {
        "approved": 11789, 
        "pending_since_timestamp": 1463625431.131303, 
        "translated": 33740
    }, 
    "te": {
        "approved": 0, 
        "pending_since_timestamp": 1463625431.131303, 
        "translated": 212
    }, 
    "th": {
        "approved": 0, 
        "pending_since_timestamp": 1463625431.131303, 
        "translated": 121543
    }, 
    "tr": {
        "approved": 183964, 
        "pending_since_timestamp": 1463663731.672632, 
        "translated": 275824
    }, 
    "uk": {
        "approved": 0, 
        "pending_since_timestamp": 1463625431.131303, 
        "translated": 2504
    }, 
    "ur": {
        "approved": 0, 
        "pending_since_timestamp": 1463625431.131303, 
        "translated": 1447
    }, 
    "xh": {
        "approved": 0, 
        "translated": 1
    }, 
    "zh-hans": {
        "approved": 0, 
        "pending_since_timestamp": 1463625431.131303, 
        "translated": 5164
    }, 
    "zu": {
        "approved": 0, 
        "translated": 23
    }
}