{
    "ar": {
        "approved": 0, 
        "translated": 3803
    }, 
    "bg": {
        "approved": 169353, 
        "pending_since_timestamp": 1475496490.499394, 
        "translated": 190763
    }, 
    "bn": {
        "approved": 110783, 
        "pending_since_timestamp": 1475485411.541704, 
        "translated": 127808
    }, 
    "cs": {
        "approved": 12086, 
        "translated": 29466
    }, 
    "da": {
        "approved": 72951, 
        "translated": 80403
    }, 
    "de": {
        "approved": 170324, 
        "pending_since_timestamp": 1475496490.499394, 
        "translated": 171249
    }, 
    "el": {
        "approved": 490, 
        "translated": 8256
    }, 
    "es": {
        "approved": 258907, 
        "pending_since_timestamp": 1475430039.887103, 
        "translated": 417372
    }, 
    "fa": {
        "approved": 0, 
        "translated": 104
    }, 
    "fa-af": {
        "approved": 0, 
        "translated": 72
    }, 
    "fr": {
        "approved": 170175, 
        "pending_since_timestamp": 1475509975.616953, 
        "translated": 179976
    }, 
    "he": {
        "approved": 5847, 
        "translated": 6215
    }, 
    "hi": {
        "approved": 92693, 
        "pending_since_timestamp": 1475496490.499394, 
        "translated": 114336
    }, 
    "hy": {
        "approved": 0, 
        "translated": 3012
    }, 
    "id": {
        "approved": 0, 
        "translated": 6289
    }, 
    "it": {
        "approved": 39871, 
        "pending_since_timestamp": 1475506503.019665, 
        "translated": 104719
    }, 
    "ja": {
        "approved": 37249, 
        "pending_since_timestamp": 1475450533.356295, 
        "translated": 80452
    }, 
    "ka": {
        "approved": 172169, 
        "pending_since_timestamp": 1475506503.019665, 
        "translated": 173220
    }, 
    "ko": {
        "approved": 123664, 
        "translated": 146558
    }, 
    "lol": {
        "approved": 599, 
        "translated": 8808
    }, 
    "mn": {
        "approved": 74814, 
        "translated": 82402
    }, 
    "ms": {
        "approved": 0, 
        "translated": 717
    }, 
    "nb": {
        "approved": 97448, 
        "translated": 100647
    }, 
    "nl": {
        "approved": 86437, 
        "translated": 116464
    }, 
    "pl": {
        "approved": 205528, 
        "pending_since_timestamp": 1475485411.541704, 
        "translated": 206042
    }, 
    "pt": {
        "approved": 206642, 
        "pending_since_timestamp": 1475496490.499394, 
        "translated": 416720
    }, 
    "pt-pt": {
        "approved": 46149, 
        "pending_since_timestamp": 1475496490.499394, 
        "translated": 78385
    }, 
    "ru": {
        "approved": 1188, 
        "translated": 18172
    }, 
    "sr": {
        "approved": 51596, 
        "pending_since_timestamp": 1475496490.499394, 
        "translated": 416019
    }, 
    "sw": {
        "approved": 11552, 
        "translated": 32775
    }, 
    "te": {
        "approved": 0, 
        "translated": 209
    }, 
    "th": {
        "approved": 0, 
        "translated": 118690
    }, 
    "tr": {
        "approved": 200602, 
        "translated": 293878
    }, 
    "uk": {
        "approved": 0, 
        "translated": 2466
    }, 
    "ur": {
        "approved": 0, 
        "translated": 1199
    }, 
    "xh": {
        "approved": 0, 
        "translated": 1
    }, 
    "zh-hans": {
        "approved": 0, 
        "translated": 4980
    }, 
    "zu": {
        "approved": 0, 
        "translated": 22
    }
}