{
    "ar": {
        "approved": 0, 
        "translated": 4457
    }, 
    "bg": {
        "approved": 168150, 
        "pending_since_timestamp": 1454590797.423112, 
        "translated": 174237
    }, 
    "bn": {
        "approved": 55271, 
        "pending_since_timestamp": 1454582656.024904, 
        "translated": 94243
    }, 
    "cs": {
        "approved": 12927, 
        "pending_since_timestamp": 1454561097.273124, 
        "translated": 30753
    }, 
    "da": {
        "approved": 39502, 
        "translated": 68999
    }, 
    "de": {
        "approved": 119423, 
        "translated": 120216
    }, 
    "el": {
        "approved": 3, 
        "pending_since_timestamp": 1454586061.412845, 
        "translated": 7276
    }, 
    "es": {
        "approved": 200211, 
        "pending_since_timestamp": 1454591753.506154, 
        "translated": 323120
    }, 
    "fa": {
        "approved": 0, 
        "translated": 247
    }, 
    "fa-af": {
        "approved": 0, 
        "translated": 74
    }, 
    "fr": {
        "approved": 114598, 
        "pending_since_timestamp": 1454596022.148631, 
        "translated": 122078
    }, 
    "he": {
        "approved": 8512, 
        "translated": 9509
    }, 
    "hi": {
        "approved": 64294, 
        "pending_since_timestamp": 1454597198.657307, 
        "translated": 79354
    }, 
    "hy": {
        "approved": 0, 
        "translated": 141
    }, 
    "id": {
        "approved": 0, 
        "translated": 8669
    }, 
    "it": {
        "approved": 0, 
        "pending_since_timestamp": 1454561097.273124, 
        "translated": 75039
    }, 
    "ja": {
        "approved": 23949, 
        "translated": 56225
    }, 
    "ko": {
        "approved": 72630, 
        "pending_since_timestamp": 1454569691.473421, 
        "translated": 94235
    }, 
    "lol": {
        "approved": 615, 
        "translated": 8058
    }, 
    "mn": {
        "approved": 36303, 
        "translated": 56996
    }, 
    "ms": {
        "approved": 0, 
        "translated": 824
    }, 
    "nb": {
        "approved": 84900, 
        "pending_since_timestamp": 1454591753.506154, 
        "translated": 85987
    }, 
    "nl": {
        "approved": 47985, 
        "translated": 81805
    }, 
    "pl": {
        "approved": 131965, 
        "pending_since_timestamp": 1454592712.990377, 
        "translated": 135286
    }, 
    "pt": {
        "approved": 150534, 
        "translated": 320246
    }, 
    "pt-pt": {
        "approved": 14294, 
        "pending_since_timestamp": 1454597198.657307, 
        "translated": 80162
    }, 
    "ru": {
        "approved": 1244, 
        "translated": 19926
    }, 
    "sr": {
        "approved": 35517, 
        "pending_since_timestamp": 1454586061.412845, 
        "translated": 319068
    }, 
    "sw": {
        "approved": 12308, 
        "pending_since_timestamp": 1454577531.317448, 
        "translated": 34936
    }, 
    "te": {
        "approved": 0, 
        "translated": 238
    }, 
    "th": {
        "approved": 0, 
        "translated": 128376
    }, 
    "tr": {
        "approved": 170471, 
        "translated": 230971
    }, 
    "uk": {
        "approved": 0, 
        "translated": 2723
    }, 
    "ur": {
        "approved": 0, 
        "translated": 1645
    }, 
    "xh": {
        "approved": 0, 
        "translated": 1
    }, 
    "zh-hans": {
        "approved": 0, 
        "translated": 4367
    }, 
    "zu": {
        "approved": 0, 
        "translated": 32
    }
}