{
    "ar": {
        "approved": 0, 
        "translated": 4342
    }, 
    "bg": {
        "approved": 197907, 
        "pending_since_timestamp": 1466052270.191355, 
        "translated": 198663
    }, 
    "bn": {
        "approved": 93844, 
        "pending_since_timestamp": 1466052270.191355, 
        "translated": 123477
    }, 
    "cs": {
        "approved": 12268, 
        "translated": 30627
    }, 
    "da": {
        "approved": 76044, 
        "translated": 84235
    }, 
    "de": {
        "approved": 152301, 
        "translated": 152411
    }, 
    "el": {
        "approved": 323, 
        "translated": 7385
    }, 
    "es": {
        "approved": 277249, 
        "pending_since_timestamp": 1466054685.987607, 
        "translated": 376247
    }, 
    "fa": {
        "approved": 0, 
        "translated": 107
    }, 
    "fa-af": {
        "approved": 0, 
        "translated": 72
    }, 
    "fr": {
        "approved": 162061, 
        "translated": 169595
    }, 
    "he": {
        "approved": 8579, 
        "translated": 8589
    }, 
    "hi": {
        "approved": 69781, 
        "translated": 105461
    }, 
    "hy": {
        "approved": 0, 
        "translated": 3014
    }, 
    "id": {
        "approved": 0, 
        "translated": 7308
    }, 
    "it": {
        "approved": 0, 
        "translated": 95740
    }, 
    "ja": {
        "approved": 31936, 
        "pending_since_timestamp": 1466065870.902514, 
        "translated": 79465
    }, 
    "ka": {
        "approved": 132832, 
        "pending_since_timestamp": 1466065870.902514, 
        "translated": 135760
    }, 
    "ko": {
        "approved": 125339, 
        "pending_since_timestamp": 1466052270.191355, 
        "translated": 143901
    }, 
    "lol": {
        "approved": 603, 
        "translated": 8849
    }, 
    "mn": {
        "approved": 74850, 
        "pending_since_timestamp": 1466055626.171433, 
        "translated": 83118
    }, 
    "ms": {
        "approved": 0, 
        "pending_since_timestamp": 1465568490.645855, 
        "translated": 734
    }, 
    "nb": {
        "approved": 98569, 
        "translated": 101620
    }, 
    "nl": {
        "approved": 80577, 
        "translated": 116371
    }, 
    "pl": {
        "approved": 198606, 
        "pending_since_timestamp": 1466065870.902514, 
        "translated": 199163
    }, 
    "pt": {
        "approved": 199791, 
        "pending_since_timestamp": 1466065870.902514, 
        "translated": 373486
    }, 
    "pt-pt": {
        "approved": 18880, 
        "translated": 114380
    }, 
    "ru": {
        "approved": 1163, 
        "translated": 19667
    }, 
    "sr": {
        "approved": 45331, 
        "pending_since_timestamp": 1466052270.191355, 
        "translated": 372206
    }, 
    "sw": {
        "approved": 11734, 
        "pending_since_timestamp": 1466065870.902514, 
        "translated": 33588
    }, 
    "te": {
        "approved": 0, 
        "translated": 215
    }, 
    "th": {
        "approved": 0, 
        "translated": 120801
    }, 
    "tr": {
        "approved": 210043, 
        "translated": 278962
    }, 
    "uk": {
        "approved": 0, 
        "translated": 2562
    }, 
    "ur": {
        "approved": 0, 
        "translated": 1465
    }, 
    "xh": {
        "approved": 0, 
        "translated": 1
    }, 
    "zh-hans": {
        "approved": 0, 
        "translated": 5153
    }, 
    "zu": {
        "approved": 0, 
        "translated": 23
    }
}