{
    "ar": {
        "approved": 0, 
        "translated": 4327
    }, 
    "bg": {
        "approved": 180105, 
        "pending_since_timestamp": 1464252499.564138, 
        "translated": 193787
    }, 
    "bn": {
        "approved": 84782, 
        "translated": 121305
    }, 
    "cs": {
        "approved": 12297, 
        "translated": 30773
    }, 
    "da": {
        "approved": 73483, 
        "translated": 84555
    }, 
    "de": {
        "approved": 148797, 
        "pending_since_timestamp": 1464243787.816393, 
        "translated": 149620
    }, 
    "el": {
        "approved": 324, 
        "pending_since_timestamp": 1464243787.816393, 
        "translated": 7269
    }, 
    "es": {
        "approved": 267021, 
        "pending_since_timestamp": 1464206067.384774, 
        "translated": 373002
    }, 
    "fa": {
        "approved": 0, 
        "translated": 107
    }, 
    "fa-af": {
        "approved": 0, 
        "translated": 72
    }, 
    "fr": {
        "approved": 157721, 
        "pending_since_timestamp": 1464243787.816393, 
        "translated": 165058
    }, 
    "he": {
        "approved": 8603, 
        "translated": 8616
    }, 
    "hi": {
        "approved": 66116, 
        "pending_since_timestamp": 1464243787.816393, 
        "translated": 95392
    }, 
    "hy": {
        "approved": 0, 
        "translated": 3043
    }, 
    "id": {
        "approved": 0, 
        "translated": 7309
    }, 
    "it": {
        "approved": 0, 
        "translated": 94471
    }, 
    "ja": {
        "approved": 28184, 
        "pending_since_timestamp": 1464188392.968045, 
        "translated": 58339
    }, 
    "ka": {
        "approved": 126167, 
        "pending_since_timestamp": 1464253438.301963, 
        "translated": 129662
    }, 
    "ko": {
        "approved": 122187, 
        "pending_since_timestamp": 1464243787.816393, 
        "translated": 140524
    }, 
    "lol": {
        "approved": 581, 
        "translated": 7509
    }, 
    "mn": {
        "approved": 74478, 
        "translated": 82385
    }, 
    "ms": {
        "approved": 0, 
        "translated": 731
    }, 
    "nb": {
        "approved": 98850, 
        "translated": 101730
    }, 
    "nl": {
        "approved": 76710, 
        "pending_since_timestamp": 1464250772.37883, 
        "translated": 110359
    }, 
    "pl": {
        "approved": 194079, 
        "pending_since_timestamp": 1464249450.872673, 
        "translated": 194864
    }, 
    "pt": {
        "approved": 194029, 
        "pending_since_timestamp": 1464243787.816393, 
        "translated": 370026
    }, 
    "pt-pt": {
        "approved": 18912, 
        "translated": 114753
    }, 
    "ru": {
        "approved": 1167, 
        "translated": 19830
    }, 
    "sr": {
        "approved": 44737, 
        "translated": 369092
    }, 
    "sw": {
        "approved": 11762, 
        "translated": 33676
    }, 
    "te": {
        "approved": 0, 
        "translated": 215
    }, 
    "th": {
        "approved": 0, 
        "translated": 121458
    }, 
    "tr": {
        "approved": 183391, 
        "translated": 276144
    }, 
    "uk": {
        "approved": 0, 
        "pending_since_timestamp": 1464249450.872673, 
        "translated": 2518
    }, 
    "ur": {
        "approved": 0, 
        "translated": 1464
    }, 
    "xh": {
        "approved": 0, 
        "translated": 1
    }, 
    "zh-hans": {
        "approved": 0, 
        "translated": 5167
    }, 
    "zu": {
        "approved": 0, 
        "translated": 23
    }
}