{
    "ar": {
        "approved": 0, 
        "pending_since_timestamp": 1466209330.315012, 
        "translated": 4342
    }, 
    "bg": {
        "approved": 197916, 
        "pending_since_timestamp": 1466237201.195195, 
        "translated": 199431
    }, 
    "bn": {
        "approved": 94191, 
        "pending_since_timestamp": 1466226113.856456, 
        "translated": 123724
    }, 
    "cs": {
        "approved": 12268, 
        "pending_since_timestamp": 1466209330.315012, 
        "translated": 30627
    }, 
    "da": {
        "approved": 76037, 
        "translated": 84229
    }, 
    "de": {
        "approved": 152323, 
        "translated": 152634
    }, 
    "el": {
        "approved": 323, 
        "pending_since_timestamp": 1466209330.315012, 
        "translated": 7391
    }, 
    "es": {
        "approved": 277966, 
        "pending_since_timestamp": 1466226113.856456, 
        "translated": 376399
    }, 
    "fa": {
        "approved": 0, 
        "translated": 107
    }, 
    "fa-af": {
        "approved": 0, 
        "translated": 72
    }, 
    "fr": {
        "approved": 162165, 
        "pending_since_timestamp": 1466230784.011707, 
        "translated": 169693
    }, 
    "he": {
        "approved": 8580, 
        "translated": 8590
    }, 
    "hi": {
        "approved": 69757, 
        "translated": 105553
    }, 
    "hy": {
        "approved": 0, 
        "translated": 3014
    }, 
    "id": {
        "approved": 0, 
        "pending_since_timestamp": 1466209330.315012, 
        "translated": 7308
    }, 
    "it": {
        "approved": 0, 
        "translated": 98058
    }, 
    "ja": {
        "approved": 32375, 
        "pending_since_timestamp": 1466239390.096525, 
        "translated": 79609
    }, 
    "ka": {
        "approved": 132961, 
        "pending_since_timestamp": 1466234057.902014, 
        "translated": 136025
    }, 
    "ko": {
        "approved": 125710, 
        "translated": 145210
    }, 
    "lol": {
        "approved": 603, 
        "translated": 8849
    }, 
    "mn": {
        "approved": 75342, 
        "translated": 83155
    }, 
    "ms": {
        "approved": 0, 
        "pending_since_timestamp": 1465568490.645855, 
        "translated": 734
    }, 
    "nb": {
        "approved": 98555, 
        "translated": 101635
    }, 
    "nl": {
        "approved": 80649, 
        "translated": 116536
    }, 
    "pl": {
        "approved": 198840, 
        "pending_since_timestamp": 1466234057.902014, 
        "translated": 199399
    }, 
    "pt": {
        "approved": 200342, 
        "pending_since_timestamp": 1466227712.706084, 
        "translated": 373673
    }, 
    "pt-pt": {
        "approved": 18882, 
        "translated": 114388
    }, 
    "ru": {
        "approved": 1163, 
        "translated": 19674
    }, 
    "sr": {
        "approved": 45309, 
        "pending_since_timestamp": 1466226113.856456, 
        "translated": 372360
    }, 
    "sw": {
        "approved": 11734, 
        "pending_since_timestamp": 1466209330.315012, 
        "translated": 33634
    }, 
    "te": {
        "approved": 0, 
        "pending_since_timestamp": 1466209330.315012, 
        "translated": 215
    }, 
    "th": {
        "approved": 0, 
        "translated": 120798
    }, 
    "tr": {
        "approved": 210098, 
        "pending_since_timestamp": 1466239390.096525, 
        "translated": 279066
    }, 
    "uk": {
        "approved": 0, 
        "pending_since_timestamp": 1466209330.315012, 
        "translated": 2562
    }, 
    "ur": {
        "approved": 0, 
        "translated": 1465
    }, 
    "xh": {
        "approved": 0, 
        "translated": 1
    }, 
    "zh-hans": {
        "approved": 0, 
        "translated": 5153
    }, 
    "zu": {
        "approved": 0, 
        "translated": 23
    }
}