{
    "ar": {
        "approved": 1047, 
        "translated": 4723
    }, 
    "bg": {
        "approved": 216865, 
        "translated": 236584
    }, 
    "bn": {
        "approved": 119971, 
        "pending_since_timestamp": 1477649684.167161, 
        "translated": 136738
    }, 
    "cs": {
        "approved": 13083, 
        "translated": 30212
    }, 
    "da": {
        "approved": 79973, 
        "translated": 87624
    }, 
    "de": {
        "approved": 188798, 
        "translated": 188880
    }, 
    "el": {
        "approved": 2074, 
        "translated": 9864
    }, 
    "es": {
        "approved": 334231, 
        "pending_since_timestamp": 1477625769.113597, 
        "translated": 355940
    }, 
    "fa": {
        "approved": 2, 
        "translated": 106
    }, 
    "fa-af": {
        "approved": 0, 
        "translated": 72
    }, 
    "fr": {
        "approved": 194479, 
        "translated": 205474
    }, 
    "he": {
        "approved": 9060, 
        "translated": 9594
    }, 
    "hi": {
        "approved": 93494, 
        "translated": 116389
    }, 
    "hy": {
        "approved": 27, 
        "translated": 3017
    }, 
    "id": {
        "approved": 1518, 
        "translated": 7638
    }, 
    "it": {
        "approved": 46661, 
        "pending_since_timestamp": 1477657090.05036, 
        "translated": 113366
    }, 
    "ja": {
        "approved": 42061, 
        "translated": 85452
    }, 
    "ka": {
        "approved": 184740, 
        "pending_since_timestamp": 1477644996.672011, 
        "translated": 188707
    }, 
    "ko": {
        "approved": 141994, 
        "pending_since_timestamp": 1477640062.637874, 
        "translated": 160389
    }, 
    "lol": {
        "approved": 596, 
        "translated": 8802
    }, 
    "mn": {
        "approved": 75114, 
        "translated": 82691
    }, 
    "ms": {
        "approved": 357, 
        "translated": 1018
    }, 
    "nb": {
        "approved": 98075, 
        "translated": 101163
    }, 
    "nl": {
        "approved": 96923, 
        "translated": 123059
    }, 
    "pl": {
        "approved": 236015, 
        "pending_since_timestamp": 1477657090.05036, 
        "translated": 236477
    }, 
    "pt": {
        "approved": 238473, 
        "pending_since_timestamp": 1477660734.283903, 
        "translated": 279620
    }, 
    "pt-pt": {
        "approved": 52596, 
        "pending_since_timestamp": 1477649684.167161, 
        "translated": 82486
    }, 
    "ru": {
        "approved": 3212, 
        "translated": 20008
    }, 
    "sr": {
        "approved": 53347, 
        "translated": 70695
    }, 
    "sw": {
        "approved": 12790, 
        "translated": 33752
    }, 
    "te": {
        "approved": 17, 
        "translated": 217
    }, 
    "th": {
        "approved": 1189, 
        "translated": 119597
    }, 
    "tr": {
        "approved": 223368, 
        "translated": 324696
    }, 
    "uk": {
        "approved": 209, 
        "translated": 2590
    }, 
    "ur": {
        "approved": 369, 
        "translated": 1498
    }, 
    "xh": {
        "approved": 0, 
        "translated": 1
    }, 
    "zh-hans": {
        "approved": 594, 
        "translated": 5466
    }, 
    "zu": {
        "approved": 1, 
        "translated": 22
    }
}