{
    "ar": {
        "approved": 385, 
        "translated": 4415
    }, 
    "bg": {
        "approved": 232279, 
        "pending_since_timestamp": 1496231400.90554, 
        "translated": 237186
    }, 
    "bn": {
        "approved": 139157, 
        "translated": 148503
    }, 
    "cs": {
        "approved": 43164, 
        "pending_since_timestamp": 1496220177.916006, 
        "translated": 60772
    }, 
    "da": {
        "approved": 71771, 
        "pending_since_timestamp": 1496222890.54428, 
        "translated": 92374
    }, 
    "de": {
        "approved": 213659, 
        "translated": 215250
    }, 
    "el": {
        "approved": 2054, 
        "pending_since_timestamp": 1496222890.54428, 
        "translated": 21553
    }, 
    "es": {
        "approved": 349500, 
        "translated": 365324
    }, 
    "fa": {
        "approved": 1, 
        "translated": 100
    }, 
    "fa-af": {
        "approved": 31, 
        "translated": 104
    }, 
    "fr": {
        "approved": 236426, 
        "pending_since_timestamp": 1496231400.90554, 
        "translated": 243984
    }, 
    "he": {
        "approved": 7273, 
        "translated": 7470
    }, 
    "hi": {
        "approved": 98337, 
        "translated": 114335
    }, 
    "hy": {
        "approved": 7403, 
        "translated": 12261
    }, 
    "id": {
        "approved": 531, 
        "translated": 6458
    }, 
    "it": {
        "approved": 92937, 
        "translated": 124494
    }, 
    "ja": {
        "approved": 101265, 
        "translated": 120855
    }, 
    "ka": {
        "approved": 197675, 
        "pending_since_timestamp": 1496220177.916006, 
        "translated": 205073
    }, 
    "ko": {
        "approved": 158549, 
        "pending_since_timestamp": 1496214320.375709, 
        "translated": 173310
    }, 
    "lol": {
        "approved": 382, 
        "translated": 8549
    }, 
    "mn": {
        "approved": 81282, 
        "translated": 106416
    }, 
    "ms": {
        "approved": 29, 
        "translated": 650
    }, 
    "nb": {
        "approved": 92952, 
        "translated": 110838
    }, 
    "nl": {
        "approved": 106942, 
        "translated": 128526
    }, 
    "pl": {
        "approved": 270388, 
        "pending_since_timestamp": 1496233627.80536, 
        "translated": 270637
    }, 
    "pt": {
        "approved": 287493, 
        "translated": 323725
    }, 
    "pt-pt": {
        "approved": 88023, 
        "pending_since_timestamp": 1496214749.509051, 
        "translated": 118155
    }, 
    "ru": {
        "approved": 1535, 
        "translated": 18456
    }, 
    "sr": {
        "approved": 50429, 
        "translated": 68082
    }, 
    "sw": {
        "approved": 49062, 
        "pending_since_timestamp": 1496212780.161295, 
        "translated": 62651
    }, 
    "te": {
        "approved": 16, 
        "translated": 241
    }, 
    "th": {
        "approved": 303, 
        "pending_since_timestamp": 1496202106.844356, 
        "translated": 132548
    }, 
    "tr": {
        "approved": 268752, 
        "pending_since_timestamp": 1496229473.605041, 
        "translated": 366386
    }, 
    "uk": {
        "approved": 98, 
        "translated": 2532
    }, 
    "ur": {
        "approved": 92, 
        "translated": 1162
    }, 
    "xh": {
        "approved": 40, 
        "translated": 40
    }, 
    "zh-hans": {
        "approved": 5654, 
        "pending_since_timestamp": 1496212780.161295, 
        "translated": 33542
    }, 
    "zu": {
        "approved": 1, 
        "translated": 20
    }
}