{
    "ar": {
        "approved": 385, 
        "translated": 4369
    }, 
    "bg": {
        "approved": 198725, 
        "pending_since_timestamp": 1493469921.799775, 
        "translated": 230239
    }, 
    "bn": {
        "approved": 134161, 
        "translated": 145226
    }, 
    "cs": {
        "approved": 11795, 
        "translated": 29222
    }, 
    "da": {
        "approved": 72857, 
        "pending_since_timestamp": 1493480077.154599, 
        "translated": 86005
    }, 
    "de": {
        "approved": 212465, 
        "pending_since_timestamp": 1493475239.346898, 
        "translated": 213988
    }, 
    "el": {
        "approved": 1738, 
        "pending_since_timestamp": 1493456072.56445, 
        "translated": 18128
    }, 
    "es": {
        "approved": 345710, 
        "pending_since_timestamp": 1493480077.154599, 
        "translated": 364791
    }, 
    "fa": {
        "approved": 1, 
        "translated": 100
    }, 
    "fa-af": {
        "approved": 31, 
        "translated": 104
    }, 
    "fr": {
        "approved": 232770, 
        "pending_since_timestamp": 1493475239.346898, 
        "translated": 241732
    }, 
    "he": {
        "approved": 6327, 
        "translated": 7302
    }, 
    "hi": {
        "approved": 99632, 
        "translated": 115489
    }, 
    "hy": {
        "approved": 7403, 
        "translated": 12275
    }, 
    "id": {
        "approved": 531, 
        "translated": 6467
    }, 
    "it": {
        "approved": 93150, 
        "pending_since_timestamp": 1493471317.582364, 
        "translated": 123674
    }, 
    "ja": {
        "approved": 101699, 
        "pending_since_timestamp": 1493462212.346378, 
        "translated": 120229
    }, 
    "ka": {
        "approved": 194289, 
        "translated": 203685
    }, 
    "ko": {
        "approved": 153218, 
        "pending_since_timestamp": 1493473956.281079, 
        "translated": 170333
    }, 
    "lol": {
        "approved": 382, 
        "translated": 8624
    }, 
    "mn": {
        "approved": 81408, 
        "translated": 101236
    }, 
    "ms": {
        "approved": 29, 
        "translated": 644
    }, 
    "nb": {
        "approved": 93601, 
        "translated": 98617
    }, 
    "nl": {
        "approved": 105633, 
        "translated": 128567
    }, 
    "pl": {
        "approved": 267308, 
        "pending_since_timestamp": 1493479301.745024, 
        "translated": 267479
    }, 
    "pt": {
        "approved": 280449, 
        "pending_since_timestamp": 1493476599.182371, 
        "translated": 316512
    }, 
    "pt-pt": {
        "approved": 84336, 
        "translated": 115347
    }, 
    "ru": {
        "approved": 1533, 
        "translated": 18461
    }, 
    "sr": {
        "approved": 50553, 
        "translated": 68279
    }, 
    "sw": {
        "approved": 40431, 
        "translated": 57738
    }, 
    "te": {
        "approved": 16, 
        "translated": 241
    }, 
    "th": {
        "approved": 301, 
        "translated": 121370
    }, 
    "tr": {
        "approved": 266821, 
        "translated": 364299
    }, 
    "uk": {
        "approved": 98, 
        "translated": 2531
    }, 
    "ur": {
        "approved": 92, 
        "translated": 1157
    }, 
    "xh": {
        "approved": 40, 
        "translated": 40
    }, 
    "zh-hans": {
        "approved": 2498, 
        "translated": 17341
    }, 
    "zu": {
        "approved": 1, 
        "translated": 20
    }
}