{
    "ar": {
        "approved": 0, 
        "translated": 4522
    }, 
    "bg": {
        "approved": 181276, 
        "pending_since_timestamp": 1462870091.663269, 
        "translated": 185733
    }, 
    "bn": {
        "approved": 74633, 
        "pending_since_timestamp": 1462873669.944905, 
        "translated": 120656
    }, 
    "cs": {
        "approved": 12410, 
        "translated": 31218
    }, 
    "da": {
        "approved": 73625, 
        "translated": 84732
    }, 
    "de": {
        "approved": 148129, 
        "pending_since_timestamp": 1462873669.944905, 
        "translated": 148551
    }, 
    "el": {
        "approved": 281, 
        "translated": 6981
    }, 
    "es": {
        "approved": 260678, 
        "pending_since_timestamp": 1462884130.558792, 
        "translated": 369453
    }, 
    "fa": {
        "approved": 0, 
        "translated": 211
    }, 
    "fa-af": {
        "approved": 0, 
        "translated": 72
    }, 
    "fr": {
        "approved": 154249, 
        "translated": 161322
    }, 
    "he": {
        "approved": 8753, 
        "translated": 8766
    }, 
    "hi": {
        "approved": 66829, 
        "pending_since_timestamp": 1462871278.081081, 
        "translated": 88200
    }, 
    "hy": {
        "approved": 0, 
        "translated": 3045
    }, 
    "id": {
        "approved": 0, 
        "translated": 7562
    }, 
    "it": {
        "approved": 0, 
        "pending_since_timestamp": 1462884130.558792, 
        "translated": 92797
    }, 
    "ja": {
        "approved": 28179, 
        "translated": 58547
    }, 
    "ka": {
        "approved": 121024, 
        "pending_since_timestamp": 1462860834.819947, 
        "translated": 121962
    }, 
    "ko": {
        "approved": 114454, 
        "pending_since_timestamp": 1462873669.944905, 
        "translated": 138940
    }, 
    "lol": {
        "approved": 585, 
        "translated": 7532
    }, 
    "mn": {
        "approved": 73632, 
        "pending_since_timestamp": 1462878213.696853, 
        "translated": 81765
    }, 
    "ms": {
        "approved": 0, 
        "translated": 742
    }, 
    "nb": {
        "approved": 97116, 
        "translated": 100500
    }, 
    "nl": {
        "approved": 53787, 
        "pending_since_timestamp": 1462878213.696853, 
        "translated": 106286
    }, 
    "pl": {
        "approved": 190420, 
        "pending_since_timestamp": 1462864361.24659, 
        "translated": 191209
    }, 
    "pt": {
        "approved": 190677, 
        "pending_since_timestamp": 1462868891.554, 
        "translated": 366485
    }, 
    "pt-pt": {
        "approved": 18835, 
        "translated": 115100
    }, 
    "ru": {
        "approved": 1179, 
        "translated": 20176
    }, 
    "sr": {
        "approved": 45202, 
        "pending_since_timestamp": 1462878213.696853, 
        "translated": 365350
    }, 
    "sw": {
        "approved": 11872, 
        "translated": 34129
    }, 
    "te": {
        "approved": 0, 
        "translated": 215
    }, 
    "th": {
        "approved": 0, 
        "translated": 122286
    }, 
    "tr": {
        "approved": 161783, 
        "pending_since_timestamp": 1462878213.696853, 
        "translated": 273561
    }, 
    "uk": {
        "approved": 0, 
        "pending_since_timestamp": 1462872513.61828, 
        "translated": 2543
    }, 
    "ur": {
        "approved": 0, 
        "translated": 1499
    }, 
    "xh": {
        "approved": 0, 
        "translated": 1
    }, 
    "zh-hans": {
        "approved": 0, 
        "translated": 5335
    }, 
    "zu": {
        "approved": 0, 
        "translated": 23
    }
}