{
    "ar": {
        "approved": 0, 
        "pending_since_timestamp": 1449067616.46221, 
        "translated": 3948
    }, 
    "bg": {
        "approved": 121812, 
        "pending_since_timestamp": 1449074976.943129, 
        "translated": 159940
    }, 
    "bn": {
        "approved": 38221, 
        "pending_since_timestamp": 1449068545.943615, 
        "translated": 69135
    }, 
    "cs": {
        "approved": 13548, 
        "pending_since_timestamp": 1449048913.81394, 
        "translated": 26184
    }, 
    "da": {
        "approved": 29833, 
        "pending_since_timestamp": 1449081885.776868, 
        "translated": 70202
    }, 
    "de": {
        "approved": 106557, 
        "pending_since_timestamp": 1449074976.943129, 
        "translated": 106925
    }, 
    "el": {
        "approved": 0, 
        "translated": 6869
    }, 
    "es": {
        "approved": 197707, 
        "pending_since_timestamp": 1449081010.173708, 
        "translated": 297901
    }, 
    "fa": {
        "approved": 0, 
        "pending_since_timestamp": 1449055740.152728, 
        "translated": 227
    }, 
    "fa-af": {
        "approved": 0, 
        "translated": 10
    }, 
    "fr": {
        "approved": 106786, 
        "pending_since_timestamp": 1449080083.346114, 
        "translated": 113721
    }, 
    "he": {
        "approved": 8609, 
        "translated": 9132
    }, 
    "hi": {
        "approved": 72594, 
        "pending_since_timestamp": 1449080083.346114, 
        "translated": 72898
    }, 
    "hy": {
        "approved": 0, 
        "translated": 132
    }, 
    "id": {
        "approved": 0, 
        "translated": 9226
    }, 
    "it": {
        "approved": 0, 
        "pending_since_timestamp": 1449070350.230731, 
        "translated": 55949
    }, 
    "ja": {
        "approved": 21260, 
        "translated": 53961
    }, 
    "ko": {
        "approved": 77755, 
        "translated": 88263
    }, 
    "lol": {
        "approved": 705, 
        "translated": 5654
    }, 
    "mn": {
        "approved": 17544, 
        "pending_since_timestamp": 1449068545.943615, 
        "translated": 38936
    }, 
    "ms": {
        "approved": 0, 
        "translated": 800
    }, 
    "nb": {
        "approved": 86655, 
        "pending_since_timestamp": 1449080083.346114, 
        "translated": 89045
    }, 
    "nl": {
        "approved": 45727, 
        "translated": 64228
    }, 
    "pl": {
        "approved": 116440, 
        "pending_since_timestamp": 1449067616.46221, 
        "translated": 126873
    }, 
    "pt": {
        "approved": 157230, 
        "pending_since_timestamp": 1449082946.66838, 
        "translated": 295109
    }, 
    "pt-pt": {
        "approved": 13893, 
        "pending_since_timestamp": 1449071166.646206, 
        "translated": 79498
    }, 
    "ru": {
        "approved": 1232, 
        "translated": 13975
    }, 
    "sr": {
        "approved": 36072, 
        "translated": 293858
    }, 
    "sw": {
        "approved": 13043, 
        "translated": 31434
    }, 
    "te": {
        "approved": 0, 
        "translated": 102
    }, 
    "th": {
        "approved": 0, 
        "pending_since_timestamp": 1449073188.934934, 
        "translated": 128593
    }, 
    "tr": {
        "approved": 174728, 
        "pending_since_timestamp": 1449080083.346114, 
        "translated": 209387
    }, 
    "uk": {
        "approved": 0, 
        "translated": 1609
    }, 
    "ur": {
        "approved": 0, 
        "translated": 1570
    }, 
    "xh": {
        "approved": 0, 
        "translated": 1
    }, 
    "zh-hans": {
        "approved": 0, 
        "translated": 4313
    }, 
    "zu": {
        "approved": 0, 
        "translated": 29
    }
}