{
    "ar": {
        "approved": 385, 
        "translated": 4399
    }, 
    "bg": {
        "approved": 196688, 
        "translated": 230238
    }, 
    "bn": {
        "approved": 136528, 
        "translated": 146997
    }, 
    "cs": {
        "approved": 11703, 
        "pending_since_timestamp": 1494327334.823654, 
        "translated": 29333
    }, 
    "da": {
        "approved": 71810, 
        "translated": 85044
    }, 
    "de": {
        "approved": 213380, 
        "pending_since_timestamp": 1494332490.396823, 
        "translated": 213911
    }, 
    "el": {
        "approved": 1844, 
        "pending_since_timestamp": 1494308058.526338, 
        "translated": 19118
    }, 
    "es": {
        "approved": 345950, 
        "pending_since_timestamp": 1494332490.396823, 
        "translated": 362949
    }, 
    "fa": {
        "approved": 1, 
        "translated": 100
    }, 
    "fa-af": {
        "approved": 31, 
        "translated": 104
    }, 
    "fr": {
        "approved": 231916, 
        "translated": 239690
    }, 
    "he": {
        "approved": 7274, 
        "pending_since_timestamp": 1494327334.823654, 
        "translated": 7192
    }, 
    "hi": {
        "approved": 98409, 
        "translated": 114387
    }, 
    "hy": {
        "approved": 7403, 
        "translated": 12274
    }, 
    "id": {
        "approved": 531, 
        "translated": 6460
    }, 
    "it": {
        "approved": 93070, 
        "pending_since_timestamp": 1494327334.823654, 
        "translated": 124085
    }, 
    "ja": {
        "approved": 100659, 
        "translated": 119501
    }, 
    "ka": {
        "approved": 193196, 
        "translated": 203115
    }, 
    "ko": {
        "approved": 153179, 
        "pending_since_timestamp": 1494327334.823654, 
        "translated": 169795
    }, 
    "lol": {
        "approved": 382, 
        "translated": 8598
    }, 
    "mn": {
        "approved": 81313, 
        "translated": 104049
    }, 
    "ms": {
        "approved": 29, 
        "translated": 650
    }, 
    "nb": {
        "approved": 93028, 
        "pending_since_timestamp": 1494327334.823654, 
        "translated": 98043
    }, 
    "nl": {
        "approved": 106173, 
        "pending_since_timestamp": 1494327334.823654, 
        "translated": 128474
    }, 
    "pl": {
        "approved": 266132, 
        "pending_since_timestamp": 1494329173.392591, 
        "translated": 266220
    }, 
    "pt": {
        "approved": 280631, 
        "translated": 316515
    }, 
    "pt-pt": {
        "approved": 85083, 
        "pending_since_timestamp": 1494327334.823654, 
        "translated": 115522
    }, 
    "ru": {
        "approved": 1535, 
        "translated": 18464
    }, 
    "sr": {
        "approved": 50456, 
        "translated": 68180
    }, 
    "sw": {
        "approved": 40806, 
        "pending_since_timestamp": 1494311542.86396, 
        "translated": 58189
    }, 
    "te": {
        "approved": 16, 
        "translated": 241
    }, 
    "th": {
        "approved": 300, 
        "translated": 118500
    }, 
    "tr": {
        "approved": 263761, 
        "pending_since_timestamp": 1494327334.823654, 
        "translated": 362904
    }, 
    "uk": {
        "approved": 98, 
        "translated": 2531
    }, 
    "ur": {
        "approved": 92, 
        "translated": 1157
    }, 
    "xh": {
        "approved": 40, 
        "translated": 40
    }, 
    "zh-hans": {
        "approved": 4953, 
        "pending_since_timestamp": 1494327334.823654, 
        "translated": 24012
    }, 
    "zu": {
        "approved": 1, 
        "translated": 20
    }
}