{
    "af": {
        "approved": 19, 
        "pending_since_timestamp": 1506990259.087778, 
        "translated": 1564
    }, 
    "am": {
        "approved": 0, 
        "translated": 0
    }, 
    "ar": {
        "approved": 391, 
        "translated": 7045
    }, 
    "az": {
        "approved": 36095, 
        "translated": 36792
    }, 
    "bg": {
        "approved": 245372, 
        "pending_since_timestamp": 1507181081.246868, 
        "translated": 259804
    }, 
    "bn": {
        "approved": 144340, 
        "translated": 152421
    }, 
    "ca": {
        "approved": 3, 
        "pending_since_timestamp": 1506990259.087778, 
        "translated": 2169
    }, 
    "cs": {
        "approved": 42818, 
        "pending_since_timestamp": 1507113934.414746, 
        "translated": 68610
    }, 
    "da": {
        "approved": 76095, 
        "pending_since_timestamp": 1507160516.882296, 
        "translated": 98161
    }, 
    "de": {
        "approved": 227081, 
        "pending_since_timestamp": 1507204135.684029, 
        "translated": 230500
    }, 
    "el": {
        "approved": 3483, 
        "translated": 21603
    }, 
    "es": {
        "approved": 365100, 
        "pending_since_timestamp": 1507227037.767098, 
        "translated": 386202
    }, 
    "et": {
        "approved": 45281, 
        "pending_since_timestamp": 1506990259.087778, 
        "translated": 46657
    }, 
    "fa": {
        "approved": 1, 
        "translated": 205
    }, 
    "fa-af": {
        "approved": 31, 
        "translated": 104
    }, 
    "fi": {
        "approved": 12421, 
        "pending_since_timestamp": 1506990259.087778, 
        "translated": 13487
    }, 
    "fil": {
        "approved": 0, 
        "translated": 1
    }, 
    "fr": {
        "approved": 253861, 
        "pending_since_timestamp": 1507223523.26301, 
        "translated": 260092
    }, 
    "gu": {
        "approved": 21474, 
        "pending_since_timestamp": 1507184723.003102, 
        "translated": 26128
    }, 
    "he": {
        "approved": 6949, 
        "translated": 7529
    }, 
    "hi": {
        "approved": 97430, 
        "pending_since_timestamp": 1507079875.524885, 
        "translated": 113454
    }, 
    "hr": {
        "approved": 11082, 
        "pending_since_timestamp": 1506990259.087778, 
        "translated": 16906
    }, 
    "ht": {
        "approved": 1, 
        "translated": 5
    }, 
    "hu": {
        "approved": 45961, 
        "pending_since_timestamp": 1507219941.429006, 
        "translated": 53006
    }, 
    "hy": {
        "approved": 68343, 
        "pending_since_timestamp": 1507181081.246868, 
        "translated": 83390
    }, 
    "id": {
        "approved": 1400, 
        "pending_since_timestamp": 1507212872.63744, 
        "translated": 9983
    }, 
    "it": {
        "approved": 110675, 
        "translated": 145402
    }, 
    "ja": {
        "approved": 103739, 
        "translated": 125199
    }, 
    "ka": {
        "approved": 209149, 
        "pending_since_timestamp": 1507201796.546338, 
        "translated": 216224
    }, 
    "kn": {
        "approved": 0, 
        "translated": 161
    }, 
    "ko": {
        "approved": 172622, 
        "translated": 182126
    }, 
    "ky": {
        "approved": 0, 
        "pending_since_timestamp": 1506990259.087778, 
        "translated": 27
    }, 
    "lol": {
        "approved": 281, 
        "translated": 8433
    }, 
    "lt": {
        "approved": 0, 
        "pending_since_timestamp": 1506990259.087778, 
        "translated": 1657
    }, 
    "lv": {
        "approved": 45368, 
        "pending_since_timestamp": 1506990259.087778, 
        "translated": 45391
    }, 
    "mn": {
        "approved": 85843, 
        "pending_since_timestamp": 1507182987.528923, 
        "translated": 113104
    }, 
    "mr": {
        "approved": 0, 
        "translated": 0
    }, 
    "ms": {
        "approved": 29, 
        "translated": 714
    }, 
    "my": {
        "approved": 0, 
        "pending_since_timestamp": 1506990259.087778, 
        "translated": 122
    }, 
    "nb": {
        "approved": 133985, 
        "translated": 139355
    }, 
    "nl": {
        "approved": 111042, 
        "translated": 131895
    }, 
    "nn": {
        "approved": 0, 
        "pending_since_timestamp": 1506990259.087778, 
        "translated": 1690
    }, 
    "or": {
        "approved": 0, 
        "pending_since_timestamp": 1506990259.087778, 
        "translated": 65
    }, 
    "pl": {
        "approved": 291347, 
        "translated": 291662
    }, 
    "pt": {
        "approved": 309489, 
        "pending_since_timestamp": 1507211314.305789, 
        "translated": 355734
    }, 
    "pt-pt": {
        "approved": 104555, 
        "translated": 131293
    }, 
    "ro": {
        "approved": 62618, 
        "pending_since_timestamp": 1506990259.087778, 
        "translated": 68177
    }, 
    "ru": {
        "approved": 1831, 
        "pending_since_timestamp": 1507113934.414746, 
        "translated": 20892
    }, 
    "rw": {
        "approved": 0, 
        "translated": 0
    }, 
    "si": {
        "approved": 0, 
        "pending_since_timestamp": 1506990259.087778, 
        "translated": 217
    }, 
    "sk": {
        "approved": 0, 
        "pending_since_timestamp": 1506990259.087778, 
        "translated": 2278
    }, 
    "sl": {
        "approved": 0, 
        "translated": 0
    }, 
    "sq": {
        "approved": 49918, 
        "pending_since_timestamp": 1507191937.254119, 
        "translated": 64094
    }, 
    "sr": {
        "approved": 53408, 
        "translated": 70547
    }, 
    "sv": {
        "approved": 38504, 
        "pending_since_timestamp": 1506990259.087778, 
        "translated": 103061
    }, 
    "sw": {
        "approved": 0, 
        "translated": 0
    }, 
    "ta": {
        "approved": 13349, 
        "pending_since_timestamp": 1507216443.924365, 
        "translated": 48506
    }, 
    "te": {
        "approved": 16, 
        "translated": 237
    }, 
    "th": {
        "approved": 303, 
        "translated": 131579
    }, 
    "tr": {
        "approved": 270536, 
        "translated": 386632
    }, 
    "uk": {
        "approved": 98, 
        "translated": 2460
    }, 
    "ur": {
        "approved": 92, 
        "translated": 1263
    }, 
    "uz": {
        "approved": 153, 
        "pending_since_timestamp": 1506990259.087778, 
        "translated": 1489
    }, 
    "vi": {
        "approved": 2, 
        "pending_since_timestamp": 1507206452.88805, 
        "translated": 1420
    }, 
    "xh": {
        "approved": 40, 
        "translated": 40
    }, 
    "zh-hans": {
        "approved": 22763, 
        "pending_since_timestamp": 1507113934.414746, 
        "translated": 87017
    }, 
    "zh-hant": {
        "approved": 7498, 
        "translated": 65974
    }, 
    "zu": {
        "approved": 1, 
        "translated": 20
    }
}