{
    "ar": {
        "approved": 381, 
        "translated": 4329
    }, 
    "bg": {
        "approved": 196414, 
        "pending_since_timestamp": 1492601243.958009, 
        "translated": 228069
    }, 
    "bn": {
        "approved": 133340, 
        "translated": 143959
    }, 
    "cs": {
        "approved": 11819, 
        "translated": 29245
    }, 
    "da": {
        "approved": 72897, 
        "pending_since_timestamp": 1492589897.294263, 
        "translated": 84987
    }, 
    "de": {
        "approved": 212420, 
        "translated": 213032
    }, 
    "el": {
        "approved": 1561, 
        "translated": 17345
    }, 
    "es": {
        "approved": 343804, 
        "translated": 359785
    }, 
    "fa": {
        "approved": 1, 
        "translated": 99
    }, 
    "fa-af": {
        "approved": 31, 
        "translated": 104
    }, 
    "fr": {
        "approved": 230703, 
        "translated": 239352
    }, 
    "he": {
        "approved": 6338, 
        "pending_since_timestamp": 1492583588.611358, 
        "translated": 7273
    }, 
    "hi": {
        "approved": 99510, 
        "translated": 115124
    }, 
    "hy": {
        "approved": 7403, 
        "translated": 12283
    }, 
    "id": {
        "approved": 531, 
        "translated": 6474
    }, 
    "it": {
        "approved": 91171, 
        "translated": 121110
    }, 
    "ja": {
        "approved": 99822, 
        "pending_since_timestamp": 1492601243.958009, 
        "translated": 119686
    }, 
    "ka": {
        "approved": 192691, 
        "pending_since_timestamp": 1492585023.274513, 
        "translated": 202088
    }, 
    "ko": {
        "approved": 152057, 
        "pending_since_timestamp": 1492591257.869738, 
        "translated": 167537
    }, 
    "lol": {
        "approved": 385, 
        "translated": 8627
    }, 
    "mn": {
        "approved": 81433, 
        "translated": 101290
    }, 
    "ms": {
        "approved": 29, 
        "translated": 640
    }, 
    "nb": {
        "approved": 93633, 
        "translated": 98657
    }, 
    "nl": {
        "approved": 105105, 
        "translated": 128093
    }, 
    "pl": {
        "approved": 265896, 
        "pending_since_timestamp": 1492605120.22172, 
        "translated": 265989
    }, 
    "pt": {
        "approved": 272333, 
        "pending_since_timestamp": 1492605120.22172, 
        "translated": 309567
    }, 
    "pt-pt": {
        "approved": 81484, 
        "pending_since_timestamp": 1492593072.173373, 
        "translated": 113342
    }, 
    "ru": {
        "approved": 1537, 
        "translated": 18479
    }, 
    "sr": {
        "approved": 50581, 
        "translated": 68306
    }, 
    "sw": {
        "approved": 36050, 
        "pending_since_timestamp": 1492580823.904515, 
        "translated": 54914
    }, 
    "te": {
        "approved": 15, 
        "translated": 205
    }, 
    "th": {
        "approved": 301, 
        "translated": 121422
    }, 
    "tr": {
        "approved": 266984, 
        "pending_since_timestamp": 1492601243.958009, 
        "translated": 360532
    }, 
    "uk": {
        "approved": 98, 
        "translated": 2532
    }, 
    "ur": {
        "approved": 92, 
        "translated": 1158
    }, 
    "xh": {
        "approved": 40, 
        "translated": 40
    }, 
    "zh-hans": {
        "approved": 1231, 
        "pending_since_timestamp": 1492583588.611358, 
        "translated": 13710
    }, 
    "zu": {
        "approved": 1, 
        "translated": 20
    }
}