{
    "af": {
        "approved": 19, 
        "translated": 1514
    }, 
    "am": {
        "approved": 0, 
        "translated": 0
    }, 
    "ar": {
        "approved": 752, 
        "translated": 32559
    }, 
    "az": {
        "approved": 35929, 
        "translated": 37681
    }, 
    "bg": {
        "approved": 308572, 
        "pending_since_timestamp": 1535010236.06949, 
        "translated": 318686
    }, 
    "bn": {
        "approved": 146348, 
        "translated": 157342
    }, 
    "ca": {
        "approved": 3, 
        "translated": 2048
    }, 
    "cs": {
        "approved": 107789, 
        "pending_since_timestamp": 1534977263.480211, 
        "translated": 123119
    }, 
    "da": {
        "approved": 159505, 
        "pending_since_timestamp": 1535165450.538664, 
        "translated": 180056
    }, 
    "de": {
        "approved": 296235, 
        "pending_since_timestamp": 1535165450.538664, 
        "translated": 535387
    }, 
    "el": {
        "approved": 76952, 
        "translated": 92377
    }, 
    "es": {
        "approved": 412487, 
        "pending_since_timestamp": 1535165450.538664, 
        "translated": 435820
    }, 
    "et": {
        "approved": 45001, 
        "translated": 46322
    }, 
    "fa": {
        "approved": 1, 
        "translated": 191
    }, 
    "fa-af": {
        "approved": 31, 
        "translated": 103
    }, 
    "fi": {
        "approved": 82607, 
        "translated": 84328
    }, 
    "fil": {
        "approved": 206, 
        "translated": 299
    }, 
    "fr": {
        "approved": 278171, 
        "pending_since_timestamp": 1535007698.776284, 
        "translated": 281801
    }, 
    "gu": {
        "approved": 35997, 
        "pending_since_timestamp": 1535014676.459316, 
        "translated": 117213
    }, 
    "he": {
        "approved": 8697, 
        "translated": 8730
    }, 
    "hi": {
        "approved": 167793, 
        "translated": 180169
    }, 
    "hr": {
        "approved": 10948, 
        "translated": 16629
    }, 
    "ht": {
        "approved": 1, 
        "translated": 5
    }, 
    "hu": {
        "approved": 89670, 
        "pending_since_timestamp": 1535010236.06949, 
        "translated": 108896
    }, 
    "hy": {
        "approved": 95280, 
        "pending_since_timestamp": 1535014676.459316, 
        "translated": 105759
    }, 
    "id": {
        "approved": 60580, 
        "translated": 77119
    }, 
    "it": {
        "approved": 155906, 
        "translated": 170836
    }, 
    "ja": {
        "approved": 124461, 
        "pending_since_timestamp": 1535165450.538664, 
        "translated": 142717
    }, 
    "ka": {
        "approved": 267388, 
        "pending_since_timestamp": 1535165450.538664, 
        "translated": 269316
    }, 
    "ki": {
        "approved": 0, 
        "translated": 37
    }, 
    "km": {
        "approved": 0, 
        "translated": 52
    }, 
    "kn": {
        "approved": 13397, 
        "pending_since_timestamp": 1534746190.883112, 
        "translated": 20588
    }, 
    "ko": {
        "approved": 178779, 
        "translated": 207765
    }, 
    "ky": {
        "approved": 0, 
        "translated": 25
    }, 
    "lol": {
        "approved": 67058, 
        "translated": 82262
    }, 
    "lt": {
        "approved": 74006, 
        "translated": 75876
    }, 
    "lv": {
        "approved": 54643, 
        "translated": 55049
    }, 
    "mn": {
        "approved": 82676, 
        "translated": 110593
    }, 
    "mr": {
        "approved": 0, 
        "translated": 0
    }, 
    "ms": {
        "approved": 29, 
        "translated": 672
    }, 
    "my": {
        "approved": 1, 
        "translated": 112
    }, 
    "nb": {
        "approved": 130296, 
        "pending_since_timestamp": 1535165450.538664, 
        "translated": 137811
    }, 
    "ne": {
        "approved": 0, 
        "translated": 1
    }, 
    "nl": {
        "approved": 122472, 
        "translated": 140234
    }, 
    "nn": {
        "approved": 0, 
        "translated": 1651
    }, 
    "or": {
        "approved": 0, 
        "translated": 52
    }, 
    "pl": {
        "approved": 330541, 
        "pending_since_timestamp": 1535004788.659707, 
        "translated": 331245
    }, 
    "ps": {
        "approved": 0, 
        "translated": 23
    }, 
    "pt": {
        "approved": 359720, 
        "pending_since_timestamp": 1535165450.538664, 
        "translated": 400053
    }, 
    "pt-pt": {
        "approved": 143661, 
        "translated": 174022
    }, 
    "ro": {
        "approved": 63994, 
        "translated": 68284
    }, 
    "ru": {
        "approved": 100315, 
        "translated": 121487
    }, 
    "rw": {
        "approved": 0, 
        "translated": 0
    }, 
    "si": {
        "approved": 0, 
        "translated": 198
    }, 
    "sk": {
        "approved": 0, 
        "translated": 2180
    }, 
    "sl": {
        "approved": 0, 
        "translated": 0
    }, 
    "sq": {
        "approved": 64182, 
        "translated": 69089
    }, 
    "sr": {
        "approved": 63200, 
        "translated": 81514
    }, 
    "sv": {
        "approved": 158570, 
        "pending_since_timestamp": 1535165450.538664, 
        "translated": 545603
    }, 
    "sw": {
        "approved": 0, 
        "translated": 0
    }, 
    "ta": {
        "approved": 41184, 
        "pending_since_timestamp": 1535004788.659707, 
        "translated": 60104
    }, 
    "te": {
        "approved": 16, 
        "translated": 227
    }, 
    "th": {
        "approved": 303, 
        "translated": 133550
    }, 
    "tr": {
        "approved": 309592, 
        "pending_since_timestamp": 1535010236.06949, 
        "translated": 413758
    }, 
    "uk": {
        "approved": 277, 
        "pending_since_timestamp": 1534946736.972047, 
        "translated": 17422
    }, 
    "ur": {
        "approved": 54621, 
        "translated": 57557
    }, 
    "uz": {
        "approved": 76209, 
        "pending_since_timestamp": 1535007698.776284, 
        "translated": 78049
    }, 
    "vi": {
        "approved": 2, 
        "translated": 2013
    }, 
    "xh": {
        "approved": 40, 
        "translated": 40
    }, 
    "zh-hans": {
        "approved": 133702, 
        "pending_since_timestamp": 1534986004.278328, 
        "translated": 202451
    }, 
    "zh-hant": {
        "approved": 9573, 
        "pending_since_timestamp": 1534781596.852658, 
        "translated": 66900
    }, 
    "zu": {
        "approved": 1, 
        "translated": 18
    }
}