{
    "ar": {
        "approved": 0, 
        "translated": 4756
    }, 
    "bg": {
        "approved": 172678, 
        "pending_since_timestamp": 1457471786.289084, 
        "translated": 185089
    }, 
    "bn": {
        "approved": 59305, 
        "translated": 102163
    }, 
    "cs": {
        "approved": 12873, 
        "translated": 30191
    }, 
    "da": {
        "approved": 38603, 
        "pending_since_timestamp": 1457471786.289084, 
        "translated": 72389
    }, 
    "de": {
        "approved": 119187, 
        "pending_since_timestamp": 1457471786.289084, 
        "translated": 120299
    }, 
    "el": {
        "approved": 3, 
        "translated": 7257
    }, 
    "es": {
        "approved": 212775, 
        "pending_since_timestamp": 1457480130.020216, 
        "translated": 327897
    }, 
    "fa": {
        "approved": 0, 
        "translated": 241
    }, 
    "fa-af": {
        "approved": 0, 
        "translated": 72
    }, 
    "fr": {
        "approved": 120993, 
        "translated": 129112
    }, 
    "he": {
        "approved": 8377, 
        "translated": 9456
    }, 
    "hi": {
        "approved": 64767, 
        "translated": 79061
    }, 
    "hy": {
        "approved": 0, 
        "translated": 138
    }, 
    "id": {
        "approved": 0, 
        "translated": 8364
    }, 
    "it": {
        "approved": 0, 
        "pending_since_timestamp": 1457476415.906351, 
        "translated": 77575
    }, 
    "ja": {
        "approved": 23521, 
        "pending_since_timestamp": 1457471786.289084, 
        "translated": 55714
    }, 
    "ko": {
        "approved": 78988, 
        "pending_since_timestamp": 1457479007.733719, 
        "translated": 109962
    }, 
    "lol": {
        "approved": 596, 
        "translated": 7833
    }, 
    "mn": {
        "approved": 48884, 
        "pending_since_timestamp": 1457471786.289084, 
        "translated": 64833
    }, 
    "ms": {
        "approved": 0, 
        "translated": 784
    }, 
    "nb": {
        "approved": 85880, 
        "translated": 86818
    }, 
    "nl": {
        "approved": 49455, 
        "pending_since_timestamp": 1457471786.289084, 
        "translated": 85044
    }, 
    "pl": {
        "approved": 144557, 
        "pending_since_timestamp": 1457481198.349444, 
        "translated": 147416
    }, 
    "pt": {
        "approved": 158060, 
        "pending_since_timestamp": 1457479007.733719, 
        "translated": 324810
    }, 
    "pt-pt": {
        "approved": 14313, 
        "translated": 84930
    }, 
    "ru": {
        "approved": 1228, 
        "translated": 20539
    }, 
    "sr": {
        "approved": 35691, 
        "pending_since_timestamp": 1457471786.289084, 
        "translated": 323209
    }, 
    "sw": {
        "approved": 12235, 
        "pending_since_timestamp": 1457471786.289084, 
        "translated": 35867
    }, 
    "te": {
        "approved": 0, 
        "translated": 230
    }, 
    "th": {
        "approved": 0, 
        "translated": 126396
    }, 
    "tr": {
        "approved": 168186, 
        "translated": 237923
    }, 
    "uk": {
        "approved": 0, 
        "translated": 2522
    }, 
    "ur": {
        "approved": 0, 
        "translated": 1608
    }, 
    "xh": {
        "approved": 0, 
        "translated": 1
    }, 
    "zh-hans": {
        "approved": 0, 
        "translated": 4309
    }, 
    "zu": {
        "approved": 0, 
        "translated": 30
    }
}