{
    "ar": {
        "approved": 0, 
        "translated": 4473
    }, 
    "bg": {
        "approved": 196515, 
        "translated": 221926
    }, 
    "bn": {
        "approved": 109403, 
        "pending_since_timestamp": 1470239066.405879, 
        "translated": 130070
    }, 
    "cs": {
        "approved": 12229, 
        "translated": 30507
    }, 
    "da": {
        "approved": 75668, 
        "translated": 84107
    }, 
    "de": {
        "approved": 160358, 
        "pending_since_timestamp": 1470248445.286678, 
        "translated": 160405
    }, 
    "el": {
        "approved": 372, 
        "pending_since_timestamp": 1470258757.146323, 
        "translated": 7728
    }, 
    "es": {
        "approved": 289222, 
        "pending_since_timestamp": 1470196251.213641, 
        "translated": 384569
    }, 
    "fa": {
        "approved": 0, 
        "translated": 106
    }, 
    "fa-af": {
        "approved": 0, 
        "translated": 72
    }, 
    "fr": {
        "approved": 167741, 
        "translated": 174478
    }, 
    "he": {
        "approved": 8449, 
        "translated": 8686
    }, 
    "hi": {
        "approved": 86109, 
        "pending_since_timestamp": 1470254162.208414, 
        "translated": 111981
    }, 
    "hy": {
        "approved": 0, 
        "translated": 3014
    }, 
    "id": {
        "approved": 0, 
        "translated": 7233
    }, 
    "it": {
        "approved": 15477, 
        "pending_since_timestamp": 1470212183.075899, 
        "translated": 107866
    }, 
    "ja": {
        "approved": 34263, 
        "translated": 80850
    }, 
    "ka": {
        "approved": 146405, 
        "pending_since_timestamp": 1470252452.714762, 
        "translated": 147816
    }, 
    "ko": {
        "approved": 126425, 
        "translated": 151816
    }, 
    "lol": {
        "approved": 599, 
        "translated": 8825
    }, 
    "mn": {
        "approved": 75376, 
        "pending_since_timestamp": 1470239066.405879, 
        "translated": 82999
    }, 
    "ms": {
        "approved": 0, 
        "translated": 727
    }, 
    "nb": {
        "approved": 98252, 
        "translated": 101416
    }, 
    "nl": {
        "approved": 80392, 
        "pending_since_timestamp": 1470222387.956785, 
        "translated": 117602
    }, 
    "pl": {
        "approved": 204654, 
        "pending_since_timestamp": 1470259992.096135, 
        "translated": 204838
    }, 
    "pt": {
        "approved": 205076, 
        "pending_since_timestamp": 1470243987.365526, 
        "translated": 381899
    }, 
    "pt-pt": {
        "approved": 34916, 
        "pending_since_timestamp": 1470222387.956785, 
        "translated": 91553
    }, 
    "ru": {
        "approved": 1191, 
        "translated": 19536
    }, 
    "sr": {
        "approved": 45762, 
        "pending_since_timestamp": 1470261540.63466, 
        "translated": 380204
    }, 
    "sw": {
        "approved": 11695, 
        "translated": 33453
    }, 
    "te": {
        "approved": 0, 
        "translated": 211
    }, 
    "th": {
        "approved": 0, 
        "translated": 119944
    }, 
    "tr": {
        "approved": 206482, 
        "pending_since_timestamp": 1470252452.714762, 
        "translated": 285662
    }, 
    "uk": {
        "approved": 0, 
        "translated": 2527
    }, 
    "ur": {
        "approved": 0, 
        "translated": 1446
    }, 
    "xh": {
        "approved": 0, 
        "translated": 1
    }, 
    "zh-hans": {
        "approved": 0, 
        "translated": 5151
    }, 
    "zu": {
        "approved": 0, 
        "translated": 22
    }
}