{
    "ar": {
        "approved": 0, 
        "pending_since_timestamp": 1475264002.402482, 
        "translated": 3687
    }, 
    "bg": {
        "approved": 168820, 
        "pending_since_timestamp": 1475264002.402482, 
        "translated": 189739
    }, 
    "bn": {
        "approved": 110706, 
        "pending_since_timestamp": 1475310927.388775, 
        "translated": 127572
    }, 
    "cs": {
        "approved": 12082, 
        "pending_since_timestamp": 1475264002.402482, 
        "translated": 29267
    }, 
    "da": {
        "approved": 72735, 
        "pending_since_timestamp": 1475264002.402482, 
        "translated": 80090
    }, 
    "de": {
        "approved": 169934, 
        "pending_since_timestamp": 1475310927.388775, 
        "translated": 170832
    }, 
    "el": {
        "approved": 414, 
        "pending_since_timestamp": 1475238761.324552, 
        "translated": 8093
    }, 
    "es": {
        "approved": 257747, 
        "pending_since_timestamp": 1475210698.493483, 
        "translated": 349513
    }, 
    "fa": {
        "approved": 0, 
        "translated": 104
    }, 
    "fa-af": {
        "approved": 0, 
        "translated": 72
    }, 
    "fr": {
        "approved": 169833, 
        "pending_since_timestamp": 1475350728.758158, 
        "translated": 179583
    }, 
    "he": {
        "approved": 5721, 
        "pending_since_timestamp": 1475264002.402482, 
        "translated": 6056
    }, 
    "hi": {
        "approved": 92566, 
        "pending_since_timestamp": 1475306158.808266, 
        "translated": 114026
    }, 
    "hy": {
        "approved": 0, 
        "pending_since_timestamp": 1475264002.402482, 
        "translated": 2988
    }, 
    "id": {
        "approved": 0, 
        "pending_since_timestamp": 1475264002.402482, 
        "translated": 6149
    }, 
    "it": {
        "approved": 39844, 
        "pending_since_timestamp": 1475247492.943683, 
        "translated": 104293
    }, 
    "ja": {
        "approved": 37106, 
        "pending_since_timestamp": 1475240990.119541, 
        "translated": 79675
    }, 
    "ka": {
        "approved": 171153, 
        "translated": 172289
    }, 
    "ko": {
        "approved": 123236, 
        "pending_since_timestamp": 1475264002.402482, 
        "translated": 146062
    }, 
    "lol": {
        "approved": 599, 
        "translated": 8808
    }, 
    "mn": {
        "approved": 74542, 
        "pending_since_timestamp": 1475264002.402482, 
        "translated": 82126
    }, 
    "ms": {
        "approved": 0, 
        "pending_since_timestamp": 1475264002.402482, 
        "translated": 665
    }, 
    "nb": {
        "approved": 97448, 
        "translated": 100647
    }, 
    "nl": {
        "approved": 86276, 
        "pending_since_timestamp": 1475264002.402482, 
        "translated": 115544
    }, 
    "pl": {
        "approved": 205060, 
        "translated": 205570
    }, 
    "pt": {
        "approved": 206593, 
        "pending_since_timestamp": 1475350728.758158, 
        "translated": 416459
    }, 
    "pt-pt": {
        "approved": 45717, 
        "pending_since_timestamp": 1475238761.324552, 
        "translated": 77601
    }, 
    "ru": {
        "approved": 1150, 
        "pending_since_timestamp": 1475264002.402482, 
        "translated": 18017
    }, 
    "sr": {
        "approved": 51418, 
        "pending_since_timestamp": 1475254340.691483, 
        "translated": 348941
    }, 
    "sw": {
        "approved": 11550, 
        "pending_since_timestamp": 1475264002.402482, 
        "translated": 32587
    }, 
    "te": {
        "approved": 0, 
        "pending_since_timestamp": 1475264002.402482, 
        "translated": 198
    }, 
    "th": {
        "approved": 0, 
        "pending_since_timestamp": 1475264002.402482, 
        "translated": 118513
    }, 
    "tr": {
        "approved": 200384, 
        "pending_since_timestamp": 1475317415.627061, 
        "translated": 287108
    }, 
    "uk": {
        "approved": 0, 
        "pending_since_timestamp": 1475264002.402482, 
        "translated": 2394
    }, 
    "ur": {
        "approved": 0, 
        "pending_since_timestamp": 1475264002.402482, 
        "translated": 1129
    }, 
    "xh": {
        "approved": 0, 
        "translated": 1
    }, 
    "zh-hans": {
        "approved": 0, 
        "pending_since_timestamp": 1475264002.402482, 
        "translated": 4880
    }, 
    "zu": {
        "approved": 0, 
        "pending_since_timestamp": 1475306158.808266, 
        "translated": 21
    }
}