{
    "ar": {
        "approved": 0, 
        "translated": 4661
    }, 
    "bg": {
        "approved": 206088, 
        "pending_since_timestamp": 1468870547.089432, 
        "translated": 227026
    }, 
    "bn": {
        "approved": 102834, 
        "pending_since_timestamp": 1468877143.834915, 
        "translated": 129267
    }, 
    "cs": {
        "approved": 12231, 
        "translated": 30639
    }, 
    "da": {
        "approved": 76741, 
        "pending_since_timestamp": 1468859521.384036, 
        "translated": 85551
    }, 
    "de": {
        "approved": 154558, 
        "translated": 155093
    }, 
    "el": {
        "approved": 326, 
        "translated": 7736
    }, 
    "es": {
        "approved": 292037, 
        "translated": 390974
    }, 
    "fa": {
        "approved": 0, 
        "translated": 106
    }, 
    "fa-af": {
        "approved": 0, 
        "translated": 72
    }, 
    "fr": {
        "approved": 167833, 
        "translated": 175096
    }, 
    "he": {
        "approved": 8498, 
        "translated": 8737
    }, 
    "hi": {
        "approved": 68263, 
        "translated": 111664
    }, 
    "hy": {
        "approved": 0, 
        "translated": 3017
    }, 
    "id": {
        "approved": 0, 
        "translated": 7627
    }, 
    "it": {
        "approved": 7723, 
        "pending_since_timestamp": 1468859521.384036, 
        "translated": 105499
    }, 
    "ja": {
        "approved": 34112, 
        "translated": 81117
    }, 
    "ka": {
        "approved": 141387, 
        "pending_since_timestamp": 1468875650.854442, 
        "translated": 142150
    }, 
    "ko": {
        "approved": 126734, 
        "pending_since_timestamp": 1468859521.384036, 
        "translated": 152840
    }, 
    "lol": {
        "approved": 603, 
        "translated": 8847
    }, 
    "mn": {
        "approved": 75540, 
        "translated": 83213
    }, 
    "ms": {
        "approved": 0, 
        "translated": 733
    }, 
    "nb": {
        "approved": 98558, 
        "translated": 101770
    }, 
    "nl": {
        "approved": 80614, 
        "pending_since_timestamp": 1468859521.384036, 
        "translated": 118153
    }, 
    "pl": {
        "approved": 205453, 
        "pending_since_timestamp": 1468869315.188981, 
        "translated": 205748
    }, 
    "pt": {
        "approved": 206183, 
        "pending_since_timestamp": 1468875650.854442, 
        "translated": 378803
    }, 
    "pt-pt": {
        "approved": 27432, 
        "pending_since_timestamp": 1468838102.642541, 
        "translated": 90149
    }, 
    "ru": {
        "approved": 1196, 
        "translated": 19695
    }, 
    "sr": {
        "approved": 45764, 
        "translated": 375760
    }, 
    "sw": {
        "approved": 11695, 
        "translated": 33703
    }, 
    "te": {
        "approved": 0, 
        "translated": 210
    }, 
    "th": {
        "approved": 0, 
        "pending_since_timestamp": 1468859521.384036, 
        "translated": 120457
    }, 
    "tr": {
        "approved": 214759, 
        "translated": 289058
    }, 
    "uk": {
        "approved": 0, 
        "translated": 2539
    }, 
    "ur": {
        "approved": 0, 
        "translated": 1632
    }, 
    "xh": {
        "approved": 0, 
        "translated": 1
    }, 
    "zh-hans": {
        "approved": 0, 
        "translated": 5202
    }, 
    "zu": {
        "approved": 0, 
        "translated": 22
    }
}