{
    "ar": {
        "approved": 1277, 
        "translated": 4795
    }, 
    "bg": {
        "approved": 227249, 
        "pending_since_timestamp": 1479974778.035407, 
        "translated": 247895
    }, 
    "bn": {
        "approved": 127502, 
        "translated": 141445
    }, 
    "cs": {
        "approved": 13290, 
        "translated": 30010
    }, 
    "da": {
        "approved": 81448, 
        "translated": 89089
    }, 
    "de": {
        "approved": 195939, 
        "pending_since_timestamp": 1479998197.959991, 
        "translated": 207170
    }, 
    "el": {
        "approved": 2576, 
        "translated": 10022
    }, 
    "es": {
        "approved": 367451, 
        "pending_since_timestamp": 1480002423.074226, 
        "translated": 384546
    }, 
    "fa": {
        "approved": 3, 
        "translated": 106
    }, 
    "fa-af": {
        "approved": 31, 
        "translated": 104
    }, 
    "fr": {
        "approved": 208623, 
        "pending_since_timestamp": 1480004752.603912, 
        "translated": 220923
    }, 
    "he": {
        "approved": 9995, 
        "translated": 10549
    }, 
    "hi": {
        "approved": 96681, 
        "translated": 116019
    }, 
    "hy": {
        "approved": 470, 
        "pending_since_timestamp": 1479951797.116703, 
        "translated": 6616
    }, 
    "id": {
        "approved": 2112, 
        "translated": 7925
    }, 
    "it": {
        "approved": 66661, 
        "translated": 118139
    }, 
    "ja": {
        "approved": 80366, 
        "pending_since_timestamp": 1479998197.959991, 
        "translated": 117773
    }, 
    "ka": {
        "approved": 187201, 
        "translated": 192274
    }, 
    "ko": {
        "approved": 148561, 
        "translated": 167532
    }, 
    "lol": {
        "approved": 595, 
        "translated": 8801
    }, 
    "mn": {
        "approved": 74430, 
        "translated": 82009
    }, 
    "ms": {
        "approved": 392, 
        "translated": 1056
    }, 
    "nb": {
        "approved": 97413, 
        "translated": 100481
    }, 
    "nl": {
        "approved": 98548, 
        "pending_since_timestamp": 1479974778.035407, 
        "translated": 125293
    }, 
    "pl": {
        "approved": 253968, 
        "translated": 254536
    }, 
    "pt": {
        "approved": 250261, 
        "pending_since_timestamp": 1480002423.074226, 
        "translated": 291786
    }, 
    "pt-pt": {
        "approved": 62619, 
        "translated": 90385
    }, 
    "ru": {
        "approved": 3668, 
        "translated": 20254
    }, 
    "sr": {
        "approved": 53289, 
        "translated": 71098
    }, 
    "sw": {
        "approved": 12941, 
        "translated": 33145
    }, 
    "te": {
        "approved": 34, 
        "translated": 234
    }, 
    "th": {
        "approved": 1546, 
        "translated": 119066
    }, 
    "tr": {
        "approved": 262912, 
        "pending_since_timestamp": 1479998197.959991, 
        "translated": 345000
    }, 
    "uk": {
        "approved": 337, 
        "translated": 2721
    }, 
    "ur": {
        "approved": 480, 
        "translated": 1600
    }, 
    "xh": {
        "approved": 40, 
        "translated": 41
    }, 
    "zh-hans": {
        "approved": 744, 
        "translated": 5688
    }, 
    "zu": {
        "approved": 2, 
        "translated": 23
    }
}