{
    "ar": {
        "approved": 0, 
        "translated": 4327
    }, 
    "bg": {
        "approved": 180103, 
        "translated": 194164
    }, 
    "bn": {
        "approved": 84786, 
        "pending_since_timestamp": 1464284128.197215, 
        "translated": 121310
    }, 
    "cs": {
        "approved": 12297, 
        "translated": 30773
    }, 
    "da": {
        "approved": 73483, 
        "translated": 84555
    }, 
    "de": {
        "approved": 148957, 
        "pending_since_timestamp": 1464276583.285568, 
        "translated": 149693
    }, 
    "el": {
        "approved": 324, 
        "translated": 7280
    }, 
    "es": {
        "approved": 267253, 
        "pending_since_timestamp": 1464264865.368365, 
        "translated": 372935
    }, 
    "fa": {
        "approved": 0, 
        "translated": 107
    }, 
    "fa-af": {
        "approved": 0, 
        "translated": 72
    }, 
    "fr": {
        "approved": 158029, 
        "pending_since_timestamp": 1464282971.872115, 
        "translated": 165638
    }, 
    "he": {
        "approved": 8603, 
        "translated": 8616
    }, 
    "hi": {
        "approved": 70217, 
        "pending_since_timestamp": 1464282971.872115, 
        "translated": 95404
    }, 
    "hy": {
        "approved": 0, 
        "translated": 3043
    }, 
    "id": {
        "approved": 0, 
        "translated": 7309
    }, 
    "it": {
        "approved": 0, 
        "pending_since_timestamp": 1464274537.047419, 
        "translated": 94471
    }, 
    "ja": {
        "approved": 28184, 
        "pending_since_timestamp": 1464272735.388848, 
        "translated": 58454
    }, 
    "ka": {
        "approved": 126557, 
        "translated": 129928
    }, 
    "ko": {
        "approved": 122532, 
        "translated": 140780
    }, 
    "lol": {
        "approved": 581, 
        "translated": 7509
    }, 
    "mn": {
        "approved": 74478, 
        "translated": 82385
    }, 
    "ms": {
        "approved": 0, 
        "translated": 731
    }, 
    "nb": {
        "approved": 98850, 
        "translated": 101730
    }, 
    "nl": {
        "approved": 77414, 
        "pending_since_timestamp": 1464274537.047419, 
        "translated": 110358
    }, 
    "pl": {
        "approved": 194230, 
        "pending_since_timestamp": 1464286102.979076, 
        "translated": 195187
    }, 
    "pt": {
        "approved": 194396, 
        "pending_since_timestamp": 1464287505.824775, 
        "translated": 370284
    }, 
    "pt-pt": {
        "approved": 18912, 
        "translated": 114753
    }, 
    "ru": {
        "approved": 1167, 
        "translated": 19830
    }, 
    "sr": {
        "approved": 44738, 
        "pending_since_timestamp": 1464286102.979076, 
        "translated": 369091
    }, 
    "sw": {
        "approved": 11762, 
        "translated": 33676
    }, 
    "te": {
        "approved": 0, 
        "translated": 215
    }, 
    "th": {
        "approved": 0, 
        "translated": 121458
    }, 
    "tr": {
        "approved": 183416, 
        "pending_since_timestamp": 1464287505.824775, 
        "translated": 276212
    }, 
    "uk": {
        "approved": 0, 
        "translated": 2540
    }, 
    "ur": {
        "approved": 0, 
        "translated": 1464
    }, 
    "xh": {
        "approved": 0, 
        "translated": 1
    }, 
    "zh-hans": {
        "approved": 0, 
        "translated": 5167
    }, 
    "zu": {
        "approved": 0, 
        "translated": 23
    }
}