{
    "ar": {
        "approved": 0, 
        "translated": 3768
    }, 
    "bg": {
        "approved": 66751, 
        "pending_since_timestamp": 1442407805.207997, 
        "translated": 129842
    }, 
    "bn": {
        "approved": 14034, 
        "pending_since_timestamp": 1442394055.927909, 
        "translated": 34657
    }, 
    "cs": {
        "approved": 0, 
        "translated": 3028
    }, 
    "da": {
        "approved": 21310, 
        "translated": 67848
    }, 
    "de": {
        "approved": 91742, 
        "pending_since_timestamp": 1442405655.781053, 
        "translated": 99563
    }, 
    "el": {
        "approved": 0, 
        "pending_since_timestamp": 1442395028.419847, 
        "translated": 6212
    }, 
    "es": {
        "approved": 178310, 
        "pending_since_timestamp": 1442440043.726981, 
        "translated": 277597
    }, 
    "fa": {
        "approved": 0, 
        "translated": 225
    }, 
    "fa-af": {
        "approved": 0, 
        "translated": 0
    }, 
    "fr": {
        "approved": 99545, 
        "pending_since_timestamp": 1442405655.781053, 
        "translated": 103402
    }, 
    "he": {
        "approved": 8743, 
        "pending_since_timestamp": 1442440043.726981, 
        "translated": 8953
    }, 
    "hi": {
        "approved": 37334, 
        "pending_since_timestamp": 1442408776.003445, 
        "translated": 57679
    }, 
    "hy": {
        "approved": 0, 
        "translated": 106
    }, 
    "id": {
        "approved": 0, 
        "translated": 9039
    }, 
    "it": {
        "approved": 0, 
        "translated": 41878
    }, 
    "ja": {
        "approved": 15869, 
        "pending_since_timestamp": 1442440043.726981, 
        "translated": 49581
    }, 
    "ko": {
        "approved": 81369, 
        "pending_since_timestamp": 1442400398.64491, 
        "translated": 88829
    }, 
    "mn": {
        "approved": 0, 
        "translated": 5567
    }, 
    "ms": {
        "approved": 0, 
        "translated": 700
    }, 
    "nb": {
        "approved": 84853, 
        "translated": 87710
    }, 
    "nl": {
        "approved": 26778, 
        "pending_since_timestamp": 1442440043.726981, 
        "translated": 37604
    }, 
    "pl": {
        "approved": 106274, 
        "pending_since_timestamp": 1442440043.726981, 
        "translated": 122424
    }, 
    "pt": {
        "approved": 140935, 
        "pending_since_timestamp": 1442440043.726981, 
        "translated": 274970
    }, 
    "pt-pt": {
        "approved": 13437, 
        "translated": 38123
    }, 
    "ru": {
        "approved": 0, 
        "translated": 10894
    }, 
    "sr": {
        "approved": 32847, 
        "pending_since_timestamp": 1442400398.64491, 
        "translated": 273674
    }, 
    "sw": {
        "approved": 0, 
        "pending_since_timestamp": 1442440043.726981, 
        "translated": 8767
    }, 
    "te": {
        "approved": 0, 
        "translated": 101
    }, 
    "th": {
        "approved": 0, 
        "pending_since_timestamp": 1442440043.726981, 
        "translated": 101248
    }, 
    "tr": {
        "approved": 175370, 
        "pending_since_timestamp": 1442406661.850287, 
        "translated": 193789
    }, 
    "uk": {
        "approved": 0, 
        "translated": 1486
    }, 
    "ur": {
        "approved": 0, 
        "translated": 1445
    }, 
    "xh": {
        "approved": 0, 
        "translated": 1
    }, 
    "zh-hans": {
        "approved": 0, 
        "translated": 4621
    }, 
    "zu": {
        "approved": 0, 
        "pending_since_timestamp": 1442440043.726981, 
        "translated": 8
    }
}