{
    "ar": {
        "approved": 0, 
        "pending_since_timestamp": 1452218988.834925, 
        "translated": 4294
    }, 
    "bg": {
        "approved": 113489, 
        "pending_since_timestamp": 1452218988.834925, 
        "translated": 165270
    }, 
    "bn": {
        "approved": 41039, 
        "pending_since_timestamp": 1452154643.633238, 
        "translated": 78921
    }, 
    "cs": {
        "approved": 13181, 
        "pending_since_timestamp": 1452218988.834925, 
        "translated": 29773
    }, 
    "da": {
        "approved": 39095, 
        "pending_since_timestamp": 1452218988.834925, 
        "translated": 69884
    }, 
    "de": {
        "approved": 112255, 
        "pending_since_timestamp": 1452159661.732404, 
        "translated": 112547
    }, 
    "el": {
        "approved": 0, 
        "translated": 6862
    }, 
    "es": {
        "approved": 199691, 
        "pending_since_timestamp": 1452218988.834925, 
        "translated": 313625
    }, 
    "fa": {
        "approved": 0, 
        "translated": 249
    }, 
    "fa-af": {
        "approved": 0, 
        "pending_since_timestamp": 1452218988.834925, 
        "translated": 10
    }, 
    "fr": {
        "approved": 107144, 
        "pending_since_timestamp": 1452218988.834925, 
        "translated": 114069
    }, 
    "he": {
        "approved": 8542, 
        "translated": 9347
    }, 
    "hi": {
        "approved": 66619, 
        "pending_since_timestamp": 1452218988.834925, 
        "translated": 72444
    }, 
    "hy": {
        "approved": 0, 
        "translated": 132
    }, 
    "id": {
        "approved": 0, 
        "translated": 8788
    }, 
    "it": {
        "approved": 0, 
        "pending_since_timestamp": 1452218988.834925, 
        "translated": 65282
    }, 
    "ja": {
        "approved": 23477, 
        "pending_since_timestamp": 1452154643.633238, 
        "translated": 51834
    }, 
    "ko": {
        "approved": 73864, 
        "pending_since_timestamp": 1452218988.834925, 
        "translated": 87481
    }, 
    "lol": {
        "approved": 612, 
        "translated": 5265
    }, 
    "mn": {
        "approved": 28642, 
        "pending_since_timestamp": 1452155628.024017, 
        "translated": 51362
    }, 
    "ms": {
        "approved": 0, 
        "translated": 805
    }, 
    "nb": {
        "approved": 83797, 
        "translated": 84339
    }, 
    "nl": {
        "approved": 48072, 
        "pending_since_timestamp": 1452152599.405521, 
        "translated": 77842
    }, 
    "pl": {
        "approved": 121513, 
        "pending_since_timestamp": 1452218988.834925, 
        "translated": 129516
    }, 
    "pt": {
        "approved": 155778, 
        "translated": 310812
    }, 
    "pt-pt": {
        "approved": 13646, 
        "translated": 76486
    }, 
    "ru": {
        "approved": 1229, 
        "pending_since_timestamp": 1452152599.405521, 
        "translated": 14229
    }, 
    "sr": {
        "approved": 34475, 
        "pending_since_timestamp": 1452159661.732404, 
        "translated": 309577
    }, 
    "sw": {
        "approved": 12552, 
        "pending_since_timestamp": 1452160917.997793, 
        "translated": 33585
    }, 
    "te": {
        "approved": 0, 
        "translated": 226
    }, 
    "th": {
        "approved": 0, 
        "pending_since_timestamp": 1452218988.834925, 
        "translated": 128008
    }, 
    "tr": {
        "approved": 171412, 
        "pending_since_timestamp": 1452218988.834925, 
        "translated": 221014
    }, 
    "uk": {
        "approved": 0, 
        "translated": 2696
    }, 
    "ur": {
        "approved": 0, 
        "translated": 1622
    }, 
    "xh": {
        "approved": 0, 
        "translated": 1
    }, 
    "zh-hans": {
        "approved": 0, 
        "translated": 4293
    }, 
    "zu": {
        "approved": 0, 
        "translated": 29
    }
}