{
    "ar": {
        "approved": 0, 
        "translated": 4756
    }, 
    "bg": {
        "approved": 172626, 
        "pending_since_timestamp": 1457471786.289084, 
        "translated": 185043
    }, 
    "bn": {
        "approved": 59300, 
        "translated": 102149
    }, 
    "cs": {
        "approved": 12873, 
        "translated": 30187
    }, 
    "da": {
        "approved": 38581, 
        "pending_since_timestamp": 1457471786.289084, 
        "translated": 72353
    }, 
    "de": {
        "approved": 119132, 
        "pending_since_timestamp": 1457471786.289084, 
        "translated": 120256
    }, 
    "el": {
        "approved": 3, 
        "translated": 7257
    }, 
    "es": {
        "approved": 212697, 
        "pending_since_timestamp": 1457480130.020216, 
        "translated": 327481
    }, 
    "fa": {
        "approved": 0, 
        "translated": 241
    }, 
    "fa-af": {
        "approved": 0, 
        "translated": 72
    }, 
    "fr": {
        "approved": 120946, 
        "translated": 129062
    }, 
    "he": {
        "approved": 8373, 
        "translated": 9452
    }, 
    "hi": {
        "approved": 64763, 
        "translated": 79052
    }, 
    "hy": {
        "approved": 0, 
        "translated": 138
    }, 
    "id": {
        "approved": 0, 
        "translated": 8307
    }, 
    "it": {
        "approved": 0, 
        "pending_since_timestamp": 1457476415.906351, 
        "translated": 77550
    }, 
    "ja": {
        "approved": 23514, 
        "pending_since_timestamp": 1457471786.289084, 
        "translated": 55497
    }, 
    "ko": {
        "approved": 78981, 
        "pending_since_timestamp": 1457479007.733719, 
        "translated": 109947
    }, 
    "lol": {
        "approved": 596, 
        "translated": 7832
    }, 
    "mn": {
        "approved": 48828, 
        "pending_since_timestamp": 1457471786.289084, 
        "translated": 64822
    }, 
    "ms": {
        "approved": 0, 
        "translated": 784
    }, 
    "nb": {
        "approved": 85862, 
        "translated": 86801
    }, 
    "nl": {
        "approved": 49447, 
        "pending_since_timestamp": 1457471786.289084, 
        "translated": 85000
    }, 
    "pl": {
        "approved": 144484, 
        "pending_since_timestamp": 1457481198.349444, 
        "translated": 147361
    }, 
    "pt": {
        "approved": 157981, 
        "pending_since_timestamp": 1457479007.733719, 
        "translated": 324121
    }, 
    "pt-pt": {
        "approved": 14307, 
        "translated": 84915
    }, 
    "ru": {
        "approved": 1228, 
        "translated": 20534
    }, 
    "sr": {
        "approved": 35684, 
        "pending_since_timestamp": 1457471786.289084, 
        "translated": 322948
    }, 
    "sw": {
        "approved": 12235, 
        "pending_since_timestamp": 1457471786.289084, 
        "translated": 35862
    }, 
    "te": {
        "approved": 0, 
        "translated": 230
    }, 
    "th": {
        "approved": 0, 
        "translated": 126319
    }, 
    "tr": {
        "approved": 168135, 
        "translated": 236551
    }, 
    "uk": {
        "approved": 0, 
        "translated": 2522
    }, 
    "ur": {
        "approved": 0, 
        "translated": 1608
    }, 
    "xh": {
        "approved": 0, 
        "translated": 1
    }, 
    "zh-hans": {
        "approved": 0, 
        "translated": 4309
    }, 
    "zu": {
        "approved": 0, 
        "translated": 30
    }
}