{
    "ar": {
        "approved": 0, 
        "pending_since_timestamp": 1447119793.055973, 
        "translated": 3823
    }, 
    "bg": {
        "approved": 91927, 
        "pending_since_timestamp": 1447119793.055973, 
        "translated": 157320
    }, 
    "bn": {
        "approved": 26987, 
        "pending_since_timestamp": 1447104932.349733, 
        "translated": 59748
    }, 
    "cs": {
        "approved": 0, 
        "pending_since_timestamp": 1447119793.055973, 
        "translated": 4682
    }, 
    "da": {
        "approved": 21944, 
        "pending_since_timestamp": 1447119793.055973, 
        "translated": 67256
    }, 
    "de": {
        "approved": 104770, 
        "pending_since_timestamp": 1447119793.055973, 
        "translated": 105304
    }, 
    "el": {
        "approved": 0, 
        "pending_since_timestamp": 1447119793.055973, 
        "translated": 6712
    }, 
    "es": {
        "approved": 194908, 
        "pending_since_timestamp": 1447124412.178104, 
        "translated": 292581
    }, 
    "fa": {
        "approved": 0, 
        "translated": 223
    }, 
    "fa-af": {
        "approved": 0, 
        "translated": 1
    }, 
    "fr": {
        "approved": 107279, 
        "pending_since_timestamp": 1447119793.055973, 
        "translated": 112096
    }, 
    "he": {
        "approved": 8701, 
        "pending_since_timestamp": 1447119793.055973, 
        "translated": 9211
    }, 
    "hi": {
        "approved": 38250, 
        "pending_since_timestamp": 1447119793.055973, 
        "translated": 64793
    }, 
    "hy": {
        "approved": 0, 
        "translated": 117
    }, 
    "id": {
        "approved": 0, 
        "pending_since_timestamp": 1447119793.055973, 
        "translated": 9119
    }, 
    "it": {
        "approved": 0, 
        "pending_since_timestamp": 1447119793.055973, 
        "translated": 56295
    }, 
    "ja": {
        "approved": 19799, 
        "translated": 52734
    }, 
    "ko": {
        "approved": 78795, 
        "pending_since_timestamp": 1447119793.055973, 
        "translated": 89234
    }, 
    "lol": {
        "approved": 706, 
        "translated": 4125
    }, 
    "mn": {
        "approved": 0, 
        "pending_since_timestamp": 1447119793.055973, 
        "translated": 29450
    }, 
    "ms": {
        "approved": 0, 
        "translated": 801
    }, 
    "nb": {
        "approved": 87229, 
        "pending_since_timestamp": 1447119793.055973, 
        "translated": 89520
    }, 
    "nl": {
        "approved": 42056, 
        "translated": 53385
    }, 
    "pl": {
        "approved": 115807, 
        "pending_since_timestamp": 1447111131.554231, 
        "translated": 125685
    }, 
    "pt": {
        "approved": 152105, 
        "pending_since_timestamp": 1447119793.055973, 
        "translated": 287084
    }, 
    "pt-pt": {
        "approved": 13806, 
        "pending_since_timestamp": 1447090142.878624, 
        "translated": 75053
    }, 
    "ru": {
        "approved": 951, 
        "pending_since_timestamp": 1447119793.055973, 
        "translated": 13490
    }, 
    "sr": {
        "approved": 35752, 
        "pending_since_timestamp": 1447119793.055973, 
        "translated": 285693
    }, 
    "sw": {
        "approved": 0, 
        "pending_since_timestamp": 1447119793.055973, 
        "translated": 18660
    }, 
    "te": {
        "approved": 0, 
        "translated": 101
    }, 
    "th": {
        "approved": 0, 
        "translated": 128665
    }, 
    "tr": {
        "approved": 175040, 
        "pending_since_timestamp": 1447119793.055973, 
        "translated": 205194
    }, 
    "uk": {
        "approved": 0, 
        "pending_since_timestamp": 1447119793.055973, 
        "translated": 1569
    }, 
    "ur": {
        "approved": 0, 
        "pending_since_timestamp": 1447119793.055973, 
        "translated": 1539
    }, 
    "xh": {
        "approved": 0, 
        "translated": 1
    }, 
    "zh-hans": {
        "approved": 0, 
        "pending_since_timestamp": 1447119793.055973, 
        "translated": 4339
    }, 
    "zu": {
        "approved": 0, 
        "translated": 29
    }
}