{
    "af": {
        "approved": 20, 
        "pending_since_timestamp": 1509638797.884939, 
        "translated": 1569
    }, 
    "am": {
        "approved": 0, 
        "translated": 0
    }, 
    "ar": {
        "approved": 391, 
        "pending_since_timestamp": 1509598318.378423, 
        "translated": 10359
    }, 
    "az": {
        "approved": 36095, 
        "pending_since_timestamp": 1509598318.378423, 
        "translated": 37115
    }, 
    "bg": {
        "approved": 263898, 
        "pending_since_timestamp": 1509727523.419169, 
        "translated": 266039
    }, 
    "bn": {
        "approved": 146903, 
        "pending_since_timestamp": 1509755343.473428, 
        "translated": 154193
    }, 
    "ca": {
        "approved": 3, 
        "pending_since_timestamp": 1509598318.378423, 
        "translated": 2175
    }, 
    "cs": {
        "approved": 43567, 
        "pending_since_timestamp": 1509598318.378423, 
        "translated": 72644
    }, 
    "da": {
        "approved": 76665, 
        "pending_since_timestamp": 1509723289.646216, 
        "translated": 99196
    }, 
    "de": {
        "approved": 242327, 
        "pending_since_timestamp": 1509729708.843422, 
        "translated": 262083
    }, 
    "el": {
        "approved": 3542, 
        "pending_since_timestamp": 1509563526.185424, 
        "translated": 21684
    }, 
    "es": {
        "approved": 369769, 
        "pending_since_timestamp": 1509727523.419169, 
        "translated": 392489
    }, 
    "et": {
        "approved": 45280, 
        "pending_since_timestamp": 1509638797.884939, 
        "translated": 46665
    }, 
    "fa": {
        "approved": 1, 
        "translated": 205
    }, 
    "fa-af": {
        "approved": 31, 
        "translated": 104
    }, 
    "fi": {
        "approved": 12421, 
        "pending_since_timestamp": 1509638797.884939, 
        "translated": 13490
    }, 
    "fil": {
        "approved": 0, 
        "translated": 1
    }, 
    "fr": {
        "approved": 260442, 
        "pending_since_timestamp": 1509903522.770453, 
        "translated": 264470
    }, 
    "gu": {
        "approved": 33852, 
        "pending_since_timestamp": 1509723289.646216, 
        "translated": 36705
    }, 
    "he": {
        "approved": 6904, 
        "pending_since_timestamp": 1509723289.646216, 
        "translated": 7529
    }, 
    "hi": {
        "approved": 149414, 
        "translated": 166093
    }, 
    "hr": {
        "approved": 11082, 
        "pending_since_timestamp": 1509638797.884939, 
        "translated": 16914
    }, 
    "ht": {
        "approved": 1, 
        "translated": 5
    }, 
    "hu": {
        "approved": 46275, 
        "pending_since_timestamp": 1509349392.91405, 
        "translated": 53226
    }, 
    "hy": {
        "approved": 74701, 
        "pending_since_timestamp": 1509723289.646216, 
        "translated": 86096
    }, 
    "id": {
        "approved": 10957, 
        "pending_since_timestamp": 1509698861.931301, 
        "translated": 22205
    }, 
    "it": {
        "approved": 129987, 
        "pending_since_timestamp": 1509990931.201429, 
        "translated": 151021
    }, 
    "ja": {
        "approved": 111754, 
        "pending_since_timestamp": 1509847815.76354, 
        "translated": 127882
    }, 
    "ka": {
        "approved": 221686, 
        "pending_since_timestamp": 1509986215.117661, 
        "translated": 226268
    }, 
    "kn": {
        "approved": 0, 
        "translated": 161
    }, 
    "ko": {
        "approved": 174106, 
        "pending_since_timestamp": 1509723289.646216, 
        "translated": 184904
    }, 
    "ky": {
        "approved": 0, 
        "pending_since_timestamp": 1509126093.85747, 
        "translated": 28
    }, 
    "lol": {
        "approved": 281, 
        "translated": 8433
    }, 
    "lt": {
        "approved": 0, 
        "pending_since_timestamp": 1509598318.378423, 
        "translated": 1659
    }, 
    "lv": {
        "approved": 54948, 
        "pending_since_timestamp": 1509607750.021567, 
        "translated": 54972
    }, 
    "mn": {
        "approved": 87002, 
        "pending_since_timestamp": 1509723289.646216, 
        "translated": 116118
    }, 
    "mr": {
        "approved": 0, 
        "translated": 0
    }, 
    "ms": {
        "approved": 29, 
        "pending_since_timestamp": 1509598318.378423, 
        "translated": 715
    }, 
    "my": {
        "approved": 0, 
        "pending_since_timestamp": 1508989970.357992, 
        "translated": 123
    }, 
    "nb": {
        "approved": 134026, 
        "pending_since_timestamp": 1509723289.646216, 
        "translated": 140063
    }, 
    "nl": {
        "approved": 111455, 
        "pending_since_timestamp": 1509723289.646216, 
        "translated": 132570
    }, 
    "nn": {
        "approved": 0, 
        "pending_since_timestamp": 1509469224.222401, 
        "translated": 1692
    }, 
    "or": {
        "approved": 0, 
        "translated": 70
    }, 
    "pl": {
        "approved": 295798, 
        "translated": 296099
    }, 
    "pt": {
        "approved": 318614, 
        "pending_since_timestamp": 1509732768.752806, 
        "translated": 365816
    }, 
    "pt-pt": {
        "approved": 116321, 
        "pending_since_timestamp": 1509901192.96095, 
        "translated": 136782
    }, 
    "ro": {
        "approved": 62599, 
        "pending_since_timestamp": 1509638797.884939, 
        "translated": 68382
    }, 
    "ru": {
        "approved": 1828, 
        "pending_since_timestamp": 1509598318.378423, 
        "translated": 21453
    }, 
    "rw": {
        "approved": 0, 
        "translated": 0
    }, 
    "si": {
        "approved": 0, 
        "translated": 229
    }, 
    "sk": {
        "approved": 0, 
        "pending_since_timestamp": 1509638797.884939, 
        "translated": 2315
    }, 
    "sl": {
        "approved": 0, 
        "translated": 0
    }, 
    "sq": {
        "approved": 49904, 
        "pending_since_timestamp": 1509598318.378423, 
        "translated": 65335
    }, 
    "sr": {
        "approved": 54459, 
        "pending_since_timestamp": 1509723289.646216, 
        "translated": 71076
    }, 
    "sv": {
        "approved": 72565, 
        "pending_since_timestamp": 1509723289.646216, 
        "translated": 134609
    }, 
    "sw": {
        "approved": 0, 
        "translated": 0
    }, 
    "ta": {
        "approved": 27118, 
        "pending_since_timestamp": 1509756378.696855, 
        "translated": 49597
    }, 
    "te": {
        "approved": 16, 
        "translated": 235
    }, 
    "th": {
        "approved": 303, 
        "pending_since_timestamp": 1509598318.378423, 
        "translated": 131559
    }, 
    "tr": {
        "approved": 275286, 
        "translated": 390490
    }, 
    "uk": {
        "approved": 98, 
        "pending_since_timestamp": 1509598318.378423, 
        "translated": 2459
    }, 
    "ur": {
        "approved": 92, 
        "pending_since_timestamp": 1509674281.679827, 
        "translated": 3167
    }, 
    "uz": {
        "approved": 154, 
        "pending_since_timestamp": 1509638797.884939, 
        "translated": 1493
    }, 
    "vi": {
        "approved": 2, 
        "translated": 1494
    }, 
    "xh": {
        "approved": 40, 
        "translated": 40
    }, 
    "zh-hans": {
        "approved": 40083, 
        "pending_since_timestamp": 1509723289.646216, 
        "translated": 95535
    }, 
    "zh-hant": {
        "approved": 7596, 
        "pending_since_timestamp": 1509469224.222401, 
        "translated": 66197
    }, 
    "zu": {
        "approved": 1, 
        "translated": 20
    }
}