{
    "ar": {
        "approved": 380, 
        "translated": 4396
    }, 
    "bg": {
        "approved": 235225, 
        "pending_since_timestamp": 1496931535.486143, 
        "translated": 238297
    }, 
    "bn": {
        "approved": 139768, 
        "translated": 148939
    }, 
    "cs": {
        "approved": 43167, 
        "pending_since_timestamp": 1496906607.155121, 
        "translated": 62081
    }, 
    "da": {
        "approved": 71732, 
        "translated": 93304
    }, 
    "de": {
        "approved": 214727, 
        "translated": 215323
    }, 
    "el": {
        "approved": 2157, 
        "pending_since_timestamp": 1496920095.268803, 
        "translated": 21712
    }, 
    "es": {
        "approved": 350394, 
        "pending_since_timestamp": 1496933894.067469, 
        "translated": 365927
    }, 
    "fa": {
        "approved": 1, 
        "translated": 100
    }, 
    "fa-af": {
        "approved": 31, 
        "translated": 104
    }, 
    "fr": {
        "approved": 237805, 
        "pending_since_timestamp": 1496925947.46485, 
        "translated": 245655
    }, 
    "he": {
        "approved": 7246, 
        "translated": 7477
    }, 
    "hi": {
        "approved": 98311, 
        "translated": 114308
    }, 
    "hy": {
        "approved": 7403, 
        "translated": 12239
    }, 
    "id": {
        "approved": 531, 
        "translated": 6433
    }, 
    "it": {
        "approved": 93359, 
        "pending_since_timestamp": 1496936936.632069, 
        "translated": 126022
    }, 
    "ja": {
        "approved": 100858, 
        "pending_since_timestamp": 1496920095.268803, 
        "translated": 121329
    }, 
    "ka": {
        "approved": 200950, 
        "pending_since_timestamp": 1496912095.099177, 
        "translated": 207601
    }, 
    "ko": {
        "approved": 160131, 
        "translated": 174575
    }, 
    "lol": {
        "approved": 382, 
        "translated": 8548
    }, 
    "mn": {
        "approved": 81256, 
        "translated": 107959
    }, 
    "ms": {
        "approved": 29, 
        "translated": 629
    }, 
    "nb": {
        "approved": 92923, 
        "translated": 111004
    }, 
    "nl": {
        "approved": 107432, 
        "pending_since_timestamp": 1496922537.762432, 
        "translated": 129241
    }, 
    "pl": {
        "approved": 271735, 
        "translated": 272018
    }, 
    "pt": {
        "approved": 288831, 
        "pending_since_timestamp": 1496936936.632069, 
        "translated": 325891
    }, 
    "pt-pt": {
        "approved": 89340, 
        "pending_since_timestamp": 1496933894.067469, 
        "translated": 119942
    }, 
    "ru": {
        "approved": 1533, 
        "translated": 18422
    }, 
    "sr": {
        "approved": 50412, 
        "pending_since_timestamp": 1496920095.268803, 
        "translated": 68062
    }, 
    "sw": {
        "approved": 49061, 
        "pending_since_timestamp": 1496920095.268803, 
        "translated": 62637
    }, 
    "te": {
        "approved": 16, 
        "translated": 241
    }, 
    "th": {
        "approved": 303, 
        "pending_since_timestamp": 1496920095.268803, 
        "translated": 132860
    }, 
    "tr": {
        "approved": 268695, 
        "pending_since_timestamp": 1496936936.632069, 
        "translated": 367363
    }, 
    "uk": {
        "approved": 98, 
        "translated": 2516
    }, 
    "ur": {
        "approved": 92, 
        "translated": 1161
    }, 
    "xh": {
        "approved": 40, 
        "translated": 40
    }, 
    "zh-hans": {
        "approved": 5817, 
        "translated": 37197
    }, 
    "zu": {
        "approved": 1, 
        "translated": 20
    }
}