{
    "ar": {
        "approved": 160, 
        "translated": 3664
    }, 
    "bg": {
        "approved": 197479, 
        "pending_since_timestamp": 1485952703.391285, 
        "translated": 207919
    }, 
    "bn": {
        "approved": 125682, 
        "translated": 138914
    }, 
    "cs": {
        "approved": 12206, 
        "translated": 28902
    }, 
    "da": {
        "approved": 73782, 
        "translated": 81498
    }, 
    "de": {
        "approved": 202121, 
        "translated": 202223
    }, 
    "el": {
        "approved": 1055, 
        "pending_since_timestamp": 1485952703.391285, 
        "translated": 15584
    }, 
    "es": {
        "approved": 322352, 
        "pending_since_timestamp": 1485962542.77323, 
        "translated": 343686
    }, 
    "fa": {
        "approved": 1, 
        "translated": 103
    }, 
    "fa-af": {
        "approved": 31, 
        "translated": 104
    }, 
    "fr": {
        "approved": 215835, 
        "translated": 224679
    }, 
    "he": {
        "approved": 6495, 
        "translated": 7041
    }, 
    "hi": {
        "approved": 96821, 
        "pending_since_timestamp": 1485952703.391285, 
        "translated": 115497
    }, 
    "hy": {
        "approved": 7405, 
        "pending_since_timestamp": 1485952703.391285, 
        "translated": 12305
    }, 
    "id": {
        "approved": 532, 
        "translated": 6304
    }, 
    "it": {
        "approved": 61376, 
        "pending_since_timestamp": 1485946527.5562, 
        "translated": 112442
    }, 
    "ja": {
        "approved": 99831, 
        "pending_since_timestamp": 1485952703.391285, 
        "translated": 116081
    }, 
    "ka": {
        "approved": 189603, 
        "pending_since_timestamp": 1485952703.391285, 
        "translated": 194444
    }, 
    "ko": {
        "approved": 150991, 
        "pending_since_timestamp": 1485942253.785122, 
        "translated": 160541
    }, 
    "lol": {
        "approved": 397, 
        "translated": 8649
    }, 
    "mn": {
        "approved": 73253, 
        "pending_since_timestamp": 1485940789.293421, 
        "translated": 84643
    }, 
    "ms": {
        "approved": 29, 
        "translated": 684
    }, 
    "nb": {
        "approved": 95997, 
        "pending_since_timestamp": 1485952703.391285, 
        "translated": 99174
    }, 
    "nl": {
        "approved": 101092, 
        "translated": 125509
    }, 
    "pl": {
        "approved": 247537, 
        "translated": 247795
    }, 
    "pt": {
        "approved": 252122, 
        "pending_since_timestamp": 1485965800.614369, 
        "translated": 289308
    }, 
    "pt-pt": {
        "approved": 66997, 
        "pending_since_timestamp": 1485952703.391285, 
        "translated": 92190
    }, 
    "ru": {
        "approved": 1635, 
        "translated": 18074
    }, 
    "sr": {
        "approved": 50786, 
        "translated": 68703
    }, 
    "sw": {
        "approved": 11627, 
        "translated": 31875
    }, 
    "te": {
        "approved": 16, 
        "translated": 214
    }, 
    "th": {
        "approved": 316, 
        "pending_since_timestamp": 1485936696.801349, 
        "translated": 120209
    }, 
    "tr": {
        "approved": 250029, 
        "pending_since_timestamp": 1485960651.172481, 
        "translated": 326856
    }, 
    "uk": {
        "approved": 98, 
        "translated": 2479
    }, 
    "ur": {
        "approved": 92, 
        "translated": 1201
    }, 
    "xh": {
        "approved": 40, 
        "translated": 40
    }, 
    "zh-hans": {
        "approved": 136, 
        "translated": 5056
    }, 
    "zu": {
        "approved": 1, 
        "translated": 22
    }
}