{
    "ar": {
        "approved": 366, 
        "pending_since_timestamp": 1489427194.911632, 
        "translated": 4126
    }, 
    "bg": {
        "approved": 196545, 
        "pending_since_timestamp": 1489465717.277912, 
        "translated": 221239
    }, 
    "bn": {
        "approved": 128361, 
        "translated": 141038
    }, 
    "cs": {
        "approved": 12205, 
        "pending_since_timestamp": 1489488890.044732, 
        "translated": 28615
    }, 
    "da": {
        "approved": 73343, 
        "pending_since_timestamp": 1489491662.524324, 
        "translated": 81623
    }, 
    "de": {
        "approved": 202865, 
        "pending_since_timestamp": 1489478513.760646, 
        "translated": 205036
    }, 
    "el": {
        "approved": 1278, 
        "pending_since_timestamp": 1489427194.911632, 
        "translated": 16435
    }, 
    "es": {
        "approved": 336143, 
        "translated": 352816
    }, 
    "fa": {
        "approved": 1, 
        "pending_since_timestamp": 1489427194.911632, 
        "translated": 103
    }, 
    "fa-af": {
        "approved": 31, 
        "translated": 104
    }, 
    "fr": {
        "approved": 224290, 
        "pending_since_timestamp": 1489477034.406325, 
        "translated": 232478
    }, 
    "he": {
        "approved": 6366, 
        "translated": 7011
    }, 
    "hi": {
        "approved": 100283, 
        "pending_since_timestamp": 1489488890.044732, 
        "translated": 115662
    }, 
    "hy": {
        "approved": 7404, 
        "pending_since_timestamp": 1489427194.911632, 
        "translated": 12299
    }, 
    "id": {
        "approved": 531, 
        "pending_since_timestamp": 1489488890.044732, 
        "translated": 6411
    }, 
    "it": {
        "approved": 68568, 
        "translated": 115810
    }, 
    "ja": {
        "approved": 100058, 
        "translated": 117426
    }, 
    "ka": {
        "approved": 191873, 
        "pending_since_timestamp": 1489494422.092208, 
        "translated": 198991
    }, 
    "ko": {
        "approved": 152553, 
        "translated": 162974
    }, 
    "lol": {
        "approved": 392, 
        "translated": 8632
    }, 
    "mn": {
        "approved": 79889, 
        "pending_since_timestamp": 1489480145.758473, 
        "translated": 93888
    }, 
    "ms": {
        "approved": 29, 
        "pending_since_timestamp": 1489427194.911632, 
        "translated": 659
    }, 
    "nb": {
        "approved": 94078, 
        "translated": 99108
    }, 
    "nl": {
        "approved": 103941, 
        "translated": 127160
    }, 
    "pl": {
        "approved": 256557, 
        "pending_since_timestamp": 1489488890.044732, 
        "translated": 256613
    }, 
    "pt": {
        "approved": 260072, 
        "pending_since_timestamp": 1489491662.524324, 
        "translated": 298858
    }, 
    "pt-pt": {
        "approved": 76098, 
        "pending_since_timestamp": 1489488890.044732, 
        "translated": 109789
    }, 
    "ru": {
        "approved": 1642, 
        "translated": 18352
    }, 
    "sr": {
        "approved": 50793, 
        "translated": 68716
    }, 
    "sw": {
        "approved": 17162, 
        "pending_since_timestamp": 1489469647.846365, 
        "translated": 35593
    }, 
    "te": {
        "approved": 16, 
        "pending_since_timestamp": 1489427194.911632, 
        "translated": 210
    }, 
    "th": {
        "approved": 315, 
        "translated": 122043
    }, 
    "tr": {
        "approved": 247324, 
        "pending_since_timestamp": 1489494422.092208, 
        "translated": 335532
    }, 
    "uk": {
        "approved": 98, 
        "translated": 2483
    }, 
    "ur": {
        "approved": 92, 
        "pending_since_timestamp": 1489427194.911632, 
        "translated": 1180
    }, 
    "xh": {
        "approved": 40, 
        "translated": 40
    }, 
    "zh-hans": {
        "approved": 148, 
        "translated": 5867
    }, 
    "zu": {
        "approved": 1, 
        "pending_since_timestamp": 1489427194.911632, 
        "translated": 22
    }
}