{
    "ar": {
        "approved": 0, 
        "translated": 3591
    }, 
    "bg": {
        "approved": 69354, 
        "pending_since_timestamp": 1443832857.914893, 
        "translated": 136795
    }, 
    "bn": {
        "approved": 16078, 
        "pending_since_timestamp": 1443810172.322244, 
        "translated": 42477
    }, 
    "cs": {
        "approved": 0, 
        "pending_since_timestamp": 1443630744.308204, 
        "translated": 3010
    }, 
    "da": {
        "approved": 22669, 
        "pending_since_timestamp": 1443823805.59853, 
        "translated": 68251
    }, 
    "de": {
        "approved": 91740, 
        "pending_since_timestamp": 1443833842.167119, 
        "translated": 100135
    }, 
    "el": {
        "approved": 0, 
        "translated": 6272
    }, 
    "es": {
        "approved": 179424, 
        "pending_since_timestamp": 1443835185.656534, 
        "translated": 282925
    }, 
    "fa": {
        "approved": 0, 
        "translated": 214
    }, 
    "fa-af": {
        "approved": 0, 
        "translated": 0
    }, 
    "fr": {
        "approved": 102344, 
        "pending_since_timestamp": 1443833842.167119, 
        "translated": 106157
    }, 
    "he": {
        "approved": 8679, 
        "translated": 9099
    }, 
    "hi": {
        "approved": 40334, 
        "pending_since_timestamp": 1443833842.167119, 
        "translated": 61847
    }, 
    "hy": {
        "approved": 0, 
        "pending_since_timestamp": 1443630744.308204, 
        "translated": 88
    }, 
    "id": {
        "approved": 0, 
        "translated": 8827
    }, 
    "it": {
        "approved": 0, 
        "pending_since_timestamp": 1443833842.167119, 
        "translated": 42630
    }, 
    "ja": {
        "approved": 16404, 
        "pending_since_timestamp": 1443833842.167119, 
        "translated": 51316
    }, 
    "ko": {
        "approved": 80494, 
        "pending_since_timestamp": 1443833842.167119, 
        "translated": 90016
    }, 
    "mn": {
        "approved": 0, 
        "translated": 6313
    }, 
    "ms": {
        "approved": 0, 
        "translated": 624
    }, 
    "nb": {
        "approved": 84393, 
        "pending_since_timestamp": 1443833842.167119, 
        "translated": 87299
    }, 
    "nl": {
        "approved": 28036, 
        "pending_since_timestamp": 1443833842.167119, 
        "translated": 42067
    }, 
    "pl": {
        "approved": 109813, 
        "translated": 124018
    }, 
    "pt": {
        "approved": 146785, 
        "pending_since_timestamp": 1443828993.113004, 
        "translated": 282878
    }, 
    "pt-pt": {
        "approved": 13382, 
        "pending_since_timestamp": 1443822822.910974, 
        "translated": 40801
    }, 
    "ru": {
        "approved": 0, 
        "pending_since_timestamp": 1443833842.167119, 
        "translated": 11270
    }, 
    "sr": {
        "approved": 33184, 
        "pending_since_timestamp": 1443825076.454922, 
        "translated": 282877
    }, 
    "sw": {
        "approved": 0, 
        "translated": 13095
    }, 
    "te": {
        "approved": 0, 
        "pending_since_timestamp": 1443630744.308204, 
        "translated": 93
    }, 
    "th": {
        "approved": 0, 
        "pending_since_timestamp": 1443833842.167119, 
        "translated": 110410
    }, 
    "tr": {
        "approved": 175676, 
        "pending_since_timestamp": 1443833842.167119, 
        "translated": 197642
    }, 
    "uk": {
        "approved": 0, 
        "translated": 1510
    }, 
    "ur": {
        "approved": 0, 
        "translated": 1404
    }, 
    "xh": {
        "approved": 0, 
        "translated": 1
    }, 
    "zh-hans": {
        "approved": 0, 
        "translated": 4550
    }, 
    "zu": {
        "approved": 0, 
        "pending_since_timestamp": 1443630744.308204, 
        "translated": 21
    }
}