{
    "ar": {
        "approved": 160, 
        "translated": 3664
    }, 
    "bg": {
        "approved": 197820, 
        "pending_since_timestamp": 1485594285.212374, 
        "translated": 206133
    }, 
    "bn": {
        "approved": 125433, 
        "pending_since_timestamp": 1485612216.117445, 
        "translated": 138799
    }, 
    "cs": {
        "approved": 12210, 
        "translated": 28907
    }, 
    "da": {
        "approved": 73788, 
        "pending_since_timestamp": 1485612216.117445, 
        "translated": 81507
    }, 
    "de": {
        "approved": 201314, 
        "pending_since_timestamp": 1485619487.076472, 
        "translated": 201912
    }, 
    "el": {
        "approved": 1024, 
        "pending_since_timestamp": 1485619487.076472, 
        "translated": 15522
    }, 
    "es": {
        "approved": 319830, 
        "pending_since_timestamp": 1485619487.076472, 
        "translated": 341230
    }, 
    "fa": {
        "approved": 1, 
        "translated": 103
    }, 
    "fa-af": {
        "approved": 31, 
        "translated": 104
    }, 
    "fr": {
        "approved": 214753, 
        "translated": 223603
    }, 
    "he": {
        "approved": 6471, 
        "translated": 7015
    }, 
    "hi": {
        "approved": 96801, 
        "pending_since_timestamp": 1485612216.117445, 
        "translated": 115466
    }, 
    "hy": {
        "approved": 7379, 
        "translated": 12271
    }, 
    "id": {
        "approved": 532, 
        "translated": 6304
    }, 
    "it": {
        "approved": 61406, 
        "pending_since_timestamp": 1485597481.72969, 
        "translated": 112385
    }, 
    "ja": {
        "approved": 99791, 
        "translated": 115993
    }, 
    "ka": {
        "approved": 189022, 
        "pending_since_timestamp": 1485612216.117445, 
        "translated": 194116
    }, 
    "ko": {
        "approved": 151014, 
        "pending_since_timestamp": 1485330077.613994, 
        "translated": 160476
    }, 
    "lol": {
        "approved": 397, 
        "translated": 8651
    }, 
    "mn": {
        "approved": 73258, 
        "pending_since_timestamp": 1485612216.117445, 
        "translated": 80780
    }, 
    "ms": {
        "approved": 29, 
        "translated": 684
    }, 
    "nb": {
        "approved": 95996, 
        "pending_since_timestamp": 1485612216.117445, 
        "translated": 99180
    }, 
    "nl": {
        "approved": 101066, 
        "pending_since_timestamp": 1485612216.117445, 
        "translated": 125186
    }, 
    "pl": {
        "approved": 246556, 
        "translated": 246838
    }, 
    "pt": {
        "approved": 250452, 
        "pending_since_timestamp": 1485619487.076472, 
        "translated": 287638
    }, 
    "pt-pt": {
        "approved": 66787, 
        "pending_since_timestamp": 1485612216.117445, 
        "translated": 92572
    }, 
    "ru": {
        "approved": 1635, 
        "pending_since_timestamp": 1485594285.212374, 
        "translated": 17929
    }, 
    "sr": {
        "approved": 50788, 
        "translated": 68723
    }, 
    "sw": {
        "approved": 11632, 
        "pending_since_timestamp": 1485612216.117445, 
        "translated": 31886
    }, 
    "te": {
        "approved": 16, 
        "translated": 214
    }, 
    "th": {
        "approved": 316, 
        "pending_since_timestamp": 1485612216.117445, 
        "translated": 120205
    }, 
    "tr": {
        "approved": 242329, 
        "pending_since_timestamp": 1485600046.497864, 
        "translated": 325787
    }, 
    "uk": {
        "approved": 98, 
        "translated": 2479
    }, 
    "ur": {
        "approved": 92, 
        "translated": 1201
    }, 
    "xh": {
        "approved": 40, 
        "translated": 40
    }, 
    "zh-hans": {
        "approved": 128, 
        "translated": 5021
    }, 
    "zu": {
        "approved": 1, 
        "translated": 22
    }
}