{
    "af": {
        "approved": 19, 
        "pending_since_timestamp": 1542057306.169735, 
        "translated": 1503
    }, 
    "am": {
        "approved": 0, 
        "translated": 0
    }, 
    "ar": {
        "approved": 33996, 
        "pending_since_timestamp": 1542181597.55007, 
        "translated": 96490
    }, 
    "az": {
        "approved": 35927, 
        "pending_since_timestamp": 1541465623.08009, 
        "translated": 37655
    }, 
    "bg": {
        "approved": 319329, 
        "pending_since_timestamp": 1542394675.753969, 
        "translated": 331789
    }, 
    "bn": {
        "approved": 147810, 
        "pending_since_timestamp": 1542716611.603579, 
        "translated": 161122
    }, 
    "ca": {
        "approved": 3, 
        "pending_since_timestamp": 1541465623.08009, 
        "translated": 1985
    }, 
    "cs": {
        "approved": 125538, 
        "pending_since_timestamp": 1542057306.169735, 
        "translated": 144164
    }, 
    "da": {
        "approved": 172828, 
        "pending_since_timestamp": 1542667881.944241, 
        "translated": 190832
    }, 
    "de": {
        "approved": 300174, 
        "pending_since_timestamp": 1542394675.753969, 
        "translated": 535598
    }, 
    "el": {
        "approved": 77614, 
        "pending_since_timestamp": 1542394675.753969, 
        "translated": 93289
    }, 
    "es": {
        "approved": 425719, 
        "translated": 446970
    }, 
    "et": {
        "approved": 44986, 
        "pending_since_timestamp": 1542057306.169735, 
        "translated": 46300
    }, 
    "fa": {
        "approved": 1, 
        "translated": 190
    }, 
    "fa-af": {
        "approved": 31, 
        "translated": 103
    }, 
    "fi": {
        "approved": 82291, 
        "pending_since_timestamp": 1541465623.08009, 
        "translated": 84009
    }, 
    "fil": {
        "approved": 204, 
        "translated": 297
    }, 
    "fr": {
        "approved": 284335, 
        "pending_since_timestamp": 1542716611.603579, 
        "translated": 287848
    }, 
    "fv": {
        "approved": 429, 
        "pending_since_timestamp": 1541444770.995041, 
        "translated": 3890
    }, 
    "gu": {
        "approved": 95714, 
        "pending_since_timestamp": 1542394675.753969, 
        "translated": 138773
    }, 
    "he": {
        "approved": 8595, 
        "pending_since_timestamp": 1542119678.759941, 
        "translated": 8628
    }, 
    "hi": {
        "approved": 167293, 
        "translated": 179659
    }, 
    "hr": {
        "approved": 10947, 
        "translated": 16593
    }, 
    "ht": {
        "approved": 1, 
        "translated": 5
    }, 
    "hu": {
        "approved": 91929, 
        "pending_since_timestamp": 1541444770.995041, 
        "translated": 110669
    }, 
    "hy": {
        "approved": 114448, 
        "pending_since_timestamp": 1542122288.112607, 
        "translated": 137418
    }, 
    "id": {
        "approved": 72855, 
        "translated": 91400
    }, 
    "it": {
        "approved": 155635, 
        "pending_since_timestamp": 1542716611.603579, 
        "translated": 172522
    }, 
    "ja": {
        "approved": 125341, 
        "pending_since_timestamp": 1542151625.401737, 
        "translated": 145296
    }, 
    "ka": {
        "approved": 275844, 
        "pending_since_timestamp": 1542692435.063858, 
        "translated": 280589
    }, 
    "ki": {
        "approved": 0, 
        "translated": 37
    }, 
    "kk": {
        "approved": 103, 
        "translated": 103
    }, 
    "km": {
        "approved": 0, 
        "translated": 52
    }, 
    "kn": {
        "approved": 33283, 
        "pending_since_timestamp": 1542151625.401737, 
        "translated": 39736
    }, 
    "ko": {
        "approved": 182453, 
        "pending_since_timestamp": 1542680570.474525, 
        "translated": 215744
    }, 
    "ky": {
        "approved": 0, 
        "translated": 25
    }, 
    "lol": {
        "approved": 66870, 
        "translated": 82068
    }, 
    "lt": {
        "approved": 73724, 
        "pending_since_timestamp": 1541465623.08009, 
        "translated": 75557
    }, 
    "lv": {
        "approved": 54627, 
        "translated": 55062
    }, 
    "mn": {
        "approved": 82728, 
        "translated": 110641
    }, 
    "mr": {
        "approved": 0, 
        "translated": 0
    }, 
    "ms": {
        "approved": 29, 
        "translated": 662
    }, 
    "my": {
        "approved": 1, 
        "translated": 112
    }, 
    "nb": {
        "approved": 133322, 
        "translated": 143362
    }, 
    "ne": {
        "approved": 0, 
        "translated": 1
    }, 
    "nl": {
        "approved": 125844, 
        "pending_since_timestamp": 1542667881.944241, 
        "translated": 141662
    }, 
    "nn": {
        "approved": 0, 
        "translated": 1631
    }, 
    "or": {
        "approved": 0, 
        "translated": 52
    }, 
    "pl": {
        "approved": 339494, 
        "pending_since_timestamp": 1542671324.925551, 
        "translated": 339931
    }, 
    "ps": {
        "approved": 0, 
        "pending_since_timestamp": 1542394675.753969, 
        "translated": 24
    }, 
    "pt": {
        "approved": 368231, 
        "pending_since_timestamp": 1542708697.651643, 
        "translated": 408757
    }, 
    "pt-pt": {
        "approved": 147552, 
        "pending_since_timestamp": 1542057306.169735, 
        "translated": 177259
    }, 
    "ro": {
        "approved": 63849, 
        "pending_since_timestamp": 1541465623.08009, 
        "translated": 68129
    }, 
    "ru": {
        "approved": 100695, 
        "translated": 121971
    }, 
    "rw": {
        "approved": 0, 
        "translated": 0
    }, 
    "si": {
        "approved": 0, 
        "translated": 196
    }, 
    "sk": {
        "approved": 0, 
        "translated": 2168
    }, 
    "sl": {
        "approved": 0, 
        "translated": 0
    }, 
    "sq": {
        "approved": 98740, 
        "translated": 102966
    }, 
    "sr": {
        "approved": 62999, 
        "translated": 81671
    }, 
    "sv": {
        "approved": 165931, 
        "pending_since_timestamp": 1542667881.944241, 
        "translated": 544173
    }, 
    "sw": {
        "approved": 0, 
        "translated": 0
    }, 
    "ta": {
        "approved": 47893, 
        "pending_since_timestamp": 1542141498.370723, 
        "translated": 67676
    }, 
    "te": {
        "approved": 16, 
        "translated": 208
    }, 
    "th": {
        "approved": 299, 
        "pending_since_timestamp": 1541814698.972985, 
        "translated": 133300
    }, 
    "tr": {
        "approved": 310107, 
        "pending_since_timestamp": 1542716611.603579, 
        "translated": 417604
    }, 
    "uk": {
        "approved": 70583, 
        "pending_since_timestamp": 1541814698.972985, 
        "translated": 90292
    }, 
    "ur": {
        "approved": 54614, 
        "translated": 57522
    }, 
    "uz": {
        "approved": 76759, 
        "pending_since_timestamp": 1541186396.203238, 
        "translated": 81007
    }, 
    "vi": {
        "approved": 2, 
        "pending_since_timestamp": 1541465623.08009, 
        "translated": 1983
    }, 
    "xh": {
        "approved": 40, 
        "translated": 40
    }, 
    "zh-hans": {
        "approved": 172355, 
        "pending_since_timestamp": 1542701994.142916, 
        "translated": 239188
    }, 
    "zh-hant": {
        "approved": 10019, 
        "pending_since_timestamp": 1541444770.995041, 
        "translated": 73627
    }, 
    "zu": {
        "approved": 1, 
        "translated": 18
    }
}