{
    "ar": {
        "approved": 0, 
        "translated": 4321
    }, 
    "bg": {
        "approved": 119810, 
        "translated": 164904
    }, 
    "bn": {
        "approved": 40555, 
        "pending_since_timestamp": 1450528098.466306, 
        "translated": 75227
    }, 
    "cs": {
        "approved": 13493, 
        "pending_since_timestamp": 1450525368.731743, 
        "translated": 30030
    }, 
    "da": {
        "approved": 40256, 
        "translated": 72829
    }, 
    "de": {
        "approved": 109216, 
        "pending_since_timestamp": 1450537307.267903, 
        "translated": 109239
    }, 
    "el": {
        "approved": 0, 
        "pending_since_timestamp": 1450525368.731743, 
        "translated": 6894
    }, 
    "es": {
        "approved": 201473, 
        "pending_since_timestamp": 1450540948.422788, 
        "translated": 304315
    }, 
    "fa": {
        "approved": 0, 
        "translated": 249
    }, 
    "fa-af": {
        "approved": 0, 
        "translated": 10
    }, 
    "fr": {
        "approved": 109565, 
        "translated": 115243
    }, 
    "he": {
        "approved": 8577, 
        "translated": 9168
    }, 
    "hi": {
        "approved": 71426, 
        "pending_since_timestamp": 1450541849.98409, 
        "translated": 74169
    }, 
    "hy": {
        "approved": 0, 
        "translated": 132
    }, 
    "id": {
        "approved": 0, 
        "translated": 9165
    }, 
    "it": {
        "approved": 0, 
        "pending_since_timestamp": 1450541849.98409, 
        "translated": 58215
    }, 
    "ja": {
        "approved": 22082, 
        "pending_since_timestamp": 1450525368.731743, 
        "translated": 53865
    }, 
    "ko": {
        "approved": 77401, 
        "pending_since_timestamp": 1450525368.731743, 
        "translated": 88248
    }, 
    "lol": {
        "approved": 704, 
        "translated": 5601
    }, 
    "mn": {
        "approved": 26082, 
        "pending_since_timestamp": 1450529006.098301, 
        "translated": 46489
    }, 
    "ms": {
        "approved": 0, 
        "translated": 805
    }, 
    "nb": {
        "approved": 88260, 
        "translated": 88806
    }, 
    "nl": {
        "approved": 50377, 
        "pending_since_timestamp": 1450525368.731743, 
        "translated": 73837
    }, 
    "pl": {
        "approved": 121785, 
        "pending_since_timestamp": 1450534628.715032, 
        "translated": 130097
    }, 
    "pt": {
        "approved": 162441, 
        "translated": 301514
    }, 
    "pt-pt": {
        "approved": 13956, 
        "pending_since_timestamp": 1450525368.731743, 
        "translated": 79559
    }, 
    "ru": {
        "approved": 1228, 
        "pending_since_timestamp": 1450525368.731743, 
        "translated": 14231
    }, 
    "sr": {
        "approved": 35989, 
        "translated": 300286
    }, 
    "sw": {
        "approved": 12988, 
        "translated": 32873
    }, 
    "te": {
        "approved": 0, 
        "translated": 221
    }, 
    "th": {
        "approved": 0, 
        "pending_since_timestamp": 1450525368.731743, 
        "translated": 129805
    }, 
    "tr": {
        "approved": 173648, 
        "pending_since_timestamp": 1450538280.706442, 
        "translated": 215727
    }, 
    "uk": {
        "approved": 0, 
        "translated": 1931
    }, 
    "ur": {
        "approved": 0, 
        "translated": 1624
    }, 
    "xh": {
        "approved": 0, 
        "translated": 1
    }, 
    "zh-hans": {
        "approved": 0, 
        "translated": 4553
    }, 
    "zu": {
        "approved": 0, 
        "translated": 29
    }
}