{
    "ar": {
        "approved": 384, 
        "pending_since_timestamp": 1493313160.449215, 
        "translated": 4369
    }, 
    "bg": {
        "approved": 198374, 
        "pending_since_timestamp": 1493298546.427649, 
        "translated": 229971
    }, 
    "bn": {
        "approved": 134026, 
        "translated": 145057
    }, 
    "cs": {
        "approved": 11795, 
        "translated": 29223
    }, 
    "da": {
        "approved": 72857, 
        "translated": 85921
    }, 
    "de": {
        "approved": 212476, 
        "translated": 213825
    }, 
    "el": {
        "approved": 1697, 
        "pending_since_timestamp": 1493279361.899567, 
        "translated": 18011
    }, 
    "es": {
        "approved": 345703, 
        "translated": 364589
    }, 
    "fa": {
        "approved": 1, 
        "translated": 100
    }, 
    "fa-af": {
        "approved": 31, 
        "translated": 104
    }, 
    "fr": {
        "approved": 232451, 
        "pending_since_timestamp": 1493318034.900073, 
        "translated": 241357
    }, 
    "he": {
        "approved": 6327, 
        "translated": 7302
    }, 
    "hi": {
        "approved": 99444, 
        "pending_since_timestamp": 1493311266.255031, 
        "translated": 115109
    }, 
    "hy": {
        "approved": 7403, 
        "translated": 12275
    }, 
    "id": {
        "approved": 531, 
        "translated": 6467
    }, 
    "it": {
        "approved": 93152, 
        "translated": 123645
    }, 
    "ja": {
        "approved": 101702, 
        "pending_since_timestamp": 1493302053.036287, 
        "translated": 120120
    }, 
    "ka": {
        "approved": 193944, 
        "pending_since_timestamp": 1493316435.385267, 
        "translated": 202862
    }, 
    "ko": {
        "approved": 153100, 
        "pending_since_timestamp": 1493314700.589405, 
        "translated": 169719
    }, 
    "lol": {
        "approved": 382, 
        "translated": 8624
    }, 
    "mn": {
        "approved": 81412, 
        "translated": 101151
    }, 
    "ms": {
        "approved": 29, 
        "translated": 644
    }, 
    "nb": {
        "approved": 93608, 
        "translated": 98624
    }, 
    "nl": {
        "approved": 105365, 
        "translated": 128411
    }, 
    "pl": {
        "approved": 267175, 
        "pending_since_timestamp": 1493321685.247773, 
        "translated": 267282
    }, 
    "pt": {
        "approved": 278833, 
        "pending_since_timestamp": 1493321685.247773, 
        "translated": 315047
    }, 
    "pt-pt": {
        "approved": 83705, 
        "pending_since_timestamp": 1493298546.427649, 
        "translated": 114740
    }, 
    "ru": {
        "approved": 1533, 
        "translated": 18461
    }, 
    "sr": {
        "approved": 50556, 
        "translated": 68286
    }, 
    "sw": {
        "approved": 39417, 
        "pending_since_timestamp": 1493274637.182566, 
        "translated": 56862
    }, 
    "te": {
        "approved": 16, 
        "translated": 241
    }, 
    "th": {
        "approved": 301, 
        "translated": 121373
    }, 
    "tr": {
        "approved": 266836, 
        "translated": 363795
    }, 
    "uk": {
        "approved": 98, 
        "translated": 2531
    }, 
    "ur": {
        "approved": 92, 
        "translated": 1157
    }, 
    "xh": {
        "approved": 40, 
        "translated": 40
    }, 
    "zh-hans": {
        "approved": 2481, 
        "pending_since_timestamp": 1493270558.588001, 
        "translated": 16187
    }, 
    "zu": {
        "approved": 1, 
        "translated": 20
    }
}