{
    "ar": {
        "approved": 0, 
        "pending_since_timestamp": 1452836774.482562, 
        "translated": 4414
    }, 
    "bg": {
        "approved": 112200, 
        "pending_since_timestamp": 1452848350.964435, 
        "translated": 168188
    }, 
    "bn": {
        "approved": 45886, 
        "pending_since_timestamp": 1452905859.189072, 
        "translated": 83238
    }, 
    "cs": {
        "approved": 13069, 
        "pending_since_timestamp": 1452905859.189072, 
        "translated": 29864
    }, 
    "da": {
        "approved": 38750, 
        "pending_since_timestamp": 1452905859.189072, 
        "translated": 69643
    }, 
    "de": {
        "approved": 113928, 
        "pending_since_timestamp": 1452853146.348658, 
        "translated": 114148
    }, 
    "el": {
        "approved": 0, 
        "pending_since_timestamp": 1452836774.482562, 
        "translated": 6863
    }, 
    "es": {
        "approved": 200149, 
        "pending_since_timestamp": 1452905859.189072, 
        "translated": 315998
    }, 
    "fa": {
        "approved": 0, 
        "translated": 249
    }, 
    "fa-af": {
        "approved": 0, 
        "translated": 74
    }, 
    "fr": {
        "approved": 108465, 
        "pending_since_timestamp": 1452905859.189072, 
        "translated": 115606
    }, 
    "he": {
        "approved": 8546, 
        "translated": 9348
    }, 
    "hi": {
        "approved": 66051, 
        "pending_since_timestamp": 1452855012.011524, 
        "translated": 73621
    }, 
    "hy": {
        "approved": 0, 
        "translated": 132
    }, 
    "id": {
        "approved": 0, 
        "translated": 8781
    }, 
    "it": {
        "approved": 0, 
        "pending_since_timestamp": 1452905859.189072, 
        "translated": 68888
    }, 
    "ja": {
        "approved": 23256, 
        "pending_since_timestamp": 1452905859.189072, 
        "translated": 53364
    }, 
    "ko": {
        "approved": 73011, 
        "pending_since_timestamp": 1452852179.655753, 
        "translated": 87513
    }, 
    "lol": {
        "approved": 618, 
        "translated": 8077
    }, 
    "mn": {
        "approved": 36138, 
        "pending_since_timestamp": 1452905859.189072, 
        "translated": 52569
    }, 
    "ms": {
        "approved": 0, 
        "translated": 805
    }, 
    "nb": {
        "approved": 83258, 
        "translated": 83978
    }, 
    "nl": {
        "approved": 47972, 
        "translated": 79154
    }, 
    "pl": {
        "approved": 123130, 
        "pending_since_timestamp": 1452853146.348658, 
        "translated": 131966
    }, 
    "pt": {
        "approved": 154116, 
        "translated": 313184
    }, 
    "pt-pt": {
        "approved": 13666, 
        "pending_since_timestamp": 1452905859.189072, 
        "translated": 76487
    }, 
    "ru": {
        "approved": 1231, 
        "pending_since_timestamp": 1452854074.703278, 
        "translated": 15715
    }, 
    "sr": {
        "approved": 34243, 
        "translated": 311949
    }, 
    "sw": {
        "approved": 12444, 
        "pending_since_timestamp": 1452905859.189072, 
        "translated": 33969
    }, 
    "te": {
        "approved": 0, 
        "translated": 226
    }, 
    "th": {
        "approved": 0, 
        "translated": 127693
    }, 
    "tr": {
        "approved": 170700, 
        "translated": 224828
    }, 
    "uk": {
        "approved": 0, 
        "pending_since_timestamp": 1452905859.189072, 
        "translated": 2702
    }, 
    "ur": {
        "approved": 0, 
        "translated": 1623
    }, 
    "xh": {
        "approved": 0, 
        "translated": 1
    }, 
    "zh-hans": {
        "approved": 0, 
        "pending_since_timestamp": 1452836774.482562, 
        "translated": 4291
    }, 
    "zu": {
        "approved": 0, 
        "translated": 29
    }
}